{
  "image_file": "00b40b3c0c20_FRC_Team_1108_Robot_Reveal_2025_frame_002040.png",
  "image_sha256": "00b40b3c0c205e33943b6bcd796db001c4363c187ddc3684552c1706fdc03222",
  "image_width": 1920,
  "image_height": 1080,
  "detector_config": {
    "library": "pupil-apriltags",
    "library_version": "1.0.4.post11",
    "family": "tag36h11",
    "nthreads": 4,
    "quad_decimate": 1.0,
    "quad_sigma": 0.0,
    "refine_edges": true,
    "decode_sharpening": 0.25
  },
  "detected_at": "2026-04-01T01:49:40.525642+00:00",
  "num_detections": 3,
  "detections": [
    {
      "tag_id": 19,
      "tag_family": "tag36h11",
      "hamming": 1,
      "decision_margin": 54.683677673339844,
      "center": [
        760.6332080818077,
        618.9862770338153
      ],
      "corners": [
        [
          750.3053588867188,
          656.2410888671875
        ],
        [
          770.7369384765624,
          645.1192626953124
        ],
        [
          770.5686645507814,
          583.1469116210939
        ],
        [
          750.4871826171875,
          592.7438964843751
        ]
      ],
      "homography": [
        [
          18.285414661704976,
          -6.571868677715654,
          760.6332080818077
        ],
        [
          1.4667618756255902,
          26.01366542796427,
          618.9862770338153
        ],
        [
          0.010726682612065445,
          -0.008638012004923604,
          1.0
        ]
      ]
    },
    {
      "tag_id": 20,
      "tag_family": "tag36h11",
      "hamming": 0,
      "decision_margin": 93.25846862792969,
      "center": [
        479.1461166835377,
        662.7782809720712
      ],
      "corners": [
        [
          443.5736389160157,
          701.1400146484375
        ],
        [
          517.4656982421875,
          695.4213256835939
        ],
        [
          514.0827636718749,
          625.1022338867186
        ],
        [
          439.8757019042969,
          629.325256347656
        ]
      ],
      "homography": [
        [
          42.116702436294986,
          2.5442066082117716,
          479.1461166835377
        ],
        [
          4.563043820776211,
          36.6021007744464,
          662.7782809720712
        ],
        [
          0.010636147171697101,
          0.001618438025733789,
          1.0
        ]
      ]
    },
    {
      "tag_id": 21,
      "tag_family": "tag36h11",
      "hamming": 0,
      "decision_margin": 93.80792999267578,
      "center": [
        147.3296582697498,
        648.6419750407572
      ],
      "corners": [
        [
          133.20541381835935,
          678.7007446289061
        ],
        [
          165.00445556640628,
          686.9111938476562
        ],
        [
          161.9476013183594,
          617.5325317382815
        ],
        [
          129.77355957031247,
          610.6297607421876
        ]
      ],
      "homography": [
        [
          14.477536608781833,
          2.6413339407147607,
          147.3296582697498
        ],
        [
          -2.8808839554029695,
          38.8357876471581,
          648.6419750407572
        ],
        [
          -0.010272977380766945,
          0.00690381534661729,
          1.0
        ]
      ]
    }
  ]
}
