{
  "image_file": "02255d70fdcd_Team_THRUST_1501_2025_REEFSCAPE_Robot_Promo_Reveal_FRC_frame.png",
  "image_sha256": "02255d70fdcdd69dd7bed2394b15869eaa4ce4dc4ccb035f510dbaabcd00547b",
  "image_width": 1920,
  "image_height": 1080,
  "detector_config": {
    "library": "pupil-apriltags",
    "library_version": "1.0.4.post11",
    "family": "tag36h11",
    "nthreads": 4,
    "quad_decimate": 1.0,
    "quad_sigma": 0.0,
    "refine_edges": true,
    "decode_sharpening": 0.25
  },
  "detected_at": "2026-04-01T01:29:47.345146+00:00",
  "num_detections": 3,
  "detections": [
    {
      "tag_id": 4,
      "tag_family": "tag36h11",
      "hamming": 1,
      "decision_margin": 70.37487030029297,
      "center": [
        1645.614550871213,
        375.57910636688734
      ],
      "corners": [
        [
          1627.602783203125,
          390.0138549804687
        ],
        [
          1660.0257568359377,
          386.53161621093756
        ],
        [
          1663.7235107421877,
          361.06646728515636
        ],
        [
          1631.0968017578125,
          364.54562377929693
        ]
      ],
      "homography": [
        [
          17.078617232364422,
          3.4463377612678436,
          1645.614550871213
        ],
        [
          -1.5540528715877162,
          13.930129358215765,
          375.57910636688734
        ],
        [
          0.0004960821812370509,
          0.003186842016614368,
          1.0
        ]
      ]
    },
    {
      "tag_id": 7,
      "tag_family": "tag36h11",
      "hamming": 0,
      "decision_margin": 93.68140411376953,
      "center": [
        1242.919150856589,
        805.2717666255711
      ],
      "corners": [
        [
          1199.2562255859373,
          844.9542236328126
        ],
        [
          1290.481201171875,
          853.6310424804686
        ],
        [
          1288.1936035156255,
          764.1246948242188
        ],
        [
          1197.2596435546875,
          758.8469238281251
        ]
      ],
      "homography": [
        [
          21.578740710675675,
          -0.3539031168900211,
          1242.919150856589
        ],
        [
          -12.027596647686329,
          42.96526083472838,
          805.2717666255711
        ],
        [
          -0.019264314860590465,
          -0.0011445161224441012,
          1.0
        ]
      ]
    },
    {
      "tag_id": 8,
      "tag_family": "tag36h11",
      "hamming": 0,
      "decision_margin": 69.09009552001953,
      "center": [
        1614.0579443253982,
        776.9961411275898
      ],
      "corners": [
        [
          1604.0445556640627,
          825.3341674804688
        ],
        [
          1624.8479003906248,
          809.5421752929689
        ],
        [
          1623.3140869140623,
          732.3135986328125
        ],
        [
          1602.8515625,
          743.1940307617186
        ]
      ],
      "homography": [
        [
          57.29969345015866,
          -15.748775017115342,
          1614.0579443253982
        ],
        [
          15.983786652952173,
          31.888172101036506,
          776.9961411275898
        ],
        [
          0.029114590784643603,
          -0.010182995796324116,
          1.0
        ]
      ]
    }
  ],
  "ingest_metadata": {
    "original_name": "Team_THRUST_1501_2025_REEFSCAPE_Robot_Promo_Reveal_FRC_frame.png",
    "source": "unknown",
    "dhash": "587a0c0c145898ac",
    "ingested_at": "2026-04-01T01:29:47.335297+00:00"
  }
}
