{
  "image_file": "022e4b37feec_38_Robot_Reveals____FRC_Premiere_Night___REEFSCAPE_25___Bonu.png",
  "image_sha256": "022e4b37feeccdaba56e93735f5e119aea9b2a59a22ea58120ee2aa002d80c64",
  "image_width": 1920,
  "image_height": 1080,
  "detector_config": {
    "library": "pupil-apriltags",
    "library_version": "1.0.4.post11",
    "family": "tag36h11",
    "nthreads": 4,
    "quad_decimate": 1.0,
    "quad_sigma": 0.0,
    "refine_edges": true,
    "decode_sharpening": 0.25
  },
  "detected_at": "2026-04-01T01:15:13.920409+00:00",
  "num_detections": 2,
  "detections": [
    {
      "tag_id": 17,
      "tag_family": "tag36h11",
      "hamming": 0,
      "decision_margin": 61.91462707519531,
      "center": [
        1336.0920620662741,
        908.5439880806314
      ],
      "corners": [
        [
          1324.4361572265623,
          953.9188232421875
        ],
        [
          1346.38037109375,
          938.7890624999998
        ],
        [
          1347.1109619140627,
          865.64892578125
        ],
        [
          1325.502197265625,
          877.4124145507814
        ]
      ],
      "homography": [
        [
          39.299131900849034,
          -9.564257425029831,
          1336.0920620662741
        ],
        [
          12.614118162346923,
          31.190440142889884,
          908.5439880806314
        ],
        [
          0.021268332342477603,
          -0.006824742799839158,
          1.0
        ]
      ]
    },
    {
      "tag_id": 19,
      "tag_family": "tag36h11",
      "hamming": 0,
      "decision_margin": 64.43125915527344,
      "center": [
        680.4007137223684,
        907.2797150951768
      ],
      "corners": [
        [
          667.3388671874997,
          937.6090087890624
        ],
        [
          694.6421508789062,
          952.6102905273438
        ],
        [
          694.1231689453127,
          875.41650390625
        ],
        [
          666.5134887695311,
          863.0765991210935
        ]
      ],
      "homography": [
        [
          1.048344935119189,
          4.445760901876611,
          680.4007137223684
        ],
        [
          -10.05987199550953,
          43.39463372834268,
          907.2797150951768
        ],
        [
          -0.018628298513041396,
          0.006035726483724741,
          1.0
        ]
      ]
    }
  ]
}
