{
  "image_file": "02e131a13033_Team_6120_2026_Robot_Reveal__BJORN_frame_002280.png",
  "image_sha256": "02e131a130335c875d234eb34aae5b2c7ec607d2d2d49f94d55147fe3edf5593",
  "image_width": 1920,
  "image_height": 1080,
  "detector_config": {
    "library": "pupil-apriltags",
    "library_version": "1.0.4.post11",
    "family": "tag36h11",
    "nthreads": 4,
    "quad_decimate": 1.0,
    "quad_sigma": 0.0,
    "refine_edges": true,
    "decode_sharpening": 0.25
  },
  "detected_at": "2026-04-01T04:29:03.636308+00:00",
  "num_detections": 5,
  "detections": [
    {
      "tag_id": 5,
      "tag_family": "tag36h11",
      "hamming": 0,
      "decision_margin": 54.79839324951172,
      "center": [
        661.3235293135741,
        571.9989418735389
      ],
      "corners": [
        [
          643.4052734374998,
          593.7651977539062
        ],
        [
          678.9647827148438,
          596.8180541992186
        ],
        [
          679.4892578125001,
          549.9320678710938
        ],
        [
          644.0730590820311,
          547.7296142578125
        ]
      ],
      "homography": [
        [
          11.77127821487204,
          -1.7343499170083292,
          661.3235293135741
        ],
        [
          -3.8518096141426694,
          21.98663046071772,
          571.9989418735389
        ],
        [
          -0.00902906071605362,
          -0.0021708207755901307,
          1.0
        ]
      ]
    },
    {
      "tag_id": 8,
      "tag_family": "tag36h11",
      "hamming": 0,
      "decision_margin": 63.441017150878906,
      "center": [
        741.6303203307459,
        577.8403420063468
      ],
      "corners": [
        [
          722.1294555664061,
          600.3549194335938
        ],
        [
          760.3535766601562,
          603.1692504882814
        ],
        [
          761.3759155273439,
          555.0432128906251
        ],
        [
          723.0599975585939,
          552.7183227539062
        ]
      ],
      "homography": [
        [
          15.301527966926756,
          0.30366943507454114,
          741.6303203307459
        ],
        [
          -1.701399482701166,
          24.55683072463296,
          577.8403420063468
        ],
        [
          -0.005168266975747704,
          0.0010674656865566235,
          1.0
        ]
      ]
    },
    {
      "tag_id": 9,
      "tag_family": "tag36h11",
      "hamming": 0,
      "decision_margin": 78.17259216308594,
      "center": [
        843.4650532144257,
        578.6370672140207
      ],
      "corners": [
        [
          829.3254394531252,
          603.7060546875
        ],
        [
          856.0973510742186,
          600.4839477539061
        ],
        [
          857.1054077148434,
          554.4532470703125
        ],
        [
          830.362548828125,
          555.976989746094
        ]
      ],
      "homography": [
        [
          28.65921584460591,
          -0.3849651945165498,
          843.4650532144257
        ],
        [
          9.299614413583068,
          23.518847279206852,
          578.6370672140207
        ],
        [
          0.018121573779328475,
          0.0001496576065285492,
          1.0
        ]
      ]
    },
    {
      "tag_id": 10,
      "tag_family": "tag36h11",
      "hamming": 0,
      "decision_margin": 76.58769989013672,
      "center": [
        898.9486151307614,
        574.0107907140167
      ],
      "corners": [
        [
          886.2285766601561,
          597.7484130859375
        ],
        [
          910.2438354492188,
          594.9942016601561
        ],
        [
          911.3795166015625,
          550.812744140625
        ],
        [
          887.3797607421874,
          552.5190429687502
        ]
      ],
      "homography": [
        [
          22.548538756174935,
          -0.35964665418987074,
          898.9486151307614
        ],
        [
          5.619177465192704,
          22.48504143762898,
          574.0107907140167
        ],
        [
          0.011731966215956503,
          0.00023589487716633664,
          1.0
        ]
      ]
    },
    {
      "tag_id": 22,
      "tag_family": "tag36h11",
      "hamming": 0,
      "decision_margin": 44.15385437011719,
      "center": [
        305.57543656036495,
        532.3795098125536
      ],
      "corners": [
        [
          296.5428161621094,
          542.734375
        ],
        [
          314.1947326660156,
          542.2394409179689
        ],
        [
          314.84204101562494,
          521.7564086914062
        ],
        [
          296.94644165039057,
          522.5084838867185
        ]
      ],
      "homography": [
        [
          7.01841431211983,
          1.7775551363510553,
          305.57543656036495
        ],
        [
          -3.5648666485222993,
          13.729701829900478,
          532.3795098125536
        ],
        [
          -0.006112125209489874,
          0.006674430443957309,
          1.0
        ]
      ]
    }
  ]
}
