{
  "image_file": "02e4d16aaa6b_PC000001_MOV-0204_jpg_rf_fd79d38648e99be1188d52ec01334e38.png",
  "image_sha256": "02e4d16aaa6b3b746d4554d18163de5be661fb83550c29391313438a10db7de3",
  "image_width": 640,
  "image_height": 360,
  "detector_config": {
    "library": "pupil-apriltags",
    "library_version": "1.0.4.post11",
    "family": "tag36h11",
    "nthreads": 4,
    "quad_decimate": 1.0,
    "quad_sigma": 0.0,
    "refine_edges": true,
    "decode_sharpening": 0.25
  },
  "detected_at": "2026-03-24T14:12:25.119338+00:00",
  "num_detections": 3,
  "detections": [
    {
      "tag_id": 17,
      "tag_family": "tag36h11",
      "hamming": 0,
      "decision_margin": 95.4433822631836,
      "center": [
        81.49275466014173,
        183.8747070451442
      ],
      "corners": [
        [
          71.86632537841797,
          194.93394470214844
        ],
        [
          90.92587280273438,
          194.85646057128906
        ],
        [
          91.09329223632815,
          172.84521484375003
        ],
        [
          71.88111114501955,
          172.68511962890625
        ]
      ],
      "homography": [
        [
          10.00433159776236,
          0.28112461061574956,
          81.49275466014173
        ],
        [
          1.0058014545350302,
          11.802534248824202,
          183.8747070451442
        ],
        [
          0.005360311613395399,
          0.004013676664227533,
          1.0
        ]
      ]
    },
    {
      "tag_id": 19,
      "tag_family": "tag36h11",
      "hamming": 0,
      "decision_margin": 75.58470916748047,
      "center": [
        539.9497985035263,
        143.2988998846737
      ],
      "corners": [
        [
          522.5394897460938,
          160.1862640380859
        ],
        [
          557.7420043945312,
          160.21588134765628
        ],
        [
          557.8303222656251,
          125.95544433593751
        ],
        [
          522.8178100585938,
          127.00965881347653
        ]
      ],
      "homography": [
        [
          8.848238518034123,
          -1.5997547861346664,
          539.9497985035263
        ],
        [
          -2.5667366684868704,
          16.45494904989431,
          143.2988998846737
        ],
        [
          -0.016114149309369306,
          -0.002790150664507467,
          1.0
        ]
      ]
    },
    {
      "tag_id": 30,
      "tag_family": "tag36h11",
      "hamming": 1,
      "decision_margin": 31.05049705505371,
      "center": [
        313.52228923030026,
        203.87734933760962
      ],
      "corners": [
        [
          308.3666381835936,
          209.09573364257815
        ],
        [
          318.0604858398438,
          209.0973663330078
        ],
        [
          318.44271850585955,
          198.89704895019528
        ],
        [
          308.9260559082031,
          198.590576171875
        ]
      ],
      "homography": [
        [
          9.456685255205684,
          -2.897652629677394,
          313.52228923030026
        ],
        [
          3.1057042170133964,
          3.442838349920493,
          203.87734933760962
        ],
        [
          0.01484909630130122,
          -0.00849547456596141,
          1.0
        ]
      ]
    }
  ]
}
