{
  "image_file": "03afccb60a17_FRC_2200_BCR_Blackout_Robot_Reveal_2025_frame_002065.png",
  "image_sha256": "03afccb60a17889e529e13d5e7ccec8780ebda04b4078004f121e11aa1082b0d",
  "image_width": 1920,
  "image_height": 1080,
  "detector_config": {
    "library": "pupil-apriltags",
    "library_version": "1.0.4.post11",
    "family": "tag36h11",
    "nthreads": 4,
    "quad_decimate": 1.0,
    "quad_sigma": 0.0,
    "refine_edges": true,
    "decode_sharpening": 0.25
  },
  "detected_at": "2026-04-01T02:22:05.052715+00:00",
  "num_detections": 2,
  "detections": [
    {
      "tag_id": 8,
      "tag_family": "tag36h11",
      "hamming": 0,
      "decision_margin": 92.73998260498047,
      "center": [
        1190.0930027095565,
        816.1789340698012
      ],
      "corners": [
        [
          1154.201416015625,
          855.2808837890625
        ],
        [
          1229.35400390625,
          857.908203125
        ],
        [
          1226.8660888671875,
          776.1166381835939
        ],
        [
          1152.2486572265625,
          775.9553833007812
        ]
      ],
      "homography": [
        [
          19.28199695513422,
          -2.607903784780317,
          1190.0930027095565
        ],
        [
          -11.7552410821661,
          37.722171854449584,
          816.1789340698012
        ],
        [
          -0.01525202438437454,
          -0.003120964969847345,
          1.0
        ]
      ]
    },
    {
      "tag_id": 9,
      "tag_family": "tag36h11",
      "hamming": 0,
      "decision_margin": 88.22003936767578,
      "center": [
        1609.6345374667185,
        822.4398619444903
      ],
      "corners": [
        [
          1585.6011962890625,
          864.0020751953124
        ],
        [
          1636.9173583984375,
          862.1553344726562
        ],
        [
          1633.2958984375005,
          781.520935058594
        ],
        [
          1581.608642578125,
          781.6427001953125
        ]
      ],
      "homography": [
        [
          42.837298736065804,
          6.437547151231689,
          1609.6345374667185
        ],
        [
          8.237428343764003,
          43.06112230012229,
          822.4398619444903
        ],
        [
          0.010617109000027566,
          0.002817915586122229,
          1.0
        ]
      ]
    }
  ]
}
