{
  "image_file": "03b78f5063b9_r8r2b35acnrg1.png",
  "image_sha256": "03b78f5063b91171805a50631b4da0352f8ec122662a00e3d1c182beec730ab9",
  "image_width": 1920,
  "image_height": 1038,
  "detector_config": {
    "library": "pupil-apriltags",
    "library_version": "1.0.4.post11",
    "family": "tag36h11",
    "nthreads": 4,
    "quad_decimate": 1.0,
    "quad_sigma": 0.0,
    "refine_edges": true,
    "decode_sharpening": 0.25
  },
  "detected_at": "2026-04-09T23:11:10.709489+00:00",
  "num_detections": 8,
  "detections": [
    {
      "tag_id": 2,
      "tag_family": "tag36h11",
      "hamming": 0,
      "decision_margin": 46.160579681396484,
      "center": [
        751.3923322910262,
        555.1010881364339
      ],
      "corners": [
        [
          742.96337890625,
          568.3820800781249
        ],
        [
          760.1534423828125,
          563.0288085937501
        ],
        [
          760.6176147460938,
          540.5653686523439
        ],
        [
          742.8439331054688,
          547.3658447265624
        ]
      ],
      "homography": [
        [
          -12.832020038241128,
          12.25185274246064,
          751.3923322910262
        ],
        [
          -18.9550707720656,
          19.96391408560532,
          555.1010881364339
        ],
        [
          -0.02869782124391313,
          0.01640914784359911,
          1.0
        ]
      ]
    },
    {
      "tag_id": 7,
      "tag_family": "tag36h11",
      "hamming": 0,
      "decision_margin": 42.72763442993164,
      "center": [
        405.1493072885828,
        440.93658896724486
      ],
      "corners": [
        [
          398.8595581054688,
          448.1640319824219
        ],
        [
          411.5166931152344,
          453.65405273437506
        ],
        [
          411.3592834472655,
          433.80081176757807
        ],
        [
          398.84130859375,
          428.3377380371094
        ]
      ],
      "homography": [
        [
          6.637298974364683,
          -2.19796480233748,
          405.1493072885828
        ],
        [
          3.1123603051993873,
          7.479628452933696,
          440.93658896724486
        ],
        [
          0.000848374514051637,
          -0.005533607669549567,
          1.0
        ]
      ]
    },
    {
      "tag_id": 9,
      "tag_family": "tag36h11",
      "hamming": 0,
      "decision_margin": 31.369516372680664,
      "center": [
        598.3485878957089,
        537.2376749703069
      ],
      "corners": [
        [
          590.8488769531251,
          544.8967285156251
        ],
        [
          605.7628784179688,
          551.1017456054686
        ],
        [
          605.8645629882812,
          529.56201171875
        ],
        [
          591.0769653320314,
          523.6403808593751
        ]
      ],
      "homography": [
        [
          4.194637636708421,
          -2.6650988995870644,
          598.3485878957089
        ],
        [
          0.13053771477461748,
          8.379792873267547,
          537.2376749703069
        ],
        [
          -0.005398878369261566,
          -0.004315734385662074,
          1.0
        ]
      ]
    },
    {
      "tag_id": 10,
      "tag_family": "tag36h11",
      "hamming": 0,
      "decision_margin": 30.503990173339844,
      "center": [
        630.2202702535128,
        551.0742843910665
      ],
      "corners": [
        [
          622.5908813476565,
          558.8416748046875
        ],
        [
          637.74951171875,
          565.3316650390626
        ],
        [
          637.7314453124999,
          543.42724609375
        ],
        [
          622.8961181640626,
          537.2052612304688
        ]
      ],
      "homography": [
        [
          5.606946637657644,
          -6.883480686632651,
          630.2202702535128
        ],
        [
          1.523714905522865,
          4.927805225240604,
          551.0742843910665
        ],
        [
          -0.0029999099336695642,
          -0.010807667104657545,
          1.0
        ]
      ]
    },
    {
      "tag_id": 11,
      "tag_family": "tag36h11",
      "hamming": 2,
      "decision_margin": 43.106754302978516,
      "center": [
        712.6097423244288,
        566.672725331026
      ],
      "corners": [
        [
          703.6754150390625,
          580.1968994140624
        ],
        [
          721.7595825195312,
          574.79541015625
        ],
        [
          721.672607421875,
          552.9539794921877
        ],
        [
          703.9529418945314,
          558.9877319335939
        ]
      ],
      "homography": [
        [
          -3.4630097933470543,
          -7.371614380435517,
          712.6097423244288
        ],
        [
          -12.730278784663597,
          4.937721648613886,
          566.672725331026
        ],
        [
          -0.017415318530750876,
          -0.010273214954489364,
          1.0
        ]
      ]
    },
    {
      "tag_id": 12,
      "tag_family": "tag36h11",
      "hamming": 0,
      "decision_margin": 39.19673156738281,
      "center": [
        1019.8245214786759,
        707.0989982822394
      ],
      "corners": [
        [
          1011.2376708984377,
          714.7273559570312
        ],
        [
          1028.1339111328125,
          722.281494140625
        ],
        [
          1028.5021972656245,
          699.3899536132814
        ],
        [
          1011.3732299804688,
          691.6572265625
        ]
      ],
      "homography": [
        [
          10.140433285520885,
          6.873501047635387,
          1019.8245214786759
        ],
        [
          4.954595603324831,
          16.342990389233023,
          707.0989982822394
        ],
        [
          0.0016027769212098976,
          0.00686357613335376,
          1.0
        ]
      ]
    },
    {
      "tag_id": 20,
      "tag_family": "tag36h11",
      "hamming": 2,
      "decision_margin": 40.31559753417969,
      "center": [
        1331.8916989880727,
        344.7086454138821
      ],
      "corners": [
        [
          1323.832397460938,
          351.5705261230469
        ],
        [
          1338.6400146484373,
          356.59713745117176
        ],
        [
          1339.702636718749,
          338.05822753906244
        ],
        [
          1324.94873046875,
          332.47723388671886
        ]
      ],
      "homography": [
        [
          27.278481703636317,
          -1.4983423993271539,
          1331.8916989880727
        ],
        [
          7.799205860357232,
          9.159128522627215,
          344.7086454138821
        ],
        [
          0.014933469755910195,
          -0.0007161869646567778,
          1.0
        ]
      ]
    },
    {
      "tag_id": 22,
      "tag_family": "tag36h11",
      "hamming": 0,
      "decision_margin": 39.62664031982422,
      "center": [
        1712.7105111030946,
        467.13396254633454
      ],
      "corners": [
        [
          1703.641357421875,
          474.2611083984375
        ],
        [
          1720.4390869140623,
          479.91870117187506
        ],
        [
          1722.1484375,
          459.71701049804693
        ],
        [
          1705.0161132812502,
          454.40576171874994
        ]
      ],
      "homography": [
        [
          -10.480827875730258,
          14.39683486568242,
          1712.7105111030946
        ],
        [
          -2.428035705322488,
          14.149253343327132,
          467.13396254633454
        ],
        [
          -0.011071039268514854,
          0.008854995207429158,
          1.0
        ]
      ]
    }
  ],
  "ingest_metadata": {
    "original_name": "r8r2b35acnrg1.jpeg",
    "source": "r8r2b35acnrg1.jpeg",
    "dhash": "18ee7d73d0dae2e0",
    "ingested_at": "2026-04-09T23:11:10.709516+00:00"
  }
}
