{
  "image_file": "041d03f0442c_Team_195__The_CyberKnights__FRC_Robot_Reveal_for_the_2025_se.png",
  "image_sha256": "041d03f0442c09e33cf50b63bee791162c3fdc41058efab7908e2faf41c2f9cc",
  "image_width": 1920,
  "image_height": 1080,
  "detector_config": {
    "library": "pupil-apriltags",
    "library_version": "1.0.4.post11",
    "family": "tag36h11",
    "nthreads": 4,
    "quad_decimate": 1.0,
    "quad_sigma": 0.0,
    "refine_edges": true,
    "decode_sharpening": 0.25
  },
  "detected_at": "2026-04-01T02:43:10.336828+00:00",
  "num_detections": 3,
  "detections": [
    {
      "tag_id": 8,
      "tag_family": "tag36h11",
      "hamming": 0,
      "decision_margin": 21.88724708557129,
      "center": [
        25.725509467307145,
        574.5315237918834
      ],
      "corners": [
        [
          18.08997917175293,
          602.3192749023438
        ],
        [
          42.126800537109375,
          609.3428344726564
        ],
        [
          33.47887420654296,
          546.31494140625
        ],
        [
          10.310887336730955,
          541.8143920898438
        ]
      ],
      "homography": [
        [
          11.29593812293399,
          3.7989247661915875,
          25.725509467307145
        ],
        [
          -8.242643320406732,
          24.157132013779574,
          574.5315237918834
        ],
        [
          -0.019334457581134386,
          -0.011677348775387394,
          1.0
        ]
      ]
    },
    {
      "tag_id": 9,
      "tag_family": "tag36h11",
      "hamming": 0,
      "decision_margin": 57.36391830444336,
      "center": [
        320.0581988544337,
        580.2823303846825
      ],
      "corners": [
        [
          285.6775817871094,
          614.2349853515625
        ],
        [
          357.9804382324218,
          609.598693847656
        ],
        [
          353.8677673339843,
          546.8936157226561
        ],
        [
          281.3944091796875,
          550.3927001953126
        ]
      ],
      "homography": [
        [
          39.080697460163094,
          2.3077158856913846,
          320.0581988544337
        ],
        [
          3.2050079426916187,
          32.01384319221506,
          580.2823303846825
        ],
        [
          0.0090284654193993,
          0.0006541138438170708,
          1.0
        ]
      ]
    },
    {
      "tag_id": 10,
      "tag_family": "tag36h11",
      "hamming": 0,
      "decision_margin": 50.920711517333984,
      "center": [
        592.8033622175715,
        542.7191017077973
      ],
      "corners": [
        [
          582.6469116210939,
          573.9124755859375
        ],
        [
          603.7002563476562,
          564.9944458007814
        ],
        [
          602.4060668945312,
          513.2264404296876
        ],
        [
          581.4114990234375,
          519.4319458007812
        ]
      ],
      "homography": [
        [
          25.394168652211306,
          -1.090831690702427,
          592.8033622175715
        ],
        [
          9.856318834343252,
          24.9659235878313,
          542.7191017077973
        ],
        [
          0.02511594748328756,
          -0.002908829479839763,
          1.0
        ]
      ]
    }
  ]
}
