{
  "image_file": "0503717f8bb6_FRC_ROBOT_REVEAL_-__FIN__-_GENERAL_ANGELS__2230_-_REEFSCAPE_.png",
  "image_sha256": "0503717f8bb685dcdd3a50766be39512bb9f5195d852c086ccfedfe6e52b894b",
  "image_width": 1920,
  "image_height": 1080,
  "detector_config": {
    "library": "pupil-apriltags",
    "library_version": "1.0.4.post11",
    "family": "tag36h11",
    "nthreads": 4,
    "quad_decimate": 1.0,
    "quad_sigma": 0.0,
    "refine_edges": true,
    "decode_sharpening": 0.25
  },
  "detected_at": "2026-04-01T01:22:17.248267+00:00",
  "num_detections": 5,
  "detections": [
    {
      "tag_id": 1,
      "tag_family": "tag36h11",
      "hamming": 0,
      "decision_margin": 66.73504638671875,
      "center": [
        132.65142938992255,
        144.25310707672298
      ],
      "corners": [
        [
          114.96695709228517,
          165.17726135253906
        ],
        [
          154.93370056152344,
          163.9400939941406
        ],
        [
          150.0421600341797,
          123.67650604248045
        ],
        [
          109.6730651855469,
          123.95110321044923
        ]
      ],
      "homography": [
        [
          21.656187842214905,
          3.0089104507245024,
          132.65142938992255
        ],
        [
          1.3337362695468729,
          20.874593008043092,
          144.25310707672298
        ],
        [
          0.011877140577885347,
          0.0035025160926937427,
          1.0
        ]
      ]
    },
    {
      "tag_id": 5,
      "tag_family": "tag36h11",
      "hamming": 0,
      "decision_margin": 23.27363395690918,
      "center": [
        1885.0190104603341,
        110.52636390030925
      ],
      "corners": [
        [
          1875.187255859375,
          125.92776489257812
        ],
        [
          1906.308837890625,
          127.14382171630861
        ],
        [
          1895.1101074218752,
          94.71870422363283
        ],
        [
          1863.9991455078125,
          94.11962127685547
        ]
      ],
      "homography": [
        [
          -2.725901275648313,
          11.852278009716883,
          1885.0190104603341
        ],
        [
          -0.6172221295783393,
          16.423422306712183,
          110.52636390030925
        ],
        [
          -0.009698980509752335,
          0.003318350858115509,
          1.0
        ]
      ]
    },
    {
      "tag_id": 7,
      "tag_family": "tag36h11",
      "hamming": 0,
      "decision_margin": 14.251591682434082,
      "center": [
        969.4171155001316,
        663.4900741139353
      ],
      "corners": [
        [
          959.6710205078124,
          679.7001342773438
        ],
        [
          975.6852416992188,
          704.2902221679686
        ],
        [
          979.4867553710938,
          646.7418823242189
        ],
        [
          963.4193725585938,
          624.449890136719
        ]
      ],
      "homography": [
        [
          -10.581269195594928,
          -4.658167662533516,
          969.4171155001316
        ],
        [
          -1.016444651570399,
          26.291538398666034,
          663.4900741139353
        ],
        [
          -0.019185610779718858,
          -0.0028579357842927647,
          1.0
        ]
      ]
    },
    {
      "tag_id": 8,
      "tag_family": "tag36h11",
      "hamming": 0,
      "decision_margin": 75.03044128417969,
      "center": [
        1220.0016473223384,
        763.9417420200526
      ],
      "corners": [
        [
          1182.7639160156252,
          791.0089721679688
        ],
        [
          1252.625732421875,
          800.9259033203125
        ],
        [
          1258.0814208984373,
          736.262451171875
        ],
        [
          1187.3985595703123,
          726.9813842773436
        ]
      ],
      "homography": [
        [
          28.11769926216357,
          4.103151776249437,
          1220.0016473223384
        ],
        [
          0.40785101713492633,
          36.31848338695329,
          763.9417420200526
        ],
        [
          -0.0057509061644694486,
          0.00542899511738906,
          1.0
        ]
      ]
    },
    {
      "tag_id": 9,
      "tag_family": "tag36h11",
      "hamming": 0,
      "decision_margin": 55.438472747802734,
      "center": [
        1537.768043359508,
        736.0878455238103
      ],
      "corners": [
        [
          1517.3740234375002,
          775.8206787109375
        ],
        [
          1547.665771484375,
          756.9613647460935
        ],
        [
          1557.9780273437495,
          696.7135620117186
        ],
        [
          1527.6383056640623,
          714.7250366210938
        ]
      ],
      "homography": [
        [
          27.54911183385252,
          0.27765805112699465,
          1537.768043359508
        ],
        [
          -3.2869339193080163,
          32.929524713360934,
          736.0878455238103
        ],
        [
          0.008058513715550397,
          0.0035260558281158014,
          1.0
        ]
      ]
    }
  ]
}
