{
  "image_file": "0518d1cc21ef_PC000002_MOV-0188_jpg_rf_7febf608d9a3e78de7cf4a34e8df9ca1.png",
  "image_sha256": "0518d1cc21efb55a38fb31fb16dee38c93f3d4812d38eb9842991b8aed22b04a",
  "image_width": 640,
  "image_height": 360,
  "detector_config": {
    "library": "pupil-apriltags",
    "library_version": "1.0.4.post11",
    "family": "tag36h11",
    "nthreads": 4,
    "quad_decimate": 1.0,
    "quad_sigma": 0.0,
    "refine_edges": true,
    "decode_sharpening": 0.25
  },
  "detected_at": "2026-03-24T14:15:39.139921+00:00",
  "num_detections": 2,
  "detections": [
    {
      "tag_id": 9,
      "tag_family": "tag36h11",
      "hamming": 0,
      "decision_margin": 84.2411117553711,
      "center": [
        405.73069518681064,
        99.60974803786921
      ],
      "corners": [
        [
          392.6847229003907,
          112.10279846191406
        ],
        [
          418.23443603515625,
          112.78568267822266
        ],
        [
          419.0518798828125,
          86.8531494140625
        ],
        [
          393.0486450195313,
          86.24591827392577
        ]
      ],
      "homography": [
        [
          12.20599379353024,
          3.2587458734669794,
          405.73069518681064
        ],
        [
          0.1556422561182683,
          13.818787783937182,
          99.60974803786921
        ],
        [
          -0.0016789695020842771,
          0.008758728038281722,
          1.0
        ]
      ]
    },
    {
      "tag_id": 10,
      "tag_family": "tag36h11",
      "hamming": 0,
      "decision_margin": 83.31721496582031,
      "center": [
        461.9263555697088,
        100.02801011436868
      ],
      "corners": [
        [
          448.86999511718756,
          112.85528564453125
        ],
        [
          474.4974365234375,
          113.22445678710936
        ],
        [
          475.1169738769531,
          87.06883239746094
        ],
        [
          449.3192138671875,
          86.79370880126955
        ]
      ],
      "homography": [
        [
          12.005489022228403,
          1.245176550907617,
          461.9263555697088
        ],
        [
          -0.02297046772912545,
          13.381579448314994,
          100.02801011436868
        ],
        [
          -0.0018414769404874528,
          0.003273696731571098,
          1.0
        ]
      ]
    }
  ]
}
