{
  "image_file": "05c298ba1815_Hamosad_1657_Robot_Reveal_2024____Agent_Francois_frame_00202.png",
  "image_sha256": "05c298ba181501fa8992963346f00ee406bf8e1a2acae5f060dbaeb916b632c1",
  "image_width": 1920,
  "image_height": 1080,
  "detector_config": {
    "library": "pupil-apriltags",
    "library_version": "1.0.4.post11",
    "family": "tag36h11",
    "nthreads": 4,
    "quad_decimate": 1.0,
    "quad_sigma": 0.0,
    "refine_edges": true,
    "decode_sharpening": 0.25
  },
  "detected_at": "2026-04-01T00:30:09.843305+00:00",
  "num_detections": 2,
  "detections": [
    {
      "tag_id": 7,
      "tag_family": "tag36h11",
      "hamming": 0,
      "decision_margin": 56.538883209228516,
      "center": [
        1181.5675373916622,
        78.1208607391086
      ],
      "corners": [
        [
          1157.5697021484375,
          106.25485229492189
        ],
        [
          1211.263671875,
          103.04461669921875
        ],
        [
          1206.71923828125,
          48.63412857055663
        ],
        [
          1152.4965820312502,
          53.721813201904304
        ]
      ],
      "homography": [
        [
          6.816200828534192,
          9.994205230479565,
          1181.5675373916622
        ],
        [
          -3.4004782204257005,
          27.228019560048395,
          78.1208607391086
        ],
        [
          -0.01705744284967535,
          0.006419190647842799,
          1.0
        ]
      ]
    },
    {
      "tag_id": 8,
      "tag_family": "tag36h11",
      "hamming": 1,
      "decision_margin": 46.038963317871094,
      "center": [
        996.6717824680005,
        95.50829524501019
      ],
      "corners": [
        [
          973.5338134765627,
          122.41865539550781
        ],
        [
          1025.6275634765623,
          120.26123809814455
        ],
        [
          1021.8247070312498,
          66.25446319580078
        ],
        [
          969.5669555664064,
          72.337646484375
        ]
      ],
      "homography": [
        [
          -11.195237928981442,
          6.287855093892743,
          996.6717824680005
        ],
        [
          -5.618024449047969,
          26.400299825234384,
          95.50829524501019
        ],
        [
          -0.037371195824535186,
          0.004354177708461157,
          1.0
        ]
      ]
    }
  ]
}
