{
  "image_file": "07650c8a9e7b_Half_Hollow_Hills_Invitational_Playoff_Match_4_2025_frame_00.png",
  "image_sha256": "07650c8a9e7bf6c0f14d16aa378939610920889009130a5a6e215afc4a4d96d3",
  "image_width": 1920,
  "image_height": 1080,
  "detector_config": {
    "library": "pupil-apriltags",
    "library_version": "1.0.4.post11",
    "family": "tag36h11",
    "nthreads": 4,
    "quad_decimate": 1.0,
    "quad_sigma": 0.0,
    "refine_edges": true,
    "decode_sharpening": 0.25
  },
  "detected_at": "2026-04-01T16:04:55.836956+00:00",
  "num_detections": 4,
  "detections": [
    {
      "tag_id": 12,
      "tag_family": "tag36h11",
      "hamming": 0,
      "decision_margin": 74.32933807373047,
      "center": [
        1566.22004206012,
        379.2512843289983
      ],
      "corners": [
        [
          1556.1298828125002,
          393.19006347656244
        ],
        [
          1578.1536865234375,
          390.64251708984386
        ],
        [
          1576.557739257812,
          364.9705505371093
        ],
        [
          1554.578125,
          368.13851928710926
        ]
      ],
      "homography": [
        [
          -8.180580378441618,
          0.5859231994777464,
          1566.22004206012
        ],
        [
          -6.072979670276711,
          12.630345506009462,
          379.2512843289983
        ],
        [
          -0.012245905422439632,
          -0.000128239002810096,
          1.0
        ]
      ]
    },
    {
      "tag_id": 14,
      "tag_family": "tag36h11",
      "hamming": 0,
      "decision_margin": 64.03247833251953,
      "center": [
        46.234012235835344,
        352.04686194829156
      ],
      "corners": [
        [
          31.08720588684082,
          364.27685546875
        ],
        [
          57.536720275878906,
          365.982696533203
        ],
        [
          61.11375808715822,
          340.0325012207031
        ],
        [
          34.78450012207031,
          337.93002319335943
        ]
      ],
      "homography": [
        [
          13.548626240539527,
          -1.8746742134049923,
          46.234012235835344
        ],
        [
          3.653600511262026,
          12.643662997922888,
          352.04686194829156
        ],
        [
          0.007673220630917577,
          -0.0012209239878187815,
          1.0
        ]
      ]
    },
    {
      "tag_id": 16,
      "tag_family": "tag36h11",
      "hamming": 1,
      "decision_margin": 41.60739517211914,
      "center": [
        916.0633977598086,
        452.4334353928845
      ],
      "corners": [
        [
          907.9213256835936,
          462.3758239746094
        ],
        [
          923.8395385742189,
          461.0169677734375
        ],
        [
          923.927978515625,
          442.8298950195313
        ],
        [
          908.286437988281,
          443.84899902343756
        ]
      ],
      "homography": [
        [
          15.853290765924728,
          -8.028504669427205,
          916.0633977598086
        ],
        [
          3.340582904219843,
          5.267224579863523,
          452.4334353928845
        ],
        [
          0.00869432736753366,
          -0.008641671814208494,
          1.0
        ]
      ]
    },
    {
      "tag_id": 19,
      "tag_family": "tag36h11",
      "hamming": 0,
      "decision_margin": 85.93799591064453,
      "center": [
        678.8275048129861,
        638.489073678225
      ],
      "corners": [
        [
          658.3358154296874,
          661.2088012695312
        ],
        [
          701.8331909179689,
          660.683837890625
        ],
        [
          699.7590942382812,
          615.2816162109375
        ],
        [
          655.8604125976561,
          616.33154296875
        ]
      ],
      "homography": [
        [
          17.95845266847641,
          4.458048407571143,
          678.8275048129861
        ],
        [
          -4.0506994679643675,
          25.69082330259107,
          638.489073678225
        ],
        [
          -0.0057295639791002,
          0.004890069585618343,
          1.0
        ]
      ]
    }
  ]
}
