{
  "image_file": "079f9c08d612_2024_Ratchet_Rocker_Robot_-_Riot_frame_002520.png",
  "image_sha256": "079f9c08d61291256904abd82001d37bbc4fd2de57ccae95e0811896ca307648",
  "image_width": 1920,
  "image_height": 1080,
  "detector_config": {
    "library": "pupil-apriltags",
    "library_version": "1.0.4.post11",
    "family": "tag36h11",
    "nthreads": 4,
    "quad_decimate": 1.0,
    "quad_sigma": 0.0,
    "refine_edges": true,
    "decode_sharpening": 0.25
  },
  "detected_at": "2026-04-01T00:52:28.860464+00:00",
  "num_detections": 2,
  "detections": [
    {
      "tag_id": 1,
      "tag_family": "tag36h11",
      "hamming": 0,
      "decision_margin": 38.217586517333984,
      "center": [
        1416.991245396087,
        321.3709579256692
      ],
      "corners": [
        [
          1406.72900390625,
          331.62597656249994
        ],
        [
          1427.9888916015625,
          330.8243408203126
        ],
        [
          1427.7149658203123,
          310.65478515625
        ],
        [
          1406.3382568359373,
          312.21383666992176
        ]
      ],
      "homography": [
        [
          -16.20307902384252,
          4.468491543845401,
          1416.991245396087
        ],
        [
          -6.6802322088890955,
          10.867204231151447,
          321.3709579256692
        ],
        [
          -0.018954471072142497,
          0.003035416085673101,
          1.0
        ]
      ]
    },
    {
      "tag_id": 4,
      "tag_family": "tag36h11",
      "hamming": 0,
      "decision_margin": 54.431358337402344,
      "center": [
        762.907773442185,
        324.6625547701286
      ],
      "corners": [
        [
          751.9821777343748,
          338.6962585449219
        ],
        [
          776.1821289062501,
          338.52661132812506
        ],
        [
          773.6572265625001,
          310.8551025390625
        ],
        [
          748.9682006835936,
          310.1037292480468
        ]
      ],
      "homography": [
        [
          24.64197087985997,
          7.605381485872161,
          762.907773442185
        ],
        [
          5.428858782221424,
          16.710142674224414,
          324.6625547701286
        ],
        [
          0.016285257601317642,
          0.00815874361319459,
          1.0
        ]
      ]
    }
  ]
}
