{
  "image_file": "07d6a7191e7b_REEFSCAPE_Week_1_Event_Predictions___FRC_Forecast_frame_0573.png",
  "image_sha256": "07d6a7191e7b1653c6aae4cbb5a43267b0ae4711ad39b95d5243ce43c873f109",
  "image_width": 1920,
  "image_height": 1080,
  "detector_config": {
    "library": "pupil-apriltags",
    "library_version": "1.0.4.post11",
    "family": "tag36h11",
    "nthreads": 4,
    "quad_decimate": 1.0,
    "quad_sigma": 0.0,
    "refine_edges": true,
    "decode_sharpening": 0.25
  },
  "detected_at": "2026-04-01T01:56:21.712416+00:00",
  "num_detections": 4,
  "detections": [
    {
      "tag_id": 2,
      "tag_family": "tag36h11",
      "hamming": 0,
      "decision_margin": 30.5368709564209,
      "center": [
        1375.9570955576098,
        210.25407788109453
      ],
      "corners": [
        [
          1365.7421875,
          222.55114746093747
        ],
        [
          1388.2430419921875,
          220.86585998535153
        ],
        [
          1386.9963378906248,
          196.9646453857422
        ],
        [
          1362.8221435546873,
          198.9089813232422
        ]
      ],
      "homography": [
        [
          7.947754152331066,
          50.702646149397424,
          1375.9570955576098
        ],
        [
          -1.4701932006910876,
          19.458439415601305,
          210.25407788109453
        ],
        [
          -0.0026933444609967922,
          0.036091281612272305,
          1.0
        ]
      ]
    },
    {
      "tag_id": 3,
      "tag_family": "tag36h11",
      "hamming": 0,
      "decision_margin": 37.5934944152832,
      "center": [
        819.1737973416236,
        200.26948369515978
      ],
      "corners": [
        [
          807.1173095703125,
          216.00491333007812
        ],
        [
          833.966064453125,
          216.12358093261724
        ],
        [
          831.76953125,
          183.83026123046872
        ],
        [
          803.57763671875,
          183.55378723144526
        ]
      ],
      "homography": [
        [
          15.627721408804971,
          21.22623029456452,
          819.1737973416236
        ],
        [
          0.5555326429319197,
          21.01588389399504,
          200.26948369515978
        ],
        [
          0.0022898980466555014,
          0.024164037589604653,
          1.0
        ]
      ]
    },
    {
      "tag_id": 4,
      "tag_family": "tag36h11",
      "hamming": 0,
      "decision_margin": 43.224037170410156,
      "center": [
        714.78236302446,
        199.9625600697665
      ],
      "corners": [
        [
          700.5988159179686,
          217.34593200683594
        ],
        [
          731.9736938476562,
          216.7855377197265
        ],
        [
          728.7751464843751,
          182.81298828124997
        ],
        [
          696.9072265625,
          182.4704284667969
        ]
      ],
      "homography": [
        [
          25.19593184097846,
          6.269084871630414,
          714.78236302446
        ],
        [
          2.5692454161131173,
          18.481109114719857,
          199.9625600697665
        ],
        [
          0.013135311315603927,
          0.0063649603599835024,
          1.0
        ]
      ]
    },
    {
      "tag_id": 12,
      "tag_family": "tag36h11",
      "hamming": 0,
      "decision_margin": 33.834285736083984,
      "center": [
        1788.7248116021608,
        99.49403117290709
      ],
      "corners": [
        [
          1774.499633789062,
          127.02330017089844
        ],
        [
          1806.1022949218752,
          120.61215209960939
        ],
        [
          1803.2143554687502,
          71.45314788818358
        ],
        [
          1771.5563964843748,
          78.62998199462889
        ]
      ],
      "homography": [
        [
          2.1675704292365476,
          4.279568728750974,
          1788.7248116021608
        ],
        [
          -4.155268950127907,
          24.543457615384128,
          99.49403117290709
        ],
        [
          -0.007629267350747806,
          0.0015773708482855551,
          1.0
        ]
      ]
    }
  ],
  "ingest_metadata": {
    "original_name": "REEFSCAPE_Week_1_Event_Predictions___FRC_Forecast_frame_0573.png",
    "source": "unknown",
    "dhash": "b99c92b27ef2b978",
    "ingested_at": "2026-04-01T01:56:21.705294+00:00"
  }
}
