{
  "image_file": "07dd21548a1d_PC000001_MOV-0318_jpg_rf_6431fbee50b6d899a24653e0d5e9ee2e.png",
  "image_sha256": "07dd21548a1dff44328c78f50e97de4463d149ff5900719cd2530fc3bcd202e0",
  "image_width": 640,
  "image_height": 360,
  "detector_config": {
    "library": "pupil-apriltags",
    "library_version": "1.0.4.post11",
    "family": "tag36h11",
    "nthreads": 4,
    "quad_decimate": 1.0,
    "quad_sigma": 0.0,
    "refine_edges": true,
    "decode_sharpening": 0.25
  },
  "detected_at": "2026-03-24T14:12:45.103387+00:00",
  "num_detections": 2,
  "detections": [
    {
      "tag_id": 22,
      "tag_family": "tag36h11",
      "hamming": 0,
      "decision_margin": 88.7777328491211,
      "center": [
        261.80473975639205,
        157.38132942604943
      ],
      "corners": [
        [
          235.58549499511707,
          185.10424804687497
        ],
        [
          290.21212768554693,
          183.77471923828128
        ],
        [
          288.5833740234376,
          129.06694030761722
        ],
        [
          232.85708618164057,
          130.48597717285156
        ]
      ],
      "homography": [
        [
          27.436872245138545,
          3.7042185706808404,
          261.80473975639205
        ],
        [
          -0.7760979110218535,
          28.900585194900344,
          157.38132942604943
        ],
        [
          -0.0005676349709388755,
          0.009987306397029484,
          1.0
        ]
      ]
    },
    {
      "tag_id": 32,
      "tag_family": "tag36h11",
      "hamming": 0,
      "decision_margin": 71.19774627685547,
      "center": [
        32.41116866875349,
        166.0571244238472
      ],
      "corners": [
        [
          26.00514221191406,
          173.3812713623047
        ],
        [
          39.712284088134766,
          172.73075866699216
        ],
        [
          38.772518157958984,
          158.7840576171875
        ],
        [
          24.79969787597656,
          159.09980773925784
        ]
      ],
      "homography": [
        [
          7.3123098027265385,
          0.815283370494563,
          32.41116866875349
        ],
        [
          1.775505967710045,
          8.492938614858275,
          166.0571244238472
        ],
        [
          0.012155473407083487,
          0.008656166437292933,
          1.0
        ]
      ]
    }
  ]
}
