{
  "image_file": "07ebdd4a10cc_3419_Presents__Sandstorm_frame_002478.png",
  "image_sha256": "07ebdd4a10cc0291222bd703eb1dc49b94eb817d29ffcf8ab1926a646f7dbc48",
  "image_width": 1920,
  "image_height": 1080,
  "detector_config": {
    "library": "pupil-apriltags",
    "library_version": "1.0.4.post11",
    "family": "tag36h11",
    "nthreads": 4,
    "quad_decimate": 1.0,
    "quad_sigma": 0.0,
    "refine_edges": true,
    "decode_sharpening": 0.25
  },
  "detected_at": "2026-04-01T04:38:10.626927+00:00",
  "num_detections": 6,
  "detections": [
    {
      "tag_id": 1,
      "tag_family": "tag36h11",
      "hamming": 0,
      "decision_margin": 42.981990814208984,
      "center": [
        1792.5779393280798,
        571.5297551943382
      ],
      "corners": [
        [
          1784.3875732421875,
          582.2304077148439
        ],
        [
          1803.6798095703125,
          581.0807495117189
        ],
        [
          1801.1604003906252,
          560.3168334960938
        ],
        [
          1781.2978515625,
          561.825439453125
        ]
      ],
      "homography": [
        [
          -4.029567041982094,
          29.493333078151636,
          1792.5779393280798
        ],
        [
          -5.0667270613477084,
          19.244607552243792,
          571.5297551943382
        ],
        [
          -0.007707122117343185,
          0.015669674959445556,
          1.0
        ]
      ]
    },
    {
      "tag_id": 18,
      "tag_family": "tag36h11",
      "hamming": 0,
      "decision_margin": 39.89313888549805,
      "center": [
        1636.488242295878,
        453.2154921240102
      ],
      "corners": [
        [
          1622.7274169921877,
          477.502197265625
        ],
        [
          1655.3267822265625,
          477.30206298828125
        ],
        [
          1650.144775390625,
          429.1128540039062
        ],
        [
          1617.3841552734377,
          428.7893981933594
        ]
      ],
      "homography": [
        [
          25.178533654830744,
          5.245055815762956,
          1636.488242295878
        ],
        [
          2.4783468119391583,
          24.948693199929664,
          453.2154921240102
        ],
        [
          0.005401261606886936,
          0.001597386433064679,
          1.0
        ]
      ]
    },
    {
      "tag_id": 23,
      "tag_family": "tag36h11",
      "hamming": 0,
      "decision_margin": 42.03801345825195,
      "center": [
        1022.2604687224967,
        605.1528520067632
      ],
      "corners": [
        [
          1016.907531738281,
          620.6791381835938
        ],
        [
          1031.757080078125,
          618.3892822265625
        ],
        [
          1027.6804199218752,
          589.4321899414062
        ],
        [
          1013.1067504882812,
          592.3943481445312
        ]
      ],
      "homography": [
        [
          -5.222746967760258,
          -4.24987243596138,
          1022.2604687224967
        ],
        [
          -8.760093856482742,
          10.62721126015276,
          605.1528520067632
        ],
        [
          -0.012303000579939551,
          -0.006082364663120879,
          1.0
        ]
      ]
    },
    {
      "tag_id": 25,
      "tag_family": "tag36h11",
      "hamming": 0,
      "decision_margin": 53.040977478027344,
      "center": [
        1309.794333781042,
        491.28084339374794
      ],
      "corners": [
        [
          1296.828857421875,
          515.9881591796875
        ],
        [
          1326.5899658203125,
          509.9938964843751
        ],
        [
          1323.009033203125,
          466.0986022949219
        ],
        [
          1293.7060546875,
          473.35589599609364
        ]
      ],
      "homography": [
        [
          -5.559927586139337,
          -6.18019806797247,
          1309.794333781042
        ],
        [
          -10.938254235776698,
          18.681028166947897,
          491.28084339374794
        ],
        [
          -0.015515071160867012,
          -0.005995537564216129,
          1.0
        ]
      ]
    },
    {
      "tag_id": 26,
      "tag_family": "tag36h11",
      "hamming": 0,
      "decision_margin": 51.26445388793945,
      "center": [
        1377.7834926490284,
        478.0997136643803
      ],
      "corners": [
        [
          1363.199340820313,
          504.11801147460943
        ],
        [
          1396.2233886718748,
          498.5902709960937
        ],
        [
          1392.4008789062495,
          452.02212524414057
        ],
        [
          1360.262939453125,
          458.6307373046875
        ]
      ],
      "homography": [
        [
          -2.111204486386667,
          -15.143891769018637,
          1377.7834926490284
        ],
        [
          -9.424066753858371,
          17.167970493021528,
          478.0997136643803
        ],
        [
          -0.013351746566627298,
          -0.01221364115560945,
          1.0
        ]
      ]
    },
    {
      "tag_id": 27,
      "tag_family": "tag36h11",
      "hamming": 0,
      "decision_margin": 38.52123260498047,
      "center": [
        1563.353787973629,
        452.4274733045968
      ],
      "corners": [
        [
          1548.769775390625,
          477.3127746582031
        ],
        [
          1583.4005126953125,
          477.1107482910157
        ],
        [
          1577.8272705078125,
          427.73077392578125
        ],
        [
          1543.0079345703125,
          427.37588500976557
        ]
      ],
      "homography": [
        [
          26.123969063707364,
          5.648684772823348,
          1563.353787973629
        ],
        [
          2.5734277720013066,
          25.64310792106528,
          452.4274733045968
        ],
        [
          0.005604687647955296,
          0.0018008481093162057,
          1.0
        ]
      ]
    }
  ]
}
