{
  "image_file": "082e73395b3d_WPI_2025_District_Event_Qual_Match_37_POV_frame_005712.png",
  "image_sha256": "082e73395b3d957511b84bd98499708923d4ef7722188471c4ba01599214a458",
  "image_width": 1920,
  "image_height": 1080,
  "detector_config": {
    "library": "pupil-apriltags",
    "library_version": "1.0.4.post11",
    "family": "tag36h11",
    "nthreads": 4,
    "quad_decimate": 1.0,
    "quad_sigma": 0.0,
    "refine_edges": true,
    "decode_sharpening": 0.25
  },
  "detected_at": "2026-04-01T15:00:51.283717+00:00",
  "num_detections": 4,
  "detections": [
    {
      "tag_id": 15,
      "tag_family": "tag36h11",
      "hamming": 0,
      "decision_margin": 29.47380256652832,
      "center": [
        1078.7561216179388,
        530.5102473791308
      ],
      "corners": [
        [
          1070.9151611328125,
          537.0481567382812
        ],
        [
          1085.5841064453125,
          536.8319702148438
        ],
        [
          1086.463623046875,
          524.0836181640626
        ],
        [
          1072.0361328125,
          524.2885131835939
        ]
      ],
      "homography": [
        [
          7.6037318712271835,
          -9.429348545401579,
          1078.7561216179388
        ],
        [
          0.05711767931995813,
          1.9853144814937878,
          530.5102473791308
        ],
        [
          0.00030602337370405603,
          -0.008277401593199046,
          1.0
        ]
      ]
    },
    {
      "tag_id": 16,
      "tag_family": "tag36h11",
      "hamming": 0,
      "decision_margin": 35.21892547607422,
      "center": [
        1349.5881022229423,
        578.0210192296345
      ],
      "corners": [
        [
          1344.2521972656252,
          587.1956787109375
        ],
        [
          1354.7657470703125,
          587.433349609375
        ],
        [
          1354.8773193359373,
          568.9266357421876
        ],
        [
          1344.642333984375,
          569.0302124023439
        ]
      ],
      "homography": [
        [
          -7.305279578241195,
          -18.547962537745434,
          1349.5881022229423
        ],
        [
          -5.3186419752054235,
          1.2758212266759295,
          578.0210192296345
        ],
        [
          -0.00925544192076129,
          -0.013649541490918087,
          1.0
        ]
      ]
    },
    {
      "tag_id": 17,
      "tag_family": "tag36h11",
      "hamming": 0,
      "decision_margin": 67.8747787475586,
      "center": [
        963.7486411127321,
        749.7671911197342
      ],
      "corners": [
        [
          956.5520629882811,
          766.2700195312501
        ],
        [
          970.7958984375,
          760.0913696289062
        ],
        [
          970.6529541015626,
          733.9345703125
        ],
        [
          956.5176391601561,
          739.173828125
        ]
      ],
      "homography": [
        [
          23.281516517461228,
          -3.74124253211198,
          963.7486411127321
        ],
        [
          9.742551717946752,
          10.3631206764195,
          749.7671911197342
        ],
        [
          0.016797776721229188,
          -0.003928937163203799,
          1.0
        ]
      ]
    },
    {
      "tag_id": 18,
      "tag_family": "tag36h11",
      "hamming": 0,
      "decision_margin": 61.1733283996582,
      "center": [
        819.8956784100617,
        766.7908935780478
      ],
      "corners": [
        [
          804.0411987304689,
          781.1513061523436
        ],
        [
          836.7478027343749,
          781.5660400390627
        ],
        [
          835.9771118164061,
          752.2249145507814
        ],
        [
          802.8308105468751,
          751.8292236328122
        ]
      ],
      "homography": [
        [
          16.120568499428146,
          5.980036813828294,
          819.8956784100617
        ],
        [
          -0.11709578934608332,
          19.794596925621363,
          766.7908935780478
        ],
        [
          -0.000417029881962501,
          0.006689506453507571,
          1.0
        ]
      ]
    }
  ]
}
