{
  "image_file": "087fcbf98831_PC000001_MOV-0158_jpg_rf_fcf2a986868506daba2b57e999632e0b.png",
  "image_sha256": "087fcbf9883115778649bd1fece710c476571e7e8fd0c58cff60655d2c761ef7",
  "image_width": 640,
  "image_height": 360,
  "detector_config": {
    "library": "pupil-apriltags",
    "library_version": "1.0.4.post11",
    "family": "tag36h11",
    "nthreads": 4,
    "quad_decimate": 1.0,
    "quad_sigma": 0.0,
    "refine_edges": true,
    "decode_sharpening": 0.25
  },
  "detected_at": "2026-03-24T14:12:24.898284+00:00",
  "num_detections": 4,
  "detections": [
    {
      "tag_id": 2,
      "tag_family": "tag36h11",
      "hamming": 0,
      "decision_margin": 85.9932861328125,
      "center": [
        397.1508670215528,
        217.5064837141171
      ],
      "corners": [
        [
          387.0583801269531,
          233.5830535888672
        ],
        [
          407.037109375,
          233.8906707763672
        ],
        [
          406.91223144531256,
          201.95736694335935
        ],
        [
          386.75427246093756,
          200.27650451660153
        ]
      ],
      "homography": [
        [
          18.337932223014718,
          1.7900868626027227,
          397.1508670215528
        ],
        [
          5.044209696096116,
          17.22508212603023,
          217.5064837141171
        ],
        [
          0.020919886651977748,
          0.004241889746976049,
          1.0
        ]
      ]
    },
    {
      "tag_id": 9,
      "tag_family": "tag36h11",
      "hamming": 0,
      "decision_margin": 87.39000701904297,
      "center": [
        189.65202260009772,
        217.45412176774974
      ],
      "corners": [
        [
          181.52195739746094,
          232.21652221679688
        ],
        [
          197.2127685546875,
          232.09341430664065
        ],
        [
          198.3049468994141,
          201.74232482910156
        ],
        [
          182.29914855957034,
          203.2173156738281
        ]
      ],
      "homography": [
        [
          3.6434134360915778,
          1.168503214115447,
          189.65202260009772
        ],
        [
          -5.296308210134727,
          16.700591255086977,
          217.45412176774974
        ],
        [
          -0.022546251956428603,
          0.008607857781811584,
          1.0
        ]
      ]
    },
    {
      "tag_id": 10,
      "tag_family": "tag36h11",
      "hamming": 0,
      "decision_margin": 83.32106018066406,
      "center": [
        227.3133809094336,
        215.59427336782008
      ],
      "corners": [
        [
          217.7835235595703,
          231.94451904296878
        ],
        [
          236.6863098144531,
          231.88749694824216
        ],
        [
          237.05294799804688,
          198.88423156738278
        ],
        [
          218.48956298828128,
          200.25558471679693
        ]
      ],
      "homography": [
        [
          4.695158986105156,
          -2.464553579436568,
          227.3133809094336
        ],
        [
          -4.789397190063314,
          14.08510781874105,
          215.59427336782008
        ],
        [
          -0.020529678912172344,
          -0.009646648159511901,
          1.0
        ]
      ]
    },
    {
      "tag_id": 11,
      "tag_family": "tag36h11",
      "hamming": 0,
      "decision_margin": 92.47087860107422,
      "center": [
        348.62491045846167,
        215.43800877410885
      ],
      "corners": [
        [
          336.09906005859375,
          232.95462036132815
        ],
        [
          360.3872985839844,
          232.98930358886716
        ],
        [
          360.9471740722656,
          198.2061004638672
        ],
        [
          335.82067871093744,
          196.3321228027344
        ]
      ],
      "homography": [
        [
          21.162807539781,
          5.883213841777152,
          348.62491045846167
        ],
        [
          5.912080666868062,
          21.520037036551287,
          215.43800877410885
        ],
        [
          0.025301080549435292,
          0.01710783151846257,
          1.0
        ]
      ]
    }
  ]
}
