{
  "image_file": "092624a812f9_KAISER_2026_Robot_Reveal___BAILEY_frame_000480.png",
  "image_sha256": "092624a812f9c96a989cb5ef0b54aa4fec410fb6dcecf1989db602eb7b0079b8",
  "image_width": 1920,
  "image_height": 1080,
  "detector_config": {
    "library": "pupil-apriltags",
    "library_version": "1.0.4.post11",
    "family": "tag36h11",
    "nthreads": 4,
    "quad_decimate": 1.0,
    "quad_sigma": 0.0,
    "refine_edges": true,
    "decode_sharpening": 0.25
  },
  "detected_at": "2026-04-01T04:09:11.852908+00:00",
  "num_detections": 3,
  "detections": [
    {
      "tag_id": 8,
      "tag_family": "tag36h11",
      "hamming": 0,
      "decision_margin": 57.81364440917969,
      "center": [
        781.9269747445743,
        898.1312478132882
      ],
      "corners": [
        [
          775.2803344726565,
          948.1185302734376
        ],
        [
          792.5383911132812,
          929.0571899414062
        ],
        [
          788.7006225585935,
          847.1887817382812
        ],
        [
          772.113037109375,
          869.5294799804689
        ]
      ],
      "homography": [
        [
          -10.51130256695478,
          -9.820809009081929,
          781.9269747445743
        ],
        [
          -32.15394872400577,
          26.80618166456747,
          898.1312478132882
        ],
        [
          -0.024253707958487237,
          -0.014789861781115191,
          1.0
        ]
      ]
    },
    {
      "tag_id": 9,
      "tag_family": "tag36h11",
      "hamming": 0,
      "decision_margin": 93.1977310180664,
      "center": [
        922.107406058195,
        864.687732083584
      ],
      "corners": [
        [
          885.5587158203123,
          908.0855712890625
        ],
        [
          965.2701416015626,
          906.1238403320312
        ],
        [
          956.9058227539064,
          823.3681640625
        ],
        [
          879.4468383789062,
          823.7337036132814
        ]
      ],
      "homography": [
        [
          47.89390498436455,
          -10.379141810569644,
          922.107406058195
        ],
        [
          7.506676784089901,
          28.627534935044764,
          864.687732083584
        ],
        [
          0.009340312529163348,
          -0.015191495660345273,
          1.0
        ]
      ]
    },
    {
      "tag_id": 10,
      "tag_family": "tag36h11",
      "hamming": 0,
      "decision_margin": 70.26679229736328,
      "center": [
        1082.0704519098879,
        863.7253731229795
      ],
      "corners": [
        [
          1052.0177001953127,
          905.8585815429688
        ],
        [
          1124.2301025390625,
          902.2794799804688
        ],
        [
          1110.6961669921873,
          823.5928344726562
        ],
        [
          1039.9853515625,
          825.2394409179689
        ]
      ],
      "homography": [
        [
          48.40109449872489,
          -7.236303133372979,
          1082.0704519098879
        ],
        [
          8.826281976146443,
          28.92937526040805,
          863.7253731229795
        ],
        [
          0.011717335747028969,
          -0.012602260693955637,
          1.0
        ]
      ]
    }
  ],
  "ingest_metadata": {
    "original_name": "KAISER_2026_Robot_Reveal___BAILEY_frame_000480.png",
    "source": "unknown",
    "dhash": "ec6d6cccc8796b2f",
    "ingested_at": "2026-04-01T04:09:11.845300+00:00"
  }
}
