{
  "image_file": "0937e3131376_FRC_Team_Under_Control__1156__2025_Robot_Reveal_-__Ultralisk.png",
  "image_sha256": "0937e3131376ee6b6872767c48d7af355784ed656cb1e7f9182d5f2f911a57e6",
  "image_width": 1920,
  "image_height": 1080,
  "detector_config": {
    "library": "pupil-apriltags",
    "library_version": "1.0.4.post11",
    "family": "tag36h11",
    "nthreads": 4,
    "quad_decimate": 1.0,
    "quad_sigma": 0.0,
    "refine_edges": true,
    "decode_sharpening": 0.25
  },
  "detected_at": "2026-04-01T02:42:39.568440+00:00",
  "num_detections": 2,
  "detections": [
    {
      "tag_id": 8,
      "tag_family": "tag36h11",
      "hamming": 0,
      "decision_margin": 43.75160217285156,
      "center": [
        849.9939473070662,
        904.8052060001585
      ],
      "corners": [
        [
          828.3580322265625,
          935.6987915039064
        ],
        [
          869.7133789062501,
          947.6123046874999
        ],
        [
          872.1935424804688,
          873.1067504882811
        ],
        [
          831.1458129882812,
          863.8895263671875
        ]
      ],
      "homography": [
        [
          5.527708656059418,
          -5.456364348134115,
          849.9939473070662
        ],
        [
          -10.763279492939208,
          32.16244111463993,
          904.8052060001585
        ],
        [
          -0.017725217195887506,
          -0.004866233927893102,
          1.0
        ]
      ]
    },
    {
      "tag_id": 9,
      "tag_family": "tag36h11",
      "hamming": 0,
      "decision_margin": 48.160919189453125,
      "center": [
        1230.6825062138346,
        928.3273073443921
      ],
      "corners": [
        [
          1194.3538818359375,
          969.767578125
        ],
        [
          1269.1719970703125,
          966.5790405273436
        ],
        [
          1266.70166015625,
          887.2400512695314
        ],
        [
          1191.9345703124998,
          889.8187255859376
        ]
      ],
      "homography": [
        [
          42.08690073878847,
          0.6493811810735275,
          1230.6825062138346
        ],
        [
          2.0969811068207442,
          39.38903335624207,
          928.3273073443921
        ],
        [
          0.0038118252148817357,
          -0.00046571367666064053,
          1.0
        ]
      ]
    }
  ]
}
