{
  "image_file": "09a04b23cdd0_Half_Hollow_Hills_Invitational_Playoff_Match_9_2025_frame_00.png",
  "image_sha256": "09a04b23cdd0beafbbe19a128c1965672f6ec9895fd398b940e5346b8056a0f0",
  "image_width": 1920,
  "image_height": 1080,
  "detector_config": {
    "library": "pupil-apriltags",
    "library_version": "1.0.4.post11",
    "family": "tag36h11",
    "nthreads": 4,
    "quad_decimate": 1.0,
    "quad_sigma": 0.0,
    "refine_edges": true,
    "decode_sharpening": 0.25
  },
  "detected_at": "2026-04-01T16:07:40.180657+00:00",
  "num_detections": 2,
  "detections": [
    {
      "tag_id": 10,
      "tag_family": "tag36h11",
      "hamming": 1,
      "decision_margin": 44.063697814941406,
      "center": [
        297.3201014619389,
        658.7559177483572
      ],
      "corners": [
        [
          289.2328796386718,
          668.9136352539062
        ],
        [
          306.9015808105469,
          666.8582153320314
        ],
        [
          305.8662414550782,
          648.0217895507812
        ],
        [
          287.7952880859375,
          650.7015380859374
        ]
      ],
      "homography": [
        [
          4.3892420832968915,
          4.282020049351218,
          297.3201014619389
        ],
        [
          -11.24434159684006,
          17.368852599564093,
          658.7559177483572
        ],
        [
          -0.01527802560447823,
          0.01231219788356559,
          1.0
        ]
      ]
    },
    {
      "tag_id": 14,
      "tag_family": "tag36h11",
      "hamming": 0,
      "decision_margin": 55.857730865478516,
      "center": [
        38.20093821553863,
        483.7412729620069
      ],
      "corners": [
        [
          20.061893463134766,
          501.37234497070307
        ],
        [
          56.51996994018555,
          499.47509765625
        ],
        [
          55.82466888427734,
          466.611083984375
        ],
        [
          19.1740379333496,
          467.3994750976563
        ]
      ],
      "homography": [
        [
          18.90922663388401,
          0.48110542908514253,
          38.20093821553863
        ],
        [
          7.397188781321686,
          17.80387097459868,
          483.7412729620069
        ],
        [
          0.016681799634185417,
          0.002272568874077679,
          1.0
        ]
      ]
    }
  ]
}
