{
  "image_file": "09e92a056f4b_FRC_Team_Under_Control__1156__2026_Robot_Reveal_-__Tempest__.png",
  "image_sha256": "09e92a056f4b0edfabb308cb6d15ddbbb84382d7f3a6416aef876b35d3cd3f37",
  "image_width": 1920,
  "image_height": 1080,
  "detector_config": {
    "library": "pupil-apriltags",
    "library_version": "1.0.4.post11",
    "family": "tag36h11",
    "nthreads": 4,
    "quad_decimate": 1.0,
    "quad_sigma": 0.0,
    "refine_edges": true,
    "decode_sharpening": 0.25
  },
  "detected_at": "2026-04-01T03:51:44.204415+00:00",
  "num_detections": 4,
  "detections": [
    {
      "tag_id": 3,
      "tag_family": "tag36h11",
      "hamming": 0,
      "decision_margin": 94.50682067871094,
      "center": [
        888.0275397446878,
        343.7496906885287
      ],
      "corners": [
        [
          873.18408203125,
          360.3064270019531
        ],
        [
          904.3713989257812,
          362.3284301757813
        ],
        [
          903.2807006835936,
          326.7359619140625
        ],
        [
          871.6582641601561,
          325.14205932617176
        ]
      ],
      "homography": [
        [
          10.001685405824333,
          7.044823291977992,
          888.0275397446878
        ],
        [
          -1.3006567039807944,
          20.160906527203053,
          343.7496906885287
        ],
        [
          -0.00641799205681804,
          0.007194940020390867,
          1.0
        ]
      ]
    },
    {
      "tag_id": 4,
      "tag_family": "tag36h11",
      "hamming": 0,
      "decision_margin": 94.96255493164062,
      "center": [
        958.2753391189452,
        348.83211314267396
      ],
      "corners": [
        [
          942.5682373046875,
          366.07385253906244
        ],
        [
          975.165771484375,
          367.58935546875
        ],
        [
          974.2235717773436,
          331.32568359375
        ],
        [
          941.3794555664061,
          330.06881713867176
        ]
      ],
      "homography": [
        [
          12.787483006167008,
          4.260285574782644,
          958.2753391189452
        ],
        [
          -0.606857129281425,
          19.423407441492827,
          348.83211314267396
        ],
        [
          -0.0037280205690427485,
          0.003889363614626018,
          1.0
        ]
      ]
    },
    {
      "tag_id": 5,
      "tag_family": "tag36h11",
      "hamming": 1,
      "decision_margin": 50.47616195678711,
      "center": [
        1128.6064427154265,
        333.64449409196266
      ],
      "corners": [
        [
          1122.8645019531248,
          354.4366760253906
        ],
        [
          1133.6217041015625,
          347.601348876953
        ],
        [
          1134.3017578125002,
          313.0211486816406
        ],
        [
          1123.5670166015625,
          319.6203918457032
        ]
      ],
      "homography": [
        [
          9.029595966443594,
          -1.289868024171709,
          1128.6064427154265
        ],
        [
          -2.277506507275009,
          17.069761890592474,
          333.64449409196266
        ],
        [
          0.003239988738552731,
          -0.0008366591743087759,
          1.0
        ]
      ]
    },
    {
      "tag_id": 16,
      "tag_family": "tag36h11",
      "hamming": 0,
      "decision_margin": 79.93621826171875,
      "center": [
        1255.4012037214252,
        309.1634120622172
      ],
      "corners": [
        [
          1244.3529052734375,
          319.31072998046875
        ],
        [
          1265.1474609375,
          320.7214660644531
        ],
        [
          1266.5330810546875,
          298.93933105468744
        ],
        [
          1245.6710205078125,
          297.62442016601557
        ]
      ],
      "homography": [
        [
          7.5307390098043925,
          1.1713857594015744,
          1255.4012037214252
        ],
        [
          -0.02858854770994551,
          11.32194954026528,
          309.1634120622172
        ],
        [
          -0.0022967422548524383,
          0.0014714373168057333,
          1.0
        ]
      ]
    }
  ]
}
