{
  "image_file": "0a71bb41bd8e_KRYPTON_FRC__9487_-_ROBOT_REVEAL_26_frame_001800.png",
  "image_sha256": "0a71bb41bd8e37049f101b4540acfe9e0918a9d327f5da8d6afe8efb88c3ad5b",
  "image_width": 1920,
  "image_height": 1080,
  "detector_config": {
    "library": "pupil-apriltags",
    "library_version": "1.0.4.post11",
    "family": "tag36h11",
    "nthreads": 4,
    "quad_decimate": 1.0,
    "quad_sigma": 0.0,
    "refine_edges": true,
    "decode_sharpening": 0.25
  },
  "detected_at": "2026-04-01T04:10:20.137676+00:00",
  "num_detections": 4,
  "detections": [
    {
      "tag_id": 21,
      "tag_family": "tag36h11",
      "hamming": 0,
      "decision_margin": 67.52760314941406,
      "center": [
        491.1382420260225,
        575.9688456422557
      ],
      "corners": [
        [
          475.1218872070313,
          596.6315307617186
        ],
        [
          509.1434020996094,
          596.7328491210938
        ],
        [
          507.28021240234375,
          555.1441040039064
        ],
        [
          473.7456359863282,
          555.9112548828125
        ]
      ],
      "homography": [
        [
          11.677474137121749,
          -2.482978662758454,
          491.1382420260225
        ],
        [
          -6.2778045319306575,
          16.71541869242799,
          575.9688456422557
        ],
        [
          -0.010605519042216276,
          -0.006699359235475415,
          1.0
        ]
      ]
    },
    {
      "tag_id": 24,
      "tag_family": "tag36h11",
      "hamming": 0,
      "decision_margin": 65.46941375732422,
      "center": [
        570.0690554480282,
        577.387464955635
      ],
      "corners": [
        [
          553.0484619140625,
          598.6796875
        ],
        [
          588.9901733398438,
          599.0692749023438
        ],
        [
          587.7964477539062,
          555.2110595703125
        ],
        [
          551.0916137695312,
          555.64111328125
        ]
      ],
      "homography": [
        [
          12.78382639386507,
          7.012632335615537,
          570.0690554480282
        ],
        [
          -5.4488317859531925,
          28.02096185114351,
          577.387464955635
        ],
        [
          -0.009427269877289361,
          0.010913442104410616,
          1.0
        ]
      ]
    },
    {
      "tag_id": 25,
      "tag_family": "tag36h11",
      "hamming": 0,
      "decision_margin": 75.17645263671875,
      "center": [
        678.4060666505461,
        573.2691714105083
      ],
      "corners": [
        [
          665.3270263671877,
          595.8199462890625
        ],
        [
          693.1142578125,
          593.5070800781252
        ],
        [
          690.9643554687498,
          551.6162719726562
        ],
        [
          662.7716674804689,
          551.7568359374999
        ]
      ],
      "homography": [
        [
          31.229416695002783,
          4.6360971973312,
          678.4060666505461
        ],
        [
          13.953190509216594,
          24.401530349811537,
          573.2691714105083
        ],
        [
          0.025418624949129307,
          0.005106389493877041,
          1.0
        ]
      ]
    },
    {
      "tag_id": 26,
      "tag_family": "tag36h11",
      "hamming": 0,
      "decision_margin": 68.9661636352539,
      "center": [
        735.5432868508323,
        567.1898298841763
      ],
      "corners": [
        [
          725.5469970703125,
          587.6010131835936
        ],
        [
          748.732421875,
          585.9159545898439
        ],
        [
          745.0661621093749,
          547.7453002929689
        ],
        [
          722.0068359374999,
          547.9705810546874
        ]
      ],
      "homography": [
        [
          25.256485017141244,
          -2.337098710252118,
          735.5432868508323
        ],
        [
          10.090432581904336,
          16.25004045722767,
          567.1898298841763
        ],
        [
          0.01862473146612086,
          -0.005629099116776988,
          1.0
        ]
      ]
    }
  ]
}
