{
  "image_file": "0aac3b11fa21_PC000002_MOV-0410_jpg_rf_ace3a64a648eb62d71b11250ae45463c.png",
  "image_sha256": "0aac3b11fa21c2c35e5e2f7e2e473398503f375396b5693095009da5a3821576",
  "image_width": 640,
  "image_height": 360,
  "detector_config": {
    "library": "pupil-apriltags",
    "library_version": "1.0.4.post11",
    "family": "tag36h11",
    "nthreads": 4,
    "quad_decimate": 1.0,
    "quad_sigma": 0.0,
    "refine_edges": true,
    "decode_sharpening": 0.25
  },
  "detected_at": "2026-03-24T14:13:17.402694+00:00",
  "num_detections": 3,
  "detections": [
    {
      "tag_id": 17,
      "tag_family": "tag36h11",
      "hamming": 0,
      "decision_margin": 94.32146453857422,
      "center": [
        201.2892499243147,
        292.56959710354175
      ],
      "corners": [
        [
          178.29641723632812,
          317.71734619140625
        ],
        [
          224.69108581542966,
          318.5788879394532
        ],
        [
          224.2452545166016,
          267.462127685547
        ],
        [
          178.596435546875,
          267.3483276367187
        ]
      ],
      "homography": [
        [
          21.54070322753131,
          -1.59503443706748,
          201.2892499243147
        ],
        [
          -1.8920716665557535,
          23.001026258764057,
          292.56959710354175
        ],
        [
          -0.007290179496147462,
          -0.008091681729491818,
          1.0
        ]
      ]
    },
    {
      "tag_id": 29,
      "tag_family": "tag36h11",
      "hamming": 0,
      "decision_margin": 28.065378189086914,
      "center": [
        391.6653202023051,
        342.88027351482225
      ],
      "corners": [
        [
          385.0223388671875,
          350.2842102050781
        ],
        [
          399.3912048339843,
          350.8259582519531
        ],
        [
          398.1492614746093,
          335.6535949707031
        ],
        [
          384.0390014648438,
          335.03698730468756
        ]
      ],
      "homography": [
        [
          8.221699104018853,
          -3.0860447797366524,
          391.6653202023051
        ],
        [
          1.2551877995306309,
          4.415233940600729,
          342.88027351482225
        ],
        [
          0.0028150584193156686,
          -0.00930050495906539,
          1.0
        ]
      ]
    },
    {
      "tag_id": 30,
      "tag_family": "tag36h11",
      "hamming": 0,
      "decision_margin": 45.31589126586914,
      "center": [
        430.07046146338394,
        344.81293659244255
      ],
      "corners": [
        [
          423.43856811523426,
          352.3135375976563
        ],
        [
          438.2742309570313,
          352.9576416015625
        ],
        [
          436.64233398437506,
          337.3802185058594
        ],
        [
          421.98474121093744,
          336.7854309082032
        ]
      ],
      "homography": [
        [
          6.792173904861613,
          -1.7645591716644153,
          430.07046146338394
        ],
        [
          -0.15612044993832866,
          5.742956402595382,
          344.81293659244255
        ],
        [
          -0.001350611043615082,
          -0.005896346537063484,
          1.0
        ]
      ]
    }
  ]
}
