{
  "image_file": "0afe914cf07c_3536_REEFSCAPE_ROBOT_REVEAL_frame_000960.png",
  "image_sha256": "0afe914cf07c34181e82a35055c2a4e4e2df62ad5c96b7c339ab9baa78872d93",
  "image_width": 1920,
  "image_height": 1080,
  "detector_config": {
    "library": "pupil-apriltags",
    "library_version": "1.0.4.post11",
    "family": "tag36h11",
    "nthreads": 4,
    "quad_decimate": 1.0,
    "quad_sigma": 0.0,
    "refine_edges": true,
    "decode_sharpening": 0.25
  },
  "detected_at": "2026-04-01T02:34:03.893754+00:00",
  "num_detections": 2,
  "detections": [
    {
      "tag_id": 13,
      "tag_family": "tag36h11",
      "hamming": 0,
      "decision_margin": 75.11568450927734,
      "center": [
        1088.5196580397014,
        356.27618122426406
      ],
      "corners": [
        [
          1079.5852050781252,
          371.05920410156244
        ],
        [
          1097.607177734375,
          368.90335083007824
        ],
        [
          1097.8919677734373,
          340.7686767578125
        ],
        [
          1079.418701171875,
          343.63034057617176
        ]
      ],
      "homography": [
        [
          -3.494202240679444,
          13.392605554455258,
          1088.5196580397014
        ],
        [
          -5.379111191273583,
          18.278816992448185,
          356.27618122426406
        ],
        [
          -0.011589493438916437,
          0.012328267415209232,
          1.0
        ]
      ]
    },
    {
      "tag_id": 21,
      "tag_family": "tag36h11",
      "hamming": 0,
      "decision_margin": 58.1298828125,
      "center": [
        102.59971697448962,
        574.9029312317975
      ],
      "corners": [
        [
          78.51773834228517,
          601.0465087890626
        ],
        [
          126.87225341796874,
          601.1049804687499
        ],
        [
          126.80826568603514,
          548.6219482421875
        ],
        [
          77.98034667968749,
          548.3264770507814
        ]
      ],
      "homography": [
        [
          24.524368508861045,
          0.6481858560817274,
          102.59971697448962
        ],
        [
          1.3736471809702344,
          29.092575194931896,
          574.9029312317975
        ],
        [
          0.0022364391533978025,
          0.004857451726735135,
          1.0
        ]
      ]
    }
  ]
}
