{
  "image_file": "0b2822c90c4a_PC000001_MOV-0046_jpg_rf_c63baf6d7c943120802fd1a163104376.png",
  "image_sha256": "0b2822c90c4a8077edfd0c526e131b63edb57d86ef1b68ce48d10de790610a7b",
  "image_width": 640,
  "image_height": 360,
  "detector_config": {
    "library": "pupil-apriltags",
    "library_version": "1.0.4.post11",
    "family": "tag36h11",
    "nthreads": 4,
    "quad_decimate": 1.0,
    "quad_sigma": 0.0,
    "refine_edges": true,
    "decode_sharpening": 0.25
  },
  "detected_at": "2026-03-24T14:12:24.147414+00:00",
  "num_detections": 2,
  "detections": [
    {
      "tag_id": 13,
      "tag_family": "tag36h11",
      "hamming": 0,
      "decision_margin": 92.2729263305664,
      "center": [
        326.38672367222057,
        128.83850286719453
      ],
      "corners": [
        [
          313.8668518066406,
          141.48085021972656
        ],
        [
          338.6445617675781,
          143.0973968505859
        ],
        [
          339.81579589843744,
          115.27806091308591
        ],
        [
          313.99871826171875,
          114.42819213867186
        ]
      ],
      "homography": [
        [
          7.784491635475944,
          6.261901734243566,
          326.38672367222057
        ],
        [
          -1.2924478274514988,
          16.307112411583375,
          128.83850286719453
        ],
        [
          -0.014878268293734983,
          0.02015978016868279,
          1.0
        ]
      ]
    },
    {
      "tag_id": 14,
      "tag_family": "tag36h11",
      "hamming": 0,
      "decision_margin": 90.78402709960938,
      "center": [
        397.432015373448,
        132.7009725418914
      ],
      "corners": [
        [
          382.51208496093756,
          146.0315856933594
        ],
        [
          410.8268127441406,
          148.05047607421878
        ],
        [
          413.0944519042969,
          118.70694732666017
        ],
        [
          384.04916381835943,
          117.3651580810547
        ]
      ],
      "homography": [
        [
          9.422240981368873,
          3.789281847042845,
          397.432015373448
        ],
        [
          -0.7963211845957139,
          16.07977770539594,
          132.7009725418914
        ],
        [
          -0.012362503915869657,
          0.011916392472809931,
          1.0
        ]
      ]
    }
  ]
}
