{
  "image_file": "0b3fdfe7c74e_2026_Robot_Reveal_-_ICRobotics_presents_THUD_frame_000350.png",
  "image_sha256": "0b3fdfe7c74eea8910a44c867c146c300a271626d8c90dc62e392772d7b5b6f0",
  "image_width": 1920,
  "image_height": 1080,
  "detector_config": {
    "library": "pupil-apriltags",
    "library_version": "1.0.4.post11",
    "family": "tag36h11",
    "nthreads": 4,
    "quad_decimate": 1.0,
    "quad_sigma": 0.0,
    "refine_edges": true,
    "decode_sharpening": 0.25
  },
  "detected_at": "2026-04-01T04:21:09.445393+00:00",
  "num_detections": 4,
  "detections": [
    {
      "tag_id": 21,
      "tag_family": "tag36h11",
      "hamming": 0,
      "decision_margin": 30.25469970703125,
      "center": [
        620.9007880111,
        356.3859802796243
      ],
      "corners": [
        [
          612.1644897460939,
          374.7774963378906
        ],
        [
          631.8700561523438,
          376.0662841796875
        ],
        [
          629.9378662109374,
          337.3612670898438
        ],
        [
          610.207763671875,
          337.20129394531256
        ]
      ],
      "homography": [
        [
          0.6440400825094909,
          2.2674388450245715,
          620.9007880111
        ],
        [
          -4.924650167411815,
          19.80924833842812,
          356.3859802796243
        ],
        [
          -0.01483767474167494,
          0.002085386300003652,
          1.0
        ]
      ]
    },
    {
      "tag_id": 24,
      "tag_family": "tag36h11",
      "hamming": 0,
      "decision_margin": 31.277265548706055,
      "center": [
        663.5378153830884,
        358.68026677001444
      ],
      "corners": [
        [
          653.8303833007812,
          378.4623107910156
        ],
        [
          675.4609985351564,
          379.3014831542968
        ],
        [
          673.2133789062501,
          338.96316528320307
        ],
        [
          651.9221191406251,
          338.59085083007824
        ]
      ],
      "homography": [
        [
          6.941052953195595,
          -3.8413745872661584,
          663.5378153830884
        ],
        [
          -1.7466851246892952,
          17.413109952894615,
          358.68026677001444
        ],
        [
          -0.0057093935556233625,
          -0.007353543912674061,
          1.0
        ]
      ]
    },
    {
      "tag_id": 25,
      "tag_family": "tag36h11",
      "hamming": 0,
      "decision_margin": 81.90015411376953,
      "center": [
        746.307117207386,
        360.5636948512533
      ],
      "corners": [
        [
          730.5706787109375,
          380.781982421875
        ],
        [
          762.9275512695312,
          379.8653564453125
        ],
        [
          761.8742065429688,
          340.56298828124994
        ],
        [
          729.1093139648438,
          340.59152221679676
        ]
      ],
      "homography": [
        [
          24.667218759504635,
          4.97846114884351,
          746.307117207386
        ],
        [
          3.814351268496691,
          21.97264389088258,
          360.5636948512533
        ],
        [
          0.011241311569686375,
          0.005831405000227145,
          1.0
        ]
      ]
    },
    {
      "tag_id": 26,
      "tag_family": "tag36h11",
      "hamming": 0,
      "decision_margin": 85.8228988647461,
      "center": [
        809.6367304069362,
        359.0518504108436
      ],
      "corners": [
        [
          795.2416381835936,
          378.5147399902344
        ],
        [
          824.0929565429689,
          377.3612060546875
        ],
        [
          823.4096679687502,
          340.4301452636719
        ],
        [
          794.7152709960938,
          340.15325927734375
        ]
      ],
      "homography": [
        [
          29.733298189250945,
          -2.2265046656542573,
          809.6367304069362
        ],
        [
          6.591409193369939,
          17.693944437070456,
          359.0518504108436
        ],
        [
          0.018961771488561093,
          -0.0031254907826676844,
          1.0
        ]
      ]
    }
  ]
}
