{
  "image_file": "0b5a987c2ea6_PC000001_MOV-0383_jpg_rf_065dddddb8a1b02a3cc3e36225cd88e0.png",
  "image_sha256": "0b5a987c2ea651fe0fcff6cf34d557b3d1948183b4901f94d4608daa15e0d06f",
  "image_width": 640,
  "image_height": 360,
  "detector_config": {
    "library": "pupil-apriltags",
    "library_version": "1.0.4.post11",
    "family": "tag36h11",
    "nthreads": 4,
    "quad_decimate": 1.0,
    "quad_sigma": 0.0,
    "refine_edges": true,
    "decode_sharpening": 0.25
  },
  "detected_at": "2026-03-24T14:12:48.261662+00:00",
  "num_detections": 2,
  "detections": [
    {
      "tag_id": 21,
      "tag_family": "tag36h11",
      "hamming": 0,
      "decision_margin": 99.42247009277344,
      "center": [
        443.6152857999738,
        190.69506108196643
      ],
      "corners": [
        [
          404.2056274414063,
          232.34669494628906
        ],
        [
          477.22528076171875,
          230.8008117675781
        ],
        [
          482.0769958496093,
          150.04530334472653
        ],
        [
          408.205810546875,
          148.44204711914062
        ]
      ],
      "homography": [
        [
          45.19120136912039,
          0.8610433606009507,
          443.6152857999738
        ],
        [
          3.6499937977302412,
          42.47321124838868,
          190.69506108196643
        ],
        [
          0.01912266311109418,
          0.00694940446277109,
          1.0
        ]
      ]
    },
    {
      "tag_id": 24,
      "tag_family": "tag36h11",
      "hamming": 0,
      "decision_margin": 100.3805160522461,
      "center": [
        590.7386969904508,
        189.3451176144586
      ],
      "corners": [
        [
          557.221923828125,
          228.13174438476562
        ],
        [
          618.0258178710939,
          226.23730468750003
        ],
        [
          622.9890747070314,
          152.0240020751953
        ],
        [
          562.1355590820314,
          150.67367553710938
        ]
      ],
      "homography": [
        [
          43.04296463031028,
          -1.2035314586571477,
          590.7386969904508
        ],
        [
          3.912745803636421,
          38.30652601973108,
          189.3451176144586
        ],
        [
          0.02140109579046981,
          0.0021453514132057693,
          1.0
        ]
      ]
    }
  ]
}
