{
  "image_file": "0ce49955bb9d_2024_FIRST_Robotics_Competition_CRESCENDO_presented_by_Haas_.png",
  "image_sha256": "0ce49955bb9d5b10b34ca405e18e99826ee23708d6ebf8b5ffaf313e5e586eb8",
  "image_width": 1920,
  "image_height": 1080,
  "detector_config": {
    "library": "pupil-apriltags",
    "library_version": "1.0.4.post11",
    "family": "tag36h11",
    "nthreads": 4,
    "quad_decimate": 1.0,
    "quad_sigma": 0.0,
    "refine_edges": true,
    "decode_sharpening": 0.25
  },
  "detected_at": "2026-04-01T00:01:58.127491+00:00",
  "num_detections": 4,
  "detections": [
    {
      "tag_id": 1,
      "tag_family": "tag36h11",
      "hamming": 0,
      "decision_margin": 36.85737991333008,
      "center": [
        836.9448000149273,
        135.07290379172056
      ],
      "corners": [
        [
          830.8013305664062,
          140.91369628906253
        ],
        [
          843.3826904296874,
          142.63655090332028
        ],
        [
          843.3265991210939,
          129.0055236816406
        ],
        [
          830.4814453125,
          127.47933959960938
        ]
      ],
      "homography": [
        [
          -0.781197538954076,
          8.883744290950176,
          836.9448000149273
        ],
        [
          -0.33845215477083557,
          8.18363319050377,
          135.07290379172056
        ],
        [
          -0.00852706135797384,
          0.010500846634960965,
          1.0
        ]
      ]
    },
    {
      "tag_id": 3,
      "tag_family": "tag36h11",
      "hamming": 0,
      "decision_margin": 35.09467315673828,
      "center": [
        386.8238864952618,
        163.1517439746513
      ],
      "corners": [
        [
          380.457794189453,
          171.60720825195312
        ],
        [
          394.1336364746094,
          168.94255065917963
        ],
        [
          393.0650939941407,
          154.86215209960932
        ],
        [
          379.1435241699219,
          157.06733703613284
        ]
      ],
      "homography": [
        [
          13.594519816125057,
          3.4597063005125523,
          386.8238864952618
        ],
        [
          1.6060704059391628,
          8.36163594185183,
          163.1517439746513
        ],
        [
          0.01731477043517054,
          0.007409016715936408,
          1.0
        ]
      ]
    },
    {
      "tag_id": 4,
      "tag_family": "tag36h11",
      "hamming": 0,
      "decision_margin": 28.484298706054688,
      "center": [
        735.9459122662187,
        124.63277794355618
      ],
      "corners": [
        [
          730.0310058593751,
          130.76797485351562
        ],
        [
          742.079833984375,
          131.8051300048828
        ],
        [
          741.7371215820311,
          118.62588500976564
        ],
        [
          729.4406127929688,
          117.02617645263672
        ]
      ],
      "homography": [
        [
          20.78373992899128,
          7.154685300245776,
          735.9459122662187
        ],
        [
          3.145894720903839,
          7.899282457552232,
          124.63277794355618
        ],
        [
          0.01997491972313649,
          0.009408042206994415,
          1.0
        ]
      ]
    },
    {
      "tag_id": 4,
      "tag_family": "tag36h11",
      "hamming": 1,
      "decision_margin": 22.824316024780273,
      "center": [
        336.3190924976328,
        170.97108960369178
      ],
      "corners": [
        [
          329.73263549804693,
          179.6982879638672
        ],
        [
          343.7860107421875,
          177.10052490234378
        ],
        [
          342.22180175781244,
          163.14987182617193
        ],
        [
          328.40039062499994,
          164.47079467773438
        ]
      ],
      "homography": [
        [
          21.100137523908188,
          -3.538280626726359,
          336.3190924976328
        ],
        [
          6.220305197491768,
          5.109513125407092,
          170.97108960369178
        ],
        [
          0.042055643349214335,
          -0.012691625218187057,
          1.0
        ]
      ]
    }
  ],
  "ingest_metadata": {
    "original_name": "2024_FIRST_Robotics_Competition_CRESCENDO_presented_by_Haas_.png",
    "source": "unknown",
    "dhash": "8050d0b2e3cde5e4",
    "ingested_at": "2026-04-01T00:01:58.115297+00:00"
  }
}
