{
  "image_file": "0d30d42934c5_Poi_Pounder_XXV_-_Team_359_2024_Robot_Reveal_frame_001298.png",
  "image_sha256": "0d30d42934c5ea2aaf2161aca81ea58a646356bf063ce6eeaeda2e453fd317cb",
  "image_width": 1920,
  "image_height": 1080,
  "detector_config": {
    "library": "pupil-apriltags",
    "library_version": "1.0.4.post11",
    "family": "tag36h11",
    "nthreads": 4,
    "quad_decimate": 1.0,
    "quad_sigma": 0.0,
    "refine_edges": true,
    "decode_sharpening": 0.25
  },
  "detected_at": "2026-04-01T00:27:26.016928+00:00",
  "num_detections": 3,
  "detections": [
    {
      "tag_id": 7,
      "tag_family": "tag36h11",
      "hamming": 0,
      "decision_margin": 48.95833206176758,
      "center": [
        1369.5204754713254,
        445.7536643699418
      ],
      "corners": [
        [
          1358.7224121093745,
          457.26608276367193
        ],
        [
          1379.9239501953127,
          457.60205078125
        ],
        [
          1380.353149414063,
          434.20434570312494
        ],
        [
          1359.2509765624998,
          434.05786132812506
        ]
      ],
      "homography": [
        [
          5.042294685513298,
          -3.5817248078271855,
          1369.5204754713254
        ],
        [
          -1.6806397284959202,
          10.563434016390488,
          445.7536643699418
        ],
        [
          -0.0040403938737236505,
          -0.0024403291002020933,
          1.0
        ]
      ]
    },
    {
      "tag_id": 8,
      "tag_family": "tag36h11",
      "hamming": 0,
      "decision_margin": 42.71870803833008,
      "center": [
        1298.2580333394296,
        445.23143225302664
      ],
      "corners": [
        [
          1287.9454345703125,
          456.44561767578125
        ],
        [
          1307.8190917968748,
          456.5373840332031
        ],
        [
          1308.5568847656248,
          434.0321960449219
        ],
        [
          1288.9027099609375,
          434.1687622070312
        ]
      ],
      "homography": [
        [
          3.2544051155216502,
          -7.917222367539807,
          1298.2580333394296
        ],
        [
          -2.2845541315785463,
          8.625193011872398,
          445.23143225302664
        ],
        [
          -0.005104525475487254,
          -0.005771501490842268,
          1.0
        ]
      ]
    },
    {
      "tag_id": 14,
      "tag_family": "tag36h11",
      "hamming": 0,
      "decision_margin": 67.09579467773438,
      "center": [
        584.300164183844,
        448.5324131010611
      ],
      "corners": [
        [
          574.7044067382812,
          464.6205749511719
        ],
        [
          593.0588378906251,
          465.3742370605469
        ],
        [
          593.8256835937499,
          432.56201171874994
        ],
        [
          575.7255249023436,
          432.04446411132807
        ]
      ],
      "homography": [
        [
          7.0843777047440435,
          -4.622436911203066,
          584.300164183844
        ],
        [
          -1.2403536880560198,
          13.141121063854996,
          448.5324131010611
        ],
        [
          -0.0034720455141748576,
          -0.007145337637277887,
          1.0
        ]
      ]
    }
  ]
}
