{
  "image_file": "0d3d860adbd2_Qualification_22_-__stanbul_Regional_frame_004165.png",
  "image_sha256": "0d3d860adbd2386b782fe0378d797a5b8ed11b97b7595fce6da390079c95abd0",
  "image_width": 1920,
  "image_height": 1080,
  "detector_config": {
    "library": "pupil-apriltags",
    "library_version": "1.0.4.post11",
    "family": "tag36h11",
    "nthreads": 4,
    "quad_decimate": 1.0,
    "quad_sigma": 0.0,
    "refine_edges": true,
    "decode_sharpening": 0.25
  },
  "detected_at": "2026-04-01T04:02:29.009515+00:00",
  "num_detections": 7,
  "detections": [
    {
      "tag_id": 1,
      "tag_family": "tag36h11",
      "hamming": 0,
      "decision_margin": 34.55878448486328,
      "center": [
        278.7628266565352,
        1008.6939958249657
      ],
      "corners": [
        [
          272.98446655273426,
          1015.0764160156249
        ],
        [
          285.3843078613281,
          1013.4210815429688
        ],
        [
          284.85305786132824,
          1001.9671020507811
        ],
        [
          271.9703674316406,
          1003.8448486328124
        ]
      ],
      "homography": [
        [
          4.432108834986763,
          5.826964483918403,
          278.7628266565352
        ],
        [
          -7.70557295507854,
          25.350021096130718,
          1008.6939958249657
        ],
        [
          -0.006765358667567824,
          0.019511652047790352,
          1.0
        ]
      ]
    },
    {
      "tag_id": 3,
      "tag_family": "tag36h11",
      "hamming": 2,
      "decision_margin": 21.533863067626953,
      "center": [
        511.06714912745025,
        977.3246292634204
      ],
      "corners": [
        [
          504.85998535156244,
          984.072509765625
        ],
        [
          516.8220825195312,
          981.8382568359376
        ],
        [
          516.8460693359376,
          971.0422973632815
        ],
        [
          504.91000366210943,
          972.4955444335936
        ]
      ],
      "homography": [
        [
          23.72523224201956,
          -0.5197695338800343,
          511.06714912745025
        ],
        [
          33.038454683641476,
          4.627001852948415,
          977.3246292634204
        ],
        [
          0.03474672918181034,
          -0.0009816678458349326,
          1.0
        ]
      ]
    },
    {
      "tag_id": 4,
      "tag_family": "tag36h11",
      "hamming": 2,
      "decision_margin": 29.59310531616211,
      "center": [
        535.9890164822597,
        973.680274917577
      ],
      "corners": [
        [
          529.8904418945311,
          980.1770019531249
        ],
        [
          541.3724365234375,
          978.0117797851562
        ],
        [
          541.9514160156251,
          967.3286132812499
        ],
        [
          529.7038574218751,
          968.6232299804685
        ]
      ],
      "homography": [
        [
          29.65080249871448,
          17.56947237175962,
          535.9890164822597
        ],
        [
          42.2407660560849,
          37.670753773046506,
          973.680274917577
        ],
        [
          0.044284899996751274,
          0.032994348089764564,
          1.0
        ]
      ]
    },
    {
      "tag_id": 11,
      "tag_family": "tag36h11",
      "hamming": 0,
      "decision_margin": 61.434814453125,
      "center": [
        563.380796780786,
        439.7475839916757
      ],
      "corners": [
        [
          555.9901123046876,
          447.25677490234375
        ],
        [
          571.8814086914064,
          447.6501159667969
        ],
        [
          571.1322631835936,
          431.871826171875
        ],
        [
          555.0783081054686,
          432.0292358398438
        ]
      ],
      "homography": [
        [
          -2.0494452471144773,
          3.8070757466508662,
          563.380796780786
        ],
        [
          -7.770666828931156,
          10.395012864172427,
          439.7475839916757
        ],
        [
          -0.01780860322464224,
          0.006017729612378103,
          1.0
        ]
      ]
    },
    {
      "tag_id": 14,
      "tag_family": "tag36h11",
      "hamming": 2,
      "decision_margin": 29.996007919311523,
      "center": [
        250.77248319231407,
        893.9525385706798
      ],
      "corners": [
        [
          245.89050292968753,
          899.5441894531251
        ],
        [
          256.7219543457031,
          898.2094726562499
        ],
        [
          255.69729614257812,
          888.3118286132812
        ],
        [
          245.26933288574216,
          890.0149536132814
        ]
      ],
      "homography": [
        [
          -0.12362060143550431,
          -3.931636023938495,
          250.77248319231407
        ],
        [
          -20.133897192696054,
          -10.613347796076143,
          893.9525385706798
        ],
        [
          -0.021669359537674626,
          -0.017301704718445256,
          1.0
        ]
      ]
    },
    {
      "tag_id": 17,
      "tag_family": "tag36h11",
      "hamming": 0,
      "decision_margin": 27.986562728881836,
      "center": [
        1248.3276482101376,
        997.5543582736622
      ],
      "corners": [
        [
          1242.569580078125,
          1003.9985961914061
        ],
        [
          1254.5819091796877,
          1002.004333496094
        ],
        [
          1253.995361328125,
          991.2112426757812
        ],
        [
          1242.0344238281248,
          993.0766601562498
        ]
      ],
      "homography": [
        [
          12.867193098196594,
          -2.717108302125551,
          1248.3276482101376
        ],
        [
          4.52842658284419,
          3.0330492344461395,
          997.5543582736622
        ],
        [
          0.005506635487438844,
          -0.002401358902454187,
          1.0
        ]
      ]
    },
    {
      "tag_id": 24,
      "tag_family": "tag36h11",
      "hamming": 0,
      "decision_margin": 64.0735855102539,
      "center": [
        1347.4404765609931,
        445.1713274868567
      ],
      "corners": [
        [
          1338.90478515625,
          452.5780944824219
        ],
        [
          1354.55517578125,
          452.75469970703114
        ],
        [
          1356.0589599609373,
          437.6927185058593
        ],
        [
          1339.9064941406248,
          437.1410522460938
        ]
      ],
      "homography": [
        [
          23.979624277414356,
          21.905951582957872,
          1347.4404765609931
        ],
        [
          5.475659151065086,
          15.066724945793908,
          445.1713274868567
        ],
        [
          0.011898121351856741,
          0.016724468065923023,
          1.0
        ]
      ]
    }
  ],
  "ingest_metadata": {
    "original_name": "Qualification_22_-__stanbul_Regional_frame_004165.png",
    "source": "unknown",
    "dhash": "5575cc9630cc8e15",
    "ingested_at": "2026-04-01T04:02:29.005300+00:00"
  }
}
