{
  "image_file": "0d5a05181e30_3015_Ranger_Robotics_2024_Reveal__Cobra_frame_004080.png",
  "image_sha256": "0d5a05181e303674fa8e69fc47c1264f10b35b1c43cf91d8afbee41f34123c93",
  "image_width": 1920,
  "image_height": 1080,
  "detector_config": {
    "library": "pupil-apriltags",
    "library_version": "1.0.4.post11",
    "family": "tag36h11",
    "nthreads": 4,
    "quad_decimate": 1.0,
    "quad_sigma": 0.0,
    "refine_edges": true,
    "decode_sharpening": 0.25
  },
  "detected_at": "2026-04-01T00:33:40.116282+00:00",
  "num_detections": 3,
  "detections": [
    {
      "tag_id": 3,
      "tag_family": "tag36h11",
      "hamming": 0,
      "decision_margin": 54.903263092041016,
      "center": [
        1137.3024188322547,
        413.62808900952183
      ],
      "corners": [
        [
          1122.8051757812502,
          428.1192626953125
        ],
        [
          1151.927734375,
          427.57391357421875
        ],
        [
          1151.8170166015625,
          399.11956787109375
        ],
        [
          1122.5970458984377,
          399.6059265136719
        ]
      ],
      "homography": [
        [
          15.797530634824398,
          1.971943259025695,
          1137.3024188322547
        ],
        [
          0.18280241229160582,
          14.930074608007772,
          413.62808900952183
        ],
        [
          0.0010656405144134039,
          0.0016638348313735816,
          1.0
        ]
      ]
    },
    {
      "tag_id": 4,
      "tag_family": "tag36h11",
      "hamming": 0,
      "decision_margin": 51.15351867675781,
      "center": [
        1037.8918764673645,
        415.65034562261263
      ],
      "corners": [
        [
          1023.4730224609374,
          430.0255432128906
        ],
        [
          1052.1220703125,
          429.66326904296864
        ],
        [
          1052.1689453125,
          401.41650390625
        ],
        [
          1023.5678100585934,
          401.54498291015625
        ]
      ],
      "homography": [
        [
          18.582422808319052,
          -0.8933617006691725,
          1037.8918764673645
        ],
        [
          1.5874928347979544,
          13.837955098760403,
          415.65034562261263
        ],
        [
          0.0041142333021760855,
          -0.0008267181362914931,
          1.0
        ]
      ]
    },
    {
      "tag_id": 5,
      "tag_family": "tag36h11",
      "hamming": 0,
      "decision_margin": 43.51424026489258,
      "center": [
        367.80540017869714,
        364.8901893258081
      ],
      "corners": [
        [
          353.79925537109375,
          381.182373046875
        ],
        [
          378.43627929687506,
          389.31195068359364
        ],
        [
          381.30786132812494,
          349.18389892578125
        ],
        [
          356.68582153320307,
          339.34576416015636
        ]
      ],
      "homography": [
        [
          19.808993375288992,
          -0.675229728373947,
          367.80540017869714
        ],
        [
          11.928143065193238,
          21.24086252739562,
          364.8901893258081
        ],
        [
          0.02038925513641167,
          0.0020792157631946842,
          1.0
        ]
      ]
    }
  ],
  "ingest_metadata": {
    "original_name": "3015_Ranger_Robotics_2024_Reveal__Cobra_frame_004080.png",
    "source": "unknown",
    "dhash": "03233333b3a3664a",
    "ingested_at": "2026-04-01T00:33:40.105302+00:00"
  }
}
