{
  "image_file": "0d987d61b8eb_2024_Team_316_LUNATECS_Reveal_frame_001860.png",
  "image_sha256": "0d987d61b8ebb299d8609879fe6e3f4ba3327649857f379f759b46d6157b121f",
  "image_width": 1920,
  "image_height": 1080,
  "detector_config": {
    "library": "pupil-apriltags",
    "library_version": "1.0.4.post11",
    "family": "tag36h11",
    "nthreads": 4,
    "quad_decimate": 1.0,
    "quad_sigma": 0.0,
    "refine_edges": true,
    "decode_sharpening": 0.25
  },
  "detected_at": "2026-04-01T00:26:32.897707+00:00",
  "num_detections": 2,
  "detections": [
    {
      "tag_id": 3,
      "tag_family": "tag36h11",
      "hamming": 0,
      "decision_margin": 98.52278137207031,
      "center": [
        911.3772745189831,
        413.32190634912433
      ],
      "corners": [
        [
          887.8656616210938,
          442.6661071777344
        ],
        [
          935.8551635742188,
          442.2788696289062
        ],
        [
          934.7498168945312,
          384.1512756347656
        ],
        [
          886.93701171875,
          384.4094543457032
        ]
      ],
      "homography": [
        [
          24.951655781216914,
          -1.1935961490987634,
          911.3772745189831
        ],
        [
          0.29281899160821123,
          28.323957733700695,
          413.32190634912433
        ],
        [
          0.0010985454564036913,
          -0.0018677130061859697,
          1.0
        ]
      ]
    },
    {
      "tag_id": 4,
      "tag_family": "tag36h11",
      "hamming": 0,
      "decision_margin": 98.97359466552734,
      "center": [
        739.3112223778285,
        414.4912756762661
      ],
      "corners": [
        [
          714.2727661132812,
          444.7419128417969
        ],
        [
          765.443359375,
          444.17013549804693
        ],
        [
          764.2606201171875,
          384.3482360839843
        ],
        [
          712.9942626953126,
          384.6025085449218
        ]
      ],
      "homography": [
        [
          27.570225310169235,
          1.2592183350601578,
          739.3112223778285
        ],
        [
          0.8928823508732043,
          30.351165860974618,
          414.4912756762661
        ],
        [
          0.0026527260353252204,
          0.0008711227446293307,
          1.0
        ]
      ]
    }
  ]
}
