{
  "image_file": "0dced059d88b_Half_Hollow_Hills_Invitational_Qualification_Match_5_2025_fr.png",
  "image_sha256": "0dced059d88b7588650c324fae07864639336d5ba47931378d2b1e07f11f6795",
  "image_width": 1920,
  "image_height": 1080,
  "detector_config": {
    "library": "pupil-apriltags",
    "library_version": "1.0.4.post11",
    "family": "tag36h11",
    "nthreads": 4,
    "quad_decimate": 1.0,
    "quad_sigma": 0.0,
    "refine_edges": true,
    "decode_sharpening": 0.25
  },
  "detected_at": "2026-04-01T16:02:37.651476+00:00",
  "num_detections": 2,
  "detections": [
    {
      "tag_id": 3,
      "tag_family": "tag36h11",
      "hamming": 0,
      "decision_margin": 49.021034240722656,
      "center": [
        1540.9407943600038,
        459.0180046274823
      ],
      "corners": [
        [
          1530.3101806640625,
          473.77093505859375
        ],
        [
          1553.3505859375002,
          471.2877197265625
        ],
        [
          1552.3853759765625,
          443.13546752929693
        ],
        [
          1528.0363769531248,
          446.25924682617193
        ]
      ],
      "homography": [
        [
          -1.5171768007032878,
          44.27859115123306,
          1540.9407943600038
        ],
        [
          -5.371817658825027,
          26.85023761577895,
          459.0180046274823
        ],
        [
          -0.008666529229073842,
          0.02820598352085253,
          1.0
        ]
      ]
    },
    {
      "tag_id": 5,
      "tag_family": "tag36h11",
      "hamming": 0,
      "decision_margin": 34.70975875854492,
      "center": [
        354.9829265875032,
        351.70533979551624
      ],
      "corners": [
        [
          339.72927856445324,
          366.0857849121094
        ],
        [
          370.42602539062506,
          367.1046447753906
        ],
        [
          370.52752685546864,
          337.0505981445312
        ],
        [
          339.78811645507807,
          336.55361938476557
        ]
      ],
      "homography": [
        [
          12.242695031883443,
          0.19848266659687547,
          354.9829265875032
        ],
        [
          -2.7072857347785675,
          15.131585976254598,
          351.70533979551624
        ],
        [
          -0.008775503978416992,
          0.0006715347676253986,
          1.0
        ]
      ]
    }
  ],
  "ingest_metadata": {
    "original_name": "Half_Hollow_Hills_Invitational_Qualification_Match_5_2025_fr.png",
    "source": "unknown",
    "dhash": "b6a952cce9c7191d",
    "ingested_at": "2026-04-01T16:02:37.645297+00:00"
  }
}
