{
  "image_file": "0df7e039a22b_Robot_Reveal_of_Seahorse_from_Team_8575_The_Due_Westerners_f.png",
  "image_sha256": "0df7e039a22bf22ecdbebc89598ef78ff7feb075587b68c0ebfa397c50f2e9ac",
  "image_width": 1920,
  "image_height": 1080,
  "detector_config": {
    "library": "pupil-apriltags",
    "library_version": "1.0.4.post11",
    "family": "tag36h11",
    "nthreads": 4,
    "quad_decimate": 1.0,
    "quad_sigma": 0.0,
    "refine_edges": true,
    "decode_sharpening": 0.25
  },
  "detected_at": "2026-04-01T02:47:52.987484+00:00",
  "num_detections": 2,
  "detections": [
    {
      "tag_id": 13,
      "tag_family": "tag36h11",
      "hamming": 0,
      "decision_margin": 66.41857147216797,
      "center": [
        562.5088070530118,
        412.6014722778995
      ],
      "corners": [
        [
          545.2203369140625,
          431.81311035156244
        ],
        [
          581.4052124023438,
          430.42248535156256
        ],
        [
          579.7597656249999,
          393.43151855468744
        ],
        [
          542.9007568359375,
          394.10931396484364
        ]
      ],
      "homography": [
        [
          23.76131342135386,
          5.880706413324904,
          562.5088070530118
        ],
        [
          3.516737981452647,
          22.25940517145716,
          412.6014722778995
        ],
        [
          0.009784096975002118,
          0.008698046384095721,
          1.0
        ]
      ]
    },
    {
      "tag_id": 17,
      "tag_family": "tag36h11",
      "hamming": 0,
      "decision_margin": 90.17478942871094,
      "center": [
        1296.034519868306,
        992.6016166886518
      ],
      "corners": [
        [
          1263.7764892578123,
          1026.74951171875
        ],
        [
          1333.0167236328127,
          1039.1973876953127
        ],
        [
          1328.7331542968752,
          957.9873046875002
        ],
        [
          1260.0653076171873,
          947.2821655273434
        ]
      ],
      "homography": [
        [
          21.07896553185651,
          -2.6068154715167084,
          1296.034519868306
        ],
        [
          -4.4733678519651265,
          36.63901272858914,
          992.6016166886518
        ],
        [
          -0.010334440023765183,
          -0.0035513975475161596,
          1.0
        ]
      ]
    }
  ],
  "ingest_metadata": {
    "original_name": "Robot_Reveal_of_Seahorse_from_Team_8575_The_Due_Westerners_f.png",
    "source": "unknown",
    "dhash": "3cca8bcf2d3d49cf",
    "ingested_at": "2026-04-01T02:47:52.975298+00:00"
  }
}
