{
  "image_file": "0e872d28f34e_FRC_2026_Robot_Reveal__-_FRC_Team_3255_The_SuperNURDs_frame_.png",
  "image_sha256": "0e872d28f34ec821ee70263a61ea3ce7b075af1d62b090f5cf11dd0996b28f2f",
  "image_width": 1920,
  "image_height": 1080,
  "detector_config": {
    "library": "pupil-apriltags",
    "library_version": "1.0.4.post11",
    "family": "tag36h11",
    "nthreads": 4,
    "quad_decimate": 1.0,
    "quad_sigma": 0.0,
    "refine_edges": true,
    "decode_sharpening": 0.25
  },
  "detected_at": "2026-04-01T03:57:35.045125+00:00",
  "num_detections": 4,
  "detections": [
    {
      "tag_id": 2,
      "tag_family": "tag36h11",
      "hamming": 0,
      "decision_margin": 46.106544494628906,
      "center": [
        1125.4638924036453,
        631.427701256244
      ],
      "corners": [
        [
          1093.421875,
          671.6990356445312
        ],
        [
          1155.708740234375,
          666.5278930664062
        ],
        [
          1158.014892578125,
          590.5166625976562
        ],
        [
          1096.2835693359377,
          597.5629272460938
        ]
      ],
      "homography": [
        [
          16.483926227682105,
          -6.942099595210264,
          1125.4638924036453
        ],
        [
          -11.202003217567725,
          34.36221342251565,
          631.427701256244
        ],
        [
          -0.012896771650171158,
          -0.005016929680892004,
          1.0
        ]
      ]
    },
    {
      "tag_id": 3,
      "tag_family": "tag36h11",
      "hamming": 0,
      "decision_margin": 50.75999450683594,
      "center": [
        1438.3897104279192,
        622.2224129955754
      ],
      "corners": [
        [
          1420.2395019531252,
          658.034423828125
        ],
        [
          1458.0780029296873,
          666.786926269531
        ],
        [
          1455.1878662109373,
          589.078125
        ],
        [
          1418.7739257812505,
          577.8220214843752
        ]
      ],
      "homography": [
        [
          45.046836001721886,
          -28.048394432225443,
          1438.3897104279192
        ],
        [
          16.489948556105784,
          26.84448139470192,
          622.2224129955754
        ],
        [
          0.0184211800638298,
          -0.020265972267585062,
          1.0
        ]
      ]
    },
    {
      "tag_id": 4,
      "tag_family": "tag36h11",
      "hamming": 0,
      "decision_margin": 44.93460464477539,
      "center": [
        1513.3379658418835,
        643.5137929484548
      ],
      "corners": [
        [
          1499.164672851563,
          676.6119995117189
        ],
        [
          1530.7052001953123,
          684.4683227539062
        ],
        [
          1527.046264648437,
          611.50146484375
        ],
        [
          1495.519287109375,
          601.4946899414064
        ]
      ],
      "homography": [
        [
          38.09106660606858,
          -1.0844880364406844,
          1513.3379658418835
        ],
        [
          13.961199967956642,
          35.77523571586585,
          643.5137929484548
        ],
        [
          0.014753860444329765,
          -0.0019236014149013336,
          1.0
        ]
      ]
    },
    {
      "tag_id": 11,
      "tag_family": "tag36h11",
      "hamming": 0,
      "decision_margin": 49.24629592895508,
      "center": [
        997.1927899282994,
        643.387139659704
      ],
      "corners": [
        [
          967.3162231445311,
          681.4766845703125
        ],
        [
          1023.7109374999999,
          676.8474731445314
        ],
        [
          1027.0833740234375,
          605.2797241210938
        ],
        [
          971.6654052734377,
          611.1769409179688
        ]
      ],
      "homography": [
        [
          18.340005493962167,
          -11.309694649958372,
          997.1927899282994
        ],
        [
          -8.836911152493602,
          29.412461870022753,
          643.387139659704
        ],
        [
          -0.009635498172316001,
          -0.009400966139853932,
          1.0
        ]
      ]
    }
  ],
  "ingest_metadata": {
    "original_name": "FRC_2026_Robot_Reveal__-_FRC_Team_3255_The_SuperNURDs_frame_.png",
    "source": "unknown",
    "dhash": "d8d8defaf9dcadc8",
    "ingested_at": "2026-04-01T03:57:35.035298+00:00"
  }
}
