{
  "image_file": "0ebd68bb4848_FRC_ROBOT_POV_-_Southern_Cross_2024_frame_009401.png",
  "image_sha256": "0ebd68bb4848bc4384b3d475b8466612f332c3f23ed9248e1047c8777170211c",
  "image_width": 1920,
  "image_height": 1080,
  "detector_config": {
    "library": "pupil-apriltags",
    "library_version": "1.0.4.post11",
    "family": "tag36h11",
    "nthreads": 4,
    "quad_decimate": 1.0,
    "quad_sigma": 0.0,
    "refine_edges": true,
    "decode_sharpening": 0.25
  },
  "detected_at": "2026-04-01T16:14:16.944460+00:00",
  "num_detections": 4,
  "detections": [
    {
      "tag_id": 1,
      "tag_family": "tag36h11",
      "hamming": 0,
      "decision_margin": 61.40885925292969,
      "center": [
        1860.0169569826153,
        672.2821986302806
      ],
      "corners": [
        [
          1845.1865234375,
          697.8318481445311
        ],
        [
          1897.4959716796875,
          682.4161987304689
        ],
        [
          1874.7543945312498,
          646.8927612304689
        ],
        [
          1824.04150390625,
          662.5547485351562
        ]
      ],
      "homography": [
        [
          9.636229023891248,
          -10.997630777229004,
          1860.0169569826153
        ],
        [
          -13.594715965211664,
          9.760133392871579,
          672.2821986302806
        ],
        [
          -0.0086620653088441,
          -0.011807235828078943,
          1.0
        ]
      ]
    },
    {
      "tag_id": 2,
      "tag_family": "tag36h11",
      "hamming": 0,
      "decision_margin": 73.4813003540039,
      "center": [
        1506.3802541912496,
        766.7678463739217
      ],
      "corners": [
        [
          1492.6341552734382,
          786.4025268554688
        ],
        [
          1530.8645019531248,
          777.3966064453126
        ],
        [
          1520.1621093749993,
          747.0820922851564
        ],
        [
          1483.3138427734375,
          756.7545776367186
        ]
      ],
      "homography": [
        [
          -4.677412145564402,
          -16.48471736996862,
          1506.3802541912496
        ],
        [
          -16.603659493729538,
          4.052485125000997,
          766.7678463739217
        ],
        [
          -0.015558146587737557,
          -0.014259239091511763,
          1.0
        ]
      ]
    },
    {
      "tag_id": 3,
      "tag_family": "tag36h11",
      "hamming": 0,
      "decision_margin": 60.12033462524414,
      "center": [
        601.9776504093669,
        767.476329699465
      ],
      "corners": [
        [
          580.9868774414064,
          781.7348022460938
        ],
        [
          616.388916015625,
          784.1706542968749
        ],
        [
          622.8060913085938,
          753.328125
        ],
        [
          588.0064697265626,
          751.2918090820314
        ]
      ],
      "homography": [
        [
          14.049925553272148,
          -9.196097884526123,
          601.9776504093669
        ],
        [
          -3.3443128141591396,
          7.879654395932448,
          767.476329699465
        ],
        [
          -0.005811886890260985,
          -0.009693644908220923,
          1.0
        ]
      ]
    },
    {
      "tag_id": 4,
      "tag_family": "tag36h11",
      "hamming": 0,
      "decision_margin": 41.06153869628906,
      "center": [
        483.3305108554523,
        757.9431727481849
      ],
      "corners": [
        [
          460.9566345214845,
          771.6564331054688
        ],
        [
          496.00512695312494,
          774.3305053710939
        ],
        [
          504.7543640136717,
          744.8121948242186
        ],
        [
          471.0596618652344,
          742.0778808593748
        ]
      ],
      "homography": [
        [
          18.509418661305517,
          -13.863137761512517,
          483.3305108554523
        ],
        [
          3.4394405187659913,
          0.4145844561955987,
          757.9431727481849
        ],
        [
          0.002752579453064224,
          -0.01893857181809551,
          1.0
        ]
      ]
    }
  ],
  "ingest_metadata": {
    "original_name": "FRC_ROBOT_POV_-_Southern_Cross_2024_frame_009401.png",
    "source": "unknown",
    "dhash": "9999dbda50369690",
    "ingested_at": "2026-04-01T16:14:16.935300+00:00"
  }
}
