{
  "image_file": "0ec1f4a2a5fd_PC000001_MOV-0169_jpg_rf_b1fba8f2f56ad1e0b09c981713bb2ca7.png",
  "image_sha256": "0ec1f4a2a5fdeec9c6cebef080bd54109ea1e693d5b700a3e88819cf5f51f70a",
  "image_width": 640,
  "image_height": 360,
  "detector_config": {
    "library": "pupil-apriltags",
    "library_version": "1.0.4.post11",
    "family": "tag36h11",
    "nthreads": 4,
    "quad_decimate": 1.0,
    "quad_sigma": 0.0,
    "refine_edges": true,
    "decode_sharpening": 0.25
  },
  "detected_at": "2026-03-24T14:12:24.945975+00:00",
  "num_detections": 5,
  "detections": [
    {
      "tag_id": 2,
      "tag_family": "tag36h11",
      "hamming": 0,
      "decision_margin": 68.4728012084961,
      "center": [
        372.36113628561037,
        159.4078575164886
      ],
      "corners": [
        [
          366.95355224609375,
          167.7602996826172
        ],
        [
          377.6707458496093,
          168.3935546875
        ],
        [
          377.76358032226557,
          151.0633544921875
        ],
        [
          366.5540161132812,
          149.58020019531247
        ]
      ],
      "homography": [
        [
          13.896847837684502,
          8.3147830017017,
          372.36113628561037
        ],
        [
          4.124596890499928,
          12.397271602342101,
          159.4078575164886
        ],
        [
          0.022614404373467498,
          0.022138919682290027,
          1.0
        ]
      ]
    },
    {
      "tag_id": 9,
      "tag_family": "tag36h11",
      "hamming": 0,
      "decision_margin": 62.20514678955078,
      "center": [
        252.88930381938223,
        161.54722801858242
      ],
      "corners": [
        [
          247.2193908691407,
          170.08743286132815
        ],
        [
          258.89175415039057,
          169.71684265136713
        ],
        [
          259.14810180664057,
          152.12002563476562
        ],
        [
          246.8544616699219,
          153.33352661132818
        ]
      ],
      "homography": [
        [
          0.08227112786045074,
          6.616845393884262,
          252.88930381938223
        ],
        [
          -4.155300614351519,
          12.7816157189676,
          161.54722801858242
        ],
        [
          -0.023338037512299757,
          0.02602899301616512,
          1.0
        ]
      ]
    },
    {
      "tag_id": 10,
      "tag_family": "tag36h11",
      "hamming": 0,
      "decision_margin": 71.86563873291016,
      "center": [
        278.98771042330554,
        159.32462833624854
      ],
      "corners": [
        [
          272.7521057128907,
          168.87503051757815
        ],
        [
          285.2184753417969,
          167.7700500488281
        ],
        [
          285.23416137695307,
          149.7576141357422
        ],
        [
          272.96878051757807,
          151.16633605957037
        ]
      ],
      "homography": [
        [
          3.648527613288025,
          -2.350070007878912,
          278.98771042330554
        ],
        [
          -2.076492809934252,
          7.620652801019901,
          159.32462833624854
        ],
        [
          -0.009081015893209358,
          -0.008212069020632639,
          1.0
        ]
      ]
    },
    {
      "tag_id": 11,
      "tag_family": "tag36h11",
      "hamming": 0,
      "decision_margin": 69.20381164550781,
      "center": [
        348.018856804987,
        157.500188991073
      ],
      "corners": [
        [
          341.76269531250006,
          166.8548126220703
        ],
        [
          353.9982604980469,
          166.8888854980469
        ],
        [
          353.89093017578125,
          148.71987915039062
        ],
        [
          341.7301635742188,
          147.6258544921875
        ]
      ],
      "homography": [
        [
          15.991714729415207,
          -1.0877028417165187,
          348.018856804987
        ],
        [
          4.762800403560788,
          8.833312018436317,
          157.500188991073
        ],
        [
          0.02843990165690685,
          -0.0032290201625100245,
          1.0
        ]
      ]
    },
    {
      "tag_id": 20,
      "tag_family": "tag36h11",
      "hamming": 1,
      "decision_margin": 34.81635665893555,
      "center": [
        557.4227870023477,
        174.11439850938677
      ],
      "corners": [
        [
          552.4202270507814,
          179.1154632568359
        ],
        [
          562.0261840820312,
          178.93167114257818
        ],
        [
          561.354309082031,
          170.18405151367188
        ],
        [
          553.1501464843749,
          169.64324951171872
        ]
      ],
      "homography": [
        [
          27.444000311033967,
          -43.78394041228535,
          557.4227870023477
        ],
        [
          7.310632623467002,
          -9.161067700740942,
          174.11439850938677
        ],
        [
          0.0413091317324353,
          -0.07857312009116642,
          1.0
        ]
      ]
    }
  ],
  "ingest_metadata": {
    "original_name": "PC000001_MOV-0169_jpg_rf_b1fba8f2f56ad1e0b09c981713bb2ca7.png",
    "source": "unknown",
    "dhash": "250ee6b29b193c1e",
    "ingested_at": "2026-03-24T14:12:24.928809+00:00"
  }
}
