{
  "image_file": "0ec296bc2c5d_Team_6120_2026_Robot_Reveal__BJORN_frame_001080.png",
  "image_sha256": "0ec296bc2c5d729791dec008462e80e7819dc06e3e8d418ebbaede61f9e2454d",
  "image_width": 1920,
  "image_height": 1080,
  "detector_config": {
    "library": "pupil-apriltags",
    "library_version": "1.0.4.post11",
    "family": "tag36h11",
    "nthreads": 4,
    "quad_decimate": 1.0,
    "quad_sigma": 0.0,
    "refine_edges": true,
    "decode_sharpening": 0.25
  },
  "detected_at": "2026-04-01T04:28:49.372633+00:00",
  "num_detections": 6,
  "detections": [
    {
      "tag_id": 5,
      "tag_family": "tag36h11",
      "hamming": 0,
      "decision_margin": 51.4637451171875,
      "center": [
        410.13896764461884,
        591.6734062297948
      ],
      "corners": [
        [
          394.5299377441406,
          613.8088989257812
        ],
        [
          427.6437072753906,
          615.1956787109375
        ],
        [
          425.86468505859386,
          569.3724365234375
        ],
        [
          392.8901672363282,
          568.4950561523436
        ]
      ],
      "homography": [
        [
          14.247618235334073,
          0.10777897403318268,
          410.13896764461884
        ],
        [
          -2.7147678171212446,
          21.70648877729559,
          591.6734062297948
        ],
        [
          -0.005544154394141173,
          -0.001820252863175078,
          1.0
        ]
      ]
    },
    {
      "tag_id": 8,
      "tag_family": "tag36h11",
      "hamming": 0,
      "decision_margin": 59.57731246948242,
      "center": [
        484.86595823178175,
        594.0953548289151
      ],
      "corners": [
        [
          468.0606079101562,
          616.7722778320311
        ],
        [
          503.3919067382812,
          617.9237060546875
        ],
        [
          502.00161743164057,
          570.9727172851562
        ],
        [
          466.3550720214844,
          570.286376953125
        ]
      ],
      "homography": [
        [
          15.285740382019185,
          3.0354865800230773,
          484.86595823178175
        ],
        [
          -2.5511040326474617,
          26.1281554386037,
          594.0953548289151
        ],
        [
          -0.005069268062958132,
          0.004662583843929416,
          1.0
        ]
      ]
    },
    {
      "tag_id": 9,
      "tag_family": "tag36h11",
      "hamming": 0,
      "decision_margin": 76.11808776855469,
      "center": [
        588.1893322908343,
        589.9377643192888
      ],
      "corners": [
        [
          573.3562622070314,
          615.1174926757812
        ],
        [
          603.929931640625,
          610.8314819335939
        ],
        [
          602.5328979492186,
          565.5889892578126
        ],
        [
          572.1372680664061,
          568.630615234375
        ]
      ],
      "homography": [
        [
          23.054788609051002,
          -1.3976368442954452,
          588.1893322908343
        ],
        [
          6.009074725692014,
          20.868808087633624,
          589.9377643192888
        ],
        [
          0.013287013763324872,
          -0.0034902606881924256,
          1.0
        ]
      ]
    },
    {
      "tag_id": 10,
      "tag_family": "tag36h11",
      "hamming": 0,
      "decision_margin": 76.4193115234375,
      "center": [
        651.5400588394411,
        582.3290335657206
      ],
      "corners": [
        [
          638.2845458984375,
          605.9561767578126
        ],
        [
          665.5706176757812,
          602.1100463867188
        ],
        [
          664.4308471679689,
          559.3519897460939
        ],
        [
          637.0506591796875,
          561.9011230468751
        ]
      ],
      "homography": [
        [
          23.448858690720158,
          1.2896740122723742,
          651.5400588394411
        ],
        [
          7.146787425622276,
          22.321219487862322,
          582.3290335657206
        ],
        [
          0.015018894144430873,
          0.0010695171860533833,
          1.0
        ]
      ]
    },
    {
      "tag_id": 12,
      "tag_family": "tag36h11",
      "hamming": 0,
      "decision_margin": 41.14815139770508,
      "center": [
        940.9546076316495,
        572.1313495804733
      ],
      "corners": [
        [
          935.154602050781,
          586.9887084960938
        ],
        [
          947.1491088867186,
          584.1893920898435
        ],
        [
          946.9438476562502,
          556.7892456054686
        ],
        [
          934.2584838867188,
          559.0968627929689
        ]
      ],
      "homography": [
        [
          16.92052073354807,
          26.131099107310437,
          940.9546076316495
        ],
        [
          5.255831326733979,
          29.535208024204053,
          572.1313495804733
        ],
        [
          0.011431149142526813,
          0.027482595525523623,
          1.0
        ]
      ]
    },
    {
      "tag_id": 22,
      "tag_family": "tag36h11",
      "hamming": 0,
      "decision_margin": 42.372005462646484,
      "center": [
        133.30001743267997,
        562.2569723023869
      ],
      "corners": [
        [
          124.00993347167967,
          573.1276245117188
        ],
        [
          142.93054199218753,
          571.9028320312501
        ],
        [
          142.84999084472656,
          551.0822143554688
        ],
        [
          123.69834899902341,
          552.6400146484375
        ]
      ],
      "homography": [
        [
          8.497748800594962,
          0.9183217073572801,
          133.30001743267997
        ],
        [
          -4.99444863938527,
          13.782221092319901,
          562.2569723023869
        ],
        [
          -0.007647461151035456,
          0.006147053690416972,
          1.0
        ]
      ]
    }
  ]
}
