{
  "image_file": "0f09b7ae064d_Half_Hollow_Hills_Invitational_Qualification_Match_20_2025_f.png",
  "image_sha256": "0f09b7ae064de893dec7c556cbcf57cdf4f49d33d8b35a7ed936df72b854c9f5",
  "image_width": 1920,
  "image_height": 1080,
  "detector_config": {
    "library": "pupil-apriltags",
    "library_version": "1.0.4.post11",
    "family": "tag36h11",
    "nthreads": 4,
    "quad_decimate": 1.0,
    "quad_sigma": 0.0,
    "refine_edges": true,
    "decode_sharpening": 0.25
  },
  "detected_at": "2026-04-01T16:04:40.691915+00:00",
  "num_detections": 4,
  "detections": [
    {
      "tag_id": 12,
      "tag_family": "tag36h11",
      "hamming": 0,
      "decision_margin": 49.895606994628906,
      "center": [
        529.6611394364012,
        487.4729150289804
      ],
      "corners": [
        [
          522.9747924804688,
          496.9651794433594
        ],
        [
          536.1596069335939,
          497.62469482421875
        ],
        [
          536.0020141601562,
          478.4710998535157
        ],
        [
          522.9028930664061,
          476.9153137207031
        ]
      ],
      "homography": [
        [
          18.780156592686353,
          -1.7750929867762557,
          529.6611394364012
        ],
        [
          11.795063741485704,
          8.108181129877666,
          487.4729150289804
        ],
        [
          0.023057639822031795,
          -0.0034616165990089963,
          1.0
        ]
      ]
    },
    {
      "tag_id": 16,
      "tag_family": "tag36h11",
      "hamming": 0,
      "decision_margin": 73.97993469238281,
      "center": [
        148.19592651446462,
        428.69705314085553
      ],
      "corners": [
        [
          135.736572265625,
          452.2743530273438
        ],
        [
          159.4957122802734,
          457.78588867187494
        ],
        [
          159.90623474121097,
          406.5372009277344
        ],
        [
          136.47720336914065,
          398.52975463867193
        ]
      ],
      "homography": [
        [
          15.434300103472737,
          -1.2316887895553899,
          148.19592651446462
        ],
        [
          13.92987933095969,
          23.490669662457606,
          428.69705314085553
        ],
        [
          0.02459559424038675,
          -0.006395571765754037,
          1.0
        ]
      ]
    },
    {
      "tag_id": 21,
      "tag_family": "tag36h11",
      "hamming": 0,
      "decision_margin": 90.95401763916016,
      "center": [
        1211.4466472606823,
        660.8725919914916
      ],
      "corners": [
        [
          1196.7027587890625,
          680.4296875
        ],
        [
          1226.825927734375,
          677.0515136718751
        ],
        [
          1226.0833740234377,
          641.4576416015627
        ],
        [
          1195.8204345703125,
          644.4338989257812
        ]
      ],
      "homography": [
        [
          22.129297193055663,
          3.020601803276352,
          1211.4466472606823
        ],
        [
          2.247867346029009,
          19.32319017915188,
          660.8725919914916
        ],
        [
          0.005805752547708017,
          0.002158391591862787,
          1.0
        ]
      ]
    },
    {
      "tag_id": 22,
      "tag_family": "tag36h11",
      "hamming": 0,
      "decision_margin": 87.0097885131836,
      "center": [
        1028.0902281301312,
        665.2166995504625
      ],
      "corners": [
        [
          1014.7985229492189,
          681.8363037109375
        ],
        [
          1042.596435546875,
          683.7892456054688
        ],
        [
          1041.5948486328123,
          648.3308715820312
        ],
        [
          1013.8979492187498,
          647.0460815429688
        ]
      ],
      "homography": [
        [
          4.164914344137742,
          -1.0635154237440925,
          1028.0902281301312
        ],
        [
          -5.472294124645602,
          16.56497056557282,
          665.2166995504625
        ],
        [
          -0.009442271649851832,
          -0.0014965807263008783,
          1.0
        ]
      ]
    }
  ],
  "ingest_metadata": {
    "original_name": "Half_Hollow_Hills_Invitational_Qualification_Match_20_2025_f.png",
    "source": "unknown",
    "dhash": "d2536168e2e3e92c",
    "ingested_at": "2026-04-01T16:04:40.685298+00:00"
  }
}
