{
  "image_file": "0f26c418c885_FRC_5026_Robot_Reveal__The_Grim_Reefer_frame_001121.png",
  "image_sha256": "0f26c418c88553cfbdbf7ab2833ff29ac9f3a8033b7027010cc74910dd3f421b",
  "image_width": 1920,
  "image_height": 1080,
  "detector_config": {
    "library": "pupil-apriltags",
    "library_version": "1.0.4.post11",
    "family": "tag36h11",
    "nthreads": 4,
    "quad_decimate": 1.0,
    "quad_sigma": 0.0,
    "refine_edges": true,
    "decode_sharpening": 0.25
  },
  "detected_at": "2026-04-01T02:30:01.627336+00:00",
  "num_detections": 4,
  "detections": [
    {
      "tag_id": 3,
      "tag_family": "tag36h11",
      "hamming": 0,
      "decision_margin": 65.31392669677734,
      "center": [
        1206.207010079367,
        338.0817703268626
      ],
      "corners": [
        [
          1194.9931640624998,
          353.1424255371094
        ],
        [
          1216.8680419921877,
          352.85089111328125
        ],
        [
          1217.7636718750002,
          322.5606994628905
        ],
        [
          1195.2867431640625,
          322.9535217285156
        ]
      ],
      "homography": [
        [
          9.250498051849943,
          16.02757764506191,
          1206.207010079367
        ],
        [
          -0.6848656119250929,
          19.692438512029412,
          338.0817703268626
        ],
        [
          -0.0015216167824237126,
          0.013533637214944067,
          1.0
        ]
      ]
    },
    {
      "tag_id": 4,
      "tag_family": "tag36h11",
      "hamming": 0,
      "decision_margin": 56.091854095458984,
      "center": [
        654.9807090438129,
        253.98484905390976
      ],
      "corners": [
        [
          639.6331176757814,
          266.9619140625
        ],
        [
          665.1129150390624,
          266.6107177734375
        ],
        [
          670.2662963867185,
          241.06021118164057
        ],
        [
          644.5453491210939,
          240.98121643066403
        ]
      ],
      "homography": [
        [
          18.288921449342865,
          1.646661046996544,
          654.9807090438129
        ],
        [
          2.0594213332084887,
          14.496133889858754,
          253.98484905390976
        ],
        [
          0.00838174875935541,
          0.006357668081639412,
          1.0
        ]
      ]
    },
    {
      "tag_id": 6,
      "tag_family": "tag36h11",
      "hamming": 0,
      "decision_margin": 61.61769104003906,
      "center": [
        520.5731384042954,
        706.7964578170355
      ],
      "corners": [
        [
          499.91119384765614,
          731.7476196289061
        ],
        [
          546.1029052734375,
          736.4097900390628
        ],
        [
          542.1135864257812,
          680.784423828125
        ],
        [
          495.1665344238281,
          677.325988769531
        ]
      ],
      "homography": [
        [
          17.232438987885757,
          6.976864522652706,
          520.5731384042954
        ],
        [
          -6.175414423810598,
          34.00812593264709,
          706.7964578170355
        ],
        [
          -0.011617206389624235,
          0.009199231048616944,
          1.0
        ]
      ]
    },
    {
      "tag_id": 7,
      "tag_family": "tag36h11",
      "hamming": 0,
      "decision_margin": 74.73094940185547,
      "center": [
        809.6437334824319,
        691.3387400754019
      ],
      "corners": [
        [
          788.1781616210936,
          722.4286499023438
        ],
        [
          833.3264770507814,
          714.6660156250001
        ],
        [
          830.6741943359376,
          660.8790283203126
        ],
        [
          786.0178222656249,
          668.0674438476561
        ]
      ],
      "homography": [
        [
          26.108639727122522,
          -3.4269794385328365,
          809.6437334824319
        ],
        [
          -0.6121612210009771,
          23.080901468340812,
          691.3387400754019
        ],
        [
          0.00451877601161129,
          -0.0057200858311463884,
          1.0
        ]
      ]
    }
  ],
  "ingest_metadata": {
    "original_name": "FRC_5026_Robot_Reveal__The_Grim_Reefer_frame_001121.png",
    "source": "unknown",
    "dhash": "ddfbf383e4e6f8e8",
    "ingested_at": "2026-04-01T02:30:01.615299+00:00"
  }
}
