{
  "image_file": "0f6dfec9a501_2025_Field_Tour_Video__Reef_frame_003186.png",
  "image_sha256": "0f6dfec9a501e752d624edf596337f652fdbd30d27e7b1a9d7b9c8dace30fcb0",
  "image_width": 1920,
  "image_height": 1080,
  "detector_config": {
    "library": "pupil-apriltags",
    "library_version": "1.0.4.post11",
    "family": "tag36h11",
    "nthreads": 4,
    "quad_decimate": 1.0,
    "quad_sigma": 0.0,
    "refine_edges": true,
    "decode_sharpening": 0.25
  },
  "detected_at": "2026-04-01T00:11:37.250351+00:00",
  "num_detections": 2,
  "detections": [
    {
      "tag_id": 4,
      "tag_family": "tag36h11",
      "hamming": 0,
      "decision_margin": 29.170255661010742,
      "center": [
        1618.438814571564,
        95.78649837658647
      ],
      "corners": [
        [
          1590.1751708984382,
          116.4104690551758
        ],
        [
          1635.9892578124998,
          115.92100524902342
        ],
        [
          1647.1334228515618,
          74.84805297851564
        ],
        [
          1600.7562255859373,
          75.50038909912111
        ]
      ],
      "homography": [
        [
          19.95914062093334,
          3.7272780134794656,
          1618.438814571564
        ],
        [
          -0.46774371587081276,
          21.037026325616836,
          95.78649837658647
        ],
        [
          -0.0019078517423987724,
          0.0056584725757418105,
          1.0
        ]
      ]
    },
    {
      "tag_id": 5,
      "tag_family": "tag36h11",
      "hamming": 0,
      "decision_margin": 40.784183502197266,
      "center": [
        555.9285466835902,
        112.46272553624227
      ],
      "corners": [
        [
          542.8578491210936,
          130.75875854492185
        ],
        [
          579.4506225585938,
          130.50508117675784
        ],
        [
          569.2824096679688,
          93.77032470703126
        ],
        [
          531.8754272460938,
          94.01303863525389
        ]
      ],
      "homography": [
        [
          18.621726246890603,
          11.368289924962939,
          555.9285466835902
        ],
        [
          -0.09908217346299138,
          19.598160855813703,
          112.46272553624227
        ],
        [
          0.00022310022632229318,
          0.010939093833096408,
          1.0
        ]
      ]
    }
  ]
}
