{
  "image_file": "1070fd563c86_2026_FIRST_Robotics_Competition_REBUILT_Presented_by_Haas_Ga_frame_005487.png",
  "image_sha256": "1070fd563c86719e25136335b350fc8e86f1ac768ec753f26bf9388547b649c1",
  "image_width": 1920,
  "image_height": 1080,
  "detector_config": {
    "library": "pupil-apriltags",
    "library_version": "1.0.4.post11",
    "family": "tag36h11",
    "nthreads": 4,
    "quad_decimate": 1.0,
    "quad_sigma": 0.0,
    "refine_edges": true,
    "decode_sharpening": 0.25
  },
  "detected_at": "2026-04-09T23:14:57.235590+00:00",
  "num_detections": 8,
  "detections": [
    {
      "tag_id": 11,
      "tag_family": "tag36h11",
      "hamming": 0,
      "decision_margin": 78.43156433105469,
      "center": [
        101.6207015845976,
        882.7671059274616
      ],
      "corners": [
        [
          88.73866271972658,
          896.6387939453125
        ],
        [
          117.23174285888673,
          893.6992797851565
        ],
        [
          114.45799255371094,
          868.9436035156251
        ],
        [
          85.91644287109375,
          871.7696533203125
        ]
      ],
      "homography": [
        [
          14.49822034127476,
          1.4617891009145314,
          101.6207015845976
        ],
        [
          0.6404077529123227,
          12.95207459047765,
          882.7671059274616
        ],
        [
          0.002358296260234487,
          0.00061844160435758,
          1.0
        ]
      ]
    },
    {
      "tag_id": 21,
      "tag_family": "tag36h11",
      "hamming": 0,
      "decision_margin": 54.96104049682617,
      "center": [
        1349.0586126879289,
        752.7547425226968
      ],
      "corners": [
        [
          1337.3929443359373,
          764.8721923828125
        ],
        [
          1359.3436279296875,
          762.6099243164061
        ],
        [
          1360.3114013671877,
          741.066162109375
        ],
        [
          1338.1131591796875,
          742.2667236328126
        ]
      ],
      "homography": [
        [
          44.16527363139289,
          8.406257266509789,
          1349.0586126879289
        ],
        [
          17.620163401067312,
          15.958318257041357,
          752.7547425226968
        ],
        [
          0.024561599942925616,
          0.006546439839882921,
          1.0
        ]
      ]
    },
    {
      "tag_id": 22,
      "tag_family": "tag36h11",
      "hamming": 0,
      "decision_margin": 54.743751525878906,
      "center": [
        1554.3280886042123,
        978.5422486062666
      ],
      "corners": [
        [
          1546.2653808593752,
          984.90185546875
        ],
        [
          1560.5043945312502,
          998.0053100585939
        ],
        [
          1562.6741943359373,
          971.9591064453126
        ],
        [
          1548.1195068359373,
          958.9774780273436
        ]
      ],
      "homography": [
        [
          -4.1999432469999665,
          14.443027438573836,
          1554.3280886042123
        ],
        [
          -0.6529996584588417,
          22.71692934099508,
          978.5422486062666
        ],
        [
          -0.0073325084631170835,
          0.009938574988009938,
          1.0
        ]
      ]
    },
    {
      "tag_id": 24,
      "tag_family": "tag36h11",
      "hamming": 0,
      "decision_margin": 65.81998443603516,
      "center": [
        1399.2366218675795,
        747.4602599546239
      ],
      "corners": [
        [
          1387.761596679687,
          759.494384765625
        ],
        [
          1409.3184814453127,
          757.3925781249999
        ],
        [
          1410.7735595703127,
          735.3612060546876
        ],
        [
          1389.0937499999995,
          737.4678344726565
        ]
      ],
      "homography": [
        [
          11.037348878170405,
          3.2960256286310154,
          1399.2366218675795
        ],
        [
          -0.9301743039196725,
          13.1473314907837,
          747.4602599546239
        ],
        [
          0.0001631339174074455,
          0.0028535830170842735,
          1.0
        ]
      ]
    },
    {
      "tag_id": 29,
      "tag_family": "tag36h11",
      "hamming": 0,
      "decision_margin": 33.575687408447266,
      "center": [
        1649.6316650864242,
        598.6848788357978
      ],
      "corners": [
        [
          1643.2515869140627,
          604.1731567382812
        ],
        [
          1654.3847656249998,
          610.1615600585939
        ],
        [
          1655.938598632812,
          593.259521484375
        ],
        [
          1644.7614746093752,
          586.9254760742186
        ]
      ],
      "homography": [
        [
          20.36825957406927,
          4.514317471443522,
          1649.6316650864242
        ],
        [
          8.44785037395411,
          10.452879379653725,
          598.6848788357978
        ],
        [
          0.008966332180398624,
          0.00320101662816741,
          1.0
        ]
      ]
    },
    {
      "tag_id": 30,
      "tag_family": "tag36h11",
      "hamming": 0,
      "decision_margin": 42.6541633605957,
      "center": [
        1676.8806250396817,
        613.7444890626302
      ],
      "corners": [
        [
          1670.2128906250002,
          619.2625122070312
        ],
        [
          1681.797119140625,
          625.5839233398438
        ],
        [
          1683.4351806640623,
          608.3201293945312
        ],
        [
          1671.8688964843748,
          601.6757202148438
        ]
      ],
      "homography": [
        [
          21.006520227401552,
          0.042270311404766135,
          1676.8806250396817
        ],
        [
          8.811448363365683,
          9.028772324539661,
          613.7444890626302
        ],
        [
          0.009075996466067163,
          0.0005162999258462876,
          1.0
        ]
      ]
    },
    {
      "tag_id": 31,
      "tag_family": "tag36h11",
      "hamming": 0,
      "decision_margin": 36.2111701965332,
      "center": [
        1871.7452047600905,
        721.7302679599877
      ],
      "corners": [
        [
          1864.2949218750002,
          727.7072143554689
        ],
        [
          1877.0595703124998,
          735.1237792968751
        ],
        [
          1879.769775390625,
          715.2926025390625
        ],
        [
          1866.3245849609377,
          708.0689697265624
        ]
      ],
      "homography": [
        [
          -18.92111569792883,
          42.814505273568784,
          1871.7452047600905
        ],
        [
          -6.156593751987433,
          26.826316548339037,
          721.7302679599877
        ],
        [
          -0.01360654448214225,
          0.02350448502546632,
          1.0
        ]
      ]
    },
    {
      "tag_id": 32,
      "tag_family": "tag36h11",
      "hamming": 0,
      "decision_margin": 37.089988708496094,
      "center": [
        1909.0990846385328,
        742.1088753533721
      ],
      "corners": [
        [
          1900.9730224609375,
          748.3521118164061
        ],
        [
          1914.7772216796875,
          755.732116699219
        ],
        [
          1917.254272460937,
          735.84326171875
        ],
        [
          1903.4285888671875,
          728.5039672851561
        ]
      ],
      "homography": [
        [
          4.557137872446674,
          -0.16826004139284068,
          1909.0990846385328
        ],
        [
          2.766211160453848,
          10.348180079599047,
          742.1088753533721
        ],
        [
          -0.0012311139518974643,
          0.0005577932148929384,
          1.0
        ]
      ]
    }
  ],
  "ingest_metadata": {
    "original_name": "2026 FIRST Robotics Competition REBUILT Presented by Haas Ga_frame_005487.png",
    "source": "2026 FIRST Robotics Competition REBUILT Presented by Haas Ga.mp4",