{
  "image_file": "108aad88cdb7_Half_Hollow_Hills_Invitational_Playoff_Match_4_2025_frame_00.png",
  "image_sha256": "108aad88cdb7ee86a0245739922cb9085aa69b475b7106a15b552276abcc832d",
  "image_width": 1920,
  "image_height": 1080,
  "detector_config": {
    "library": "pupil-apriltags",
    "library_version": "1.0.4.post11",
    "family": "tag36h11",
    "nthreads": 4,
    "quad_decimate": 1.0,
    "quad_sigma": 0.0,
    "refine_edges": true,
    "decode_sharpening": 0.25
  },
  "detected_at": "2026-04-01T16:05:58.431583+00:00",
  "num_detections": 4,
  "detections": [
    {
      "tag_id": 15,
      "tag_family": "tag36h11",
      "hamming": 0,
      "decision_margin": 55.71489715576172,
      "center": [
        336.0965479453383,
        158.32834846482828
      ],
      "corners": [
        [
          321.77185058593733,
          170.6672668457031
        ],
        [
          344.2671508789063,
          170.8822937011719
        ],
        [
          350.4456787109376,
          145.9683837890625
        ],
        [
          327.4054870605469,
          144.97473144531247
        ]
      ],
      "homography": [
        [
          16.42369131094165,
          2.3731806521906855,
          336.0965479453383
        ],
        [
          2.672055347214977,
          15.156401908709569,
          158.32834846482828
        ],
        [
          0.015007115424924462,
          0.015859230674131745,
          1.0
        ]
      ]
    },
    {
      "tag_id": 16,
      "tag_family": "tag36h11",
      "hamming": 0,
      "decision_margin": 55.22212600708008,
      "center": [
        819.3775763175886,
        207.86842159345238
      ],
      "corners": [
        [
          808.6295776367186,
          221.74826049804688
        ],
        [
          830.8793945312501,
          219.2159271240234
        ],
        [
          830.1568603515626,
          193.94818115234375
        ],
        [
          808.1920166015625,
          196.83293151855472
        ]
      ],
      "homography": [
        [
          4.746158039985176,
          -4.826668548710585,
          819.3775763175886
        ],
        [
          -2.955216646828377,
          11.24688646183725,
          207.86842159345238
        ],
        [
          -0.007696566013361271,
          -0.006243277480917713,
          1.0
        ]
      ]
    },
    {
      "tag_id": 18,
      "tag_family": "tag36h11",
      "hamming": 0,
      "decision_margin": 96.84833526611328,
      "center": [
        853.9923299742762,
        596.237506594426
      ],
      "corners": [
        [
          835.3321533203125,
          658.6846313476562
        ],
        [
          879.1282958984375,
          625.5972290039064
        ],
        [
          871.6339111328125,
          537.1991577148436
        ],
        [
          825.8706665039062,
          563.3903808593748
        ]
      ],
      "homography": [
        [
          58.25999904593607,
          16.161134575459876,
          853.9923299742762
        ],
        [
          10.233285345319352,
          54.198296866913665,
          596.237506594426
        ],
        [
          0.04206026425253792,
          0.014001141036285166,
          1.0
        ]
      ]
    },
    {
      "tag_id": 19,
      "tag_family": "tag36h11",
      "hamming": 0,
      "decision_margin": 94.47245788574219,
      "center": [
        334.712006340125,
        731.8459054415172
      ],
      "corners": [
        [
          298.74612426757824,
          787.4810180664062
        ],
        [
          401.7379150390625,
          784.8532714843752
        ],
        [
          372.63110351562494,
          673.189392089844
        ],
        [
          267.65548706054693,
          678.8143310546875
        ]
      ],
      "homography": [
        [
          47.59294343750366,
          19.524680716099347,
          334.712006340125
        ],
        [
          -11.63316392417267,
          64.81970940702183,
          731.8459054415172
        ],
        [
          -0.013103796083251525,
          0.013332092819088946,
          1.0
        ]
      ]
    }
  ]
}
