{
  "image_file": "10cd7678e8b5_Half_Hollow_Hills_Invitational_Playoff_Match_6_2025_frame_00.png",
  "image_sha256": "10cd7678e8b533827ff54b8259235872ca7c243b85c0544c0c82992a0d8ed7d8",
  "image_width": 1920,
  "image_height": 1080,
  "detector_config": {
    "library": "pupil-apriltags",
    "library_version": "1.0.4.post11",
    "family": "tag36h11",
    "nthreads": 4,
    "quad_decimate": 1.0,
    "quad_sigma": 0.0,
    "refine_edges": true,
    "decode_sharpening": 0.25
  },
  "detected_at": "2026-04-01T16:07:16.108586+00:00",
  "num_detections": 2,
  "detections": [
    {
      "tag_id": 10,
      "tag_family": "tag36h11",
      "hamming": 0,
      "decision_margin": 66.09998321533203,
      "center": [
        74.32144091669119,
        758.8001731208685
      ],
      "corners": [
        [
          65.68135070800781,
          771.921630859375
        ],
        [
          86.62348937988283,
          767.5831298828125
        ],
        [
          82.88360595703126,
          745.7970581054685
        ],
        [
          62.07828903198243,
          750.0592651367186
        ]
      ],
      "homography": [
        [
          10.515908409975523,
          1.578285683791138,
          74.32144091669119
        ],
        [
          -1.3417851558389213,
          8.28291461914614,
          758.8001731208685
        ],
        [
          0.0010652119986048415,
          -0.0034647270829422793,
          1.0
        ]
      ]
    },
    {
      "tag_id": 15,
      "tag_family": "tag36h11",
      "hamming": 0,
      "decision_margin": 59.086524963378906,
      "center": [
        597.5906897330748,
        520.6170079490388
      ],
      "corners": [
        [
          581.5327148437499,
          534.5864257812499
        ],
        [
          604.5575561523438,
          532.6198730468752
        ],
        [
          613.7601928710939,
          506.5505676269531
        ],
        [
          590.2362670898439,
          507.94644165039034
        ]
      ],
      "homography": [
        [
          18.68630909613057,
          4.640819490013544,
          597.5906897330748
        ],
        [
          5.2984721141981455,
          21.11791022390389,
          520.6170079490388
        ],
        [
          0.011800444522869026,
          0.015261101562169923,
          1.0
        ]
      ]
    }
  ]
}
