{
  "image_file": "11350809f94f_PC000002_MOV-0059_jpg_rf_c202e861ee1fb1e7e245aceb7cb77d83.png",
  "image_sha256": "11350809f94f4e49ebbafc2c2a43525c88a9757b1d97d7f3fce9c3d67f15ef8e",
  "image_width": 640,
  "image_height": 360,
  "detector_config": {
    "library": "pupil-apriltags",
    "library_version": "1.0.4.post11",
    "family": "tag36h11",
    "nthreads": 4,
    "quad_decimate": 1.0,
    "quad_sigma": 0.0,
    "refine_edges": true,
    "decode_sharpening": 0.25
  },
  "detected_at": "2026-03-24T14:15:36.824053+00:00",
  "num_detections": 2,
  "detections": [
    {
      "tag_id": 13,
      "tag_family": "tag36h11",
      "hamming": 0,
      "decision_margin": 102.06584167480469,
      "center": [
        89.65193895092483,
        193.54003646462667
      ],
      "corners": [
        [
          49.87724685668947,
          234.88998413085938
        ],
        [
          130.93301391601562,
          241.60134887695312
        ],
        [
          131.29306030273438,
          150.24974060058597
        ],
        [
          49.11443328857421,
          146.34442138671878
        ]
      ],
      "homography": [
        [
          39.361212996554826,
          0.729939470289286,
          89.65193895092483
        ],
        [
          -0.4345428400796777,
          46.300176164014886,
          193.54003646462667
        ],
        [
          -0.016006338890447634,
          0.00691831393281593,
          1.0
        ]
      ]
    },
    {
      "tag_id": 14,
      "tag_family": "tag36h11",
      "hamming": 0,
      "decision_margin": 100.31857299804688,
      "center": [
        322.4641112197082,
        209.83544513975582
      ],
      "corners": [
        [
          273.6832275390624,
          253.2118377685547
        ],
        [
          368.4770202636719,
          262.3970642089844
        ],
        [
          373.8472595214845,
          164.1450958251953
        ],
        [
          277.4980773925782,
          158.4696960449219
        ]
      ],
      "homography": [
        [
          41.72175395187162,
          0.05116891162709236,
          322.4641112197082
        ],
        [
          -0.20628585216571238,
          49.7485580833077,
          209.83544513975582
        ],
        [
          -0.018743408274939418,
          0.007236622377053633,
          1.0
        ]
      ]
    }
  ]
}
