{
  "image_file": "12c612cf0f5e_FRC_1778_Chill_Out___2025_SubZero_Robot_POV___Finals_1_PNW_D.png",
  "image_sha256": "12c612cf0f5e6365faff8ce54a6dcb0118661c5934b8bc0a315e4fcc1069aef2",
  "image_width": 1920,
  "image_height": 1080,
  "detector_config": {
    "library": "pupil-apriltags",
    "library_version": "1.0.4.post11",
    "family": "tag36h11",
    "nthreads": 4,
    "quad_decimate": 1.0,
    "quad_sigma": 0.0,
    "refine_edges": true,
    "decode_sharpening": 0.25
  },
  "detected_at": "2026-04-01T15:53:37.861174+00:00",
  "num_detections": 3,
  "detections": [
    {
      "tag_id": 16,
      "tag_family": "tag36h11",
      "hamming": 0,
      "decision_margin": 83.45266723632812,
      "center": [
        100.78517660491457,
        431.0798988215735
      ],
      "corners": [
        [
          64.553466796875,
          449.6085510253906
        ],
        [
          124.06030273437499,
          464.0806274414063
        ],
        [
          134.02537536621094,
          414.0810852050781
        ],
        [
          76.47048950195312,
          396.60522460937494
        ]
      ],
      "homography": [
        [
          32.498276126238665,
          -6.513153038952108,
          100.78517660491457
        ],
        [
          21.985007204654206,
          21.153187315491724,
          431.0798988215735
        ],
        [
          0.03245246017257428,
          -0.010608269096977036,
          1.0
        ]
      ]
    },
    {
      "tag_id": 21,
      "tag_family": "tag36h11",
      "hamming": 0,
      "decision_margin": 92.94956970214844,
      "center": [
        1221.6622690402648,
        737.6853614100867
      ],
      "corners": [
        [
          1208.7216796875,
          760.9492797851562
        ],
        [
          1236.50048828125,
          753.9182739257812
        ],
        [
          1234.0028076171877,
          715.5001831054689
        ],
        [
          1206.5229492187502,
          721.1230468750001
        ]
      ],
      "homography": [
        [
          34.443818304160686,
          -7.185933323755985,
          1221.6622690402648
        ],
        [
          9.30136613465413,
          14.504056902256368,
          737.6853614100867
        ],
        [
          0.016889666422865303,
          -0.0068454603290342515,
          1.0
        ]
      ]
    },
    {
      "tag_id": 22,
      "tag_family": "tag36h11",
      "hamming": 0,
      "decision_margin": 87.50689697265625,
      "center": [
        1031.9116804299201,
        735.9177420392625
      ],
      "corners": [
        [
          1018.5456542968752,
          750.9721679687499
        ],
        [
          1046.8214111328125,
          758.148681640625
        ],
        [
          1046.0408935546873,
          720.0037231445312
        ],
        [
          1017.7213134765625,
          714.7593994140624
        ]
      ],
      "homography": [
        [
          -12.936918295582018,
          1.9688878891722636,
          1031.9116804299201
        ],
        [
          -16.20497204844367,
          19.694233021359306,
          735.9177420392625
        ],
        [
          -0.026238690146881932,
          0.0015183693413506388,
          1.0
        ]
      ]
    }
  ],
  "ingest_metadata": {
    "original_name": "FRC_1778_Chill_Out___2025_SubZero_Robot_POV___Finals_1_PNW_D.png",
    "source": "unknown",
    "dhash": "d86973d3e4e6c618",
    "ingested_at": "2026-04-01T15:53:37.855297+00:00"
  }
}
