{
  "image_file": "12fd52264d79_PC000002_MOV-0133_jpg_rf_7fadb59c11ff28f7e6f6fa7e78b27858.png",
  "image_sha256": "12fd52264d791837ac8dcdec36ac1a71ad92b1649292127e03d48435b9107fb1",
  "image_width": 640,
  "image_height": 360,
  "detector_config": {
    "library": "pupil-apriltags",
    "library_version": "1.0.4.post11",
    "family": "tag36h11",
    "nthreads": 4,
    "quad_decimate": 1.0,
    "quad_sigma": 0.0,
    "refine_edges": true,
    "decode_sharpening": 0.25
  },
  "detected_at": "2026-03-24T14:12:59.811262+00:00",
  "num_detections": 2,
  "detections": [
    {
      "tag_id": 9,
      "tag_family": "tag36h11",
      "hamming": 0,
      "decision_margin": 60.23916244506836,
      "center": [
        317.83932080525955,
        87.41195643784886
      ],
      "corners": [
        [
          304.4476623535157,
          116.96702575683595
        ],
        [
          326.8187255859375,
          110.37668609619139
        ],
        [
          333.0605773925781,
          53.81900787353518
        ],
        [
          309.38244628906256,
          65.78359222412111
        ]
      ],
      "homography": [
        [
          -3.445180515834409,
          2.630484605067863,
          317.83932080525955
        ],
        [
          -8.688670001718481,
          28.34563210275256,
          87.41195643784886
        ],
        [
          -0.046955539446497815,
          0.016987548249282555,
          1.0
        ]
      ]
    },
    {
      "tag_id": 10,
      "tag_family": "tag36h11",
      "hamming": 0,
      "decision_margin": 67.65070343017578,
      "center": [
        382.8432339558954,
        60.78740661875372
      ],
      "corners": [
        [
          362.1766357421875,
          99.68319702148439
        ],
        [
          398.6074523925781,
          88.93283081054685
        ],
        [
          406.18450927734375,
          16.85771179199217
        ],
        [
          368.73431396484375,
          35.597351074218764
        ]
      ],
      "homography": [
        [
          -3.8342451406386426,
          -2.4887469097363923,
          382.8432339558954
        ],
        [
          -10.868343443907992,
          34.08591658441703,
          60.78740661875372
        ],
        [
          -0.05809408624184576,
          0.0026831541218294793,
          1.0
        ]
      ]
    }
  ]
}
