{
  "image_file": "1460161f66c7_Robot_Reveal_frame_037620.png",
  "image_sha256": "1460161f66c70d50c62e593e76dd7a74ffdbbde5f411764ea6693b904a4c7e26",
  "image_width": 1920,
  "image_height": 1080,
  "detector_config": {
    "library": "pupil-apriltags",
    "library_version": "1.0.4.post11",
    "family": "tag36h11",
    "nthreads": 4,
    "quad_decimate": 1.0,
    "quad_sigma": 0.0,
    "refine_edges": true,
    "decode_sharpening": 0.25
  },
  "detected_at": "2026-04-01T04:19:41.620278+00:00",
  "num_detections": 2,
  "detections": [
    {
      "tag_id": 21,
      "tag_family": "tag36h11",
      "hamming": 0,
      "decision_margin": 82.06077575683594,
      "center": [
        1499.3840243506322,
        340.20121753228807
      ],
      "corners": [
        [
          1467.519775390625,
          371.93560791015625
        ],
        [
          1531.52099609375,
          371.8577575683594
        ],
        [
          1531.5372314453125,
          308.1790466308593
        ],
        [
          1467.4503173828123,
          308.74490356445307
        ]
      ],
      "homography": [
        [
          26.2592274769936,
          1.0189808286440925,
          1499.3840243506322
        ],
        [
          -1.4681963912754594,
          31.945014516236938,
          340.20121753228807
        ],
        [
          -0.0038431241333562773,
          0.000670615594542392,
          1.0
        ]
      ]
    },
    {
      "tag_id": 24,
      "tag_family": "tag36h11",
      "hamming": 0,
      "decision_margin": 82.15896606445312,
      "center": [
        1638.8507884200699,
        334.1973953182578
      ],
      "corners": [
        [
          1606.3096923828125,
          365.9734497070313
        ],
        [
          1670.5968017578125,
          366.0233764648438
        ],
        [
          1671.1857910156252,
          302.62258911132807
        ],
        [
          1607.1746826171875,
          302.44149780273426
        ]
      ],
      "homography": [
        [
          33.7742414413467,
          -3.869656705151779,
          1638.8507884200699
        ],
        [
          0.4045355612687975,
          31.017993409694554,
          334.1973953182578
        ],
        [
          0.0010372328887497421,
          -0.002139490836095353,
          1.0
        ]
      ]
    }
  ]
}
