{
  "image_file": "146f82bc3366_PC000011_MOV-0039_jpg_rf_1967b90b9706a8bd9caafe1316c55444.png",
  "image_sha256": "146f82bc3366ea0b7b2d454d20f3164460b602a14a67043e6415c1addeb3b290",
  "image_width": 640,
  "image_height": 360,
  "detector_config": {
    "library": "pupil-apriltags",
    "library_version": "1.0.4.post11",
    "family": "tag36h11",
    "nthreads": 4,
    "quad_decimate": 1.0,
    "quad_sigma": 0.0,
    "refine_edges": true,
    "decode_sharpening": 0.25
  },
  "detected_at": "2026-03-24T14:13:59.334198+00:00",
  "num_detections": 2,
  "detections": [
    {
      "tag_id": 18,
      "tag_family": "tag36h11",
      "hamming": 0,
      "decision_margin": 83.08767700195312,
      "center": [
        423.29546983032276,
        166.22109453433345
      ],
      "corners": [
        [
          392.56655883789057,
          208.0430908203125
        ],
        [
          452.2893981933593,
          213.29919433593744
        ],
        [
          450.55145263671886,
          129.1257476806641
        ],
        [
          391.9074401855469,
          115.25563812255866
        ]
      ],
      "homography": [
        [
          50.58402090367957,
          -3.6571426387584944,
          423.29546983032276
        ],
        [
          13.086863991319058,
          42.448395720328676,
          166.22109453433345
        ],
        [
          0.049771476800214154,
          -0.010122194784061546,
          1.0
        ]
      ]
    },
    {
      "tag_id": 27,
      "tag_family": "tag36h11",
      "hamming": 0,
      "decision_margin": 87.54759216308594,
      "center": [
        259.79656901657467,
        139.61002666801298
      ],
      "corners": [
        [
          203.45880126953122,
          191.49752807617188
        ],
        [
          305.1621398925781,
          200.6792449951172
        ],
        [
          307.6719055175782,
          95.51648712158205
        ],
        [
          208.75471496582037,
          70.89963531494142
        ]
      ],
      "homography": [
        [
          68.09609504061879,
          -4.763166136339229,
          259.79656901657467
        ],
        [
          18.27376208742043,
          54.61106300184849,
          139.61002666801298
        ],
        [
          0.07004060508787464,
          -0.011162534451062089,
          1.0
        ]
      ]
    }
  ]
}
