{
  "image_file": "14726908f263_FRC_Team_8169___ARIES___Robot_Reveal_2025_frame_000000.png",
  "image_sha256": "14726908f2632c0aac437b60dd96955ac237914e250f9234c4eede93a596bf1f",
  "image_width": 1920,
  "image_height": 1080,
  "detector_config": {
    "library": "pupil-apriltags",
    "library_version": "1.0.4.post11",
    "family": "tag36h11",
    "nthreads": 4,
    "quad_decimate": 1.0,
    "quad_sigma": 0.0,
    "refine_edges": true,
    "decode_sharpening": 0.25
  },
  "detected_at": "2026-04-01T01:45:32.160469+00:00",
  "num_detections": 3,
  "detections": [
    {
      "tag_id": 13,
      "tag_family": "tag36h11",
      "hamming": 0,
      "decision_margin": 52.415199279785156,
      "center": [
        461.8785442402764,
        69.94479045787784
      ],
      "corners": [
        [
          451.65496826171864,
          82.12837982177736
        ],
        [
          476.37393188476574,
          82.69252777099611
        ],
        [
          472.1644897460939,
          57.68687438964842
        ],
        [
          447.0369873046875,
          56.892620086669915
        ]
      ],
      "homography": [
        [
          14.483291801360963,
          5.633200176225786,
          461.8785442402764
        ],
        [
          0.6450741627266423,
          13.078416219685863,
          69.94479045787784
        ],
        [
          0.004379384811736411,
          0.007420388343057547,
          1.0
        ]
      ]
    },
    {
      "tag_id": 17,
      "tag_family": "tag36h11",
      "hamming": 0,
      "decision_margin": 79.80574798583984,
      "center": [
        862.9786870638109,
        465.68773794210904
      ],
      "corners": [
        [
          846.1761474609376,
          479.9311828613281
        ],
        [
          880.3717041015625,
          489.84689331054693
        ],
        [
          880.8442382812499,
          450.5431823730469
        ],
        [
          845.6152954101565,
          441.5697326660156
        ]
      ],
      "homography": [
        [
          3.7496226155383265,
          12.89299037115586,
          862.9786870638109
        ],
        [
          -2.6088644304412614,
          26.350488100136886,
          465.68773794210904
        ],
        [
          -0.015757454378715962,
          0.014905082536729935,
          1.0
        ]
      ]
    },
    {
      "tag_id": 22,
      "tag_family": "tag36h11",
      "hamming": 0,
      "decision_margin": 74.7274398803711,
      "center": [
        1076.0448887680814,
        474.35893946431065
      ],
      "corners": [
        [
          1057.1834716796875,
          496.9096069335938
        ],
        [
          1090.7374267578123,
          490.0385437011718
        ],
        [
          1095.0321044921877,
          451.6578674316406
        ],
        [
          1060.990478515625,
          458.2931518554688
        ]
      ],
      "homography": [
        [
          21.654503420976198,
          6.306878735435023,
          1076.0448887680814
        ],
        [
          -1.2806636041788722,
          22.921597224744687,
          474.35893946431065
        ],
        [
          0.004420645721278342,
          0.007744375704750259,
          1.0
        ]
      ]
    }
  ],
  "ingest_metadata": {
    "original_name": "FRC_Team_8169___ARIES___Robot_Reveal_2025_frame_000000.png",
    "source": "unknown",
    "dhash": "d6d370b034303068",
    "ingested_at": "2026-04-01T01:45:32.155296+00:00"
  }
}
