{
  "image_file": "1530e3452fa9_7426_Pair_Of_Dice_Reveal_2025_-_Introducing_Deadpool_frame_0.png",
  "image_sha256": "1530e3452fa9920529373a0646bec6f0a908f81929ac40917977bf201c5dd372",
  "image_width": 1920,
  "image_height": 1080,
  "detector_config": {
    "library": "pupil-apriltags",
    "library_version": "1.0.4.post11",
    "family": "tag36h11",
    "nthreads": 4,
    "quad_decimate": 1.0,
    "quad_sigma": 0.0,
    "refine_edges": true,
    "decode_sharpening": 0.25
  },
  "detected_at": "2026-04-01T02:46:45.783621+00:00",
  "num_detections": 4,
  "detections": [
    {
      "tag_id": 12,
      "tag_family": "tag36h11",
      "hamming": 0,
      "decision_margin": 61.85186767578125,
      "center": [
        1249.870075337478,
        431.85156045252114
      ],
      "corners": [
        [
          1240.3044433593752,
          441.6487121582032
        ],
        [
          1258.5618896484373,
          441.2225341796875
        ],
        [
          1259.6136474609375,
          421.87216186523443
        ],
        [
          1241.1538085937502,
          422.45422363281256
        ]
      ],
      "homography": [
        [
          4.297758880646824,
          6.161906803192779,
          1249.870075337478
        ],
        [
          -1.9381683062280233,
          11.928909618294938,
          431.85156045252114
        ],
        [
          -0.0039053210208427032,
          0.005309980884946858,
          1.0
        ]
      ]
    },
    {
      "tag_id": 15,
      "tag_family": "tag36h11",
      "hamming": 0,
      "decision_margin": 40.04190444946289,
      "center": [
        273.22339983214357,
        323.11974014269975
      ],
      "corners": [
        [
          258.51721191406256,
          330.6583557128906
        ],
        [
          276.77044677734375,
          334.9897460937499
        ],
        [
          287.4533996582031,
          315.82522583007807
        ],
        [
          269.57275390625006,
          310.90304565429693
        ]
      ],
      "homography": [
        [
          13.245588685293683,
          -5.714885214913464,
          273.22339983214357
        ],
        [
          7.297247110477371,
          9.394386667651931,
          323.11974014269975
        ],
        [
          0.015424924858528897,
          -0.001031565410058558,
          1.0
        ]
      ]
    },
    {
      "tag_id": 19,
      "tag_family": "tag36h11",
      "hamming": 0,
      "decision_margin": 84.6168212890625,
      "center": [
        660.6253599728852,
        599.2285021635244
      ],
      "corners": [
        [
          637.2122192382812,
          620.3944091796875
        ],
        [
          681.7706909179688,
          619.9557495117185
        ],
        [
          683.577880859375,
          578.47900390625
        ],
        [
          638.9236450195312,
          577.9558715820315
        ]
      ],
      "homography": [
        [
          29.870945973396033,
          0.12741793534599222,
          660.6253599728852
        ],
        [
          6.88749758756978,
          21.890093900597435,
          599.2285021635244
        ],
        [
          0.011459928380452646,
          0.0015254244391857733,
          1.0
        ]
      ]
    },
    {
      "tag_id": 20,
      "tag_family": "tag36h11",
      "hamming": 0,
      "decision_margin": 73.78514099121094,
      "center": [
        448.1968237064027,
        589.0727053519977
      ],
      "corners": [
        [
          436.8207397460937,
          608.1023559570311
        ],
        [
          458.7459411621094,
          612.1106567382811
        ],
        [
          459.6905212402344,
          569.8463134765626
        ],
        [
          438.15213012695307,
          567.1363525390626
        ]
      ],
      "homography": [
        [
          4.2211195637164005,
          -4.908504446656877,
          448.1968237064027
        ],
        [
          -7.056014241452319,
          15.100954880813333,
          589.0727053519977
        ],
        [
          -0.014818352494053414,
          -0.00967560228663089,
          1.0
        ]
      ]
    }
  ]
}
