{
  "image_file": "15418e8dec59_PC000002_MOV-0287_jpg_rf_640704a21ccbfaa334a99259441fcb76.png",
  "image_sha256": "15418e8dec59054f22e08f88c8aa76b5b56719ddc13c5425ef2b3a4e3cf3cb6b",
  "image_width": 640,
  "image_height": 360,
  "detector_config": {
    "library": "pupil-apriltags",
    "library_version": "1.0.4.post11",
    "family": "tag36h11",
    "nthreads": 4,
    "quad_decimate": 1.0,
    "quad_sigma": 0.0,
    "refine_edges": true,
    "decode_sharpening": 0.25
  },
  "detected_at": "2026-03-24T14:13:08.915885+00:00",
  "num_detections": 3,
  "detections": [
    {
      "tag_id": 2,
      "tag_family": "tag36h11",
      "hamming": 0,
      "decision_margin": 68.07552337646484,
      "center": [
        371.5488524016447,
        273.51126543771176
      ],
      "corners": [
        [
          364.91464233398426,
          286.314208984375
        ],
        [
          381.2311401367188,
          283.54125976562506
        ],
        [
          378.8170166015626,
          259.4848937988281
        ],
        [
          361.9823913574219,
          263.6012573242187
        ]
      ],
      "homography": [
        [
          -1.3088848275903626,
          8.697166759077675,
          371.5488524016447
        ],
        [
          -8.76758418599434,
          17.09140809135141,
          273.51126543771176
        ],
        [
          -0.025808891995129084,
          0.019791529922439793,
          1.0
        ]
      ]
    },
    {
      "tag_id": 3,
      "tag_family": "tag36h11",
      "hamming": 0,
      "decision_margin": 35.19042205810547,
      "center": [
        463.0719860595097,
        257.4316805906867
      ],
      "corners": [
        [
          458.15167236328125,
          270.1177978515625
        ],
        [
          471.8404541015625,
          269.07620239257807
        ],
        [
          468.13446044921875,
          244.3790283203125
        ],
        [
          453.61148071289057,
          244.86813354492185
        ]
      ],
      "homography": [
        [
          12.538597268131978,
          14.14262916571744,
          463.0719860595097
        ],
        [
          2.6634347551605493,
          19.196186156064414,
          257.4316805906867
        ],
        [
          0.011861505841327584,
          0.026102085953497434,
          1.0
        ]
      ]
    },
    {
      "tag_id": 11,
      "tag_family": "tag36h11",
      "hamming": 0,
      "decision_margin": 62.15874099731445,
      "center": [
        337.7493465782438,
        280.8745557678456
      ],
      "corners": [
        [
          331.3906555175781,
          293.4565734863281
        ],
        [
          346.24072265625,
          290.3939514160157
        ],
        [
          344.32415771484375,
          267.86489868164057
        ],
        [
          329.4844055175782,
          271.6090087890624
        ]
      ],
      "homography": [
        [
          2.316801803561816,
          1.495680732990195,
          337.7493465782438
        ],
        [
          -5.945261491518069,
          11.540444027683122,
          280.8745557678456
        ],
        [
          -0.015111754494430784,
          0.0015983424799248464,
          1.0
        ]
      ]
    }
  ]
}
