{
  "image_file": "164f89c6e6c8_FRC_ROBOT_POV_-_Southern_Cross_2024_frame_037247.png",
  "image_sha256": "164f89c6e6c88ef8293c6a282d97a37d758852f6459bb0b3065f59c1baca461c",
  "image_width": 1920,
  "image_height": 1080,
  "detector_config": {
    "library": "pupil-apriltags",
    "library_version": "1.0.4.post11",
    "family": "tag36h11",
    "nthreads": 4,
    "quad_decimate": 1.0,
    "quad_sigma": 0.0,
    "refine_edges": true,
    "decode_sharpening": 0.25
  },
  "detected_at": "2026-04-01T16:18:02.315088+00:00",
  "num_detections": 4,
  "detections": [
    {
      "tag_id": 7,
      "tag_family": "tag36h11",
      "hamming": 0,
      "decision_margin": 30.881925582885742,
      "center": [
        1628.215484594235,
        538.6314043368128
      ],
      "corners": [
        [
          1606.979736328125,
          572.9874877929688
        ],
        [
          1665.0532226562502,
          561.0380859375
        ],
        [
          1649.2126464843752,
          504.6613159179688
        ],
        [
          1592.2943115234375,
          516.7822265625
        ]
      ],
      "homography": [
        [
          23.088320542624388,
          -7.225738219472075,
          1628.215484594235
        ],
        [
          -7.889991144661056,
          23.229114142507115,
          538.6314043368128
        ],
        [
          -0.003473994267507308,
          -0.009123294187573542,
          1.0
        ]
      ]
    },
    {
      "tag_id": 8,
      "tag_family": "tag36h11",
      "hamming": 0,
      "decision_margin": 51.84649658203125,
      "center": [
        1430.1179376045995,
        579.864303667532
      ],
      "corners": [
        [
          1406.3359374999998,
          613.5693359375
        ],
        [
          1463.882080078125,
          602.2140502929688
        ],
        [
          1453.8465576171877,
          546.2349243164062
        ],
        [
          1397.3619384765627,
          558.181884765625
        ]
      ],
      "homography": [
        [
          18.47020561753061,
          -6.891869458886728,
          1430.1179376045995
        ],
        [
          -9.896373389053341,
          23.11928906155765,
          579.864303667532
        ],
        [
          -0.007015959897863697,
          -0.008139500105921252,
          1.0
        ]
      ]
    },
    {
      "tag_id": 9,
      "tag_family": "tag36h11",
      "hamming": 0,
      "decision_margin": 70.64502716064453,
      "center": [
        445.2202487091508,
        730.9559254666057
      ],
      "corners": [
        [
          425.555419921875,
          745.0399780273438
        ],
        [
          459.2218017578124,
          751.1712646484374
        ],
        [
          464.8869323730469,
          716.8705444335938
        ],
        [
          431.1142883300782,
          710.58984375
        ]
      ],
      "homography": [
        [
          17.676062106538097,
          -1.9686974601591465,
          445.2202487091508
        ],
        [
          4.443214423407082,
          18.562403116735368,
          730.9559254666057
        ],
        [
          0.0018337050440448298,
          0.00188086510743264,
          1.0
        ]
      ]
    },
    {
      "tag_id": 10,
      "tag_family": "tag36h11",
      "hamming": 0,
      "decision_margin": 72.14437866210938,
      "center": [
        182.55333130454636,
        677.4975945936362
      ],
      "corners": [
        [
          162.4351348876953,
          690.8827514648439
        ],
        [
          194.64395141601562,
          698.4974365234373
        ],
        [
          203.32159423828128,
          663.679931640625
        ],
        [
          170.30151367187503,
          656.2177734375001
        ]
      ],
      "homography": [
        [
          15.457578645783201,
          -2.0780111078060752,
          182.55333130454636
        ],
        [
          0.6278150497540733,
          24.99753138033816,
          677.4975945936362
        ],
        [
          -0.004638616309222528,
          0.011260694298961755,
          1.0
        ]
      ]
    }
  ]
}
