{
  "image_file": "167e52b138d8_dji_mimo_20260216_125718_20260216135719_1771268187552_video_.png",
  "image_sha256": "167e52b138d8e4cfdf5275c3dc6a3bd084811355e05b60993e3b84578ee10792",
  "image_width": 640,
  "image_height": 360,
  "detector_config": {
    "library": "pupil-apriltags",
    "library_version": "1.0.4.post11",
    "family": "tag36h11",
    "nthreads": 4,
    "quad_decimate": 1.0,
    "quad_sigma": 0.0,
    "refine_edges": true,
    "decode_sharpening": 0.25
  },
  "detected_at": "2026-03-24T14:14:33.569546+00:00",
  "num_detections": 2,
  "detections": [
    {
      "tag_id": 19,
      "tag_family": "tag36h11",
      "hamming": 2,
      "decision_margin": 33.636749267578125,
      "center": [
        210.42791838653037,
        152.0319909955032
      ],
      "corners": [
        [
          204.7481231689453,
          157.23678588867188
        ],
        [
          216.58885192871094,
          158.857650756836
        ],
        [
          215.97994995117193,
          146.94427490234378
        ],
        [
          204.87821960449222,
          145.88351440429685
        ]
      ],
      "homography": [
        [
          1.432472228455766,
          -6.576362481688818,
          210.42791838653037
        ],
        [
          -2.4410480344646714,
          0.9751556943509453,
          152.0319909955032
        ],
        [
          -0.02040985540849455,
          -0.031784999934912246,
          1.0
        ]
      ]
    },
    {
      "tag_id": 20,
      "tag_family": "tag36h11",
      "hamming": 1,
      "decision_margin": 39.42829513549805,
      "center": [
        232.89612439010247,
        154.5635254213093
      ],
      "corners": [
        [
          227.9715881347656,
          159.76199340820315
        ],
        [
          238.31921386718753,
          160.4928436279297
        ],
        [
          236.88998413085943,
          150.34750366210938
        ],
        [
          227.93128967285156,
          149.13523864746097
        ]
      ],
      "homography": [
        [
          11.812137529616338,
          -16.902304798678472,
          232.89612439010247
        ],
        [
          5.161377228525425,
          -6.312069246846419,
          154.5635254213093
        ],
        [
          0.030120258549314924,
          -0.07423443875136147,
          1.0
        ]
      ]
    }
  ]
}
