{
  "image_file": "173210009577_PC000001_MOV-0257_jpg_rf_a016112fd3730a8f4b6c4397bd2c831e.png",
  "image_sha256": "173210009577a257346de1986876703e207490d499b0449c655cbd1f5bba3b2e",
  "image_width": 640,
  "image_height": 360,
  "detector_config": {
    "library": "pupil-apriltags",
    "library_version": "1.0.4.post11",
    "family": "tag36h11",
    "nthreads": 4,
    "quad_decimate": 1.0,
    "quad_sigma": 0.0,
    "refine_edges": true,
    "decode_sharpening": 0.25
  },
  "detected_at": "2026-03-24T14:15:32.205185+00:00",
  "num_detections": 2,
  "detections": [
    {
      "tag_id": 3,
      "tag_family": "tag36h11",
      "hamming": 0,
      "decision_margin": 73.68367767333984,
      "center": [
        234.93513122967025,
        154.88596972028594
      ],
      "corners": [
        [
          221.32775878906253,
          169.10552978515628
        ],
        [
          249.5052490234375,
          169.02806091308597
        ],
        [
          248.58264160156253,
          140.62446594238278
        ],
        [
          220.59994506835938,
          140.9719085693359
        ]
      ],
      "homography": [
        [
          12.911828534348047,
          -0.3695972333370021,
          234.93513122967025
        ],
        [
          -0.8501530734500607,
          13.618446628869606,
          154.88596972028594
        ],
        [
          -0.00480015915288603,
          -0.0033274714308125287,
          1.0
        ]
      ]
    },
    {
      "tag_id": 4,
      "tag_family": "tag36h11",
      "hamming": 0,
      "decision_margin": 72.23558044433594,
      "center": [
        295.46700609962807,
        153.73370269777794
      ],
      "corners": [
        [
          281.9771728515625,
          167.8938446044922
        ],
        [
          309.8540649414062,
          168.16305541992193
        ],
        [
          309.6076354980469,
          138.89042663574222
        ],
        [
          281.56549072265625,
          139.79132080078122
        ]
      ],
      "homography": [
        [
          7.958502225987218,
          1.1102392233128748,
          295.46700609962807
        ],
        [
          -3.285815167566769,
          14.828826855000926,
          153.73370269777794
        ],
        [
          -0.02035875837996793,
          0.0031948157559337593,
          1.0
        ]
      ]
    }
  ]
}
