{
  "image_file": "173c2044526c_April_Tags___Enhancing_Scanning_Accuracy_and_User_Experience_frame_004290.png",
  "image_sha256": "173c2044526cfdaa2dd70c4119454beae475ed9519e48b637458dcdc0e16c69b",
  "image_width": 1920,
  "image_height": 1080,
  "detector_config": {
    "library": "pupil-apriltags",
    "library_version": "1.0.4.post11",
    "family": "tag36h11",
    "nthreads": 4,
    "quad_decimate": 1.0,
    "quad_sigma": 0.0,
    "refine_edges": true,
    "decode_sharpening": 0.25
  },
  "detected_at": "2026-04-11T20:38:40.670894+00:00",
  "num_detections": 3,
  "detections": [
    {
      "tag_id": 75,
      "tag_family": "tag36h11",
      "hamming": 0,
      "decision_margin": 44.66788864135742,
      "center": [
        789.5268284354363,
        611.1186542466278
      ],
      "corners": [
        [
          782.602294921875,
          618.4931030273438
        ],
        [
          796.4353637695312,
          617.6680297851564
        ],
        [
          796.3125000000001,
          603.89208984375
        ],
        [
          782.607666015625,
          604.5592041015624
        ]
      ],
      "homography": [
        [
          11.185819607949611,
          -3.665194898680055,
          789.5268284354363
        ],
        [
          2.9569751586263915,
          4.067100594904105,
          611.1186542466278
        ],
        [
          0.005448450132323068,
          -0.004679913973559883,
          1.0
        ]
      ]
    },
    {
      "tag_id": 79,
      "tag_family": "tag36h11",
      "hamming": 1,
      "decision_margin": 19.18504524230957,
      "center": [
        1444.5055252955208,
        609.135567818776
      ],
      "corners": [
        [
          1438.2301025390627,
          615.3653564453125
        ],
        [
          1451.26611328125,
          615.8944702148438
        ],
        [
          1450.2996826171873,
          603.3835449218751
        ],
        [
          1438.0468749999998,
          602.6785278320314
        ]
      ],
      "homography": [
        [
          18.61815385650221,
          -45.00561334513213,
          1444.5055252955208
        ],
        [
          5.499417932133726,
          -12.808024555289194,
          609.135567818776
        ],
        [
          0.008516735103161675,
          -0.03135751335258477,
          1.0
        ]
      ]
    },
    {
      "tag_id": 81,
      "tag_family": "tag36h11",
      "hamming": 0,
      "decision_margin": 59.249656677246094,
      "center": [
        1387.8071123474042,
        615.0963691530732
      ],
      "corners": [
        [
          1379.6988525390627,
          623.6917114257811
        ],
        [
          1396.4552001953125,
          623.4332275390626
        ],
        [
          1395.8557128906245,
          606.5642700195314
        ],
        [
          1379.1409912109373,
          606.7421264648435
        ]
      ],
      "homography": [
        [
          11.652671140733673,
          -1.5501316567708714,
          1387.8071123474042
        ],
        [
          1.346912576959311,
          7.6392709557575245,
          615.0963691530732
        ],
        [
          0.002367017394632054,
          -0.0013254862120699008,
          1.0
        ]
      ]
    }
  ],
  "ingest_metadata": {
    "original_name": "April Tags \uff5c Enhancing Scanning Accuracy and User Experience_frame_004290.png",
    "source": "April Tags \uff5c Enhancing Scanning Accuracy and User Experience.mp4",
    "dhash": "595b1b4f8b0f1723",
    "ingested_at": "2026-04-11T20:38:40.670929+00:00"
  }
}
