{
  "image_file": "17aefd24c2b8_Poi_Pouder_XXVI_Autonomous_-_2025_FRC_Reefscape_frame_000000.png",
  "image_sha256": "17aefd24c2b81d2f27794ad82179000a8d1ce6c0c9d874e07e6b949a850e8578",
  "image_width": 1280,
  "image_height": 720,
  "detector_config": {
    "library": "pupil-apriltags",
    "library_version": "1.0.4.post11",
    "family": "tag36h11",
    "nthreads": 4,
    "quad_decimate": 1.0,
    "quad_sigma": 0.0,
    "refine_edges": true,
    "decode_sharpening": 0.25
  },
  "detected_at": "2026-04-01T01:43:56.509467+00:00",
  "num_detections": 2,
  "detections": [
    {
      "tag_id": 17,
      "tag_family": "tag36h11",
      "hamming": 0,
      "decision_margin": 80.16429138183594,
      "center": [
        377.88583438877293,
        458.2960133936117
      ],
      "corners": [
        [
          362.50299072265625,
          481.1455993652343
        ],
        [
          394.58193969726557,
          473.82598876953125
        ],
        [
          392.3919677734375,
          436.7486877441406
        ],
        [
          361.3026733398438,
          442.87109375000006
        ]
      ],
      "homography": [
        [
          20.68641209743987,
          -5.329451845139542,
          377.88583438877293
        ],
        [
          2.592687800701468,
          11.329201480748111,
          458.2960133936117
        ],
        [
          0.012969197557249635,
          -0.016363030172142638,
          1.0
        ]
      ]
    },
    {
      "tag_id": 18,
      "tag_family": "tag36h11",
      "hamming": 0,
      "decision_margin": 85.24928283691406,
      "center": [
        165.09088068054652,
        475.80985062683146
      ],
      "corners": [
        [
          147.82736206054688,
          495.3595581054688
        ],
        [
          185.62637329101562,
          496.0144653320312
        ],
        [
          182.53364562988284,
          456.05715942382807
        ],
        [
          144.72947692871094,
          455.7765197753906
        ]
      ],
      "homography": [
        [
          18.122681420567147,
          1.622641609006822,
          165.09088068054652
        ],
        [
          -2.0074403039198527,
          20.100633365521105,
          475.80985062683146
        ],
        [
          -0.004710719684082047,
          0.00045394535354894335,
          1.0
        ]
      ]
    }
  ]
}
