{
  "image_file": "1a17731fedf5_2025_FIRST_Robotics_Competition_KitBot_Overview_frame_006902.png",
  "image_sha256": "1a17731fedf5b58d9affbf562145a96ef8f691f4b7ce467c717e118ce9ffcc53",
  "image_width": 1920,
  "image_height": 1080,
  "detector_config": {
    "library": "pupil-apriltags",
    "library_version": "1.0.4.post11",
    "family": "tag36h11",
    "nthreads": 4,
    "quad_decimate": 1.0,
    "quad_sigma": 0.0,
    "refine_edges": true,
    "decode_sharpening": 0.25
  },
  "detected_at": "2026-04-01T00:10:07.252451+00:00",
  "num_detections": 2,
  "detections": [
    {
      "tag_id": 1,
      "tag_family": "tag36h11",
      "hamming": 0,
      "decision_margin": 37.733516693115234,
      "center": [
        384.9023739726952,
        298.20944698747843
      ],
      "corners": [
        [
          363.74624633789057,
          322.6958312988281
        ],
        [
          408.40289306640636,
          322.2994995117188
        ],
        [
          405.6727600097656,
          274.1695251464844
        ],
        [
          361.01580810546864,
          273.7236633300781
        ]
      ],
      "homography": [
        [
          25.66519382281075,
          1.1624474032839234,
          384.9023739726952
        ],
        [
          2.599136192271143,
          24.11658283993694,
          298.20944698747843
        ],
        [
          0.008673543956207383,
          -0.0005268775420627753,
          1.0
        ]
      ]
    },
    {
      "tag_id": 7,
      "tag_family": "tag36h11",
      "hamming": 0,
      "decision_margin": 60.22928237915039,
      "center": [
        1599.0847082127714,
        877.3241946835414
      ],
      "corners": [
        [
          1579.2221679687502,
          906.1688232421874
        ],
        [
          1617.0699462890625,
          931.5913696289065
        ],
        [
          1619.8466796874998,
          847.1734008789062
        ],
        [
          1581.797119140625,
          825.1620483398434
        ]
      ],
      "homography": [
        [
          -14.549921079179057,
          0.5516940106560906,
          1599.0847082127714
        ],
        [
          -6.532877489811545,
          42.37443011246137,
          877.3241946835414
        ],
        [
          -0.020959382331325306,
          0.0011807294547372914,
          1.0
        ]
      ]
    }
  ]
}
