{
  "image_file": "1ae7783cdefb_FRC_5660_Symmetrical_Chaos_2025_frame_001121.png",
  "image_sha256": "1ae7783cdefb6ac82796d0d87996e2abcf1fb3b119bb5bc781b45bd728b4add6",
  "image_width": 1920,
  "image_height": 1080,
  "detector_config": {
    "library": "pupil-apriltags",
    "library_version": "1.0.4.post11",
    "family": "tag36h11",
    "nthreads": 4,
    "quad_decimate": 1.0,
    "quad_sigma": 0.0,
    "refine_edges": true,
    "decode_sharpening": 0.25
  },
  "detected_at": "2026-04-01T02:48:45.879545+00:00",
  "num_detections": 5,
  "detections": [
    {
      "tag_id": 7,
      "tag_family": "tag36h11",
      "hamming": 0,
      "decision_margin": 75.69570922851562,
      "center": [
        444.3975083507761,
        594.6479088944727
      ],
      "corners": [
        [
          422.7946166992188,
          619.2643432617188
        ],
        [
          468.72857666015625,
          623.6754150390624
        ],
        [
          466.2334899902343,
          569.765869140625
        ],
        [
          420.03857421874994,
          565.5871582031251
        ]
      ],
      "homography": [
        [
          21.96676590733631,
          2.63256090956867,
          444.3975083507761
        ],
        [
          0.7225392253721985,
          28.661903202493477,
          594.6479088944727
        ],
        [
          -0.0023968099113718493,
          0.002969120883824705,
          1.0
        ]
      ]
    },
    {
      "tag_id": 8,
      "tag_family": "tag36h11",
      "hamming": 0,
      "decision_margin": 74.09064483642578,
      "center": [
        726.2193667564678,
        590.6604248966123
      ],
      "corners": [
        [
          702.9943847656249,
          619.8109130859375
        ],
        [
          748.5587768554689,
          613.1690063476564
        ],
        [
          749.1895751953126,
          561.8297119140625
        ],
        [
          703.1175537109375,
          567.3836669921874
        ]
      ],
      "homography": [
        [
          31.000334982876893,
          3.898231266253792,
          726.2193667564678
        ],
        [
          3.532030730706307,
          29.26416678368787,
          590.6604248966123
        ],
        [
          0.011146467715288001,
          0.005631314522317904,
          1.0
        ]
      ]
    },
    {
      "tag_id": 12,
      "tag_family": "tag36h11",
      "hamming": 0,
      "decision_margin": 52.242774963378906,
      "center": [
        955.027103947811,
        264.297701651495
      ],
      "corners": [
        [
          949.0595092773439,
          271.2594909667969
        ],
        [
          960.8073120117188,
          271.3868103027344
        ],
        [
          961.2166137695312,
          257.0770263671875
        ],
        [
          948.8683471679689,
          256.7443237304687
        ]
      ],
      "homography": [
        [
          12.444016994995987,
          23.800505101372096,
          955.027103947811
        ],
        [
          1.890311684344793,
          13.803657598127415,
          264.297701651495
        ],
        [
          0.006726524307062785,
          0.024980472144363948,
          1.0
        ]
      ]
    },
    {
      "tag_id": 20,
      "tag_family": "tag36h11",
      "hamming": 0,
      "decision_margin": 59.10105514526367,
      "center": [
        1236.3532891472644,
        407.7383317658607
      ],
      "corners": [
        [
          1229.0524902343752,
          417.8792114257812
        ],
        [
          1242.4927978515625,
          417.5128173828125
        ],
        [
          1243.8020019531243,
          397.3919982910157
        ],
        [
          1230.0186767578123,
          397.65322875976574
        ]
      ],
      "homography": [
        [
          10.274156988775074,
          15.298778873731637,
          1236.3532891472644
        ],
        [
          0.9865659299872486,
          15.318102347384752,
          407.7383317658607
        ],
        [
          0.002806141690344956,
          0.012834534208792329,
          1.0
        ]
      ]
    },
    {
      "tag_id": 21,
      "tag_family": "tag36h11",
      "hamming": 0,
      "decision_margin": 80.61890411376953,
      "center": [
        1135.8845869788681,
        406.91082726987327
      ],
      "corners": [
        [
          1125.7857666015625,
          416.6279907226562
        ],
        [
          1145.3756103515625,
          417.3650512695312
        ],
        [
          1145.95654296875,
          397.2195129394531
        ],
        [
          1126.3308105468752,
          396.38748168945324
        ]
      ],
      "homography": [
        [
          12.43162872471612,
          0.8334339832631501,
          1135.8845869788681
        ],
        [
          1.333586423785731,
          10.495865148756252,
          406.91082726987327
        ],
        [
          0.002313435141107225,
          0.000981588169303956,
          1.0
        ]
      ]
    }
  ],
  "ingest_metadata": {
    "original_name": "FRC_5660_Symmetrical_Chaos_2025_frame_001121.png",
    "source": "unknown",
    "dhash": "24313611c90d0f0e",
    "ingested_at": "2026-04-01T02:48:45.875299+00:00"
  }
}
