{
  "image_file": "1bb654eb2869_Cranberry_Alarm_Ri3D_Robot_Reveal___Mini-Fridge___2026_FRC_R.png",
  "image_sha256": "1bb654eb2869fd9dd7ec7921ad7b3b7ad55dcfc2a3dfa34c6b925167323a6402",
  "image_width": 1920,
  "image_height": 1080,
  "detector_config": {
    "library": "pupil-apriltags",
    "library_version": "1.0.4.post11",
    "family": "tag36h11",
    "nthreads": 4,
    "quad_decimate": 1.0,
    "quad_sigma": 0.0,
    "refine_edges": true,
    "decode_sharpening": 0.25
  },
  "detected_at": "2026-04-01T03:24:27.473108+00:00",
  "num_detections": 2,
  "detections": [
    {
      "tag_id": 9,
      "tag_family": "tag36h11",
      "hamming": 0,
      "decision_margin": 72.95724487304688,
      "center": [
        1777.402587814459,
        298.4842991247869
      ],
      "corners": [
        [
          1751.1673583984373,
          341.824462890625
        ],
        [
          1805.4208984374998,
          333.9176940917969
        ],
        [
          1803.29345703125,
          255.71301269531244
        ],
        [
          1749.0738525390627,
          262.6583251953125
        ]
      ],
      "homography": [
        [
          37.88430345404299,
          0.08035210716116589,
          1777.402587814459
        ],
        [
          -1.904486094176837,
          39.17748564827639,
          298.4842991247869
        ],
        [
          0.006057723599282755,
          -0.0005485678413255711,
          1.0
        ]
      ]
    },
    {
      "tag_id": 10,
      "tag_family": "tag36h11",
      "hamming": 0,
      "decision_margin": 66.22905731201172,
      "center": [
        1890.6271080220824,
        283.5632200165547
      ],
      "corners": [
        [
          1867.7469482421877,
          324.4648132324219
        ],
        [
          1914.3612060546877,
          317.2130432128907
        ],
        [
          1913.7674560546873,
          242.19650268554688
        ],
        [
          1865.8421630859375,
          248.4235229492187
        ]
      ],
      "homography": [
        [
          38.758286752558206,
          26.437893434778747,
          1890.6271080220824
        ],
        [
          -1.1079355647129938,
          41.62809922587223,
          283.5632200165547
        ],
        [
          0.00800234836336914,
          0.013656094162313436,
          1.0
        ]
      ]
    }
  ],
  "ingest_metadata": {
    "original_name": "Cranberry_Alarm_Ri3D_Robot_Reveal___Mini-Fridge___2026_FRC_R.png",
    "source": "unknown",
    "dhash": "31b5c6b4e31336e4",
    "ingested_at": "2026-04-01T03:24:27.465300+00:00"
  }
}
