{
  "image_file": "1bf32bb98817_FRC_9483___Robot_POV__2024_Milstein_Q92__frame_004403.png",
  "image_sha256": "1bf32bb98817dffa5332cb5eb4807744144f237fbbfa943808eafa3b85001221",
  "image_width": 1920,
  "image_height": 1080,
  "detector_config": {
    "library": "pupil-apriltags",
    "library_version": "1.0.4.post11",
    "family": "tag36h11",
    "nthreads": 4,
    "quad_decimate": 1.0,
    "quad_sigma": 0.0,
    "refine_edges": true,
    "decode_sharpening": 0.25
  },
  "detected_at": "2026-04-01T16:11:51.104227+00:00",
  "num_detections": 3,
  "detections": [
    {
      "tag_id": 3,
      "tag_family": "tag36h11",
      "hamming": 0,
      "decision_margin": 45.78159713745117,
      "center": [
        1018.2009315322764,
        549.7063193820294
      ],
      "corners": [
        [
          1010.5859985351564,
          557.9587402343751
        ],
        [
          1025.73828125,
          559.9962768554686
        ],
        [
          1025.87841796875,
          541.3861083984375
        ],
        [
          1010.0496215820314,
          538.5781860351564
        ]
      ],
      "homography": [
        [
          25.579875336660844,
          22.098730995114355,
          1018.2009315322764
        ],
        [
          10.835058054546947,
          21.369801751264276,
          549.7063193820294
        ],
        [
          0.017521763788865337,
          0.021612250557498096,
          1.0
        ]
      ]
    },
    {
      "tag_id": 4,
      "tag_family": "tag36h11",
      "hamming": 2,
      "decision_margin": 60.554420471191406,
      "center": [
        959.9178950949031,
        540.8935782910793
      ],
      "corners": [
        [
          950.4619140624999,
          549.990966796875
        ],
        [
          968.6760253906251,
          552.1688232421875
        ],
        [
          968.7938842773436,
          532.3541870117186
        ],
        [
          950.9112548828124,
          529.2984008789061
        ]
      ],
      "homography": [
        [
          30.91790638795817,
          -8.60904668920909,
          959.9178950949031
        ],
        [
          13.65143214641671,
          5.348057146885823,
          540.8935782910793
        ],
        [
          0.0228135946837743,
          -0.008824676771242379,
          1.0
        ]
      ]
    },
    {
      "tag_id": 5,
      "tag_family": "tag36h11",
      "hamming": 0,
      "decision_margin": 75.69329071044922,
      "center": [
        327.9911425870611,
        245.42204118956667
      ],
      "corners": [
        [
          289.5395812988281,
          250.47253417968753
        ],
        [
          339.61083984374994,
          303.50878906249994
        ],
        [
          360.5577697753906,
          241.1445159912109
        ],
        [
          315.0660705566406,
          180.80973815917972
        ]
      ],
      "homography": [
        [
          46.062835222195304,
          -16.381472034481867,
          327.9911425870611
        ],
        [
          44.96666942031259,
          29.261713854184485,
          245.42204118956667
        ],
        [
          0.06802429386300175,
          -0.01484087386576466,
          1.0
        ]
      ]
    }
  ],
  "ingest_metadata": {
    "original_name": "FRC_9483___Robot_POV__2024_Milstein_Q92__frame_004403.png",
    "source": "unknown",
    "dhash": "56bda7e2e9e8e8f8",
    "ingested_at": "2026-04-01T16:11:51.095302+00:00"
  }
}
