{
  "image_file": "1c5fd74b1ae9_Apriltags_based_localisation_demo_frame_000720.png",
  "image_sha256": "1c5fd74b1ae97a5030f0f260183d7f78d6f05ce687f6d7566f7db255444ca936",
  "image_width": 1920,
  "image_height": 712,
  "detector_config": {
    "library": "pupil-apriltags",
    "library_version": "1.0.4.post11",
    "family": "tag36h11",
    "nthreads": 4,
    "quad_decimate": 1.0,
    "quad_sigma": 0.0,
    "refine_edges": true,
    "decode_sharpening": 0.25
  },
  "detected_at": "2026-04-11T20:34:44.456340+00:00",
  "num_detections": 7,
  "detections": [
    {
      "tag_id": 43,
      "tag_family": "tag36h11",
      "hamming": 0,
      "decision_margin": 46.79358673095703,
      "center": [
        1572.20193216159,
        368.46718653510067
      ],
      "corners": [
        [
          1551.3991699218748,
          378.47216796875
        ],
        [
          1582.9442138671875,
          416.5144653320313
        ],
        [
          1597.4610595703127,
          356.3189392089844
        ],
        [
          1561.5584716796873,
          320.86190795898426
        ]
      ],
      "homography": [
        [
          -62.931655144126815,
          66.35932121077893,
          1572.20193216159
        ],
        [
          -0.24927290492758516,
          46.37188297678574,
          368.46718653510067
        ],
        [
          -0.05068411502781906,
          0.046063222153094496,
          1.0
        ]
      ]
    },
    {
      "tag_id": 44,
      "tag_family": "tag36h11",
      "hamming": 0,
      "decision_margin": 94.92964172363281,
      "center": [
        1497.6168185092404,
        365.9263844023818
      ],
      "corners": [
        [
          1509.5831298828127,
          351.8071899414062
        ],
        [
          1465.7419433593752,
          355.0249023437499
        ],
        [
          1484.5291748046875,
          381.36865234375
        ],
        [
          1530.1767578125,
          377.0621643066407
        ]
      ],
      "homography": [
        [
          -47.91076538730226,
          31.61950403448941,
          1497.6168185092404
        ],
        [
          -4.376714421255826,
          -2.750180308735594,
          365.9263844023818
        ],
        [
          -0.017062402314528803,
          0.027694296876634186,
          1.0
        ]
      ]
    },
    {
      "tag_id": 45,
      "tag_family": "tag36h11",
      "hamming": 0,
      "decision_margin": 40.465980529785156,
      "center": [
        1631.676051881117,
        385.63470759036073
      ],
      "corners": [
        [
          1594.6187744140627,
          418.6586608886719
        ],
        [
          1651.8079833984375,
          410.5024719238281
        ],
        [
          1669.1359863281248,
          352.2519226074219
        ],
        [
          1610.1175537109375,
          359.0047912597657
        ]
      ],
      "homography": [
        [
          52.54716142291477,
          24.106475524302375,
          1631.676051881117
        ],
        [
          1.8140895901817045,
          37.100283083673105,
          385.63470759036073
        ],
        [
          0.014407270691786609,
          0.019810813975420713,
          1.0
        ]
      ]
    },
    {
      "tag_id": 46,
      "tag_family": "tag36h11",
      "hamming": 0,
      "decision_margin": 48.94572067260742,
      "center": [
        1441.0499410423313,
        293.6130878082881
      ],
      "corners": [
        [
          1452.4888916015625,
          283.81433105468744
        ],
        [
          1414.3299560546873,
          285.67202758789074
        ],
        [
          1428.1302490234373,
          304.68026733398443
        ],
        [
          1468.4559326171875,
          301.7580261230468
        ]
      ],
      "homography": [
        [
          -54.264467414471255,
          45.470065076130595,
          1441.0499410423313
        ],
        [
          -5.88722886932959,
          1.5668496075717826,
          293.6130878082881
        ],
        [
          -0.02405745183148105,
          0.03673170975309587,
          1.0
        ]
      ]
    },
    {
      "tag_id": 47,
      "tag_family": "tag36h11",
      "hamming": 0,
      "decision_margin": 46.263221740722656,
      "center": [
        1296.1399918298002,
        214.9251238037222
      ],
      "corners": [
        [
          1270.3884277343752,
          238.27224731445312
        ],
        [
          1319.320068359375,
          238.1107940673828
        ],
        [
          1321.7353515625,
          191.71961975097656
        ],
        [
          1271.833251953125,
          190.61251831054685
        ]
      ],
      "homography": [
        [
          42.049138865770374,
          12.43287947852287,
          1296.1399918298002
        ],
        [
          3.106387893104906,
          25.728654649582836,
          214.9251238037222
        ],
        [
          0.013383975084775127,
          0.010341838359148025,
          1.0
        ]
      ]
    },
    {
      "tag_id": 48,
      "tag_family": "tag36h11",
      "hamming": 0,
      "decision_margin": 91.55020904541016,
      "center": [
        1318.5836004490848,
        383.9508558208582
      ],
      "corners": [
        [
          1339.9949951171875,
          366.9479675292968
        ],
        [
          1286.4586181640625,
          372.2144470214844
        ],
        [
          1296.0377197265625,
          401.8546447753906
        ],
        [
          1352.7918701171875,
          396.4483642578125
        ]
      ],
      "homography": [
        [
          -23.858538396140148,
          32.13656559978563,
          1318.5836004490848
        ],
        [
          3.7429443937461997,
          -3.7894444603461466,
          383.9508558208582
        ],
        [
          0.0027987731445035862,
          0.02860760784451568,
          1.0
        ]
      ]
    },
    {
      "tag_id": 56,
      "tag_family": "tag36h11",
      "hamming": 0,
      "decision_margin": 94.66048431396484,
      "center": [
        1720.12588889629,
        651.4533179382538
      ],
      "corners": [
        [
          1724.7679443359382,
          610.4451293945311
        ],
        [
          1662.9776611328123,
          627.4752197265624
        ],
        [
          1714.7778320312495,
          698.6983642578125
        ],
        [
          1780.1920166015625,
          676.6557006835938
        ]
      ],
      "homography": [
        [
          -71.14099303720423,
          55.39044562798745,
          1720.12588889629
        ],
        [
          -5.244946792545193,
          -3.1129665041155477,
          651.4533179382538
        ],
        [
          -0.022888155436069552,
          0.047781863464631286,
          1.0
        ]
      ]
    }
  ],
  "ingest_metadata": {
    "original_name": "Apriltags based localisation demo_frame_000720.png",
    "source": "Apriltags based localisation demo.mp4",
    "dhash": "254d5c9e5c985e5c",
    "ingested_at": "2026-04-11T20:34:44.456373+00:00"
  }
}
