{
  "image_file": "1d5ef75a8183_gdrive_1OFEerTz_puEJG8C3M6D15g2TPNTZb00F_frame_000826.png",
  "image_sha256": "1d5ef75a818312032c0da331d43c5ff451daf76be438f2f48110392af1a72345",
  "image_width": 1920,
  "image_height": 1080,
  "detector_config": {
    "library": "pupil-apriltags",
    "library_version": "1.0.4.post11",
    "family": "tag36h11",
    "nthreads": 4,
    "quad_decimate": 1.0,
    "quad_sigma": 0.0,
    "refine_edges": true,
    "decode_sharpening": 0.25
  },
  "detected_at": "2026-03-31T23:42:16.511697+00:00",
  "num_detections": 3,
  "detections": [
    {
      "tag_id": 19,
      "tag_family": "tag36h11",
      "hamming": 0,
      "decision_margin": 56.43914794921875,
      "center": [
        629.9893451840294,
        456.2467150777295
      ],
      "corners": [
        [
          612.9746704101561,
          470.985107421875
        ],
        [
          647.0310668945312,
          474.33746337890625
        ],
        [
          646.2753295898438,
          442.1395263671875
        ],
        [
          612.3011474609375,
          437.4696960449219
        ]
      ],
      "homography": [
        [
          29.756845253733673,
          -0.6710396245321099,
          629.9893451840294
        ],
        [
          11.244013372984567,
          15.67623401567562,
          456.2467150777295
        ],
        [
          0.020248271603007573,
          -0.0016338888709602575,
          1.0
        ]
      ]
    },
    {
      "tag_id": 20,
      "tag_family": "tag36h11",
      "hamming": 0,
      "decision_margin": 67.28768920898438,
      "center": [
        696.1511325801918,
        464.0505699897432
      ],
      "corners": [
        [
          682.3927612304689,
          477.80606079101557
        ],
        [
          710.5363159179688,
          480.3737487792969
        ],
        [
          709.3585815429688,
          450.8458862304688
        ],
        [
          681.2622680664064,
          447.1558532714843
        ]
      ],
      "homography": [
        [
          27.155200237099052,
          -0.5447254393592369,
          696.1511325801918
        ],
        [
          10.297316479532524,
          14.291040256562384,
          464.0505699897432
        ],
        [
          0.018818059791030822,
          -0.001612336190304679,
          1.0
        ]
      ]
    },
    {
      "tag_id": 23,
      "tag_family": "tag36h11",
      "hamming": 0,
      "decision_margin": 42.53839874267578,
      "center": [
        951.6013281663945,
        532.0960141428775
      ],
      "corners": [
        [
          947.779479980469,
          540.0628051757812
        ],
        [
          956.3690185546875,
          540.3311157226562
        ],
        [
          955.1840820312497,
          524.6276245117186
        ],
        [
          946.8279418945312,
          523.85107421875
        ]
      ],
      "homography": [
        [
          19.882120301772492,
          -14.543491561967015,
          951.6013281663945
        ],
        [
          9.014743979538366,
          -0.45707260661867966,
          532.0960141428775
        ],
        [
          0.01644347385572943,
          -0.015846488444830865,
          1.0
        ]
      ]
    }
  ],
  "ingest_metadata": {
    "original_name": "gdrive_1OFEerTz_puEJG8C3M6D15g2TPNTZb00F_frame_000826.png",
    "source": "unknown",
    "dhash": "e6d7f0b23094c6c2",
    "ingested_at": "2026-03-31T23:42:16.505301+00:00"
  }
}
