{
  "image_file": "1db578547616_2026_FIRST_Robotics_Competition_Field_Tour__Alliance_Station.png",
  "image_sha256": "1db578547616b6875aabfb0764e1f6e73f4c98d74743ab02211b0fbc37d9b8e0",
  "image_width": 1920,
  "image_height": 1080,
  "detector_config": {
    "library": "pupil-apriltags",
    "library_version": "1.0.4.post11",
    "family": "tag36h11",
    "nthreads": 4,
    "quad_decimate": 1.0,
    "quad_sigma": 0.0,
    "refine_edges": true,
    "decode_sharpening": 0.25
  },
  "detected_at": "2026-04-01T00:05:37.275464+00:00",
  "num_detections": 3,
  "detections": [
    {
      "tag_id": 1,
      "tag_family": "tag36h11",
      "hamming": 0,
      "decision_margin": 39.757442474365234,
      "center": [
        822.9275494467971,
        233.9603203795585
      ],
      "corners": [
        [
          814.3231201171875,
          243.26675415039062
        ],
        [
          832.6082763671874,
          243.38984680175778
        ],
        [
          831.4924926757811,
          224.6965942382812
        ],
        [
          813.1799926757811,
          224.4656982421875
        ]
      ],
      "homography": [
        [
          11.510980160934082,
          1.033771581360726,
          822.9275494467971
        ],
        [
          0.7598875636918183,
          9.506856770490288,
          233.9603203795585
        ],
        [
          0.0028698106816950303,
          0.000570011985454803,
          1.0
        ]
      ]
    },
    {
      "tag_id": 3,
      "tag_family": "tag36h11",
      "hamming": 0,
      "decision_margin": 55.779903411865234,
      "center": [
        1174.9912287333145,
        209.03698712895243
      ],
      "corners": [
        [
          1164.9598388671877,
          219.28263854980472
        ],
        [
          1184.2451171875,
          218.63810729980474
        ],
        [
          1185.27001953125,
          198.5386505126953
        ],
        [
          1165.297485351563,
          198.97950744628903
        ]
      ],
      "homography": [
        [
          16.293052983188087,
          20.452189258726097,
          1174.9912287333145
        ],
        [
          0.8799383786703158,
          13.79669991931874,
          209.03698712895243
        ],
        [
          0.005516556915600592,
          0.017697685971057007,
          1.0
        ]
      ]
    },
    {
      "tag_id": 6,
      "tag_family": "tag36h11",
      "hamming": 0,
      "decision_margin": 40.124542236328125,
      "center": [
        1609.438390684364,
        225.2704278922836
      ],
      "corners": [
        [
          1598.5328369140623,
          234.97160339355472
        ],
        [
          1618.0494384765625,
          234.6892547607422
        ],
        [
          1620.5217285156252,
          215.41110229492182
        ],
        [
          1600.8709716796877,
          215.89932250976562
        ]
      ],
      "homography": [
        [
          1.241381029271451,
          3.2602467555504973,
          1609.438390684364
        ],
        [
          -1.3890922035046755,
          10.211870090951834,
          225.2704278922836
        ],
        [
          -0.005312456546678148,
          0.0027727195586380745,
          1.0
        ]
      ]
    }
  ]
}
