{
  "image_file": "1dc2bc107839_2024_Field_Tour_Video__Alliance_Area_frame_000413.png",
  "image_sha256": "1dc2bc10783935028fe2f1890ea6e8d633da6cb89076b8be242d60ad5bb666dc",
  "image_width": 1920,
  "image_height": 1080,
  "detector_config": {
    "library": "pupil-apriltags",
    "library_version": "1.0.4.post11",
    "family": "tag36h11",
    "nthreads": 4,
    "quad_decimate": 1.0,
    "quad_sigma": 0.0,
    "refine_edges": true,
    "decode_sharpening": 0.25
  },
  "detected_at": "2026-04-01T00:12:09.070413+00:00",
  "num_detections": 4,
  "detections": [
    {
      "tag_id": 7,
      "tag_family": "tag36h11",
      "hamming": 0,
      "decision_margin": 44.15338897705078,
      "center": [
        1227.1352986385477,
        395.5081238062244
      ],
      "corners": [
        [
          1211.3616943359375,
          409.47662353515625
        ],
        [
          1241.0649414062498,
          409.4709777832032
        ],
        [
          1243.074951171875,
          381.39257812500006
        ],
        [
          1213.238037109375,
          381.5777282714843
        ]
      ],
      "homography": [
        [
          10.958231216459126,
          1.5272257564572569,
          1227.1352986385477
        ],
        [
          -1.3130611438709838,
          14.79942742889915,
          395.5081238062244
        ],
        [
          -0.003199795733072913,
          0.0020361291539901494,
          1.0
        ]
      ]
    },
    {
      "tag_id": 8,
      "tag_family": "tag36h11",
      "hamming": 0,
      "decision_margin": 41.544002532958984,
      "center": [
        1123.80885163554,
        394.9722936667159
      ],
      "corners": [
        [
          1108.5911865234377,
          408.6806945800781
        ],
        [
          1138.0915527343748,
          409.15216064453125
        ],
        [
          1139.1323242187498,
          381.1685791015625
        ],
        [
          1109.7098388671875,
          380.97479248046864
        ]
      ],
      "homography": [
        [
          9.146965848852687,
          -2.2300685995082845,
          1123.80885163554
        ],
        [
          -1.7962186404371907,
          13.32802575640568,
          394.9722936667159
        ],
        [
          -0.004968245429269432,
          -0.0015038207518682082,
          1.0
        ]
      ]
    },
    {
      "tag_id": 9,
      "tag_family": "tag36h11",
      "hamming": 0,
      "decision_margin": 41.99065017700195,
      "center": [
        363.88976772179177,
        432.29722496882545
      ],
      "corners": [
        [
          353.9039001464844,
          451.07403564453125
        ],
        [
          377.8027038574219,
          442.09063720703125
        ],
        [
          373.70181274414057,
          413.8472595214844
        ],
        [
          349.21084594726557,
          421.9646301269531
        ]
      ],
      "homography": [
        [
          18.563743830963574,
          5.470655778647486,
          363.88976772179177
        ],
        [
          3.4103598417225363,
          18.226811562295325,
          432.29722496882545
        ],
        [
          0.017785091986527914,
          0.009005249561161653,
          1.0
        ]
      ]
    },
    {
      "tag_id": 10,
      "tag_family": "tag36h11",
      "hamming": 0,
      "decision_margin": 42.42747116088867,
      "center": [
        143.15900987843293,
        506.3101756608037
      ],
      "corners": [
        [
          130.43359375,
          527.984619140625
        ],
        [
          162.22222900390625,
          516.8927612304688
        ],
        [
          155.9277801513672,
          484.5618896484375
        ],
        [
          123.07879638671876,
          495.1630249023437
        ]
      ],
      "homography": [
        [
          17.890779378914402,
          5.38717212809158,
          143.15900987843293
        ],
        [
          0.7198926664769913,
          23.292200510837972,
          506.3101756608037
        ],
        [
          0.012140337847577233,
          0.013840888075728015,
          1.0
        ]
      ]
    }
  ]
}
