{
  "image_file": "1e08f5a6257e_Team_6036___Peninsula_Robotics___2025_Robot_frame_000912.png",
  "image_sha256": "1e08f5a6257e3b503203ae43ca3a110a70bae3afb8f93e75acbe1714c5b55f27",
  "image_width": 1920,
  "image_height": 1080,
  "detector_config": {
    "library": "pupil-apriltags",
    "library_version": "1.0.4.post11",
    "family": "tag36h11",
    "nthreads": 4,
    "quad_decimate": 1.0,
    "quad_sigma": 0.0,
    "refine_edges": true,
    "decode_sharpening": 0.25
  },
  "detected_at": "2026-04-01T02:11:31.920380+00:00",
  "num_detections": 5,
  "detections": [
    {
      "tag_id": 3,
      "tag_family": "tag36h11",
      "hamming": 0,
      "decision_margin": 63.90776443481445,
      "center": [
        1426.488545176963,
        257.6219388477201
      ],
      "corners": [
        [
          1417.4948730468748,
          295.04388427734375
        ],
        [
          1436.6419677734375,
          297.35333251953125
        ],
        [
          1436.193115234375,
          217.2420043945312
        ],
        [
          1416.1221923828125,
          217.05732727050776
        ]
      ],
      "homography": [
        [
          -9.918785987946425,
          34.979996431241716,
          1426.488545176963
        ],
        [
          -2.911194891166423,
          45.72817320841057,
          257.6219388477201
        ],
        [
          -0.01382133846578352,
          0.0241981673356276,
          1.0
        ]
      ]
    },
    {
      "tag_id": 4,
      "tag_family": "tag36h11",
      "hamming": 0,
      "decision_margin": 81.84761810302734,
      "center": [
        519.6573917611283,
        34.8649498099637
      ],
      "corners": [
        [
          490.8644104003906,
          61.88996505737305
        ],
        [
          551.1837768554688,
          62.307529449462905
        ],
        [
          548.9257812500001,
          7.393717765808097
        ],
        [
          487.727783203125,
          7.071378707885725
        ]
      ],
      "homography": [
        [
          29.901292907583183,
          5.1275230656448265,
          519.6573917611283
        ],
        [
          0.15336665691218715,
          27.685138668890772,
          34.8649498099637
        ],
        [
          -0.0009168242441490857,
          0.007271203719664771,
          1.0
        ]
      ]
    },
    {
      "tag_id": 13,
      "tag_family": "tag36h11",
      "hamming": 0,
      "decision_margin": 69.05416870117188,
      "center": [
        833.4695217096181,
        198.5738759517895
      ],
      "corners": [
        [
          825.2111206054685,
          213.58740234375
        ],
        [
          843.9386596679688,
          213.20222473144528
        ],
        [
          841.6837158203127,
          183.64071655273438
        ],
        [
          823.177062988281,
          184.19239807128903
        ]
      ],
      "homography": [
        [
          6.880146941622229,
          -3.5928476817550736,
          833.4695217096181
        ],
        [
          -0.8131553089408231,
          13.627173188313549,
          198.5738759517895
        ],
        [
          -0.002913118510763393,
          -0.005596787530641421,
          1.0
        ]
      ]
    },
    {
      "tag_id": 20,
      "tag_family": "tag36h11",
      "hamming": 0,
      "decision_margin": 74.23238372802734,
      "center": [
        259.68136226616923,
        498.6684606235761
      ],
      "corners": [
        [
          248.18615722656256,
          520.2298583984377
        ],
        [
          273.2978820800781,
          515.8968505859374
        ],
        [
          271.0889892578125,
          477.2713317871092
        ],
        [
          245.85873413085943,
          481.17929077148443
        ]
      ],
      "homography": [
        [
          14.056815799850028,
          1.6125727045223943,
          259.68136226616923
        ],
        [
          0.7657202478097791,
          20.337813144189568,
          498.6684606235761
        ],
        [
          0.005667682725920425,
          0.001843786718478736,
          1.0
        ]
      ]
    },
    {
      "tag_id": 21,
      "tag_family": "tag36h11",
      "hamming": 0,
      "decision_margin": 86.06879425048828,
      "center": [
        58.04238445394551,
        516.9759757716223
      ],
      "corners": [
        [
          38.36062622070313,
          538.2843627929688
        ],
        [
          80.91065979003908,
          536.3781127929688
        ],
        [
          77.66017150878905,
          495.7368469238283
        ],
        [
          35.4922752380371,
          497.8437805175783
        ]
      ],
      "homography": [
        [
          21.02283940224973,
          1.2786383482198174,
          58.04238445394551
        ],
        [
          -2.393744987922903,
          18.038431259250274,
          516.9759757716223
        ],
        [
          -0.0026887216971199068,
          -0.0043165058846948426,
          1.0
        ]
      ]
    }
  ]
}
