{
  "image_file": "1e1e04453fd9_PC000006_MOV-0007_jpg_rf_617be701f102a317d55ac2c48714e0d8.png",
  "image_sha256": "1e1e04453fd9559bbd98025afa001e8571bb565d9b9427f72d87417f716868d1",
  "image_width": 640,
  "image_height": 360,
  "detector_config": {
    "library": "pupil-apriltags",
    "library_version": "1.0.4.post11",
    "family": "tag36h11",
    "nthreads": 4,
    "quad_decimate": 1.0,
    "quad_sigma": 0.0,
    "refine_edges": true,
    "decode_sharpening": 0.25
  },
  "detected_at": "2026-03-24T14:13:38.669708+00:00",
  "num_detections": 4,
  "detections": [
    {
      "tag_id": 2,
      "tag_family": "tag36h11",
      "hamming": 0,
      "decision_margin": 49.5338249206543,
      "center": [
        329.9763716001661,
        111.44516188493698
      ],
      "corners": [
        [
          326.1883544921875,
          124.11727905273438
        ],
        [
          336.5975036621094,
          125.955207824707
        ],
        [
          333.82128906249994,
          98.5826950073242
        ],
        [
          322.54531860351557,
          95.16019439697267
        ]
      ],
      "homography": [
        [
          13.688952295011857,
          12.332533779449081,
          329.9763716001661
        ],
        [
          4.086161420679245,
          17.68352131061171,
          111.44516188493698
        ],
        [
          0.02509103507327606,
          0.03254561939220842,
          1.0
        ]
      ]
    },
    {
      "tag_id": 9,
      "tag_family": "tag36h11",
      "hamming": 0,
      "decision_margin": 69.95745086669922,
      "center": [
        133.80642766310643,
        126.16212594717283
      ],
      "corners": [
        [
          125.11415863037108,
          142.53813171386716
        ],
        [
          146.91526794433594,
          138.8393249511719
        ],
        [
          142.94020080566403,
          108.95433807373048
        ],
        [
          120.80768585205078,
          113.59140014648435
        ]
      ],
      "homography": [
        [
          9.041401870617904,
          3.4478809889907334,
          133.80642766310643
        ],
        [
          -3.9073005681335378,
          15.998999267161452,
          126.16212594717283
        ],
        [
          -0.014492236527197958,
          0.01027512941307823,
          1.0
        ]
      ]
    },
    {
      "tag_id": 10,
      "tag_family": "tag36h11",
      "hamming": 0,
      "decision_margin": 75.15422058105469,
      "center": [
        183.62261781063415,
        116.56487230973856
      ],
      "corners": [
        [
          173.82357788085938,
          134.1648712158203
        ],
        [
          198.13261413574216,
          129.83462524414062
        ],
        [
          193.54075622558597,
          98.75096130371094
        ],
        [
          169.46049499511722,
          103.61325836181639
        ]
      ],
      "homography": [
        [
          10.427588115722813,
          1.678501909128586,
          183.62261781063415
        ],
        [
          -3.3579535141832384,
          15.052446994318885,
          116.56487230973856
        ],
        [
          -0.009086577979476144,
          -0.0030462367554553124,
          1.0
        ]
      ]
    },
    {
      "tag_id": 11,
      "tag_family": "tag36h11",
      "hamming": 0,
      "decision_margin": 56.661781311035156,
      "center": [
        302.6659853569845,
        104.68809813276138
      ],
      "corners": [
        [
          297.2300109863282,
          118.92076873779298
        ],
        [
          311.27581787109375,
          121.47702026367189
        ],
        [
          307.84985351562494,
          91.11550140380858
        ],
        [
          293.4468688964844,
          86.71109008789062
        ]
      ],
      "homography": [
        [
          15.869647418803652,
          3.377680272314594,
          302.6659853569845
        ],
        [
          4.765334876957224,
          16.17492553011634,
          104.68809813276138
        ],
        [
          0.028956511667136055,
          0.005217344977951092,
          1.0
        ]
      ]
    }
  ]
}
