{
  "image_file": "1e4417e7eb4d_PC000015_MOV-0019_jpg_rf_566ad7682a4c8858554410c6af0e3398.png",
  "image_sha256": "1e4417e7eb4d1959f728ec03a8d9e4970c176d99394285890daa57fb1e2a61de",
  "image_width": 640,
  "image_height": 360,
  "detector_config": {
    "library": "pupil-apriltags",
    "library_version": "1.0.4.post11",
    "family": "tag36h11",
    "nthreads": 4,
    "quad_decimate": 1.0,
    "quad_sigma": 0.0,
    "refine_edges": true,
    "decode_sharpening": 0.25
  },
  "detected_at": "2026-03-24T14:14:21.701812+00:00",
  "num_detections": 2,
  "detections": [
    {
      "tag_id": 31,
      "tag_family": "tag36h11",
      "hamming": 0,
      "decision_margin": 72.36752319335938,
      "center": [
        161.28728100407176,
        183.84878359820456
      ],
      "corners": [
        [
          133.6773681640625,
          217.22337341308597
        ],
        [
          180.65837097167966,
          234.74237060546872
        ],
        [
          192.5824432373047,
          146.01950073242185
        ],
        [
          143.03875732421878,
          135.90451049804688
        ]
      ],
      "homography": [
        [
          16.61348978039578,
          -2.6332312751736686,
          161.28728100407176
        ],
        [
          -1.5378680834168164,
          45.42676136844341,
          183.84878359820456
        ],
        [
          -0.046201215727826914,
          0.016361295034470924,
          1.0
        ]
      ]
    },
    {
      "tag_id": 32,
      "tag_family": "tag36h11",
      "hamming": 0,
      "decision_margin": 86.09235382080078,
      "center": [
        336.54029345638446,
        235.7351907646363
      ],
      "corners": [
        [
          287.27844238281256,
          276.01550292968756
        ],
        [
          374.70092773437494,
          310.28115844726557
        ],
        [
          394.1070556640625,
          188.66413879394526
        ],
        [
          302.7056274414063,
          169.6399078369141
        ]
      ],
      "homography": [
        [
          21.287363428018523,
          -5.641314336896127,
          336.54029345638446
        ],
        [
          -2.9178687790716324,
          58.820030010564125,
          235.7351907646363
        ],
        [
          -0.06891366350917474,
          0.00882684887809734,
          1.0
        ]
      ]
    }
  ],
  "ingest_metadata": {
    "original_name": "PC000015_MOV-0019_jpg_rf_566ad7682a4c8858554410c6af0e3398.png",
    "source": "unknown",
    "dhash": "94c4c4579d85a2f0",
    "ingested_at": "2026-03-24T14:14:21.691540+00:00"
  }
}
