{
  "image_file": "1e484b1d03b5_FRC_Team_Under_Control__1156__2024_Robot_Reveal_-__Viper__fr.png",
  "image_sha256": "1e484b1d03b5894cba1aa8b5b7c69b94c413762dc07dcc412500e2c827137678",
  "image_width": 1920,
  "image_height": 1080,
  "detector_config": {
    "library": "pupil-apriltags",
    "library_version": "1.0.4.post11",
    "family": "tag36h11",
    "nthreads": 4,
    "quad_decimate": 1.0,
    "quad_sigma": 0.0,
    "refine_edges": true,
    "decode_sharpening": 0.25
  },
  "detected_at": "2026-04-01T00:29:20.125852+00:00",
  "num_detections": 2,
  "detections": [
    {
      "tag_id": 3,
      "tag_family": "tag36h11",
      "hamming": 0,
      "decision_margin": 62.49287414550781,
      "center": [
        1152.7145857012129,
        433.50753177409547
      ],
      "corners": [
        [
          1116.5328369140625,
          480.9573974609375
        ],
        [
          1197.0018310546877,
          477.0609130859375
        ],
        [
          1188.256713867188,
          386.89648437500006
        ],
        [
          1108.33251953125,
          389.86090087890625
        ]
      ],
      "homography": [
        [
          45.85303887629493,
          -0.28574872481453334,
          1152.7145857012129
        ],
        [
          0.451382250150397,
          43.612156460189,
          433.50753177409547
        ],
        [
          0.004993597880787808,
          -0.003924222074672547,
          1.0
        ]
      ]
    },
    {
      "tag_id": 4,
      "tag_family": "tag36h11",
      "hamming": 0,
      "decision_margin": 77.09178924560547,
      "center": [
        864.6661050882966,
        445.6577923678677
      ],
      "corners": [
        [
          826.8927612304688,
          494.8700866699219
        ],
        [
          911.5970458984375,
          489.49179077148443
        ],
        [
          902.2918090820312,
          396.6378479003906
        ],
        [
          817.7107543945311,
          401.8009948730468
        ]
      ],
      "homography": [
        [
          43.280222047536654,
          3.887728633229818,
          864.6661050882966
        ],
        [
          -2.1410096535519814,
          46.102273043957496,
          445.6577923678677
        ],
        [
          0.0011090536144774904,
          -0.0008490594957032501,
          1.0
        ]
      ]
    }
  ],
  "ingest_metadata": {
    "original_name": "FRC_Team_Under_Control__1156__2024_Robot_Reveal_-__Viper__fr.png",
    "source": "unknown",
    "dhash": "9d936162f2f24146",
    "ingested_at": "2026-04-01T00:29:20.115302+00:00"
  }
}
