{
  "image_file": "1e61f67bcf93_2026_FRC_-_Hemlock_s_Gray_Matter_Robot_Reveal__Athena_frame_.png",
  "image_sha256": "1e61f67bcf9328c3ebf55de829ef704c284f3aa1c29d03f1ce83062a080aa348",
  "image_width": 1920,
  "image_height": 1080,
  "detector_config": {
    "library": "pupil-apriltags",
    "library_version": "1.0.4.post11",
    "family": "tag36h11",
    "nthreads": 4,
    "quad_decimate": 1.0,
    "quad_sigma": 0.0,
    "refine_edges": true,
    "decode_sharpening": 0.25
  },
  "detected_at": "2026-04-01T04:22:10.173652+00:00",
  "num_detections": 5,
  "detections": [
    {
      "tag_id": 18,
      "tag_family": "tag36h11",
      "hamming": 0,
      "decision_margin": 62.049713134765625,
      "center": [
        1536.1283050976094,
        522.9060480077007
      ],
      "corners": [
        [
          1515.983642578125,
          551.1828002929688
        ],
        [
          1549.3824462890625,
          541.0787963867189
        ],
        [
          1556.4486083984377,
          494.38275146484375
        ],
        [
          1522.5606689453127,
          504.30346679687483
        ]
      ],
      "homography": [
        [
          22.463939273276537,
          8.899501056196872,
          1536.1283050976094
        ],
        [
          -3.0861391799437605,
          27.583057427076483,
          522.9060480077007
        ],
        [
          0.003673755699152146,
          0.008014319883086466,
          1.0
        ]
      ]
    },
    {
      "tag_id": 23,
      "tag_family": "tag36h11",
      "hamming": 0,
      "decision_margin": 53.7802848815918,
      "center": [
        915.8905029463597,
        349.5466766945039
      ],
      "corners": [
        [
          909.0783691406249,
          360.4903869628906
        ],
        [
          923.9603881835938,
          366.8849487304687
        ],
        [
          923.0462036132814,
          338.05102539062506
        ],
        [
          907.7219848632812,
          331.99649047851574
        ]
      ],
      "homography": [
        [
          -0.9332019886879852,
          14.61526723748932,
          915.8905029463597
        ],
        [
          -0.12197216650747819,
          19.688721096225095,
          349.5466766945039
        ],
        [
          -0.009261477169736911,
          0.015335525455075443,
          1.0
        ]
      ]
    },
    {
      "tag_id": 25,
      "tag_family": "tag36h11",
      "hamming": 0,
      "decision_margin": 74.80945587158203,
      "center": [
        1198.605222081182,
        476.6509120489996
      ],
      "corners": [
        [
          1183.1433105468748,
          491.5060424804688
        ],
        [
          1212.0775146484375,
          504.07281494140636
        ],
        [
          1214.7390136718755,
          461.15026855468756
        ],
        [
          1185.2487792968752,
          449.4648132324219
        ]
      ],
      "homography": [
        [
          -0.7295710514110862,
          8.967963654739833,
          1198.605222081182
        ],
        [
          -0.030856015515044785,
          25.276110421291378,
          476.6509120489996
        ],
        [
          -0.012791520891123074,
          0.008473397750752178,
          1.0
        ]
      ]
    },
    {
      "tag_id": 26,
      "tag_family": "tag36h11",
      "hamming": 0,
      "decision_margin": 75.57191467285156,
      "center": [
        1266.695408908215,
        504.66500893432993
      ],
      "corners": [
        [
          1248.8270263671877,
          519.9254760742188
        ],
        [
          1281.631103515625,
          534.005615234375
        ],
        [
          1285.3808593749998,
          488.70672607421886
        ],
        [
          1251.8510742187498,
          475.5038757324218
        ]
      ],
      "homography": [
        [
          0.4789533447947166,
          10.524921341105482,
          1266.695408908215
        ],
        [
          0.41014616136885373,
          27.29222436988357,
          504.66500893432993
        ],
        [
          -0.01271014024403927,
          0.009642315258577854,
          1.0
        ]
      ]
    },
    {
      "tag_id": 27,
      "tag_family": "tag36h11",
      "hamming": 0,
      "decision_margin": 70.55716705322266,
      "center": [
        1460.3396715953502,
        544.6879230547001
      ],
      "corners": [
        [
          1439.1732177734373,
          574.1187744140625
        ],
        [
          1475.2012939453125,
          562.889892578125
        ],
        [
          1481.4245605468752,
          515.3704833984375
        ],
        [
          1444.8780517578127,
          525.7510986328124
        ]
      ],
      "homography": [
        [
          33.997874202918865,
          10.053142360293126,
          1460.3396715953502
        ],
        [
          0.5085902861688929,
          28.83112365257898,
          544.6879230547001
        ],
        [
          0.01085859381294077,
          0.00892812568971426,
          1.0
        ]
      ]
    }
  ],
  "ingest_metadata": {
    "original_name": "2026_FRC_-_Hemlock_s_Gray_Matter_Robot_Reveal__Athena_frame_.png",
    "source": "unknown",
    "dhash": "3938505d67173924",
    "ingested_at": "2026-04-01T04:22:10.165299+00:00"
  }
}
