{
  "image_file": "1e7ededabe7b_dji_mimo_20260216_125718_20260216135719_1771268187552_video_.png",
  "image_sha256": "1e7ededabe7b6114c757f095a27ce8a2c80e4bbe8f0a47012c807ae347c2277e",
  "image_width": 640,
  "image_height": 360,
  "detector_config": {
    "library": "pupil-apriltags",
    "library_version": "1.0.4.post11",
    "family": "tag36h11",
    "nthreads": 4,
    "quad_decimate": 1.0,
    "quad_sigma": 0.0,
    "refine_edges": true,
    "decode_sharpening": 0.25
  },
  "detected_at": "2026-03-24T14:15:46.183550+00:00",
  "num_detections": 3,
  "detections": [
    {
      "tag_id": 17,
      "tag_family": "tag36h11",
      "hamming": 0,
      "decision_margin": 67.31671905517578,
      "center": [
        243.5870908728368,
        167.55424954284516
      ],
      "corners": [
        [
          237.42337036132807,
          175.48269653320312
        ],
        [
          250.16189575195312,
          173.79293823242188
        ],
        [
          249.70587158203128,
          159.68360900878903
        ],
        [
          236.79302978515625,
          161.10751342773438
        ]
      ],
      "homography": [
        [
          8.855001910667966,
          1.8225854277859537,
          243.5870908728368
        ],
        [
          0.9012994233796395,
          8.1876819392416,
          167.55424954284516
        ],
        [
          0.01002967846274666,
          0.006370830683561057,
          1.0
        ]
      ]
    },
    {
      "tag_id": 18,
      "tag_family": "tag36h11",
      "hamming": 0,
      "decision_margin": 41.16094970703125,
      "center": [
        524.8599986801441,
        116.25561201494449
      ],
      "corners": [
        [
          520.3638916015625,
          127.41287231445314
        ],
        [
          533.5738525390626,
          121.39012908935547
        ],
        [
          529.5979003906252,
          104.49832916259767
        ],
        [
          516.7978515625001,
          111.50510406494142
        ]
      ],
      "homography": [
        [
          -10.571964994296309,
          -1.4422245674563796,
          524.8599986801441
        ],
        [
          -7.037394507235221,
          7.4562009923218815,
          116.25561201494449
        ],
        [
          -0.032516395442871646,
          -0.006331166749381056,
          1.0
        ]
      ]
    },
    {
      "tag_id": 27,
      "tag_family": "tag36h11",
      "hamming": 0,
      "decision_margin": 28.37860107421875,
      "center": [
        500.8643430778638,
        128.19703514086396
      ],
      "corners": [
        [
          497.39602661132807,
          137.38575744628906
        ],
        [
          507.6809082031251,
          133.53640747070312
        ],
        [
          504.46960449218756,
          118.64550018310545
        ],
        [
          494.9335021972655,
          123.55144500732419
        ]
      ],
      "homography": [
        [
          -17.309890881215097,
          -11.148586519146535,
          500.8643430778638
        ],
        [
          -7.893809151612801,
          3.9547107410016045,
          128.19703514086396
        ],
        [
          -0.04442138618075886,
          -0.025061318320528467,
          1.0
        ]
      ]
    }
  ],
  "ingest_metadata": {
    "original_name": "dji_mimo_20260216_125718_20260216135719_1771268187552_video_.png",
    "source": "unknown",
    "dhash": "fdccec8998a5c081",
    "ingested_at": "2026-03-24T14:15:46.173491+00:00"
  }
}
