{
  "image_file": "1ea5e7cfc9cc_PC000001_MOV-0297_jpg_rf_63f001af964cb912a37c06309fb6f274.png",
  "image_sha256": "1ea5e7cfc9cc4813e3a853184d86c5195edbfd5108d5bb317987041eb556b6dc",
  "image_width": 640,
  "image_height": 360,
  "detector_config": {
    "library": "pupil-apriltags",
    "library_version": "1.0.4.post11",
    "family": "tag36h11",
    "nthreads": 4,
    "quad_decimate": 1.0,
    "quad_sigma": 0.0,
    "refine_edges": true,
    "decode_sharpening": 0.25
  },
  "detected_at": "2026-03-24T14:12:43.856762+00:00",
  "num_detections": 3,
  "detections": [
    {
      "tag_id": 21,
      "tag_family": "tag36h11",
      "hamming": 0,
      "decision_margin": 57.63698959350586,
      "center": [
        75.88581804477018,
        179.24217786783316
      ],
      "corners": [
        [
          69.75529479980469,
          191.53237915039062
        ],
        [
          84.00392150878906,
          187.575439453125
        ],
        [
          81.83224487304689,
          167.32104492187497
        ],
        [
          67.46874237060548,
          170.60202026367188
        ]
      ],
      "homography": [
        [
          8.41541142550129,
          1.2215650948367494,
          75.88581804477018
        ],
        [
          1.1771270842870352,
          10.547681894215089,
          179.24217786783316
        ],
        [
          0.01666229812877482,
          0.0014186798665231485,
          1.0
        ]
      ]
    },
    {
      "tag_id": 22,
      "tag_family": "tag36h11",
      "hamming": 0,
      "decision_margin": 80.28587341308594,
      "center": [
        454.98950725799244,
        111.93500353311441
      ],
      "corners": [
        [
          442.64218139648443,
          128.3066101074219
        ],
        [
          470.4714660644531,
          121.19209289550783
        ],
        [
          467.75338745117176,
          95.01107788085938
        ],
        [
          439.74658203124994,
          102.82083892822266
        ]
      ],
      "homography": [
        [
          8.413195140789412,
          3.4085878105852325,
          454.98950725799244
        ],
        [
          -5.0928836450113995,
          13.407122262482673,
          111.93500353311441
        ],
        [
          -0.012184094123773411,
          0.00440428999302812,
          1.0
        ]
      ]
    },
    {
      "tag_id": 24,
      "tag_family": "tag36h11",
      "hamming": 0,
      "decision_margin": 48.23127365112305,
      "center": [
        104.11508307330006,
        171.3352398223208
      ],
      "corners": [
        [
          99.64971923828124,
          182.7765350341797
        ],
        [
          111.62644958496094,
          178.9452667236328
        ],
        [
          108.3842239379883,
          160.39671325683594
        ],
        [
          96.29599761962889,
          163.4134521484375
        ]
      ],
      "homography": [
        [
          8.22799918483176,
          1.5239779131526074,
          104.11508307330006
        ],
        [
          1.9333579293746357,
          9.268529686707154,
          171.3352398223208
        ],
        [
          0.021268832217374387,
          -0.0011964336536441132,
          1.0
        ]
      ]
    }
  ],
  "ingest_metadata": {
    "original_name": "PC000001_MOV-0297_jpg_rf_63f001af964cb912a37c06309fb6f274.png",
    "source": "unknown",
    "dhash": "e4cc8c381030e083",
    "ingested_at": "2026-03-24T14:12:43.839784+00:00"
  }
}
