{
  "image_file": "1fd8147b4595_gdrive_1OFEerTz_puEJG8C3M6D15g2TPNTZb00F_frame_002537.png",
  "image_sha256": "1fd8147b45957eaf1e661a3d46fd427b98305cedc78636f20ec5db9010ed48c5",
  "image_width": 1920,
  "image_height": 1080,
  "detector_config": {
    "library": "pupil-apriltags",
    "library_version": "1.0.4.post11",
    "family": "tag36h11",
    "nthreads": 4,
    "quad_decimate": 1.0,
    "quad_sigma": 0.0,
    "refine_edges": true,
    "decode_sharpening": 0.25
  },
  "detected_at": "2026-03-31T23:43:27.118374+00:00",
  "num_detections": 3,
  "detections": [
    {
      "tag_id": 29,
      "tag_family": "tag36h11",
      "hamming": 0,
      "decision_margin": 67.88729858398438,
      "center": [
        1261.995738214701,
        641.3261009442862
      ],
      "corners": [
        [
          1253.932861328125,
          650.4872436523438
        ],
        [
          1272.578125,
          649.27880859375
        ],
        [
          1270.3597412109377,
          631.8228149414062
        ],
        [
          1251.518310546875,
          633.4522705078124
        ]
      ],
      "homography": [
        [
          -5.341653782778168,
          9.581692338344965,
          1261.995738214701
        ],
        [
          -8.184313434238108,
          12.901107923331436,
          641.3261009442862
        ],
        [
          -0.011657580241731403,
          0.006673722586837228,
          1.0
        ]
      ]
    },
    {
      "tag_id": 30,
      "tag_family": "tag36h11",
      "hamming": 0,
      "decision_margin": 66.56048583984375,
      "center": [
        1314.4027203171381,
        637.766328314991
      ],
      "corners": [
        [
          1305.4499511718752,
          647.3884887695314
        ],
        [
          1326.178466796875,
          646.0924072265624
        ],
        [
          1323.5509033203123,
          627.9341430664062
        ],
        [
          1302.7965087890623,
          629.5601196289065
        ]
      ],
      "homography": [
        [
          -1.4902597779055218,
          3.650318718241806,
          1314.4027203171381
        ],
        [
          -6.484874582063868,
          10.126348167117385,
          637.766328314991
        ],
        [
          -0.009023225843824449,
          0.001772551986462366,
          1.0
        ]
      ]
    },
    {
      "tag_id": 31,
      "tag_family": "tag36h11",
      "hamming": 0,
      "decision_margin": 72.13402557373047,
      "center": [
        1788.1091578315504,
        598.3541009368544
      ],
      "corners": [
        [
          1772.5961914062498,
          611.5423583984375
        ],
        [
          1810.6297607421877,
          608.3594970703126
        ],
        [
          1803.677490234375,
          585.1187744140626
        ],
        [
          1765.9979248046875,
          588.5305786132812
        ]
      ],
      "homography": [
        [
          9.134313676327338,
          -3.22107811107321,
          1788.1091578315504
        ],
        [
          -4.926091536168429,
          9.351523247878845,
          598.3541009368544
        ],
        [
          -0.005476738718930781,
          -0.0036954110520834938,
          1.0
        ]
      ]
    }
  ]
}
