{
  "image_file": "2170c6c75a8b_POV_you_score_51_Points_in_Crescendo_frame_003540.png",
  "image_sha256": "2170c6c75a8bb09f04e2056fc23c24cc5a05772372f019781841f43e56537ca6",
  "image_width": 1920,
  "image_height": 1080,
  "detector_config": {
    "library": "pupil-apriltags",
    "library_version": "1.0.4.post11",
    "family": "tag36h11",
    "nthreads": 4,
    "quad_decimate": 1.0,
    "quad_sigma": 0.0,
    "refine_edges": true,
    "decode_sharpening": 0.25
  },
  "detected_at": "2026-04-01T16:25:15.164527+00:00",
  "num_detections": 3,
  "detections": [
    {
      "tag_id": 7,
      "tag_family": "tag36h11",
      "hamming": 1,
      "decision_margin": 27.326066970825195,
      "center": [
        1350.8502264761698,
        274.4064829093121
      ],
      "corners": [
        [
          1344.2197265625002,
          281.1420593261719
        ],
        [
          1358.6628417968748,
          281.6930847167969
        ],
        [
          1357.2355957031245,
          267.91992187499994
        ],
        [
          1343.15673828125,
          267.23098754882807
        ]
      ],
      "homography": [
        [
          14.660519732606419,
          -17.285961857563276,
          1350.8502264761698
        ],
        [
          1.8408503321788312,
          3.2816173650134037,
          274.4064829093121
        ],
        [
          0.005575310550473003,
          -0.013257906353164747,
          1.0
        ]
      ]
    },
    {
      "tag_id": 8,
      "tag_family": "tag36h11",
      "hamming": 0,
      "decision_margin": 27.113487243652344,
      "center": [
        1300.766339544996,
        272.8023398406215
      ],
      "corners": [
        [
          1293.648193359375,
          279.88134765625
        ],
        [
          1308.4979248046875,
          280.2775268554688
        ],
        [
          1307.7070312499998,
          265.8998107910156
        ],
        [
          1292.997314453125,
          265.29095458984375
        ]
      ],
      "homography": [
        [
          17.169514131984442,
          -6.277411860319942,
          1300.766339544996
        ],
        [
          2.3029469725262848,
          5.849216195594352,
          272.8023398406215
        ],
        [
          0.0075188251353354805,
          -0.005103447203081743,
          1.0
        ]
      ]
    },
    {
      "tag_id": 10,
      "tag_family": "tag36h11",
      "hamming": 0,
      "decision_margin": 32.092647552490234,
      "center": [
        801.4306913807887,
        261.6381089430405
      ],
      "corners": [
        [
          795.7513427734375,
          271.0133361816407
        ],
        [
          808.3726196289062,
          272.9880065917969
        ],
        [
          807.2978515625001,
          251.95285034179682
        ],
        [
          793.92919921875,
          249.3733367919922
        ]
      ],
      "homography": [
        [
          15.497828275650019,
          22.76189964187336,
          801.4306913807887
        ],
        [
          4.071251525141575,
          17.854689268813132,
          261.6381089430405
        ],
        [
          0.011238063901126645,
          0.027503722880051915,
          1.0
        ]
      ]
    }
  ],
  "ingest_metadata": {
    "original_name": "POV_you_score_51_Points_in_Crescendo_frame_003540.png",
    "source": "unknown",
    "dhash": "f3b7f97bebcd376e",
    "ingested_at": "2026-04-01T16:25:15.155304+00:00"
  }
}
