{
  "image_file": "21dd5949eaf0_Q106_-_Galileo_-_190_POV_frame_000120.png",
  "image_sha256": "21dd5949eaf07906506e2b5b694237cedfa06386d990b50c4eb551e5ec08ae57",
  "image_width": 1920,
  "image_height": 1080,
  "detector_config": {
    "library": "pupil-apriltags",
    "library_version": "1.0.4.post11",
    "family": "tag36h11",
    "nthreads": 4,
    "quad_decimate": 1.0,
    "quad_sigma": 0.0,
    "refine_edges": true,
    "decode_sharpening": 0.25
  },
  "detected_at": "2026-04-01T14:49:56.849232+00:00",
  "num_detections": 2,
  "detections": [
    {
      "tag_id": 16,
      "tag_family": "tag36h11",
      "hamming": 0,
      "decision_margin": 55.148189544677734,
      "center": [
        336.371132623721,
        771.4725957356071
      ],
      "corners": [
        [
          318.01519775390625,
          784.75537109375
        ],
        [
          348.6101989746094,
          785.9639892578126
        ],
        [
          354.5258178710938,
          758.3354492187501
        ],
        [
          324.2447509765625,
          757.1146240234374
        ]
      ],
      "homography": [
        [
          15.367842140519429,
          -4.741019364706117,
          336.371132623721
        ],
        [
          0.9496749059494493,
          9.906812363804193,
          771.4725957356071
        ],
        [
          0.000443654965615666,
          -0.005068429512709395,
          1.0
        ]
      ]
    },
    {
      "tag_id": 21,
      "tag_family": "tag36h11",
      "hamming": 0,
      "decision_margin": 89.1719970703125,
      "center": [
        852.4146665260015,
        1040.8621022014313
      ],
      "corners": [
        [
          834.7067871093749,
          1067.9903564453125
        ],
        [
          869.8123168945312,
          1076.628662109375
        ],
        [
          870.3048706054689,
          1013.4545288085936
        ],
        [
          836.1007080078126,
          1007.3234252929686
        ]
      ],
      "homography": [
        [
          1.4347094090863963,
          -11.998006330615794,
          852.4146665260015
        ],
        [
          -15.720467724339644,
          16.877771488745335,
          1040.8621022014313
        ],
        [
          -0.01863385483325678,
          -0.013512099813473679,
          1.0
        ]
      ]
    }
  ]
}
