{
  "image_file": "21e30e63b00b_WPI_District_Event_Qual_Match_10_POV_frame_003953.png",
  "image_sha256": "21e30e63b00b4cfa6e2d183ba893ab76d59382540953f4dfad4996ea9f80889f",
  "image_width": 1920,
  "image_height": 1080,
  "detector_config": {
    "library": "pupil-apriltags",
    "library_version": "1.0.4.post11",
    "family": "tag36h11",
    "nthreads": 4,
    "quad_decimate": 1.0,
    "quad_sigma": 0.0,
    "refine_edges": true,
    "decode_sharpening": 0.25
  },
  "detected_at": "2026-04-01T14:54:36.483998+00:00",
  "num_detections": 3,
  "detections": [
    {
      "tag_id": 15,
      "tag_family": "tag36h11",
      "hamming": 2,
      "decision_margin": 16.15249252319336,
      "center": [
        1073.0843092079924,
        466.61366463864636
      ],
      "corners": [
        [
          1065.5833740234373,
          473.29415893554693
        ],
        [
          1080.6650390625,
          473.16491699218744
        ],
        [
          1080.382568359375,
          460.11367797851557
        ],
        [
          1065.4979248046873,
          460.05752563476574
        ]
      ],
      "homography": [
        [
          15.03889789715572,
          -7.0552784030458024,
          1073.0843092079924
        ],
        [
          3.2644796577269513,
          3.463176332453259,
          466.61366463864636
        ],
        [
          0.007033944235972538,
          -0.006661127845102821,
          1.0
        ]
      ]
    },
    {
      "tag_id": 17,
      "tag_family": "tag36h11",
      "hamming": 0,
      "decision_margin": 61.35790252685547,
      "center": [
        803.4027382993136,
        675.4992123408717
      ],
      "corners": [
        [
          792.3103637695311,
          690.34326171875
        ],
        [
          814.4754638671876,
          686.27392578125
        ],
        [
          814.3422851562501,
          660.8596801757812
        ],
        [
          791.9269409179688,
          664.3322753906251
        ]
      ],
      "homography": [
        [
          21.110219777149496,
          4.521867527534144,
          803.4027382993136
        ],
        [
          6.493497360037507,
          16.54887886363474,
          675.4992123408717
        ],
        [
          0.012406199965379647,
          0.005469552445479676,
          1.0
        ]
      ]
    },
    {
      "tag_id": 18,
      "tag_family": "tag36h11",
      "hamming": 0,
      "decision_margin": 54.531333923339844,
      "center": [
        653.2214401457238,
        680.316322663871
      ],
      "corners": [
        [
          641.0120849609376,
          692.6209716796875
        ],
        [
          666.9546508789061,
          694.8876342773436
        ],
        [
          665.566955566406,
          667.8744506835936
        ],
        [
          639.671142578125,
          665.9390869140625
        ]
      ],
      "homography": [
        [
          8.958344242493808,
          0.3034918731716527,
          653.2214401457238
        ],
        [
          -3.116330388678877,
          13.029000030257976,
          680.316322663871
        ],
        [
          -0.006124653771584486,
          -0.0005795121137940289,
          1.0
        ]
      ]
    }
  ],
  "ingest_metadata": {
    "original_name": "WPI_District_Event_Qual_Match_10_POV_frame_003953.png",
    "source": "unknown",
    "dhash": "79b8d06599926e64",
    "ingested_at": "2026-04-01T14:54:36.475301+00:00"
  }
}
