{
  "image_file": "2239db4b411c_FRC_Team_9032_RoboWhales_2026_Robot_Reveal__CYCLONE_frame_00.png",
  "image_sha256": "2239db4b411cf614968f70375063403bfcc14e26af45aaa57b7494913dd1959a",
  "image_width": 1920,
  "image_height": 1080,
  "detector_config": {
    "library": "pupil-apriltags",
    "library_version": "1.0.4.post11",
    "family": "tag36h11",
    "nthreads": 4,
    "quad_decimate": 1.0,
    "quad_sigma": 0.0,
    "refine_edges": true,
    "decode_sharpening": 0.25
  },
  "detected_at": "2026-04-01T04:43:40.686848+00:00",
  "num_detections": 2,
  "detections": [
    {
      "tag_id": 2,
      "tag_family": "tag36h11",
      "hamming": 0,
      "decision_margin": 84.46402740478516,
      "center": [
        1243.0092892855776,
        432.02596786034917
      ],
      "corners": [
        [
          1196.5069580078125,
          485.5108642578125
        ],
        [
          1294.2056884765625,
          478.5766296386718
        ],
        [
          1290.4812011718752,
          377.42590332031256
        ],
        [
          1193.0639648437505,
          386.61285400390636
        ]
      ],
      "homography": [
        [
          34.672523641690304,
          0.5151701514380462,
          1243.0092892855776
        ],
        [
          -8.931631991961074,
          49.56252974637266,
          432.02596786034917
        ],
        [
          -0.01134351807706883,
          -0.0010260036615512037,
          1.0
        ]
      ]
    },
    {
      "tag_id": 11,
      "tag_family": "tag36h11",
      "hamming": 0,
      "decision_margin": 72.58597564697266,
      "center": [
        1038.9532920244058,
        449.27752586733374
      ],
      "corners": [
        [
          998.1015014648439,
          500.3163146972657
        ],
        [
          1084.8614501953125,
          492.9072265624999
        ],
        [
          1080.9044189453123,
          396.8652648925782
        ],
        [
          994.1248779296873,
          406.6739807128908
        ]
      ],
      "homography": [
        [
          30.299507126982235,
          2.699052465478193,
          1038.9532920244058
        ],
        [
          -9.958519793752492,
          47.722739297572446,
          449.27752586733374
        ],
        [
          -0.012588154239471537,
          0.000688387152971948,
          1.0
        ]
      ]
    }
  ],
  "ingest_metadata": {
    "original_name": "FRC_Team_9032_RoboWhales_2026_Robot_Reveal__CYCLONE_frame_00.png",
    "source": "unknown",
    "dhash": "0e8e66c67ab39a9a",
    "ingested_at": "2026-04-01T04:43:40.675301+00:00"
  }
}
