{
  "image_file": "22a505847afb_PC000002_MOV-0218_jpg_rf_c6b0d4e1be41624a818ebb08ff2685c5.png",
  "image_sha256": "22a505847afb11785d286a997551ff11c3cd0c1d19fd967bedd75cd2c62d6c89",
  "image_width": 640,
  "image_height": 360,
  "detector_config": {
    "library": "pupil-apriltags",
    "library_version": "1.0.4.post11",
    "family": "tag36h11",
    "nthreads": 4,
    "quad_decimate": 1.0,
    "quad_sigma": 0.0,
    "refine_edges": true,
    "decode_sharpening": 0.25
  },
  "detected_at": "2026-03-24T14:15:39.648614+00:00",
  "num_detections": 2,
  "detections": [
    {
      "tag_id": 9,
      "tag_family": "tag36h11",
      "hamming": 0,
      "decision_margin": 79.70927429199219,
      "center": [
        54.37800718472631,
        97.68281083924225
      ],
      "corners": [
        [
          5.756887912750256,
          137.02725219726562
        ],
        [
          94.08705139160156,
          140.49014282226562
        ],
        [
          100.73351287841794,
          60.171714782714815
        ],
        [
          14.915732383728024,
          55.1415023803711
        ]
      ],
      "homography": [
        [
          44.08711523281212,
          -4.671331338681087,
          54.37800718472631
        ],
        [
          3.1468518972989963,
          39.22258578877103,
          97.68281083924225
        ],
        [
          0.010368764686916035,
          -0.013485668749767785,
          1.0
        ]
      ]
    },
    {
      "tag_id": 10,
      "tag_family": "tag36h11",
      "hamming": 0,
      "decision_margin": 85.61467742919922,
      "center": [
        241.2767134461024,
        107.86877708930375
      ],
      "corners": [
        [
          199.22595214843753,
          144.88006591796875
        ],
        [
          279.80249023437506,
          148.53512573242188
        ],
        [
          281.5621032714844,
          72.41129302978516
        ],
        [
          202.3604278564453,
          66.79022216796875
        ]
      ],
      "homography": [
        [
          43.129538389292264,
          -3.1928315233496054,
          241.2767134461024
        ],
        [
          3.755219555212501,
          37.660131272663975,
          107.86877708930375
        ],
        [
          0.01324180898399816,
          -0.008199215987459098,
          1.0
        ]
      ]
    }
  ]
}
