{
  "image_file": "22e3450df904_FRC_ROBOT_POV_-_Southern_Cross_2024_frame_008449.png",
  "image_sha256": "22e3450df9045a5d6c0b66460b9f956223de2ece40f6d82b5839604607e3a5ab",
  "image_width": 1920,
  "image_height": 1080,
  "detector_config": {
    "library": "pupil-apriltags",
    "library_version": "1.0.4.post11",
    "family": "tag36h11",
    "nthreads": 4,
    "quad_decimate": 1.0,
    "quad_sigma": 0.0,
    "refine_edges": true,
    "decode_sharpening": 0.25
  },
  "detected_at": "2026-04-01T16:14:10.845940+00:00",
  "num_detections": 3,
  "detections": [
    {
      "tag_id": 1,
      "tag_family": "tag36h11",
      "hamming": 0,
      "decision_margin": 66.59884643554688,
      "center": [
        297.5386743624126,
        664.9897163452804
      ],
      "corners": [
        [
          279.4847717285157,
          673.9224853515626
        ],
        [
          309.07794189453125,
          679.1423339843749
        ],
        [
          314.9646911621094,
          656.3676147460936
        ],
        [
          286.1052551269531,
          650.9669189453125
        ]
      ],
      "homography": [
        [
          16.557547669692383,
          -6.442378851644717,
          297.5386743624126
        ],
        [
          7.008507155489723,
          4.014913626106819,
          664.9897163452804
        ],
        [
          0.006544681840762224,
          -0.011152253333382515,
          1.0
        ]
      ]
    },
    {
      "tag_id": 2,
      "tag_family": "tag36h11",
      "hamming": 0,
      "decision_margin": 68.54193115234375,
      "center": [
        34.71730243051711,
        614.1494651831177
      ],
      "corners": [
        [
          11.159273147583013,
          623.8540649414062
        ],
        [
          47.75714874267578,
          631.3365478515624
        ],
        [
          57.7217445373535,
          604.6729125976562
        ],
        [
          21.430143356323235,
          596.6364135742189
        ]
      ],
      "homography": [
        [
          18.58958730206947,
          -5.101116006204923,
          34.71730243051711
        ],
        [
          10.41513210576795,
          12.702651116408335,
          614.1494651831177
        ],
        [
          0.010641504553456436,
          -0.0012476233122804374,
          1.0
        ]
      ]
    },
    {
      "tag_id": 12,
      "tag_family": "tag36h11",
      "hamming": 0,
      "decision_margin": 58.184661865234375,
      "center": [
        1234.1086142867698,
        571.4262879317844
      ],
      "corners": [
        [
          1212.8336181640625,
          594.8088989257811
        ],
        [
          1262.0960693359375,
          594.8027954101562
        ],
        [
          1254.6533203125002,
          548.8463134765626
        ],
        [
          1206.9267578125002,
          548.7226562500001
        ]
      ],
      "homography": [
        [
          26.006225862588966,
          -16.448270235566266,
          1234.1086142867698
        ],
        [
          0.8477267769633255,
          13.843294674921367,
          571.4262879317844
        ],
        [
          0.0014302643649811485,
          -0.01603255960217478,
          1.0
        ]
      ]
    }
  ],
  "ingest_metadata": {
    "original_name": "FRC_ROBOT_POV_-_Southern_Cross_2024_frame_008449.png",
    "source": "unknown",
    "dhash": "a0b9b96ca9e2ecc2",
    "ingested_at": "2026-04-01T16:14:10.835300+00:00"
  }
}
