{
  "image_file": "2367e1625abd_IMG_2628_JPEG_rf_0829ae03387c09d49d68cab9b4c99aae.png",
  "image_sha256": "2367e1625abd7d6c9e21e5a1548392626577e73f8602649b4986e7a94f38919c",
  "image_width": 640,
  "image_height": 640,
  "detector_config": {
    "library": "pupil-apriltags",
    "library_version": "1.0.4.post11",
    "family": "tag36h11",
    "nthreads": 4,
    "quad_decimate": 1.0,
    "quad_sigma": 0.0,
    "refine_edges": true,
    "decode_sharpening": 0.25
  },
  "detected_at": "2026-03-24T14:17:54.544700+00:00",
  "num_detections": 2,
  "detections": [
    {
      "tag_id": 1,
      "tag_family": "tag36h11",
      "hamming": 0,
      "decision_margin": 41.628143310546875,
      "center": [
        319.39043429161825,
        231.32295265981168
      ],
      "corners": [
        [
          314.4442138671875,
          238.4720153808594
        ],
        [
          328.65649414062494,
          235.43580627441403
        ],
        [
          324.37838745117193,
          224.1135711669922
        ],
        [
          310.0062866210938,
          227.15768432617188
        ]
      ],
      "homography": [
        [
          7.486141416647455,
          3.860878088174503,
          319.39043429161825
        ],
        [
          -1.2736499253320526,
          6.87721625404788,
          231.32295265981168
        ],
        [
          0.0010653947580097716,
          0.005266321465205474,
          1.0
        ]
      ]
    },
    {
      "tag_id": 323,
      "tag_family": "tag36h11",
      "hamming": 1,
      "decision_margin": 55.96339416503906,
      "center": [
        253.76583325869257,
        316.7272594917038
      ],
      "corners": [
        [
          173.60696411132815,
          430.29428100585943
        ],
        [
          421.68801879882807,
          381.3151550292968
        ],
        [
          351.7997741699219,
          177.83529663085932
        ],
        [
          64.38143157958984,
          243.88435363769528
        ]
      ],
      "homography": [
        [
          127.99769876184358,
          65.25388099155937,
          253.76583325869257
        ],
        [
          -34.619472499802285,
          122.11169884751001,
          316.7272594917038
        ],
        [
          -0.020123212054934926,
          0.08018988002766458,
          1.0
        ]
      ]
    }
  ]
}
