{
  "image_file": "2383a585846e_PC000002_MOV-0092_jpg_rf_8846af8f70a06927369c42627f6f36c9.png",
  "image_sha256": "2383a585846e3dbe35017130b458e6d38cdadd51dc749865d2f69f4ed4c72b16",
  "image_width": 640,
  "image_height": 360,
  "detector_config": {
    "library": "pupil-apriltags",
    "library_version": "1.0.4.post11",
    "family": "tag36h11",
    "nthreads": 4,
    "quad_decimate": 1.0,
    "quad_sigma": 0.0,
    "refine_edges": true,
    "decode_sharpening": 0.25
  },
  "detected_at": "2026-03-24T14:12:57.247831+00:00",
  "num_detections": 3,
  "detections": [
    {
      "tag_id": 2,
      "tag_family": "tag36h11",
      "hamming": 2,
      "decision_margin": 54.32401657104492,
      "center": [
        349.36514226969115,
        93.3883378675015
      ],
      "corners": [
        [
          343.7738952636719,
          102.4817886352539
        ],
        [
          353.7792053222656,
          104.13980102539064
        ],
        [
          355.5300598144531,
          83.36188507080078
        ],
        [
          344.16058349609375,
          80.71144104003905
        ]
      ],
      "homography": [
        [
          11.152489839781023,
          22.336523143061015,
          349.36514226969115
        ],
        [
          2.6078893566648254,
          16.70218735173843,
          93.3883378675015
        ],
        [
          0.01669323138901491,
          0.0654906547548372,
          1.0
        ]
      ]
    },
    {
      "tag_id": 9,
      "tag_family": "tag36h11",
      "hamming": 0,
      "decision_margin": 59.88399887084961,
      "center": [
        202.7968302490481,
        87.1959326490843
      ],
      "corners": [
        [
          195.41624450683597,
          98.00110626220702
        ],
        [
          210.0738372802734,
          97.55043029785155
        ],
        [
          210.61059570312494,
          75.75658416748048
        ],
        [
          195.6449279785156,
          77.01944732666016
        ]
      ],
      "homography": [
        [
          3.6324954911281675,
          1.823082311376766,
          202.7968302490481
        ],
        [
          -2.0452092947549416,
          11.553903356939912,
          87.1959326490843
        ],
        [
          -0.018589842073200063,
          0.009919418129402124,
          1.0
        ]
      ]
    },
    {
      "tag_id": 10,
      "tag_family": "tag36h11",
      "hamming": 0,
      "decision_margin": 71.80484008789062,
      "center": [
        237.4768991869881,
        85.57546016973694
      ],
      "corners": [
        [
          229.04988098144534,
          97.03427886962892
        ],
        [
          245.258056640625,
          96.39558410644531
        ],
        [
          246.1607818603516,
          73.76736450195312
        ],
        [
          229.67608642578128,
          74.72800445556639
        ]
      ],
      "homography": [
        [
          6.539554624793851,
          1.550974652226814,
          237.4768991869881
        ],
        [
          -0.986876924839423,
          11.928595552583175,
          85.57546016973694
        ],
        [
          -0.006875165373732955,
          0.008136578872727932,
          1.0
        ]
      ]
    }
  ],
  "ingest_metadata": {
    "original_name": "PC000002_MOV-0092_jpg_rf_8846af8f70a06927369c42627f6f36c9.png",
    "source": "unknown",
    "dhash": "90641292b17cb679",
    "ingested_at": "2026-03-24T14:12:57.239557+00:00"
  }
}
