{
  "image_file": "242a3462f36f_PC000002_MOV-0274_jpg_rf_0b41c3a2ae6d5f2dad4a9f91ace6c2aa.png",
  "image_sha256": "242a3462f36f2ec410da000e40f9c3a05f5799d2183ce8eb487aeb75e248f088",
  "image_width": 640,
  "image_height": 360,
  "detector_config": {
    "library": "pupil-apriltags",
    "library_version": "1.0.4.post11",
    "family": "tag36h11",
    "nthreads": 4,
    "quad_decimate": 1.0,
    "quad_sigma": 0.0,
    "refine_edges": true,
    "decode_sharpening": 0.25
  },
  "detected_at": "2026-03-24T14:15:40.761981+00:00",
  "num_detections": 2,
  "detections": [
    {
      "tag_id": 2,
      "tag_family": "tag36h11",
      "hamming": 0,
      "decision_margin": 87.16938018798828,
      "center": [
        445.7996664073918,
        275.44549434216225
      ],
      "corners": [
        [
          432.8964538574218,
          290.8938293457031
        ],
        [
          461.08813476562494,
          289.6822204589843
        ],
        [
          458.7888793945313,
          259.8941955566406
        ],
        [
          430.77203369140636,
          261.45166015625006
        ]
      ],
      "homography": [
        [
          11.393348111263833,
          -0.07201983710495911,
          445.7996664073918
        ],
        [
          -2.335092689842556,
          14.079432076716273,
          275.44549434216225
        ],
        [
          -0.005962658300649125,
          -0.0026412067415316565,
          1.0
        ]
      ]
    },
    {
      "tag_id": 11,
      "tag_family": "tag36h11",
      "hamming": 0,
      "decision_margin": 88.58976745605469,
      "center": [
        387.6082597524126,
        277.9245373877013
      ],
      "corners": [
        [
          376.21691894531244,
          291.92718505859375
        ],
        [
          401.12835693359375,
          292.13775634765625
        ],
        [
          399.52044677734386,
          263.28164672851557
        ],
        [
          375.0384826660157,
          264.7103576660156
        ]
      ],
      "homography": [
        [
          0.9458723517763021,
          -2.0368206004106355,
          387.6082597524126
        ],
        [
          -8.477617003833645,
          12.049758224010132,
          277.9245373877013
        ],
        [
          -0.029387696906231837,
          -0.007037166051622573,
          1.0
        ]
      ]
    }
  ]
}
