{
  "image_file": "242bf5151868_Ursuline_Bearbotics_Robot_Reveal_2026_frame_001080.png",
  "image_sha256": "242bf515186841fd6ffb7ac778b8f1163f8c433a615369ee400b5a0ee2a362d0",
  "image_width": 1920,
  "image_height": 1080,
  "detector_config": {
    "library": "pupil-apriltags",
    "library_version": "1.0.4.post11",
    "family": "tag36h11",
    "nthreads": 4,
    "quad_decimate": 1.0,
    "quad_sigma": 0.0,
    "refine_edges": true,
    "decode_sharpening": 0.25
  },
  "detected_at": "2026-04-01T03:51:07.132236+00:00",
  "num_detections": 3,
  "detections": [
    {
      "tag_id": 8,
      "tag_family": "tag36h11",
      "hamming": 0,
      "decision_margin": 39.94331359863281,
      "center": [
        573.3745452154208,
        136.87231568860057
      ],
      "corners": [
        [
          559.4387817382811,
          161.57565307617188
        ],
        [
          590.220947265625,
          166.70387268066406
        ],
        [
          587.113220214844,
          112.51834869384766
        ],
        [
          557.9827270507812,
          109.6165313720703
        ]
      ],
      "homography": [
        [
          4.067812215172582,
          -13.852094895512664,
          573.3745452154208
        ],
        [
          -0.6213726468877524,
          22.931274744650068,
          136.87231568860057
        ],
        [
          -0.01899908880525376,
          -0.026120768180369944,
          1.0
        ]
      ]
    },
    {
      "tag_id": 9,
      "tag_family": "tag36h11",
      "hamming": 0,
      "decision_margin": 59.422157287597656,
      "center": [
        754.0070116888471,
        152.2240758066427
      ],
      "corners": [
        [
          735.2199096679691,
          179.9391784667969
        ],
        [
          772.6243896484375,
          178.52972412109372
        ],
        [
          773.1096191406247,
          124.04353332519533
        ],
        [
          734.4756469726562,
          124.62699890136726
        ]
      ],
      "homography": [
        [
          24.896634830780613,
          12.231666698869166,
          754.0070116888471
        ],
        [
          0.684753677596145,
          29.898199524541752,
          152.2240758066427
        ],
        [
          0.007815780144964037,
          0.016142722612737356,
          1.0
        ]
      ]
    },
    {
      "tag_id": 10,
      "tag_family": "tag36h11",
      "hamming": 0,
      "decision_margin": 53.92149353027344,
      "center": [
        833.7674445565052,
        148.198214530302
      ],
      "corners": [
        [
          816.1800537109376,
          175.0723114013672
        ],
        [
          849.4360351562499,
          172.48190307617185
        ],
        [
          851.2958374023435,
          121.41426849365233
        ],
        [
          817.02587890625,
          122.25159454345705
        ]
      ],
      "homography": [
        [
          31.37439502768541,
          12.415740735147214,
          833.7674445565052
        ],
        [
          1.706969958449914,
          28.286927980973246,
          148.198214530302
        ],
        [
          0.017393117747886332,
          0.015713018558086364,
          1.0
        ]
      ]
    }
  ]
}
