{
  "image_file": "243aa200ee20_2025_Robot_Reveal_-_FIRST_3512_Spartatroniks_frame_001363.png",
  "image_sha256": "243aa200ee20bbc3dff591a673f43859e56a0e68645ad0af03c138311393d344",
  "image_width": 1920,
  "image_height": 1080,
  "detector_config": {
    "library": "pupil-apriltags",
    "library_version": "1.0.4.post11",
    "family": "tag36h11",
    "nthreads": 4,
    "quad_decimate": 1.0,
    "quad_sigma": 0.0,
    "refine_edges": true,
    "decode_sharpening": 0.25
  },
  "detected_at": "2026-04-01T02:37:47.459044+00:00",
  "num_detections": 3,
  "detections": [
    {
      "tag_id": 12,
      "tag_family": "tag36h11",
      "hamming": 0,
      "decision_margin": 49.35087966918945,
      "center": [
        1721.2493862774272,
        575.2125135413677
      ],
      "corners": [
        [
          1709.2412109375002,
          589.8787841796875
        ],
        [
          1733.53369140625,
          589.9161376953126
        ],
        [
          1733.65283203125,
          560.0634765625
        ],
        [
          1709.008544921875,
          560.5609130859374
        ]
      ],
      "homography": [
        [
          -3.227782280084058,
          12.439897182916866,
          1721.2493862774272
        ],
        [
          -5.279679413269721,
          18.93784676336611,
          575.2125135413677
        ],
        [
          -0.008982053964298955,
          0.007209841378400054,
          1.0
        ]
      ]
    },
    {
      "tag_id": 18,
      "tag_family": "tag36h11",
      "hamming": 0,
      "decision_margin": 54.07392501831055,
      "center": [
        1093.8413126670312,
        975.7003531512518
      ],
      "corners": [
        [
          1067.3056640624998,
          1003.8670654296874
        ],
        [
          1122.7427978515625,
          1002.0588378906251
        ],
        [
          1120.7128906250005,
          947.1770629882814
        ],
        [
          1064.9273681640625,
          949.3305053710935
        ]
      ],
      "homography": [
        [
          24.482888023723262,
          4.660550046347455,
          1093.8413126670312
        ],
        [
          -3.9532832899370796,
          30.527713326641106,
          975.7003531512518
        ],
        [
          -0.003037229517161141,
          0.003252731131602442,
          1.0
        ]
      ]
    },
    {
      "tag_id": 19,
      "tag_family": "tag36h11",
      "hamming": 0,
      "decision_margin": 44.20468521118164,
      "center": [
        865.8313910443818,
        944.8123760817516
      ],
      "corners": [
        [
          856.0656127929688,
          964.9151000976562
        ],
        [
          874.8880004882812,
          975.2791137695312
        ],
        [
          875.8131713867189,
          924.2650146484374
        ],
        [
          857.0328369140626,
          915.2137451171875
        ]
      ],
      "homography": [
        [
          -1.5929470907470884,
          -1.9949368285815583,
          865.8313910443818
        ],
        [
          -7.142902325837897,
          23.514224058122295,
          944.8123760817516
        ],
        [
          -0.012695433176403153,
          -0.0017572663190420458,
          1.0
        ]
      ]
    }
  ],
  "ingest_metadata": {
    "original_name": "2025_Robot_Reveal_-_FIRST_3512_Spartatroniks_frame_001363.png",
    "source": "unknown",
    "dhash": "e092642c195b3899",
    "ingested_at": "2026-04-01T02:37:47.455298+00:00"
  }
}
