{
  "image_file": "244032bf6b81_Half_Hollow_Hills_Invitational_Playoff_Match_9_2025_frame_00.png",
  "image_sha256": "244032bf6b81053d4c332db678154f3162ae3ac1e6d7bee0d5325b8219b33960",
  "image_width": 1920,
  "image_height": 1080,
  "detector_config": {
    "library": "pupil-apriltags",
    "library_version": "1.0.4.post11",
    "family": "tag36h11",
    "nthreads": 4,
    "quad_decimate": 1.0,
    "quad_sigma": 0.0,
    "refine_edges": true,
    "decode_sharpening": 0.25
  },
  "detected_at": "2026-04-01T16:08:18.804941+00:00",
  "num_detections": 3,
  "detections": [
    {
      "tag_id": 14,
      "tag_family": "tag36h11",
      "hamming": 2,
      "decision_margin": 25.679765701293945,
      "center": [
        902.148983412055,
        272.88192464325243
      ],
      "corners": [
        [
          896.174255371094,
          284.53674316406256
        ],
        [
          915.5536499023436,
          281.8258056640625
        ],
        [
          908.1271972656248,
          261.2203063964843
        ],
        [
          888.9664306640626,
          264.08624267578125
        ]
      ],
      "homography": [
        [
          5.734684100946993,
          0.02130557097154976,
          902.148983412055
        ],
        [
          -2.5741663795894865,
          9.163631024219853,
          272.88192464325243
        ],
        [
          -0.004322891347973841,
          -0.004031263342126447,
          1.0
        ]
      ]
    },
    {
      "tag_id": 15,
      "tag_family": "tag36h11",
      "hamming": 0,
      "decision_margin": 50.62337112426758,
      "center": [
        1527.7687825110388,
        211.69402614596683
      ],
      "corners": [
        [
          1514.6815185546875,
          225.56025695800784
        ],
        [
          1542.4653320312498,
          224.7158966064453
        ],
        [
          1541.1883544921873,
          197.4757080078125
        ],
        [
          1512.8743896484375,
          198.49685668945315
        ]
      ],
      "homography": [
        [
          9.55377661847342,
          15.45560758143006,
          1527.7687825110388
        ],
        [
          -1.0848510603487702,
          15.609159107900467,
          211.69402614596683
        ],
        [
          -0.0029253744477966163,
          0.009611317052491403,
          1.0
        ]
      ]
    },
    {
      "tag_id": 17,
      "tag_family": "tag36h11",
      "hamming": 0,
      "decision_margin": 85.88497161865234,
      "center": [
        964.9915584052425,
        610.702847049899
      ],
      "corners": [
        [
          933.6386718750001,
          653.1376953125
        ],
        [
          998.5860595703124,
          641.8989257812499
        ],
        [
          995.859436035156,
          568.9244384765625
        ],
        [
          929.4841918945312,
          577.7304687500001
        ]
      ],
      "homography": [
        [
          49.933874826115016,
          11.303304203390445,
          964.9915584052425
        ],
        [
          5.810673851425912,
          43.15433431454312,
          610.702847049899
        ],
        [
          0.0177383934326193,
          0.009943424873886988,
          1.0
        ]
      ]
    }
  ],
  "ingest_metadata": {
    "original_name": "Half_Hollow_Hills_Invitational_Playoff_Match_9_2025_frame_00.png",
    "source": "unknown",
    "dhash": "6b1d98ba1e1c7cf6",
    "ingested_at": "2026-04-01T16:08:18.795301+00:00"
  }
}
