{
  "image_file": "24519e233ae6_FRC_3572__2026_Robot_Reveal_-_Vanellope_von_Schweetz______no.png",
  "image_sha256": "24519e233ae6eaa5ed80bbe51c0962c846421040858fbc52515d65fcea482e3a",
  "image_width": 1280,
  "image_height": 720,
  "detector_config": {
    "library": "pupil-apriltags",
    "library_version": "1.0.4.post11",
    "family": "tag36h11",
    "nthreads": 4,
    "quad_decimate": 1.0,
    "quad_sigma": 0.0,
    "refine_edges": true,
    "decode_sharpening": 0.25
  },
  "detected_at": "2026-04-01T04:42:10.455533+00:00",
  "num_detections": 2,
  "detections": [
    {
      "tag_id": 25,
      "tag_family": "tag36h11",
      "hamming": 0,
      "decision_margin": 59.669132232666016,
      "center": [
        1085.5590691741559,
        323.36283722898025
      ],
      "corners": [
        [
          1055.6949462890623,
          347.6914978027343
        ],
        [
          1111.4853515625,
          350.61691284179693
        ],
        [
          1116.1304931640625,
          298.45797729492193
        ],
        [
          1059.5828857421873,
          296.0563049316406
        ]
      ],
      "homography": [
        [
          22.25190747929173,
          4.743000033883166,
          1085.5590691741559
        ],
        [
          -0.4033296794303317,
          27.99450199057651,
          323.36283722898025
        ],
        [
          -0.0053709783371235385,
          0.0063324171211152054,
          1.0
        ]
      ]
    },
    {
      "tag_id": 26,
      "tag_family": "tag36h11",
      "hamming": 0,
      "decision_margin": 58.168922424316406,
      "center": [
        1211.1579243683868,
        329.0378203421008
      ],
      "corners": [
        [
          1178.625244140625,
          353.92822265625
        ],
        [
          1238.8231201171875,
          357.716796875
        ],
        [
          1244.4427490234373,
          303.5719604492187
        ],
        [
          1183.8975830078123,
          300.7785339355469
        ]
      ],
      "homography": [
        [
          18.79877175507022,
          -0.2649018486863474,
          1211.1579243683868
        ],
        [
          -1.4463698782212224,
          27.488627271375663,
          329.0378203421008
        ],
        [
          -0.009399347225140357,
          0.0020283790101194286,
          1.0
        ]
      ]
    }
  ]
}
