{
  "image_file": "24e70a7cc884_Elysium_1937____TEMPEST_for_the_2024_Season_-_Crescendo_fram.png",
  "image_sha256": "24e70a7cc8840c201abe2370416e32303e217a29f92369d887efda5c6fba9249",
  "image_width": 1920,
  "image_height": 1080,
  "detector_config": {
    "library": "pupil-apriltags",
    "library_version": "1.0.4.post11",
    "family": "tag36h11",
    "nthreads": 4,
    "quad_decimate": 1.0,
    "quad_sigma": 0.0,
    "refine_edges": true,
    "decode_sharpening": 0.25
  },
  "detected_at": "2026-04-01T00:50:24.771596+00:00",
  "num_detections": 2,
  "detections": [
    {
      "tag_id": 3,
      "tag_family": "tag36h11",
      "hamming": 0,
      "decision_margin": 34.62529754638672,
      "center": [
        1315.3225505815874,
        230.45481766497025
      ],
      "corners": [
        [
          1296.107177734375,
          251.22270202636722
        ],
        [
          1335.2470703124998,
          249.5170745849609
        ],
        [
          1334.5900878906252,
          209.63055419921872
        ],
        [
          1294.3686523437502,
          210.40773010253912
        ]
      ],
      "homography": [
        [
          35.50323447040387,
          18.044764443691523,
          1315.3225505815874
        ],
        [
          2.118520139981169,
          23.226942599882676,
          230.45481766497025
        ],
        [
          0.01191297178385307,
          0.013268494576012212,
          1.0
        ]
      ]
    },
    {
      "tag_id": 4,
      "tag_family": "tag36h11",
      "hamming": 0,
      "decision_margin": 39.352294921875,
      "center": [
        1179.5390109803216,
        234.3944364509896
      ],
      "corners": [
        [
          1160.170532226563,
          255.12127685546878
        ],
        [
          1199.5822753906248,
          253.74552917480463
        ],
        [
          1198.6024169921873,
          213.9940643310547
        ],
        [
          1158.772583007813,
          214.3451538085938
        ]
      ],
      "homography": [
        [
          34.9391264457372,
          6.361200705753167,
          1179.5390109803216
        ],
        [
          2.572938519897318,
          21.27462330372009,
          234.3944364509896
        ],
        [
          0.012829199475493902,
          0.004891188010445793,
          1.0
        ]
      ]
    }
  ]
}
