{
  "image_file": "254df39ff47a_FRC_ROBOT_POV_-_Southern_Cross_2024_frame_004046.png",
  "image_sha256": "254df39ff47a36741708e0cdc8a59d74f953523751e1576a0073bbb1124156cc",
  "image_width": 1920,
  "image_height": 1080,
  "detector_config": {
    "library": "pupil-apriltags",
    "library_version": "1.0.4.post11",
    "family": "tag36h11",
    "nthreads": 4,
    "quad_decimate": 1.0,
    "quad_sigma": 0.0,
    "refine_edges": true,
    "decode_sharpening": 0.25
  },
  "detected_at": "2026-04-01T16:13:38.675673+00:00",
  "num_detections": 3,
  "detections": [
    {
      "tag_id": 2,
      "tag_family": "tag36h11",
      "hamming": 0,
      "decision_margin": 51.09020233154297,
      "center": [
        1774.8954980165197,
        590.3484994363794
      ],
      "corners": [
        [
          1761.0474853515627,
          604.49365234375
        ],
        [
          1795.8378906249998,
          600.7366333007812
        ],
        [
          1788.8382568359373,
          576.1065673828124
        ],
        [
          1754.580810546875,
          580.2717285156249
        ]
      ],
      "homography": [
        [
          0.7318898498167536,
          -7.112242096919317,
          1774.8954980165197
        ],
        [
          -7.478898203803738,
          8.727134840975053,
          590.3484994363794
        ],
        [
          -0.009311874841800611,
          -0.005902608045668489,
          1.0
        ]
      ]
    },
    {
      "tag_id": 3,
      "tag_family": "tag36h11",
      "hamming": 0,
      "decision_margin": 63.93232727050781,
      "center": [
        1107.2703275482575,
        535.1079131016604
      ],
      "corners": [
        [
          1089.997924804688,
          552.2352905273438
        ],
        [
          1126.3216552734373,
          555.5136718750001
        ],
        [
          1123.698120117187,
          518.8180541992188
        ],
        [
          1088.3486328125002,
          514.8410034179686
        ]
      ],
      "homography": [
        [
          29.898357439184114,
          -14.692086908877851,
          1107.2703275482575
        ],
        [
          7.611169908044529,
          10.898166266215187,
          535.1079131016604
        ],
        [
          0.010824326578649153,
          -0.014238144626869344,
          1.0
        ]
      ]
    },
    {
      "tag_id": 4,
      "tag_family": "tag36h11",
      "hamming": 0,
      "decision_margin": 46.0364875793457,
      "center": [
        976.0393882598788,
        522.0043887981637
      ],
      "corners": [
        [
          955.7183227539061,
          539.8388061523438
        ],
        [
          996.6046142578125,
          543.7902221679685
        ],
        [
          995.6190185546877,
          504.8206787109375
        ],
        [
          955.6493530273438,
          500.4041442871095
        ]
      ],
      "homography": [
        [
          27.191185940068067,
          -10.889048979443029,
          976.0393882598788
        ],
        [
          5.828291503129774,
          13.631417642931297,
          522.0043887981637
        ],
        [
          0.007152199445346978,
          -0.011429812629471583,
          1.0
        ]
      ]
    }
  ],
  "ingest_metadata": {
    "original_name": "FRC_ROBOT_POV_-_Southern_Cross_2024_frame_004046.png",
    "source": "unknown",
    "dhash": "ccc8d24c4ed0324c",
    "ingested_at": "2026-04-01T16:13:38.665300+00:00"
  }
}
