{
  "image_file": "2561f5450168_PC000008_MOV-0008_jpg_rf_8650ffd350c23cd0ce46cec178d5c8fe.png",
  "image_sha256": "2561f5450168c98ff7f1145d684d4c3263d751bf02c1f1d0c0b774259cc32317",
  "image_width": 640,
  "image_height": 360,
  "detector_config": {
    "library": "pupil-apriltags",
    "library_version": "1.0.4.post11",
    "family": "tag36h11",
    "nthreads": 4,
    "quad_decimate": 1.0,
    "quad_sigma": 0.0,
    "refine_edges": true,
    "decode_sharpening": 0.25
  },
  "detected_at": "2026-03-24T14:13:44.299583+00:00",
  "num_detections": 2,
  "detections": [
    {
      "tag_id": 5,
      "tag_family": "tag36h11",
      "hamming": 0,
      "decision_margin": 86.26618957519531,
      "center": [
        258.88421033940637,
        169.93282422103695
      ],
      "corners": [
        [
          197.1042022705078,
          225.25999450683597
        ],
        [
          299.4916381835938,
          246.49928283691412
        ],
        [
          308.02185058593756,
          125.92754364013675
        ],
        [
          211.6355895996094,
          80.84420776367186
        ]
      ],
      "homography": [
        [
          73.74621284196112,
          -10.499686474033231,
          258.88421033940637
        ],
        [
          32.77384181412065,
          62.42593018580266,
          169.93282422103695
        ],
        [
          0.09478576147720182,
          -0.019194006525224416,
          1.0
        ]
      ]
    },
    {
      "tag_id": 8,
      "tag_family": "tag36h11",
      "hamming": 0,
      "decision_margin": 80.37518310546875,
      "center": [
        410.2197008897433,
        220.90915958198758
      ],
      "corners": [
        [
          381.9711608886719,
          264.04974365234375
        ],
        [
          432.77648925781244,
          275.1629943847656
        ],
        [
          434.07760620117193,
          184.47386169433594
        ],
        [
          385.6733703613281,
          161.8700561523437
        ]
      ],
      "homography": [
        [
          50.63545243296994,
          -9.799044974768657,
          410.2197008897433
        ],
        [
          22.492579102218425,
          43.38359390492843,
          220.90915958198758
        ],
        [
          0.06325040384102981,
          -0.021012390585086457,
          1.0
        ]
      ]
    }
  ]
}
