{
  "image_file": "25bcffbdfe26_FRC_Team_1108_Robot_Reveal_2025_frame_001800.png",
  "image_sha256": "25bcffbdfe268698c77b2a9436de9a549b6d4d412e5af5444dbd42236ebc0dcf",
  "image_width": 1920,
  "image_height": 1080,
  "detector_config": {
    "library": "pupil-apriltags",
    "library_version": "1.0.4.post11",
    "family": "tag36h11",
    "nthreads": 4,
    "quad_decimate": 1.0,
    "quad_sigma": 0.0,
    "refine_edges": true,
    "decode_sharpening": 0.25
  },
  "detected_at": "2026-04-01T01:49:36.719746+00:00",
  "num_detections": 2,
  "detections": [
    {
      "tag_id": 19,
      "tag_family": "tag36h11",
      "hamming": 1,
      "decision_margin": 60.9609260559082,
      "center": [
        1181.146721687122,
        685.5338337631549
      ],
      "corners": [
        [
          1170.7675781249998,
          719.9431762695312
        ],
        [
          1189.4808349609377,
          710.7251586914062
        ],
        [
          1192.287353515625,
          648.5999755859375
        ],
        [
          1171.8642578124995,
          657.4759521484375
        ]
      ],
      "homography": [
        [
          20.659096657409002,
          51.708163065812414,
          1181.146721687122
        ],
        [
          1.783393675878521,
          61.668293953599914,
          685.5338337631549
        ],
        [
          0.00922367038755232,
          0.04460918220440101,
          1.0
        ]
      ]
    },
    {
      "tag_id": 21,
      "tag_family": "tag36h11",
      "hamming": 0,
      "decision_margin": 87.82765197753906,
      "center": [
        611.130504948988,
        686.7633353109202
      ],
      "corners": [
        [
          597.1402587890624,
          713.8328247070312
        ],
        [
          625.698486328125,
          723.1389160156249
        ],
        [
          625.7030639648438,
          658.5671386718749
        ],
        [
          596.7329711914062,
          650.8133544921876
        ]
      ],
      "homography": [
        [
          6.351171851269554,
          4.534885753962727,
          611.130504948988
        ],
        [
          -4.751102138744504,
          36.87137070047345,
          686.7633353109202
        ],
        [
          -0.01313580240873496,
          0.007251300760805684,
          1.0
        ]
      ]
    }
  ]
}
