{
  "image_file": "25c61ec33182_2024_Ratchet_Rocker_Robot_-_Riot_frame_001320.png",
  "image_sha256": "25c61ec33182b1abbced3316269800ad11c23093212404d7469aa490cb28c5ef",
  "image_width": 1920,
  "image_height": 1080,
  "detector_config": {
    "library": "pupil-apriltags",
    "library_version": "1.0.4.post11",
    "family": "tag36h11",
    "nthreads": 4,
    "quad_decimate": 1.0,
    "quad_sigma": 0.0,
    "refine_edges": true,
    "decode_sharpening": 0.25
  },
  "detected_at": "2026-04-01T00:52:19.700238+00:00",
  "num_detections": 2,
  "detections": [
    {
      "tag_id": 3,
      "tag_family": "tag36h11",
      "hamming": 0,
      "decision_margin": 79.3475570678711,
      "center": [
        991.9364120639552,
        381.148541349457
      ],
      "corners": [
        [
          974.8692016601564,
          399.72711181640625
        ],
        [
          1009.7100830078125,
          401.12451171875
        ],
        [
          1008.8042602539061,
          362.78698730468744
        ],
        [
          974.009521484375,
          361.00036621093744
        ]
      ],
      "homography": [
        [
          22.450765486020828,
          -0.3436217758411403,
          991.9364120639552
        ],
        [
          2.733634397886758,
          18.963881766273914,
          381.148541349457
        ],
        [
          0.005083307353611493,
          -0.0007915083122337127,
          1.0
        ]
      ]
    },
    {
      "tag_id": 4,
      "tag_family": "tag36h11",
      "hamming": 0,
      "decision_margin": 77.4746322631836,
      "center": [
        866.5245498371678,
        374.55192544612913
      ],
      "corners": [
        [
          848.0885620117188,
          393.7158203125
        ],
        [
          885.5698852539061,
          395.29711914062494
        ],
        [
          884.955810546875,
          355.3929443359375
        ],
        [
          847.2849731445312,
          353.59515380859375
        ]
      ],
      "homography": [
        [
          21.04153403861801,
          2.4968043636621386,
          866.5245498371678
        ],
        [
          1.8186748095597496,
          20.93208746405014,
          374.55192544612913
        ],
        [
          0.0026008961935741425,
          0.0024726762712951778,
          1.0
        ]
      ]
    }
  ]
}
