{
  "image_file": "25d767748535_WPI_2025_District_Event_Qual_Match_48_POV_frame_002499.png",
  "image_sha256": "25d767748535a1ebd42a0b43bc4d71f7e967eb59aa0fdc212e143242a33c1111",
  "image_width": 1920,
  "image_height": 1080,
  "detector_config": {
    "library": "pupil-apriltags",
    "library_version": "1.0.4.post11",
    "family": "tag36h11",
    "nthreads": 4,
    "quad_decimate": 1.0,
    "quad_sigma": 0.0,
    "refine_edges": true,
    "decode_sharpening": 0.25
  },
  "detected_at": "2026-04-01T15:02:30.496735+00:00",
  "num_detections": 3,
  "detections": [
    {
      "tag_id": 4,
      "tag_family": "tag36h11",
      "hamming": 0,
      "decision_margin": 36.614219665527344,
      "center": [
        1064.4888646666857,
        416.63147308121495
      ],
      "corners": [
        [
          1056.2828369140625,
          422.9730224609375
        ],
        [
          1071.041259765625,
          423.1136779785157
        ],
        [
          1072.4108886718752,
          410.50939941406256
        ],
        [
          1057.8082275390627,
          410.02239990234375
        ]
      ],
      "homography": [
        [
          21.869172892992992,
          -4.93725920717952,
          1064.4888646666857
        ],
        [
          5.844666510553508,
          4.737955849562582,
          416.63147308121495
        ],
        [
          0.013650178368517424,
          -0.003959124459776658,
          1.0
        ]
      ]
    },
    {
      "tag_id": 7,
      "tag_family": "tag36h11",
      "hamming": 0,
      "decision_margin": 79.21295166015625,
      "center": [
        812.8957544844876,
        651.1929531856771
      ],
      "corners": [
        [
          796.971008300781,
          666.3712158203125
        ],
        [
          829.4734497070312,
          666.1292114257812
        ],
        [
          828.5200195312501,
          636.3010864257812
        ],
        [
          796.2117919921875,
          636.1609497070311
        ]
      ],
      "homography": [
        [
          21.37153952989945,
          -2.143769569905655,
          812.8957544844876
        ],
        [
          4.116449856609732,
          12.948016580755734,
          651.1929531856771
        ],
        [
          0.006359576376842181,
          -0.003164688417033342,
          1.0
        ]
      ]
    },
    {
      "tag_id": 8,
      "tag_family": "tag36h11",
      "hamming": 0,
      "decision_margin": 72.95931243896484,
      "center": [
        952.3122442351022,
        632.86938534849
      ],
      "corners": [
        [
          945.4007568359375,
          649.6602172851562
        ],
        [
          959.032470703125,
          643.3674926757812
        ],
        [
          958.939208984375,
          616.769775390625
        ],
        [
          945.4417114257814,
          622.136474609375
        ]
      ],
      "homography": [
        [
          22.05326357951094,
          -4.726664140272189,
          952.3122442351022
        ],
        [
          7.237877966400901,
          10.375520858656273,
          632.86938534849
        ],
        [
          0.0160376717471276,
          -0.004978220377936911,
          1.0
        ]
      ]
    }
  ]
}
