{
  "image_file": "2672f8592b48_3536_REEFSCAPE_ROBOT_REVEAL_frame_002640.png",
  "image_sha256": "2672f8592b484e020360ba7d3707d66a2c780f0212893e70044a60f547ad5b19",
  "image_width": 1920,
  "image_height": 1080,
  "detector_config": {
    "library": "pupil-apriltags",
    "library_version": "1.0.4.post11",
    "family": "tag36h11",
    "nthreads": 4,
    "quad_decimate": 1.0,
    "quad_sigma": 0.0,
    "refine_edges": true,
    "decode_sharpening": 0.25
  },
  "detected_at": "2026-04-01T02:34:13.668816+00:00",
  "num_detections": 2,
  "detections": [
    {
      "tag_id": 16,
      "tag_family": "tag36h11",
      "hamming": 0,
      "decision_margin": 81.63774108886719,
      "center": [
        310.40694702272083,
        152.33459613361578
      ],
      "corners": [
        [
          286.637939453125,
          175.00247192382812
        ],
        [
          334.1071166992187,
          177.4660491943359
        ],
        [
          333.9033813476562,
          129.92666625976562
        ],
        [
          286.2363586425781,
          126.70431518554686
        ]
      ],
      "homography": [
        [
          26.20269930129865,
          0.7806905099251399,
          310.40694702272083
        ],
        [
          2.6083621415289966,
          24.267022960212728,
          152.33459613361578
        ],
        [
          0.007796855041785364,
          0.0020299938058602218,
          1.0
        ]
      ]
    },
    {
      "tag_id": 21,
      "tag_family": "tag36h11",
      "hamming": 0,
      "decision_margin": 83.59436798095703,
      "center": [
        1353.5635124064377,
        533.2051425991211
      ],
      "corners": [
        [
          1314.343872070313,
          580.3844604492188
        ],
        [
          1391.600830078125,
          592.1105957031249
        ],
        [
          1395.9477539062495,
          482.2189636230469
        ],
        [
          1316.8331298828123,
          476.3236389160158
        ]
      ],
      "homography": [
        [
          0.9807784849472212,
          12.731435804525972,
          1353.5635124064377
        ],
        [
          -10.565626172316122,
          59.1210197313178,
          533.2051425991211
        ],
        [
          -0.028129987660062885,
          0.010650044520873723,
          1.0
        ]
      ]
    }
  ]
}
