{
  "image_file": "274872ac843a_SigmaC_T_Robotics_2026_Robot_Release_Video_frame_000177.png",
  "image_sha256": "274872ac843a23c5e1505012851aa287c75b0fb360b9bd027eb45bb57a59946d",
  "image_width": 1920,
  "image_height": 1080,
  "detector_config": {
    "library": "pupil-apriltags",
    "library_version": "1.0.4.post11",
    "family": "tag36h11",
    "nthreads": 4,
    "quad_decimate": 1.0,
    "quad_sigma": 0.0,
    "refine_edges": true,
    "decode_sharpening": 0.25
  },
  "detected_at": "2026-04-01T04:46:49.149570+00:00",
  "num_detections": 3,
  "detections": [
    {
      "tag_id": 2,
      "tag_family": "tag36h11",
      "hamming": 0,
      "decision_margin": 90.801513671875,
      "center": [
        1042.3658071557188,
        608.7230275458722
      ],
      "corners": [
        [
          1010.5640258789064,
          646.6220703125
        ],
        [
          1073.52978515625,
          648.2177734375
        ],
        [
          1074.866333007812,
          569.9912719726561
        ],
        [
          1012.3912963867188,
          570.7357177734375
        ]
      ],
      "homography": [
        [
          15.549286287716313,
          -5.271145134238848,
          1042.3658071557188
        ],
        [
          -9.021059130267648,
          35.90453811102384,
          608.7230275458722
        ],
        [
          -0.015160924296728205,
          -0.004294369013101849,
          1.0
        ]
      ]
    },
    {
      "tag_id": 3,
      "tag_family": "tag36h11",
      "hamming": 0,
      "decision_margin": 89.59388732910156,
      "center": [
        1352.7359962762691,
        615.464782441734
      ],
      "corners": [
        [
          1334.745849609375,
          656.0031127929686
        ],
        [
          1368.687255859375,
          655.6838378906249
        ],
        [
          1369.864501953125,
          576.8680419921875
        ],
        [
          1336.4415283203125,
          574.38037109375
        ]
      ],
      "homography": [
        [
          40.62862212028517,
          -10.109698481347772,
          1352.7359962762691
        ],
        [
          11.37732142223842,
          35.820524715568126,
          615.464782441734
        ],
        [
          0.01758933418822726,
          -0.006945804051253278,
          1.0
        ]
      ]
    },
    {
      "tag_id": 4,
      "tag_family": "tag36h11",
      "hamming": 0,
      "decision_margin": 79.73212432861328,
      "center": [
        1421.9859154716878,
        616.7800458511936
      ],
      "corners": [
        [
          1405.9438476562498,
          653.7328491210938
        ],
        [
          1435.7518310546875,
          653.8955078124999
        ],
        [
          1437.5780029296877,
          580.8637695312501
        ],
        [
          1407.4943847656248,
          577.708190917969
        ]
      ],
      "homography": [
        [
          43.337559302271075,
          7.296629192645474,
          1421.9859154716878
        ],
        [
          13.126444723422418,
          40.780218555870874,
          616.7800458511936
        ],
        [
          0.01995161626274699,
          0.005727106281408691,
          1.0
        ]
      ]
    }
  ],
  "ingest_metadata": {
    "original_name": "SigmaC_T_Robotics_2026_Robot_Release_Video_frame_000177.png",
    "source": "unknown",
    "dhash": "828cc8c8c4cccfc6",
    "ingested_at": "2026-04-01T04:46:49.145300+00:00"
  }
}
