{
  "image_file": "2772eff35ffb_Half_Hollow_Hills_Invitational_Playoff_Match_6_2025_frame_00.png",
  "image_sha256": "2772eff35ffbefd84e7cae34a62ed4886292387d4616a486dc2d2e0f7c0ef209",
  "image_width": 1920,
  "image_height": 1080,
  "detector_config": {
    "library": "pupil-apriltags",
    "library_version": "1.0.4.post11",
    "family": "tag36h11",
    "nthreads": 4,
    "quad_decimate": 1.0,
    "quad_sigma": 0.0,
    "refine_edges": true,
    "decode_sharpening": 0.25
  },
  "detected_at": "2026-04-01T16:06:42.790260+00:00",
  "num_detections": 2,
  "detections": [
    {
      "tag_id": 16,
      "tag_family": "tag36h11",
      "hamming": 0,
      "decision_margin": 45.09067153930664,
      "center": [
        851.269257533602,
        390.81396099469737
      ],
      "corners": [
        [
          843.0234985351564,
          400.9342651367187
        ],
        [
          859.1161499023438,
          399.2838439941407
        ],
        [
          859.2479858398438,
          381.02139282226574
        ],
        [
          843.3037109374999,
          382.21600341796875
        ]
      ],
      "homography": [
        [
          18.20711689047755,
          -3.9135426906809676,
          851.269257533602
        ],
        [
          3.9722610924524124,
          7.4937894249723636,
          390.81396099469737
        ],
        [
          0.011981175820519193,
          -0.004477322200973672,
          1.0
        ]
      ]
    },
    {
      "tag_id": 19,
      "tag_family": "tag36h11",
      "hamming": 0,
      "decision_margin": 89.09308624267578,
      "center": [
        642.2340081370456,
        575.6801240990638
      ],
      "corners": [
        [
          621.1198120117186,
          599.291748046875
        ],
        [
          665.9742431640625,
          598.0660400390626
        ],
        [
          663.4262695312501,
          551.981201171875
        ],
        [
          618.6503295898439,
          553.4418334960938
        ]
      ],
      "homography": [
        [
          20.752575668316467,
          0.7844902781524777,
          642.2340081370456
        ],
        [
          -2.155028374014594,
          22.562428446373133,
          575.6801240990638
        ],
        [
          -0.0025767112802692112,
          -0.0007314783429219053,
          1.0
        ]
      ]
    }
  ]
}
