{
  "image_file": "2821d92aea25_PC000002_MOV-0368_jpg_rf_82fdbc0d3e395e9f6b990f0f7cafb50f.png",
  "image_sha256": "2821d92aea25e7552a74d3722457977f05accc8335a0cab7ab4be47546a3a9d6",
  "image_width": 640,
  "image_height": 360,
  "detector_config": {
    "library": "pupil-apriltags",
    "library_version": "1.0.4.post11",
    "family": "tag36h11",
    "nthreads": 4,
    "quad_decimate": 1.0,
    "quad_sigma": 0.0,
    "refine_edges": true,
    "decode_sharpening": 0.25
  },
  "detected_at": "2026-03-24T14:12:28.954797+00:00",
  "num_detections": 3,
  "detections": [
    {
      "tag_id": 18,
      "tag_family": "tag36h11",
      "hamming": 1,
      "decision_margin": 60.83747863769531,
      "center": [
        257.0174425574797,
        287.6079344036611
      ],
      "corners": [
        [
          251.79008483886722,
          298.7532043457032
        ],
        [
          261.6315612792969,
          297.7234497070312
        ],
        [
          262.17938232421875,
          276.6021423339844
        ],
        [
          252.63322448730474,
          277.99642944335943
        ]
      ],
      "homography": [
        [
          2.3712138805624368,
          -4.441582283278194,
          257.0174425574797
        ],
        [
          -3.3776062150797097,
          5.88651413321287,
          287.6079344036611
        ],
        [
          -0.009626285433174802,
          -0.015922952937944754,
          1.0
        ]
      ]
    },
    {
      "tag_id": 19,
      "tag_family": "tag36h11",
      "hamming": 0,
      "decision_margin": 71.71836853027344,
      "center": [
        326.13582260481076,
        285.7156218092873
      ],
      "corners": [
        [
          316.91387939453125,
          296.6378479003906
        ],
        [
          335.21746826171875,
          298.1954040527343
        ],
        [
          334.98257446289057,
          275.2377624511719
        ],
        [
          317.4198303222656,
          273.7383117675782
        ]
      ],
      "homography": [
        [
          8.998578107394849,
          -6.803992341931518,
          326.13582260481076
        ],
        [
          0.7953588086791676,
          5.557983730673072,
          285.7156218092873
        ],
        [
          0.000109833481537448,
          -0.020654884212806767,
          1.0
        ]
      ]
    },
    {
      "tag_id": 20,
      "tag_family": "tag36h11",
      "hamming": 0,
      "decision_margin": 77.23778533935547,
      "center": [
        364.06049256490365,
        288.29731531961704
      ],
      "corners": [
        [
          355.9526672363282,
          298.73504638671875
        ],
        [
          372.39556884765625,
          299.75033569335926
        ],
        [
          371.84338378906244,
          278.2778930664062
        ],
        [
          355.6305847167969,
          276.71398925781256
        ]
      ],
      "homography": [
        [
          12.913951650181957,
          -2.472410222629092,
          364.06049256490365
        ],
        [
          4.409691405825412,
          8.738874476780154,
          288.29731531961704
        ],
        [
          0.01305228594564155,
          -0.007395760140786923,
          1.0
        ]
      ]
    }
  ],
  "ingest_metadata": {
    "original_name": "PC000002_MOV-0368_jpg_rf_82fdbc0d3e395e9f6b990f0f7cafb50f.png",
    "source": "unknown",
    "dhash": "4e6ee97ded67e066",
    "ingested_at": "2026-03-24T14:12:28.939014+00:00"
  }
}
