{
  "image_file": "29322d95d0ee_Robot_Reveal_frame_032340.png",
  "image_sha256": "29322d95d0eec329315995872eeb1b0418c27bf74e25a301df7c84fed783b492",
  "image_width": 1920,
  "image_height": 1080,
  "detector_config": {
    "library": "pupil-apriltags",
    "library_version": "1.0.4.post11",
    "family": "tag36h11",
    "nthreads": 4,
    "quad_decimate": 1.0,
    "quad_sigma": 0.0,
    "refine_edges": true,
    "decode_sharpening": 0.25
  },
  "detected_at": "2026-04-01T04:18:39.264989+00:00",
  "num_detections": 2,
  "detections": [
    {
      "tag_id": 21,
      "tag_family": "tag36h11",
      "hamming": 0,
      "decision_margin": 80.2066421508789,
      "center": [
        1176.8612770119312,
        408.0791613445959
      ],
      "corners": [
        [
          1160.9078369140625,
          424.3788146972656
        ],
        [
          1192.7225341796875,
          423.8536682128905
        ],
        [
          1192.4484863281252,
          392.15368652343756
        ],
        [
          1161.2972412109377,
          392.6002502441408
        ]
      ],
      "homography": [
        [
          17.006822651875154,
          -12.426371111934484,
          1176.8612770119312
        ],
        [
          0.1968303478734569,
          11.56885576896724,
          408.0791613445959
        ],
        [
          0.0010766799581152706,
          -0.010534710056937987,
          1.0
        ]
      ]
    },
    {
      "tag_id": 24,
      "tag_family": "tag36h11",
      "hamming": 0,
      "decision_margin": 90.84077453613281,
      "center": [
        1246.2663945880233,
        404.9873286279288
      ],
      "corners": [
        [
          1230.1469726562498,
          420.84268188476557
        ],
        [
          1262.0487060546875,
          420.62805175781244
        ],
        [
          1262.5106201171877,
          389.0092163085938
        ],
        [
          1230.161376953125,
          389.0267944335938
        ]
      ],
      "homography": [
        [
          19.965058263985384,
          8.589439319570376,
          1246.2663945880233
        ],
        [
          1.209659444407348,
          18.68790396213319,
          404.9873286279288
        ],
        [
          0.003131955513529416,
          0.006988245121847673,
          1.0
        ]
      ]
    }
  ]
}
