{
  "image_file": "2939fafd05f0_Team_1540_2026_Robot_Reveal__Hephaestus_frame_002100.png",
  "image_sha256": "2939fafd05f06c95309a21c34aafaeda1099e958d4f61ca943c76ddfff2d2161",
  "image_width": 1920,
  "image_height": 1080,
  "detector_config": {
    "library": "pupil-apriltags",
    "library_version": "1.0.4.post11",
    "family": "tag36h11",
    "nthreads": 4,
    "quad_decimate": 1.0,
    "quad_sigma": 0.0,
    "refine_edges": true,
    "decode_sharpening": 0.25
  },
  "detected_at": "2026-04-01T04:49:40.118551+00:00",
  "num_detections": 6,
  "detections": [
    {
      "tag_id": 5,
      "tag_family": "tag36h11",
      "hamming": 0,
      "decision_margin": 58.07670974731445,
      "center": [
        343.01786904586925,
        419.65082541870106
      ],
      "corners": [
        [
          319.14260864257807,
          451.67950439453125
        ],
        [
          368.3821411132812,
          450.32113647460943
        ],
        [
          366.2725524902344,
          388.4546508789062
        ],
        [
          316.78582763671875,
          387.9312133789061
        ]
      ],
      "homography": [
        [
          29.818705012887563,
          1.741178844644086,
          343.01786904586925
        ],
        [
          6.081378268615477,
          32.162630399371835,
          419.65082541870106
        ],
        [
          0.014992898670969038,
          0.0018255382146954225,
          1.0
        ]
      ]
    },
    {
      "tag_id": 6,
      "tag_family": "tag36h11",
      "hamming": 1,
      "decision_margin": 61.13320541381836,
      "center": [
        1373.9946963655298,
        506.53289615065097
      ],
      "corners": [
        [
          1330.6662597656252,
          553.5234375000001
        ],
        [
          1421.92919921875,
          552.0463256835938
        ],
        [
          1418.78955078125,
          457.9519958496094
        ],
        [
          1327.0985107421875,
          462.0053405761719
        ]
      ],
      "homography": [
        [
          26.775505712215363,
          5.590054102271328,
          1373.9946963655298
        ],
        [
          -8.366240416632882,
          47.83522146083777,
          506.53289615065097
        ],
        [
          -0.013794846910793128,
          0.0028456779597035597,
          1.0
        ]
      ]
    },
    {
      "tag_id": 8,
      "tag_family": "tag36h11",
      "hamming": 0,
      "decision_margin": 68.51889038085938,
      "center": [
        443.2404792414268,
        417.57748189653404
      ],
      "corners": [
        [
          422.37957763671875,
          447.78759765625
        ],
        [
          466.0894165039063,
          446.5901184082032
        ],
        [
          463.3242187500001,
          388.4928283691406
        ],
        [
          420.09222412109375,
          388.1847839355469
        ]
      ],
      "homography": [
        [
          27.379964336998,
          -1.4980400922894967,
          443.2404792414268
        ],
        [
          5.10399360799374,
          26.814741964418204,
          417.57748189653404
        ],
        [
          0.012744054200047516,
          -0.006236747072202443,
          1.0
        ]
      ]
    },
    {
      "tag_id": 13,
      "tag_family": "tag36h11",
      "hamming": 0,
      "decision_margin": 61.362579345703125,
      "center": [
        529.9242590969287,
        528.753199723654
      ],
      "corners": [
        [
          520.5556030273436,
          542.1415405273438
        ],
        [
          540.7963256835938,
          542.22998046875
        ],
        [
          539.511413574219,
          515.0526123046875
        ],
        [
          519.0430908203125,
          515.2651367187499
        ]
      ],
      "homography": [
        [
          7.233347078978681,
          3.864992083420703,
          529.9242590969287
        ],
        [
          -2.966901931740383,
          16.670555102727917,
          528.753199723654
        ],
        [
          -0.005554159161881978,
          0.005972565436089305,
          1.0
        ]
      ]
    },
    {
      "tag_id": 14,
      "tag_family": "tag36h11",
      "hamming": 0,
      "decision_margin": 60.03486633300781,
      "center": [
        585.1113334957421,
        528.0796329225583
      ],
      "corners": [
        [
          575.0415649414062,
          542.1258544921875
        ],
        [
          596.28857421875,
          541.9041748046877
        ],
        [
          595.1493530273438,
          514.0776977539062
        ],
        [
          574.1229248046875,
          514.4886474609373
        ]
      ],
      "homography": [
        [
          8.537553445057938,
          -2.4401721476359617,
          585.1113334957421
        ],
        [
          -1.9911231658219335,
          11.199113349383879,
          528.0796329225583
        ],
        [
          -0.0034700938268063283,
          -0.005049035408969284,
          1.0
        ]
      ]
    },
    {
      "tag_id": 16,
      "tag_family": "tag36h11",
      "hamming": 0,
      "decision_margin": 59.955299377441406,
      "center": [
        1045.3543875113876,
        533.8987777805149
      ],
      "corners": [
        [
          1031.3604736328127,
          549.9657592773438
        ],
        [
          1060.030517578125,
          550.4103393554689
        ],
        [
          1060.0341796874998,
          517.0443115234376
        ],
        [
          1030.4246826171875,
          517.1019287109375
        ]
      ],
      "homography": [
        [
          6.539488208689816,
          17.215833711772348,
          1045.3543875113876
        ],
        [
          -3.9981914081604404,
          25.224033361286388,
          533.8987777805149
        ],
        [
          -0.007677542277078382,
          0.016242571022164212,
          1.0
        ]
      ]
    }
  ],
  "ingest_metadata": {
    "original_name": "Team_1540_2026_Robot_Reveal__Hephaestus_frame_002100.png",
    "source": "unknown",
    "dhash": "3e79595aaa91c3e6",
    "ingested_at": "2026-04-01T04:49:40.115300+00:00"
  }
}
