{
  "image_file": "294ba7832249_2026_Robot_Reveal____STROMBOLI_frame_002520.png",
  "image_sha256": "294ba78322490b2182622887a75ae38c283914d3fa83efdce307fd8a5b3deff9",
  "image_width": 1920,
  "image_height": 1080,
  "detector_config": {
    "library": "pupil-apriltags",
    "library_version": "1.0.4.post11",
    "family": "tag36h11",
    "nthreads": 4,
    "quad_decimate": 1.0,
    "quad_sigma": 0.0,
    "refine_edges": true,
    "decode_sharpening": 0.25
  },
  "detected_at": "2026-04-01T04:00:02.769750+00:00",
  "num_detections": 2,
  "detections": [
    {
      "tag_id": 27,
      "tag_family": "tag36h11",
      "hamming": 0,
      "decision_margin": 63.57426452636719,
      "center": [
        1511.9888803439019,
        440.24794385609624
      ],
      "corners": [
        [
          1442.2916259765625,
          483.50466918945307
        ],
        [
          1543.6328125,
          544.642822265625
        ],
        [
          1598.4344482421873,
          386.59658813476557
        ],
        [
          1481.9647216796875,
          341.19677734374994
        ]
      ],
      "homography": [
        [
          -46.954035431809196,
          38.05292269305527,
          1511.9888803439019
        ],
        [
          -2.514743081374502,
          92.60403825789678,
          440.24794385609624
        ],
        [
          -0.06676438636575961,
          0.04049839579693578,
          1.0
        ]
      ]
    },
    {
      "tag_id": 29,
      "tag_family": "tag36h11",
      "hamming": 0,
      "decision_margin": 80.07916259765625,
      "center": [
        160.61463947249763,
        182.7329426699239
      ],
      "corners": [
        [
          143.76242065429688,
          201.0812530517578
        ],
        [
          184.6299896240234,
          202.399169921875
        ],
        [
          177.63070678710935,
          164.20623779296875
        ],
        [
          136.25343322753906,
          162.78349304199216
        ]
      ],
      "homography": [
        [
          20.746019472733593,
          4.589296623010173,
          160.61463947249763
        ],
        [
          0.8960626303385457,
          20.21716687719902,
          182.7329426699239
        ],
        [
          0.0011557175678667628,
          0.0059935323828369386,
          1.0
        ]
      ]
    }
  ]
}
