{
  "image_file": "298f66515d23_FRC_2630_ThunderBolts_2025_Robot_Reveal-__Atlas__frame_00045.png",
  "image_sha256": "298f66515d23680ecef7715519c27d4930cbf472867fb964f0549c0d49e45362",
  "image_width": 1920,
  "image_height": 1080,
  "detector_config": {
    "library": "pupil-apriltags",
    "library_version": "1.0.4.post11",
    "family": "tag36h11",
    "nthreads": 4,
    "quad_decimate": 1.0,
    "quad_sigma": 0.0,
    "refine_edges": true,
    "decode_sharpening": 0.25
  },
  "detected_at": "2026-04-01T01:40:19.599037+00:00",
  "num_detections": 3,
  "detections": [
    {
      "tag_id": 1,
      "tag_family": "tag36h11",
      "hamming": 0,
      "decision_margin": 70.85160827636719,
      "center": [
        87.42566547908156,
        440.18020312732733
      ],
      "corners": [
        [
          66.92944335937499,
          455.6678466796875
        ],
        [
          103.52784729003906,
          462.60546875
        ],
        [
          107.1373672485352,
          425.2853698730469
        ],
        [
          71.51857757568361,
          418.02664184570307
        ]
      ],
      "homography": [
        [
          18.636654824201784,
          -3.1654668612540013,
          87.42566547908156
        ],
        [
          6.504440700814994,
          13.101282040616013,
          440.18020312732733
        ],
        [
          0.006708333296654476,
          -0.012803252340435603,
          1.0
        ]
      ]
    },
    {
      "tag_id": 7,
      "tag_family": "tag36h11",
      "hamming": 0,
      "decision_margin": 52.66254806518555,
      "center": [
        1054.576552594918,
        753.7922976807848
      ],
      "corners": [
        [
          1041.0152587890625,
          784.9788208007812
        ],
        [
          1067.14111328125,
          785.2833862304688
        ],
        [
          1068.3787841796877,
          722.0516967773438
        ],
        [
          1042.5622558593752,
          723.680358886719
        ]
      ],
      "homography": [
        [
          -3.465593901491956,
          -7.8606746303448745,
          1054.576552594918
        ],
        [
          -12.093956607470549,
          26.004360620869647,
          753.7922976807848
        ],
        [
          -0.015596382652629316,
          -0.006791311833912512,
          1.0
        ]
      ]
    },
    {
      "tag_id": 8,
      "tag_family": "tag36h11",
      "hamming": 0,
      "decision_margin": 79.11683654785156,
      "center": [
        1354.1456006112337,
        757.1340517668519
      ],
      "corners": [
        [
          1317.9935302734375,
          791.7164306640625
        ],
        [
          1389.42138671875,
          793.4326171874998
        ],
        [
          1389.754150390625,
          723.0715942382812
        ],
        [
          1319.3948974609373,
          721.3757934570314
        ]
      ],
      "homography": [
        [
          35.4960390909348,
          -10.63861749512284,
          1354.1456006112337
        ],
        [
          0.8816376177667243,
          29.46749424704933,
          757.1340517668519
        ],
        [
          3.786537253881436e-05,
          -0.007536212966214714,
          1.0
        ]
      ]
    }
  ]
}
