{
  "image_file": "29de0035a568_FRC3494_2026_Robot_Reveal_-_KRAKATOA_frame_001416.png",
  "image_sha256": "29de0035a568f270e761038c7a00ad4dda143a6575ad51f09866abf9d6d9b2a6",
  "image_width": 1920,
  "image_height": 1080,
  "detector_config": {
    "library": "pupil-apriltags",
    "library_version": "1.0.4.post11",
    "family": "tag36h11",
    "nthreads": 4,
    "quad_decimate": 1.0,
    "quad_sigma": 0.0,
    "refine_edges": true,
    "decode_sharpening": 0.25
  },
  "detected_at": "2026-04-01T04:25:13.883899+00:00",
  "num_detections": 4,
  "detections": [
    {
      "tag_id": 21,
      "tag_family": "tag36h11",
      "hamming": 0,
      "decision_margin": 65.89137268066406,
      "center": [
        755.8619708701918,
        348.8844660046721
      ],
      "corners": [
        [
          737.070068359375,
          373.3771057128907
        ],
        [
          773.9884643554686,
          374.1336975097655
        ],
        [
          774.59326171875,
          324.4708251953125
        ],
        [
          737.6939086914062,
          323.57733154296886
        ]
      ],
      "homography": [
        [
          19.49772727930781,
          -0.48477331351500413,
          755.8619708701918
        ],
        [
          0.8941065863936585,
          24.783625797647517,
          348.8844660046721
        ],
        [
          0.0013803133940489723,
          -0.0002349985459082328,
          1.0
        ]
      ]
    },
    {
      "tag_id": 24,
      "tag_family": "tag36h11",
      "hamming": 0,
      "decision_margin": 69.11524200439453,
      "center": [
        839.1734754643259,
        349.5773879737266
      ],
      "corners": [
        [
          819.3088378906251,
          374.8120422363281
        ],
        [
          858.52685546875,
          375.23748779296875
        ],
        [
          859.3748168945312,
          323.9150085449219
        ],
        [
          819.8630981445312,
          323.9743041992187
        ]
      ],
      "homography": [
        [
          15.688945486426064,
          2.7095619922322403,
          839.1734754643259
        ],
        [
          -1.5708614069033648,
          26.813613806611045,
          349.5773879737266
        ],
        [
          -0.004757978371271397,
          0.0036457562902923383,
          1.0
        ]
      ]
    },
    {
      "tag_id": 25,
      "tag_family": "tag36h11",
      "hamming": 0,
      "decision_margin": 65.2771224975586,
      "center": [
        948.6996171143592,
        352.6731721139169
      ],
      "corners": [
        [
          932.8970336914061,
          377.3500061035156
        ],
        [
          962.9075317382814,
          378.6439819335938
        ],
        [
          964.311950683594,
          328.29342651367193
        ],
        [
          934.0628662109375,
          325.91848754882807
        ]
      ],
      "homography": [
        [
          24.987894971728906,
          3.535653959733398,
          948.6996171143592
        ],
        [
          4.60427778693639,
          26.995866729423994,
          352.6731721139169
        ],
        [
          0.010461563481016746,
          0.004405527943324927,
          1.0
        ]
      ]
    },
    {
      "tag_id": 26,
      "tag_family": "tag36h11",
      "hamming": 0,
      "decision_margin": 56.86448669433594,
      "center": [
        1011.7928234343506,
        356.14296601459324
      ],
      "corners": [
        [
          997.2644042968749,
          379.6079406738281
        ],
        [
          1024.4075927734377,
          380.6321105957032
        ],
        [
          1025.8323974609375,
          333.467529296875
        ],
        [
          998.6510620117188,
          330.63076782226557
        ]
      ],
      "homography": [
        [
          32.583964591883955,
          0.9907196017793507,
          1011.7928234343506
        ],
        [
          7.65390746184323,
          24.623169076510692,
          356.14296601459324
        ],
        [
          0.018786079559493022,
          0.0016744431879325494,
          1.0
        ]
      ]
    }
  ],
  "ingest_metadata": {
    "original_name": "FRC3494_2026_Robot_Reveal_-_KRAKATOA_frame_001416.png",
    "source": "unknown",
    "dhash": "bcb4d4d1dace4d61",
    "ingested_at": "2026-04-01T04:25:13.875300+00:00"
  }
}
