{
  "image_file": "2a0b9be91bfd_PC000001_MOV-0249_jpg_rf_10143e9a8e2f1a01b493bd4268d1e529.png",
  "image_sha256": "2a0b9be91bfd13b77f9105870383b5e4955f6d70bb927c58ebeeb1199426eb91",
  "image_width": 640,
  "image_height": 360,
  "detector_config": {
    "library": "pupil-apriltags",
    "library_version": "1.0.4.post11",
    "family": "tag36h11",
    "nthreads": 4,
    "quad_decimate": 1.0,
    "quad_sigma": 0.0,
    "refine_edges": true,
    "decode_sharpening": 0.25
  },
  "detected_at": "2026-03-24T14:12:42.042115+00:00",
  "num_detections": 3,
  "detections": [
    {
      "tag_id": 3,
      "tag_family": "tag36h11",
      "hamming": 0,
      "decision_margin": 73.22531127929688,
      "center": [
        108.79785585750624,
        152.6286835778396
      ],
      "corners": [
        [
          93.95867919921874,
          171.73556518554688
        ],
        [
          124.102783203125,
          172.9880065917969
        ],
        [
          124.08190155029298,
          132.9489898681641
        ],
        [
          94.15393829345702,
          133.1486663818359
        ]
      ],
      "homography": [
        [
          13.008692081437275,
          -0.4428738355083494,
          108.79785585750624
        ],
        [
          -2.5509358182528126,
          19.09218956121518,
          152.6286835778396
        ],
        [
          -0.018419801491214912,
          -0.0036514931968873884,
          1.0
        ]
      ]
    },
    {
      "tag_id": 4,
      "tag_family": "tag36h11",
      "hamming": 0,
      "decision_margin": 77.19207000732422,
      "center": [
        177.65297778561504,
        152.72227692690817
      ],
      "corners": [
        [
          160.7647399902343,
          172.71620178222653
        ],
        [
          194.44778442382815,
          173.87886047363287
        ],
        [
          195.33979797363287,
          131.78291320800778
        ],
        [
          161.12901306152344,
          131.90687561035148
        ]
      ],
      "homography": [
        [
          14.19461091204218,
          1.019566910139135,
          177.65297778561504
        ],
        [
          -2.1200033867201595,
          21.86315896265171,
          152.72227692690817
        ],
        [
          -0.01561293723247385,
          0.007484128664583122,
          1.0
        ]
      ]
    },
    {
      "tag_id": 5,
      "tag_family": "tag36h11",
      "hamming": 0,
      "decision_margin": 70.93890380859375,
      "center": [
        372.3398269604968,
        161.9860874556044
      ],
      "corners": [
        [
          365.486053466797,
          179.95899963378906
        ],
        [
          377.65417480468744,
          180.3290252685547
        ],
        [
          378.58206176757795,
          145.61683654785156
        ],
        [
          366.8606872558594,
          143.07435607910156
        ]
      ],
      "homography": [
        [
          17.500491070978512,
          -6.420228012636185,
          372.3398269604968
        ],
        [
          5.763352775255099,
          15.332796678707325,
          161.9860874556044
        ],
        [
          0.030982141747774423,
          -0.015714429648117062,
          1.0
        ]
      ]
    }
  ]
}
