{
  "image_file": "2a713417d715_FRC_Team_8725___Robot_Reveal_2026_-_N_soi_frame_001020.png",
  "image_sha256": "2a713417d715c63f70c69494e81f8315d165d489a9e313785ca1a6ec5f0f82cf",
  "image_width": 1920,
  "image_height": 1080,
  "detector_config": {
    "library": "pupil-apriltags",
    "library_version": "1.0.4.post11",
    "family": "tag36h11",
    "nthreads": 4,
    "quad_decimate": 1.0,
    "quad_sigma": 0.0,
    "refine_edges": true,
    "decode_sharpening": 0.25
  },
  "detected_at": "2026-04-01T03:37:55.168101+00:00",
  "num_detections": 5,
  "detections": [
    {
      "tag_id": 2,
      "tag_family": "tag36h11",
      "hamming": 0,
      "decision_margin": 66.94013214111328,
      "center": [
        1398.3472277592616,
        404.5882756836108
      ],
      "corners": [
        [
          1381.2222900390623,
          429.51409912109375
        ],
        [
          1415.3955078125002,
          431.3468933105469
        ],
        [
          1415.295043945313,
          379.9202575683594
        ],
        [
          1381.1658935546875,
          377.62081909179693
        ]
      ],
      "homography": [
        [
          23.427532299170252,
          -0.877459363377963,
          1398.3472277592616
        ],
        [
          2.8711214616259295,
          25.564187418340452,
          404.5882756836108
        ],
        [
          0.004542719873259955,
          -0.0006556135116912474,
          1.0
        ]
      ]
    },
    {
      "tag_id": 7,
      "tag_family": "tag36h11",
      "hamming": 0,
      "decision_margin": 76.51094055175781,
      "center": [
        769.4907750996264,
        501.32602019363225
      ],
      "corners": [
        [
          761.7125244140626,
          518.6253051757812
        ],
        [
          778.1973876953125,
          517.3383178710939
        ],
        [
          777.2769165039064,
          484.0091857910156
        ],
        [
          761.2479248046875,
          486.16662597656233
        ]
      ],
      "homography": [
        [
          -2.5969660927628397,
          -9.989049478120933,
          769.4907750996264
        ],
        [
          -7.852527693598746,
          9.709686054323354,
          501.32602019363225
        ],
        [
          -0.013934223618571759,
          -0.013427251121955882,
          1.0
        ]
      ]
    },
    {
      "tag_id": 9,
      "tag_family": "tag36h11",
      "hamming": 0,
      "decision_margin": 82.7050552368164,
      "center": [
        1062.521771599906,
        413.0481533686805
      ],
      "corners": [
        [
          1047.4390869140623,
          437.89520263671875
        ],
        [
          1077.3833007812502,
          435.91415405273443
        ],
        [
          1078.2421875000002,
          387.15051269531256
        ],
        [
          1048.01318359375,
          390.7251892089844
        ]
      ],
      "homography": [
        [
          -2.344173704898822,
          4.258770264965506,
          1062.521771599906
        ],
        [
          -8.14269415475491,
          25.770307370681735,
          413.0481533686805
        ],
        [
          -0.01636024547911816,
          0.004343229239968091,
          1.0
        ]
      ]
    },
    {
      "tag_id": 10,
      "tag_family": "tag36h11",
      "hamming": 0,
      "decision_margin": 84.69512176513672,
      "center": [
        1130.0221348806986,
        408.11501367051125
      ],
      "corners": [
        [
          1113.3079833984377,
          434.57348632812494
        ],
        [
          1146.5670166015625,
          431.98223876953125
        ],
        [
          1147.1276855468748,
          381.0369567871094
        ],
        [
          1113.7884521484375,
          384.6967163085937
        ]
      ],
      "homography": [
        [
          4.7445565431930845,
          0.9148424884494949,
          1130.0221348806986
        ],
        [
          -5.860922545363113,
          25.626917525175088,
          408.11501367051125
        ],
        [
          -0.010533545037790151,
          0.001039566463832864,
          1.0
        ]
      ]
    },
    {
      "tag_id": 17,
      "tag_family": "tag36h11",
      "hamming": 0,
      "decision_margin": 71.69171905517578,
      "center": [
        1619.0320349020806,
        510.0857028030336
      ],
      "corners": [
        [
          1609.396728515625,
          521.4472045898438
        ],
        [
          1629.057861328125,
          520.7924194335938
        ],
        [
          1628.7625732421875,
          498.6119079589844
        ],
        [
          1608.865478515625,
          499.22869873046875
        ]
      ],
      "homography": [
        [
          11.550270101783552,
          9.829206384342799,
          1619.0320349020806
        ],
        [
          0.20531395958425774,
          14.131043474140426,
          510.0857028030336
        ],
        [
          0.001025968270164035,
          0.005943489555493315,
          1.0
        ]
      ]
    }
  ]
}
