{
  "image_file": "2aa65694664d_2026_Robot_Reveal_-_Monarch_frame_001680.png",
  "image_sha256": "2aa65694664d91db4098271e60f5c6ce35c9e87f296be8da00caeb05eece9960",
  "image_width": 1920,
  "image_height": 1080,
  "detector_config": {
    "library": "pupil-apriltags",
    "library_version": "1.0.4.post11",
    "family": "tag36h11",
    "nthreads": 4,
    "quad_decimate": 1.0,
    "quad_sigma": 0.0,
    "refine_edges": true,
    "decode_sharpening": 0.25
  },
  "detected_at": "2026-04-01T03:49:23.768581+00:00",
  "num_detections": 5,
  "detections": [
    {
      "tag_id": 17,
      "tag_family": "tag36h11",
      "hamming": 0,
      "decision_margin": 81.88348388671875,
      "center": [
        432.8739900050829,
        349.05015994077615
      ],
      "corners": [
        [
          419.50048828125006,
          364.3511657714843
        ],
        [
          446.3855895996093,
          364.81103515625006
        ],
        [
          446.42388916015625,
          333.54733276367193
        ],
        [
          419.5958557128907,
          333.5616149902343
        ]
      ],
      "homography": [
        [
          10.123238623778093,
          -0.5017689974785059,
          432.8739900050829
        ],
        [
          -2.553262851636534,
          15.134908330160101,
          349.05015994077615
        ],
        [
          -0.007633277965031386,
          -0.001081452211890672,
          1.0
        ]
      ]
    },
    {
      "tag_id": 19,
      "tag_family": "tag36h11",
      "hamming": 0,
      "decision_margin": 87.80935668945312,
      "center": [
        992.5760120703271,
        304.45695610267444
      ],
      "corners": [
        [
          972.7733764648438,
          323.16210937499994
        ],
        [
          1010.6452026367188,
          324.36566162109386
        ],
        [
          1012.243957519531,
          285.8790283203125
        ],
        [
          974.6625366210936,
          284.7198181152342
        ]
      ],
      "homography": [
        [
          18.408882824821376,
          -4.713263023464376,
          992.5760120703271
        ],
        [
          0.451311579709452,
          18.053700366380156,
          304.45695610267444
        ],
        [
          -0.0004575423624918611,
          -0.003869961249680042,
          1.0
        ]
      ]
    },
    {
      "tag_id": 20,
      "tag_family": "tag36h11",
      "hamming": 0,
      "decision_margin": 89.49315643310547,
      "center": [
        1076.727000760298,
        306.94869927563786
      ],
      "corners": [
        [
          1056.9698486328127,
          325.9814147949219
        ],
        [
          1095.5140380859373,
          326.74200439453125
        ],
        [
          1096.6600341796873,
          287.7465515136719
        ],
        [
          1058.1062011718752,
          287.3305358886719
        ]
      ],
      "homography": [
        [
          14.495997748571654,
          -0.5773460288278311,
          1076.727000760298
        ],
        [
          -1.0679838298140705,
          19.409270977477263,
          306.94869927563786
        ],
        [
          -0.004437641415188715,
          -6.286673949564729e-06,
          1.0
        ]
      ]
    },
    {
      "tag_id": 22,
      "tag_family": "tag36h11",
      "hamming": 0,
      "decision_margin": 76.2073745727539,
      "center": [
        1864.848777610517,
        400.4682748612491
      ],
      "corners": [
        [
          1843.0955810546873,
          418.3776245117187
        ],
        [
          1883.48291015625,
          420.3021240234376
        ],
        [
          1886.9462890625002,
          382.2754516601562
        ],
        [
          1846.5950927734377,
          381.03936767578114
        ]
      ],
      "homography": [
        [
          3.24490608221754,
          -4.036340249239174,
          1864.848777610517
        ],
        [
          -2.8477193063076265,
          18.34672321680631,
          400.4682748612491
        ],
        [
          -0.009082810697613844,
          -0.001230830380840771,
          1.0
        ]
      ]
    },
    {
      "tag_id": 30,
      "tag_family": "tag36h11",
      "hamming": 0,
      "decision_margin": 61.822837829589844,
      "center": [
        797.927998111389,
        411.3005598349482
      ],
      "corners": [
        [
          788.2305297851561,
          420.58264160156244
        ],
        [
          806.3701782226562,
          421.1604309082031
        ],
        [
          807.3997802734377,
          402.2344970703125
        ],
        [
          789.15576171875,
          401.0552062988281
        ]
      ],
      "homography": [
        [
          21.440246288674302,
          2.462669443391749,
          797.927998111389
        ],
        [
          6.802233288060277,
          11.132651286519149,
          411.3005598349482
        ],
        [
          0.015473295714363983,
          0.0036999525509379995,
          1.0
        ]
      ]
    }
  ]
}
