{
  "image_file": "2ad8245e3eb2_dji_mimo_20260216_125718_20260216135719_1771268187552_video_.png",
  "image_sha256": "2ad8245e3eb2e255cd768cd398601b1568b0761ee0d95a57e9c3ab60ad7a4a06",
  "image_width": 640,
  "image_height": 360,
  "detector_config": {
    "library": "pupil-apriltags",
    "library_version": "1.0.4.post11",
    "family": "tag36h11",
    "nthreads": 4,
    "quad_decimate": 1.0,
    "quad_sigma": 0.0,
    "refine_edges": true,
    "decode_sharpening": 0.25
  },
  "detected_at": "2026-03-24T14:15:22.283216+00:00",
  "num_detections": 2,
  "detections": [
    {
      "tag_id": 13,
      "tag_family": "tag36h11",
      "hamming": 0,
      "decision_margin": 36.40396499633789,
      "center": [
        251.07931470831787,
        123.42844236583463
      ],
      "corners": [
        [
          241.92602539062503,
          132.1279754638672
        ],
        [
          260.5501708984375,
          132.47546386718747
        ],
        [
          261.21673583984375,
          113.79356384277344
        ],
        [
          242.42639160156253,
          115.16275024414065
        ]
      ],
      "homography": [
        [
          -2.738321422811225,
          0.45044886418699515,
          251.07931470831787
        ],
        [
          -6.185899827750917,
          9.254253036134259,
          123.42844236583463
        ],
        [
          -0.04807311142788918,
          0.0029427294051216774,
          1.0
        ]
      ]
    },
    {
      "tag_id": 14,
      "tag_family": "tag36h11",
      "hamming": 0,
      "decision_margin": 36.548187255859375,
      "center": [
        296.8219330354217,
        121.76633774746784
      ],
      "corners": [
        [
          288.1091003417968,
          130.7262420654297
        ],
        [
          304.2488403320313,
          129.7948455810547
        ],
        [
          305.180877685547,
          113.17035675048828
        ],
        [
          288.9671325683594,
          113.27527618408205
        ]
      ],
      "homography": [
        [
          15.3155743279396,
          0.6304070740991411,
          296.8219330354217
        ],
        [
          2.706391920477329,
          8.956417055559342,
          121.76633774746784
        ],
        [
          0.024364885169594154,
          0.0036354651230550202,
          1.0
        ]
      ]
    }
  ],
  "ingest_metadata": {
    "original_name": "dji_mimo_20260216_125718_20260216135719_1771268187552_video_.png",
    "source": "unknown",
    "dhash": "677e1f23189a80e0",
    "ingested_at": "2026-03-24T14:15:22.273412+00:00"
  }
}
