{
  "image_file": "2af68508dca1_PC000001_MOV-0145_jpg_rf_a169cf35e428d4bf3b22ccea3b65b93e.png",
  "image_sha256": "2af68508dca16bea5c6e59af214311ff04dc03384a03d1393b38dec76a6f88ed",
  "image_width": 640,
  "image_height": 360,
  "detector_config": {
    "library": "pupil-apriltags",
    "library_version": "1.0.4.post11",
    "family": "tag36h11",
    "nthreads": 4,
    "quad_decimate": 1.0,
    "quad_sigma": 0.0,
    "refine_edges": true,
    "decode_sharpening": 0.25
  },
  "detected_at": "2026-03-24T14:12:24.795309+00:00",
  "num_detections": 2,
  "detections": [
    {
      "tag_id": 9,
      "tag_family": "tag36h11",
      "hamming": 0,
      "decision_margin": 89.634765625,
      "center": [
        183.21076174358387,
        130.7027089949261
      ],
      "corners": [
        [
          142.97315979003906,
          165.45767211914062
        ],
        [
          216.86161804199216,
          170.5492858886719
        ],
        [
          222.97349548339847,
          96.35791015625003
        ],
        [
          149.87437438964847,
          91.22850036621092
        ]
      ],
      "homography": [
        [
          36.85953704196717,
          -4.22672896295236,
          183.21076174358387
        ],
        [
          2.6365525954124918,
          36.409387475711384,
          130.7027089949261
        ],
        [
          0.0006206838174865271,
          -0.0053151439464170095,
          1.0
        ]
      ]
    },
    {
      "tag_id": 10,
      "tag_family": "tag36h11",
      "hamming": 0,
      "decision_margin": 90.54601287841797,
      "center": [
        345.4520649876271,
        141.46884157080143
      ],
      "corners": [
        [
          305.71356201171875,
          176.47055053710938
        ],
        [
          380.0785217285156,
          181.62805175781253
        ],
        [
          385.37188720703125,
          106.30742645263672
        ],
        [
          311.4140625,
          101.99211120605467
        ]
      ],
      "homography": [
        [
          35.20590938790804,
          -3.8367246797041004,
          345.4520649876271
        ],
        [
          1.5996324222449756,
          37.00302579058146,
          141.46884157080143
        ],
        [
          -0.005423104866842646,
          -0.00314689276909632,
          1.0
        ]
      ]
    }
  ]
}
