{
  "image_file": "2b30a2711adf_2025_Robot_Reveal_-_CybertorsK___CyberpunK_FRC_8020______fra.png",
  "image_sha256": "2b30a2711adf0f1dd6bf63b8a01241f9957447b520aa1161a704340fd308e373",
  "image_width": 1920,
  "image_height": 1080,
  "detector_config": {
    "library": "pupil-apriltags",
    "library_version": "1.0.4.post11",
    "family": "tag36h11",
    "nthreads": 4,
    "quad_decimate": 1.0,
    "quad_sigma": 0.0,
    "refine_edges": true,
    "decode_sharpening": 0.25
  },
  "detected_at": "2026-04-01T02:29:37.320847+00:00",
  "num_detections": 2,
  "detections": [
    {
      "tag_id": 6,
      "tag_family": "tag36h11",
      "hamming": 0,
      "decision_margin": 59.14937210083008,
      "center": [
        767.7898916758198,
        732.377934946695
      ],
      "corners": [
        [
          727.038330078125,
          798.5763549804688
        ],
        [
          803.4402465820314,
          792.2338256835941
        ],
        [
          806.8882446289064,
          668.8650512695314
        ],
        [
          730.4468383789064,
          669.6800537109374
        ]
      ],
      "homography": [
        [
          55.04302739026457,
          -0.7610994983095839,
          767.7898916758198
        ],
        [
          14.281427326659916,
          63.946162373282846,
          732.377934946695
        ],
        [
          0.021946846633477842,
          0.0012428965552724767,
          1.0
        ]
      ]
    },
    {
      "tag_id": 11,
      "tag_family": "tag36h11",
      "hamming": 0,
      "decision_margin": 75.99897003173828,
      "center": [
        86.66582208567607,
        725.2863181721704
      ],
      "corners": [
        [
          12.53875064849853,
          794.9670410156251
        ],
        [
          154.45831298828128,
          799.9942626953124
        ],
        [
          161.43232727050784,
          655.0045166015626
        ],
        [
          19.092819213867177,
          650.820251464844
        ]
      ],
      "homography": [
        [
          70.80763388795057,
          -3.2655890186189307,
          86.66582208567607
        ],
        [
          0.15801609301501243,
          73.25277979592659,
          725.2863181721704
        ],
        [
          -0.0029580082414615494,
          0.0013365608202887064,
          1.0
        ]
      ]
    }
  ]
}
