{
  "image_file": "2b839f72080c_Apriltags_based_localisation_demo_frame_002220.png",
  "image_sha256": "2b839f72080c96a77ffc25b29aefdea241bda47381b8213ef03ec357f2461ef6",
  "image_width": 1920,
  "image_height": 712,
  "detector_config": {
    "library": "pupil-apriltags",
    "library_version": "1.0.4.post11",
    "family": "tag36h11",
    "nthreads": 4,
    "quad_decimate": 1.0,
    "quad_sigma": 0.0,
    "refine_edges": true,
    "decode_sharpening": 0.25
  },
  "detected_at": "2026-04-11T20:34:52.531908+00:00",
  "num_detections": 6,
  "detections": [
    {
      "tag_id": 44,
      "tag_family": "tag36h11",
      "hamming": 0,
      "decision_margin": 66.27520751953125,
      "center": [
        1638.050267253836,
        569.9012727953265
      ],
      "corners": [
        [
          1687.3719482421875,
          601.5043334960938
        ],
        [
          1662.3493652343752,
          543.3363037109376
        ],
        [
          1592.866577148438,
          540.9496459960939
        ],
        [
          1610.99560546875,
          599.478759765625
        ]
      ],
      "homography": [
        [
          69.0297081747376,
          44.46850126827599,
          1638.050267253836
        ],
        [
          -1.3380528886916638,
          3.927674608076245,
          569.9012727953265
        ],
        [
          0.04872211869658208,
          0.004936344035707707,
          1.0
        ]
      ]
    },
    {
      "tag_id": 46,
      "tag_family": "tag36h11",
      "hamming": 0,
      "decision_margin": 60.677738189697266,
      "center": [
        1866.9418893677607,
        576.9016023657439
      ],
      "corners": [
        [
          1924.1181640624998,
          607.1686401367186
        ],
        [
          1879.85400390625,
          551.4851684570312
        ],
        [
          1814.2017822265627,
          548.9829101562501
        ],
        [
          1853.1922607421877,
          603.9666137695312
        ]
      ],
      "homography": [
        [
          46.221650443051885,
          25.741524644788118,
          1866.9418893677607
        ],
        [
          -6.927446380169272,
          -1.1654166517865865,
          576.9016023657439
        ],
        [
          0.03588602690981173,
          -0.004473448897558973,
          1.0
        ]
      ]
    },
    {
      "tag_id": 47,
      "tag_family": "tag36h11",
      "hamming": 0,
      "decision_margin": 11.498844146728516,
      "center": [
        1774.24714157336,
        326.56547096109654
      ],
      "corners": [
        [
          1752.7058105468752,
          339.25799560546875
        ],
        [
          1779.6705322265625,
          368.2162475585937
        ],
        [
          1797.2412109374995,
          313.0169677734375
        ],
        [
          1769.06103515625,
          286.7369995117188
        ]
      ],
      "homography": [
        [
          -35.00554796709889,
          0.6261317636747165,
          1774.24714157336
        ],
        [
          4.828225163735848,
          28.587296695509167,
          326.56547096109654
        ],
        [
          -0.027492561452843796,
          0.005127294322849289,
          1.0
        ]
      ]
    },
    {
      "tag_id": 48,
      "tag_family": "tag36h11",
      "hamming": 0,
      "decision_margin": 63.661109924316406,
      "center": [
        1577.1007323284825,
        417.03792402444475
      ],
      "corners": [
        [
          1611.248046875,
          435.3349609375
        ],
        [
          1597.6566162109377,
          402.91864013671875
        ],
        [
          1544.2451171875,
          399.43301391601557
        ],
        [
          1555.0729980468748,
          432.1681823730469
        ]
      ],
      "homography": [
        [
          36.34582631269859,
          39.43109396030127,
          1577.1007323284825
        ],
        [
          -5.048718047424131,
          4.855821509557131,
          417.03792402444475
        ],
        [
          0.02692101149354336,
          0.00764275886251035,
          1.0
        ]
      ]
    },
    {
      "tag_id": 56,
      "tag_family": "tag36h11",
      "hamming": 0,
      "decision_margin": 62.903480529785156,
      "center": [
        1107.2641285630682,
        554.3956406805048
      ],
      "corners": [
        [
          1135.8544921875,
          588.0174560546874
        ],
        [
          1162.5290527343752,
          527.2338256835938
        ],
        [
          1081.063232421875,
          523.5838012695315
        ],
        [
          1044.91943359375,
          585.0370483398439
        ]
      ],
      "homography": [
        [
          73.09530351598914,
          52.150624756245186,
          1107.2641285630682
        ],
        [
          -1.7009814359718125,
          6.27717111991376,
          554.3956406805048
        ],
        [
          0.051903792785840876,
          0.008293415994727323,
          1.0
        ]
      ]
    },
    {
      "tag_id": 58,
      "tag_family": "tag36h11",
      "hamming": 0,
      "decision_margin": 61.00693130493164,
      "center": [
        1191.9713414003909,
        391.6662794917025
      ],
      "corners": [
        [
          1214.8741455078125,
          410.0708312988281
        ],
        [
          1229.9248046875,
          378.3738708496094
        ],
        [
          1171.16064453125,
          374.94293212890625
        ],
        [
          1151.5317382812502,
          405.82940673828125
        ]
      ],
      "homography": [
        [
          56.09975460971873,
          20.859263473414106,
          1191.9713414003909
        ],
        [
          -0.035752018579103075,
          -1.2569939640086432,
          391.6662794917025
        ],
        [
          0.03978664671726958,
          -0.008072874747336655,
          1.0
        ]
      ]
    }
  ],
  "ingest_metadata": {
    "original_name": "Apriltags based localisation demo_frame_002220.png",
    "source": "Apriltags based localisation demo.mp4",
    "dhash": "a4842125b0921232",
    "ingested_at": "2026-04-11T20:34:52.531938+00:00"
  }
}
