{
  "image_file": "2bad22bd00e7_FRC_1720_PhyXTGears_-_Week_3_Recap_Robot_Reveal_frame_005355.png",
  "image_sha256": "2bad22bd00e753a0064f527b1a8a5f76ad60dce968ccac1a32ca23a5f17e4fb1",
  "image_width": 1920,
  "image_height": 1080,
  "detector_config": {
    "library": "pupil-apriltags",
    "library_version": "1.0.4.post11",
    "family": "tag36h11",
    "nthreads": 4,
    "quad_decimate": 1.0,
    "quad_sigma": 0.0,
    "refine_edges": true,
    "decode_sharpening": 0.25
  },
  "detected_at": "2026-04-01T04:58:41.926224+00:00",
  "num_detections": 4,
  "detections": [
    {
      "tag_id": 23,
      "tag_family": "tag36h11",
      "hamming": 0,
      "decision_margin": 63.30314254760742,
      "center": [
        173.82763667439804,
        658.3626483336135
      ],
      "corners": [
        [
          144.44587707519534,
          686.3748779296875
        ],
        [
          204.29452514648435,
          678.4067993164061
        ],
        [
          201.93267822265625,
          631.5676269531251
        ],
        [
          142.3716735839844,
          637.6677856445315
        ]
      ],
      "homography": [
        [
          33.15988207786617,
          0.5701398641262513,
          173.82763667439804
        ],
        [
          9.055764153875653,
          21.824369494012558,
          658.3626483336135
        ],
        [
          0.019090790927078913,
          -0.0031180992087553442,
          1.0
        ]
      ]
    },
    {
      "tag_id": 24,
      "tag_family": "tag36h11",
      "hamming": 0,
      "decision_margin": 41.918800354003906,
      "center": [
        849.445253249154,
        544.3297897176994
      ],
      "corners": [
        [
          837.9644775390628,
          557.1006469726564
        ],
        [
          859.5533447265624,
          561.9434204101564
        ],
        [
          861.4195556640623,
          531.0099487304686
        ],
        [
          839.6001586914062,
          527.1744384765624
        ]
      ],
      "homography": [
        [
          -3.6862783842158255,
          2.4648567929433507,
          849.445253249154
        ],
        [
          -7.143093730763441,
          17.349917894625605,
          544.3297897176994
        ],
        [
          -0.017111028203226124,
          0.00393033018350635,
          1.0
        ]
      ]
    },
    {
      "tag_id": 25,
      "tag_family": "tag36h11",
      "hamming": 0,
      "decision_margin": 33.76877212524414,
      "center": [
        917.6039351045426,
        547.1066717456799
      ],
      "corners": [
        [
          906.1239624023439,
          563.6936645507812
        ],
        [
          927.3336181640624,
          561.1610107421874
        ],
        [
          928.6383056640624,
          531.1635131835938
        ],
        [
          907.8580932617188,
          533.0289916992188
        ]
      ],
      "homography": [
        [
          19.956498545285285,
          -9.45740962576633,
          917.6039351045426
        ],
        [
          4.54476061349328,
          9.97517195323644,
          547.1066717456799
        ],
        [
          0.010310809843804466,
          -0.009481112909574457,
          1.0
        ]
      ]
    },
    {
      "tag_id": 26,
      "tag_family": "tag36h11",
      "hamming": 0,
      "decision_margin": 34.33673095703125,
      "center": [
        961.4990646430574,
        542.8074809300069
      ],
      "corners": [
        [
          950.7749633789064,
          558.1951293945312
        ],
        [
          969.6815795898438,
          556.2580566406248
        ],
        [
          971.8688964843749,
          527.9281616210936
        ],
        [
          952.8070678710938,
          528.5194091796876
        ]
      ],
      "homography": [
        [
          32.07587093090672,
          5.383647655714302,
          961.4990646430574
        ],
        [
          12.116244966047814,
          18.129090479867273,
          542.8074809300069
        ],
        [
          0.023493619130037675,
          0.006698770058399126,
          1.0
        ]
      ]
    }
  ],
  "ingest_metadata": {
    "original_name": "FRC_1720_PhyXTGears_-_Week_3_Recap_Robot_Reveal_frame_005355.png",
    "source": "unknown",
    "dhash": "818b49e14b959b9b",
    "ingested_at": "2026-04-01T04:58:41.915300+00:00"
  }
}
