{
  "image_file": "2bb1a5550bd7_2025_WPI_District_Event_Qual_Match_15_POV_frame_011900.png",
  "image_sha256": "2bb1a5550bd7b5165972e1ccf57b70fd882a34f26304846969fd91725345df0d",
  "image_width": 1920,
  "image_height": 1080,
  "detector_config": {
    "library": "pupil-apriltags",
    "library_version": "1.0.4.post11",
    "family": "tag36h11",
    "nthreads": 4,
    "quad_decimate": 1.0,
    "quad_sigma": 0.0,
    "refine_edges": true,
    "decode_sharpening": 0.25
  },
  "detected_at": "2026-04-01T14:56:04.029322+00:00",
  "num_detections": 3,
  "detections": [
    {
      "tag_id": 4,
      "tag_family": "tag36h11",
      "hamming": 0,
      "decision_margin": 46.41472625732422,
      "center": [
        1089.3018952849106,
        450.5803119480607
      ],
      "corners": [
        [
          1081.6600341796875,
          457.1750183105469
        ],
        [
          1096.7767333984377,
          457.00189208984386
        ],
        [
          1096.843017578125,
          444.07254028320307
        ],
        [
          1081.5113525390627,
          443.8875122070312
        ]
      ],
      "homography": [
        [
          22.488012878611244,
          7.669357596580769,
          1089.3018952849106
        ],
        [
          6.155758140708087,
          9.717116773303133,
          450.5803119480607
        ],
        [
          0.013658032963259412,
          0.007023051592009879,
          1.0
        ]
      ]
    },
    {
      "tag_id": 5,
      "tag_family": "tag36h11",
      "hamming": 0,
      "decision_margin": 28.73529815673828,
      "center": [
        734.2344389772727,
        453.49974982789007
      ],
      "corners": [
        [
          729.6115112304686,
          459.2664794921875
        ],
        [
          741.6937255859375,
          459.2504577636719
        ],
        [
          738.9537963867189,
          447.61273193359375
        ],
        [
          726.381103515625,
          447.4452514648438
        ]
      ],
      "homography": [
        [
          11.818860922011138,
          14.72687348702357,
          734.2344389772727
        ],
        [
          3.5308325788220696,
          14.038041787419388,
          453.49974982789007
        ],
        [
          0.007705873930423676,
          0.018027723566699058,
          1.0
        ]
      ]
    },
    {
      "tag_id": 8,
      "tag_family": "tag36h11",
      "hamming": 0,
      "decision_margin": 76.67507934570312,
      "center": [
        816.420110867343,
        656.220494731663
      ],
      "corners": [
        [
          805.7565307617188,
          670.7738647460938
        ],
        [
          827.4991455078125,
          666.8886718749999
        ],
        [
          827.136291503906,
          641.5953369140625
        ],
        [
          804.9871826171874,
          645.2115478515626
        ]
      ],
      "homography": [
        [
          16.384353099541613,
          7.703172228248038,
          816.420110867343
        ],
        [
          2.4740797877815317,
          18.67775177944179,
          656.220494731663
        ],
        [
          0.0066299755434875585,
          0.009090271127386319,
          1.0
        ]
      ]
    }
  ]
}
