{
  "image_file": "2c0b1f379ba5_SF7_-_WPI_-_190_360_POV_frame_003245.png",
  "image_sha256": "2c0b1f379ba5cfa047a96f15b5d9c3cb8e2455b239edc47810ad99b81d1d6dff",
  "image_width": 1920,
  "image_height": 1080,
  "detector_config": {
    "library": "pupil-apriltags",
    "library_version": "1.0.4.post11",
    "family": "tag36h11",
    "nthreads": 4,
    "quad_decimate": 1.0,
    "quad_sigma": 0.0,
    "refine_edges": true,
    "decode_sharpening": 0.25
  },
  "detected_at": "2026-04-01T15:13:41.637353+00:00",
  "num_detections": 2,
  "detections": [
    {
      "tag_id": 1,
      "tag_family": "tag36h11",
      "hamming": 0,
      "decision_margin": 38.7044677734375,
      "center": [
        683.7505493943852,
        253.32167158271344
      ],
      "corners": [
        [
          646.934326171875,
          291.9002380371094
        ],
        [
          720.8466186523436,
          261.5112915039062
        ],
        [
          719.7753295898438,
          215.5724334716797
        ],
        [
          646.2432250976562,
          245.041259765625
        ]
      ],
      "homography": [
        [
          42.457582321219434,
          -1.3878090536165877,
          683.7505493943852
        ],
        [
          -12.887876866567243,
          22.519091213990578,
          253.32167158271344
        ],
        [
          0.0081889508909387,
          -0.0026763995286623013,
          1.0
        ]
      ]
    },
    {
      "tag_id": 6,
      "tag_family": "tag36h11",
      "hamming": 0,
      "decision_margin": 54.948482513427734,
      "center": [
        1780.210518078856,
        593.5773687944069
      ],
      "corners": [
        [
          1773.4204101562495,
          600.7088623046874
        ],
        [
          1786.978759765625,
          601.5275878906251
        ],
        [
          1787.0424804687502,
          586.4019165039062
        ],
        [
          1773.8896484375,
          586.1526489257812
        ]
      ],
      "homography": [
        [
          -26.48381138670447,
          -27.824999663333987,
          1780.210518078856
        ],
        [
          -10.793280509433998,
          -1.8160800801516657,
          593.5773687944069
        ],
        [
          -0.018625747704430706,
          -0.01555319952872956,
          1.0
        ]
      ]
    }
  ]
}
