{
  "image_file": "2c6de4bc1010_Robot_Reveal___TEMPO___FRC_7028_Binary_Battalion___2024_fram.png",
  "image_sha256": "2c6de4bc101048201dc8f8ab06c72defe48e3af729ad72c45a63c434fbcb8e85",
  "image_width": 1920,
  "image_height": 1080,
  "detector_config": {
    "library": "pupil-apriltags",
    "library_version": "1.0.4.post11",
    "family": "tag36h11",
    "nthreads": 4,
    "quad_decimate": 1.0,
    "quad_sigma": 0.0,
    "refine_edges": true,
    "decode_sharpening": 0.25
  },
  "detected_at": "2026-04-01T00:47:55.843251+00:00",
  "num_detections": 2,
  "detections": [
    {
      "tag_id": 7,
      "tag_family": "tag36h11",
      "hamming": 0,
      "decision_margin": 34.001380920410156,
      "center": [
        1177.2464289027416,
        186.15119367945505
      ],
      "corners": [
        [
          1155.3880615234373,
          209.2979278564453
        ],
        [
          1197.9144287109375,
          208.0294799804687
        ],
        [
          1199.3109130859375,
          162.78619384765628
        ],
        [
          1156.5129394531248,
          164.20358276367196
        ]
      ],
      "homography": [
        [
          19.49967991028143,
          3.0632030964566206,
          1177.2464289027416
        ],
        [
          -0.9607777829693902,
          23.168128962883145,
          186.15119367945505
        ],
        [
          -0.0015554411893146116,
          0.0031372596841308174,
          1.0
        ]
      ]
    },
    {
      "tag_id": 8,
      "tag_family": "tag36h11",
      "hamming": 0,
      "decision_margin": 32.75419998168945,
      "center": [
        1027.7457229390538,
        187.0208691297405
      ],
      "corners": [
        [
          1005.9685058593748,
          209.3420867919922
        ],
        [
          1048.208740234375,
          209.41363525390622
        ],
        [
          1048.9504394531255,
          165.28645324707028
        ],
        [
          1008.0875244140626,
          165.50881958007812
        ]
      ],
      "homography": [
        [
          17.30628134401741,
          -17.869996467345114,
          1027.7457229390538
        ],
        [
          -0.6704385357006141,
          18.86243404587978,
          187.0208691297405
        ],
        [
          -0.003370058824892512,
          -0.016689621667704234,
          1.0
        ]
      ]
    }
  ]
}
