{
  "image_file": "2cc166ed0132_WPI_District_Event_Qual_Match_10_POV_frame_002301.png",
  "image_sha256": "2cc166ed0132f71a24cd780c7c06b79400f4ee0fa505723a1173e3e2777d436e",
  "image_width": 1920,
  "image_height": 1080,
  "detector_config": {
    "library": "pupil-apriltags",
    "library_version": "1.0.4.post11",
    "family": "tag36h11",
    "nthreads": 4,
    "quad_decimate": 1.0,
    "quad_sigma": 0.0,
    "refine_edges": true,
    "decode_sharpening": 0.25
  },
  "detected_at": "2026-04-01T14:54:15.024073+00:00",
  "num_detections": 3,
  "detections": [
    {
      "tag_id": 15,
      "tag_family": "tag36h11",
      "hamming": 1,
      "decision_margin": 16.77714729309082,
      "center": [
        1072.1337256580373,
        467.92308777601806
      ],
      "corners": [
        [
          1064.5438232421875,
          474.5917663574219
        ],
        [
          1079.6864013671875,
          474.44894409179693
        ],
        [
          1079.5455322265623,
          461.4108886718749
        ],
        [
          1064.6301269531248,
          461.43963623046864
        ]
      ],
      "homography": [
        [
          12.130606044427624,
          -8.097245448569081,
          1072.1337256580373
        ],
        [
          1.9724451851603813,
          3.00691083450181,
          467.92308777601806
        ],
        [
          0.004306066167052914,
          -0.007565637750834254,
          1.0
        ]
      ]
    },
    {
      "tag_id": 17,
      "tag_family": "tag36h11",
      "hamming": 0,
      "decision_margin": 55.31421661376953,
      "center": [
        802.3766931713599,
        676.340027550647
      ],
      "corners": [
        [
          791.6831054687501,
          691.0355224609375
        ],
        [
          813.7019653320312,
          687.2489624023436
        ],
        [
          812.9558715820311,
          661.8017578125
        ],
        [
          790.7468261718749,
          665.1376953125
        ]
      ],
      "homography": [
        [
          18.536907438898197,
          3.585485891170722,
          802.3766931713599
        ],
        [
          4.5245848440446235,
          15.503549219089336,
          676.340027550647
        ],
        [
          0.009323669843429035,
          0.003945465084851197,
          1.0
        ]
      ]
    },
    {
      "tag_id": 18,
      "tag_family": "tag36h11",
      "hamming": 0,
      "decision_margin": 51.752593994140625,
      "center": [
        652.1122721914759,
        681.2965249589291
      ],
      "corners": [
        [
          639.9259033203124,
          693.4817504882811
        ],
        [
          665.6155395507812,
          695.9155883789062
        ],
        [
          664.6466674804689,
          668.7633056640625
        ],
        [
          638.7481689453125,
          666.8281249999999
        ]
      ],
      "homography": [
        [
          6.616448192458279,
          3.4391503340697236,
          652.1122721914759
        ],
        [
          -5.466910836531953,
          16.481361170226364,
          681.2965249589291
        ],
        [
          -0.009628986687257124,
          0.004449316700729789,
          1.0
        ]
      ]
    }
  ]
}
