{
  "image_file": "2cdd13fda5a5_M8_-_Galileo_-_190_POV_frame_004920.png",
  "image_sha256": "2cdd13fda5a5a777493702886aa8952cc3776f204f5b21512cfdebae8c8b2654",
  "image_width": 1920,
  "image_height": 1080,
  "detector_config": {
    "library": "pupil-apriltags",
    "library_version": "1.0.4.post11",
    "family": "tag36h11",
    "nthreads": 4,
    "quad_decimate": 1.0,
    "quad_sigma": 0.0,
    "refine_edges": true,
    "decode_sharpening": 0.25
  },
  "detected_at": "2026-04-01T14:52:15.830587+00:00",
  "num_detections": 2,
  "detections": [
    {
      "tag_id": 21,
      "tag_family": "tag36h11",
      "hamming": 0,
      "decision_margin": 82.11119842529297,
      "center": [
        1597.3320628048182,
        548.4115959059051
      ],
      "corners": [
        [
          1576.2380371093748,
          561.1697387695312
        ],
        [
          1605.89306640625,
          566.677734375
        ],
        [
          1618.6943359374998,
          535.4912109374999
        ],
        [
          1588.4764404296873,
          529.5168457031249
        ]
      ],
      "homography": [
        [
          23.430623523358463,
          12.295586849640816,
          1597.3320628048182
        ],
        [
          5.7741522531046,
          22.077878420873958,
          548.4115959059051
        ],
        [
          0.005298874397319611,
          0.011617075574591748,
          1.0
        ]
      ]
    },
    {
      "tag_id": 22,
      "tag_family": "tag36h11",
      "hamming": 0,
      "decision_margin": 77.93358612060547,
      "center": [
        1428.4108376265829,
        499.6180288767545
      ],
      "corners": [
        [
          1412.604248046875,
          509.2298278808595
        ],
        [
          1435.6077880859375,
          518.9208374023436
        ],
        [
          1444.7974853515627,
          489.65350341796875
        ],
        [
          1421.5905761718752,
          481.32553100585955
        ]
      ],
      "homography": [
        [
          -20.51416321890997,
          -10.868432102500721,
          1428.4108376265829
        ],
        [
          -6.714712438065762,
          12.07239586103293,
          499.6180288767545
        ],
        [
          -0.022445665549727007,
          -0.004427653264043503,
          1.0
        ]
      ]
    }
  ]
}
