{
  "image_file": "2d08585f0fcc_dji_mimo_20260216_125718_20260216135719_1771268187552_video_.png",
  "image_sha256": "2d08585f0fcc0002c18faf68ef520665a66260088fe1838103acaeb3cf6f9409",
  "image_width": 640,
  "image_height": 360,
  "detector_config": {
    "library": "pupil-apriltags",
    "library_version": "1.0.4.post11",
    "family": "tag36h11",
    "nthreads": 4,
    "quad_decimate": 1.0,
    "quad_sigma": 0.0,
    "refine_edges": true,
    "decode_sharpening": 0.25
  },
  "detected_at": "2026-03-24T14:15:22.775537+00:00",
  "num_detections": 2,
  "detections": [
    {
      "tag_id": 13,
      "tag_family": "tag36h11",
      "hamming": 0,
      "decision_margin": 44.423828125,
      "center": [
        270.7387906893774,
        118.49201867150153
      ],
      "corners": [
        [
          263.5236206054688,
          128.24232482910156
        ],
        [
          281.5689392089844,
          126.02388000488284
        ],
        [
          278.6129150390625,
          107.85122680664064
        ],
        [
          260.4909973144532,
          111.36515808105467
        ]
      ],
      "homography": [
        [
          -0.6211059477923304,
          3.671883922035761,
          270.7387906893774
        ],
        [
          -5.650348909558802,
          9.700340179869144,
          118.49201867150153
        ],
        [
          -0.035649484869973116,
          0.008020831769179395,
          1.0
        ]
      ]
    },
    {
      "tag_id": 14,
      "tag_family": "tag36h11",
      "hamming": 0,
      "decision_margin": 43.836700439453125,
      "center": [
        315.69049255719057,
        111.19038533996482
      ],
      "corners": [
        [
          308.64608764648443,
          120.85691833496095
        ],
        [
          324.2493286132813,
          118.11093139648438
        ],
        [
          322.5599975585937,
          101.76385498046874
        ],
        [
          306.34677124023443,
          103.63519287109376
        ]
      ],
      "homography": [
        [
          16.84936568341118,
          5.925233717040898,
          315.69049255719057
        ],
        [
          1.975715365671347,
          10.123058989100258,
          111.19038533996482
        ],
        [
          0.02820611152724999,
          0.01563596335123324,
          1.0
        ]
      ]
    }
  ]
}
