{
  "image_file": "2d8e71f961e8_FRC_8810_-_The_Alphabots_-_2026_Reveal_frame_001584.png",
  "image_sha256": "2d8e71f961e883d02afd168fcd4a1c1b772b4b6b96101bd1d977cfbd157defc9",
  "image_width": 1920,
  "image_height": 1080,
  "detector_config": {
    "library": "pupil-apriltags",
    "library_version": "1.0.4.post11",
    "family": "tag36h11",
    "nthreads": 4,
    "quad_decimate": 1.0,
    "quad_sigma": 0.0,
    "refine_edges": true,
    "decode_sharpening": 0.25
  },
  "detected_at": "2026-04-01T05:01:53.976461+00:00",
  "num_detections": 6,
  "detections": [
    {
      "tag_id": 21,
      "tag_family": "tag36h11",
      "hamming": 0,
      "decision_margin": 82.06591796875,
      "center": [
        959.0691338388812,
        487.56585134973
      ],
      "corners": [
        [
          941.2308959960938,
          505.4485168457031
        ],
        [
          976.7018432617188,
          505.6022338867188
        ],
        [
          976.8386230468749,
          469.75210571289057
        ],
        [
          941.3366088867188,
          469.42736816406244
        ]
      ],
      "homography": [
        [
          20.022432595535975,
          0.3669392162456713,
          959.0691338388812
        ],
        [
          1.278309714902489,
          18.185094457744412,
          487.56585134973
        ],
        [
          0.0023765709609739494,
          0.0004458486013134866,
          1.0
        ]
      ]
    },
    {
      "tag_id": 22,
      "tag_family": "tag36h11",
      "hamming": 0,
      "decision_margin": 85.09996032714844,
      "center": [
        1155.107700410653,
        542.3397273749441
      ],
      "corners": [
        [
          1145.205322265625,
          570.7099609375001
        ],
        [
          1165.24560546875,
          571.7573852539064
        ],
        [
          1165.5731201171875,
          512.3563842773436
        ],
        [
          1145.0982666015623,
          513.2948608398436
        ]
      ],
      "homography": [
        [
          -9.523866815139856,
          12.231482477672442,
          1155.107700410653
        ],
        [
          -9.187489282295022,
          34.95928673788433,
          542.3397273749441
        ],
        [
          -0.017010149829300165,
          0.010633563330546198,
          1.0
        ]
      ]
    },
    {
      "tag_id": 24,
      "tag_family": "tag36h11",
      "hamming": 0,
      "decision_margin": 87.07440948486328,
      "center": [
        1034.1105760148796,
        487.479603824919
      ],
      "corners": [
        [
          1016.8357543945312,
          505.01702880859375
        ],
        [
          1051.46484375,
          505.32977294921875
        ],
        [
          1051.4818115234375,
          469.8442993164063
        ],
        [
          1016.8677978515626,
          469.7441101074219
        ]
      ],
      "homography": [
        [
          14.205525359787998,
          -0.23962105720306506,
          1034.1105760148796
        ],
        [
          -1.3605316645031302,
          17.582266957457705,
          487.479603824919
        ],
        [
          -0.0030026706757264473,
          -0.00021984641809377588,
          1.0
        ]
      ]
    },
    {
      "tag_id": 29,
      "tag_family": "tag36h11",
      "hamming": 0,
      "decision_margin": 53.0476188659668,
      "center": [
        1115.7852836955408,
        428.2043759005036
      ],
      "corners": [
        [
          1109.26806640625,
          446.00918579101557
        ],
        [
          1124.091064453125,
          439.08587646484375
        ],
        [
          1122.018310546875,
          411.1759643554688
        ],
        [
          1105.8409423828125,
          415.1761779785157
        ]
      ],
      "homography": [
        [
          70.23618492768833,
          38.99447027767793,
          1115.7852836955408
        ],
        [
          21.220241075006523,
          29.0839436075176,
          428.2043759005036
        ],
        [
          0.05603627939147683,
          0.03374726007370208,
          1.0
        ]
      ]
    },
    {
      "tag_id": 29,
      "tag_family": "tag36h11",
      "hamming": 0,
      "decision_margin": 64.54131317138672,
      "center": [
        1444.9238846399217,
        581.4645131087783
      ],
      "corners": [
        [
          1439.2491455078127,
          591.5716552734375
        ],
        [
          1450.811767578125,
          592.7141723632812
        ],
        [
          1450.8085937499995,
          570.9833984375
        ],
        [
          1439.02197265625,
          570.1880493164064
        ]
      ],
      "homography": [
        [
          -6.4270255543194725,
          14.041274759987573,
          1444.9238846399217
        ],
        [
          -4.448857118309549,
          16.403805491830553,
          581.4645131087783
        ],
        [
          -0.0084872143160882,
          0.009677145571158362,
          1.0
        ]
      ]
    },
    {
      "tag_id": 30,
      "tag_family": "tag36h11",
      "hamming": 0,
      "decision_margin": 65.04434204101562,
      "center": [
        1475.4849187516813,
        583.978446016894
      ],
      "corners": [
        [
          1469.4724121093748,
          594.5885620117188
        ],
        [
          1481.5223388671877,
          595.2895507812501
        ],
        [
          1481.7528076171875,
          572.9176635742188
        ],
        [
          1469.1855468749998,
          572.1765747070312
        ]
      ],
      "homography": [
        [
          6.474303522617216,
          31.020839648641868,
          1475.4849187516813
        ],
        [
          0.48798773258192507,
          23.463124769206388,
          583.978446016894
        ],
        [
          0.0002187246384330334,
          0.021014652834502164,
          1.0
        ]
      ]
    }
  ]
}
