{
  "image_file": "2e2fdf82a45b_FRC__7673_on__feburary____frc__first__robot__robotics__taiwa.png",
  "image_sha256": "2e2fdf82a45bf8dadc577157c3330972c0d23836dff046e00212e0f1a9a06772",
  "image_width": 1920,
  "image_height": 1080,
  "detector_config": {
    "library": "pupil-apriltags",
    "library_version": "1.0.4.post11",
    "family": "tag36h11",
    "nthreads": 4,
    "quad_decimate": 1.0,
    "quad_sigma": 0.0,
    "refine_edges": true,
    "decode_sharpening": 0.25
  },
  "detected_at": "2026-04-01T04:48:42.612269+00:00",
  "num_detections": 2,
  "detections": [
    {
      "tag_id": 1,
      "tag_family": "tag36h11",
      "hamming": 1,
      "decision_margin": 50.973854064941406,
      "center": [
        496.5824209401957,
        523.0215085747219
      ],
      "corners": [
        [
          488.1597595214844,
          532.5468749999999
        ],
        [
          505.7862548828125,
          531.6925659179689
        ],
        [
          504.324462890625,
          514.2658691406251
        ],
        [
          487.78402709960943,
          514.732421875
        ]
      ],
      "homography": [
        [
          13.394727257032175,
          -15.582040746550545,
          496.5824209401957
        ],
        [
          4.79706454530026,
          -8.100607833193635,
          523.0215085747219
        ],
        [
          0.009791811952367748,
          -0.03231347465507302,
          1.0
        ]
      ]
    },
    {
      "tag_id": 9,
      "tag_family": "tag36h11",
      "hamming": 0,
      "decision_margin": 97.40251159667969,
      "center": [
        815.8292964377141,
        476.7298316905931
      ],
      "corners": [
        [
          799.0971069335939,
          493.8028869628907
        ],
        [
          833.0794677734375,
          493.46203613281244
        ],
        [
          832.4791259765624,
          459.74081420898443
        ],
        [
          798.4667968749999,
          459.8886718750001
        ]
      ],
      "homography": [
        [
          19.32873789289954,
          0.6250196477723217,
          815.8292964377141
        ],
        [
          1.2394429219199858,
          17.094189961598204,
          476.7298316905931
        ],
        [
          0.0028562437653710964,
          0.000389048322038395,
          1.0
        ]
      ]
    }
  ]
}
