{
  "image_file": "2e727ee10dbc_2026_Robot_Reveal_frame_001428.png",
  "image_sha256": "2e727ee10dbc35ad23a5465caf27906760c83e9629e288a4c67eca93f7d1447d",
  "image_width": 1920,
  "image_height": 1080,
  "detector_config": {
    "library": "pupil-apriltags",
    "library_version": "1.0.4.post11",
    "family": "tag36h11",
    "nthreads": 4,
    "quad_decimate": 1.0,
    "quad_sigma": 0.0,
    "refine_edges": true,
    "decode_sharpening": 0.25
  },
  "detected_at": "2026-04-01T04:30:14.280544+00:00",
  "num_detections": 4,
  "detections": [
    {
      "tag_id": 5,
      "tag_family": "tag36h11",
      "hamming": 0,
      "decision_margin": 58.75695037841797,
      "center": [
        495.30756534124936,
        482.4804063879681
      ],
      "corners": [
        [
          476.7648620605469,
          511.5325622558594
        ],
        [
          511.5775146484375,
          507.3895874023438
        ],
        [
          514.308837890625,
          452.7097778320313
        ],
        [
          479.22961425781256,
          457.8651733398437
        ]
      ],
      "homography": [
        [
          12.976465385917038,
          0.257058900249662,
          495.30756534124936
        ],
        [
          -6.701249445756847,
          28.598862526672917,
          482.4804063879681
        ],
        [
          -0.009074802856632555,
          0.003139387530358676,
          1.0
        ]
      ]
    },
    {
      "tag_id": 8,
      "tag_family": "tag36h11",
      "hamming": 0,
      "decision_margin": 62.56321716308594,
      "center": [
        574.6685764775249,
        470.45213037555254
      ],
      "corners": [
        [
          554.3308105468752,
          500.76867675781256
        ],
        [
          592.2847900390624,
          497.01824951171875
        ],
        [
          595.2167358398435,
          439.8219604492188
        ],
        [
          557.72314453125,
          444.8975830078125
        ]
      ],
      "homography": [
        [
          11.803123698887362,
          -5.682130990422591,
          574.6685764775249
        ],
        [
          -7.986788740958619,
          24.90664539962978,
          470.45213037555254
        ],
        [
          -0.012277065336507431,
          -0.007131200832736357,
          1.0
        ]
      ]
    },
    {
      "tag_id": 9,
      "tag_family": "tag36h11",
      "hamming": 0,
      "decision_margin": 85.38585662841797,
      "center": [
        695.824144650946,
        474.36907747768674
      ],
      "corners": [
        [
          673.9303588867186,
          498.1327819824219
        ],
        [
          714.9152221679688,
          506.35168457031256
        ],
        [
          716.8175048828126,
          451.58270263671875
        ],
        [
          676.4279785156249,
          441.8753662109374
        ]
      ],
      "homography": [
        [
          30.40066207690188,
          -5.6424471752989085,
          695.824144650946
        ],
        [
          11.34558414603043,
          24.65087587963501,
          474.36907747768674
        ],
        [
          0.01446111853472468,
          -0.0065341123543349085,
          1.0
        ]
      ]
    },
    {
      "tag_id": 10,
      "tag_family": "tag36h11",
      "hamming": 0,
      "decision_margin": 89.90699768066406,
      "center": [
        778.9296367546652,
        492.29662919538026
      ],
      "corners": [
        [
          760.0380249023438,
          515.164306640625
        ],
        [
          796.1314697265624,
          521.7261962890624
        ],
        [
          797.2926635742186,
          470.0687866210938
        ],
        [
          761.1524658203125,
          461.88275146484375
        ]
      ],
      "homography": [
        [
          29.986020439078175,
          0.3106581970027983,
          778.9296367546652
        ],
        [
          11.226333452255513,
          26.78463543140174,
          492.29662919538026
        ],
        [
          0.015318264941361692,
          0.001129829578355397,
          1.0
        ]
      ]
    }
  ]
}
