{
  "image_file": "2e84afcb6113_FRC_6328_Granite_State_2024_Teaser_frame_000658.png",
  "image_sha256": "2e84afcb6113924d5e86b4b0b8842fc371da8e8accea402234d7786b8fe5fd79",
  "image_width": 1920,
  "image_height": 1080,
  "detector_config": {
    "library": "pupil-apriltags",
    "library_version": "1.0.4.post11",
    "family": "tag36h11",
    "nthreads": 4,
    "quad_decimate": 1.0,
    "quad_sigma": 0.0,
    "refine_edges": true,
    "decode_sharpening": 0.25
  },
  "detected_at": "2026-04-01T00:39:44.757741+00:00",
  "num_detections": 3,
  "detections": [
    {
      "tag_id": 6,
      "tag_family": "tag36h11",
      "hamming": 0,
      "decision_margin": 47.68230056762695,
      "center": [
        1327.3122635839748,
        999.1394983314268
      ],
      "corners": [
        [
          1315.4547119140625,
          1016.076416015625
        ],
        [
          1349.1173095703123,
          1007.3847656250001
        ],
        [
          1338.9538574218752,
          982.5110473632814
        ],
        [
          1305.9794921875002,
          991.072814941406
        ]
      ],
      "homography": [
        [
          15.490736641532296,
          -8.455882164895455,
          1327.3122635839748
        ],
        [
          -5.191384076457894,
          2.4077617347961673,
          999.1394983314268
        ],
        [
          -0.000879005888861064,
          -0.010069035030134335,
          1.0
        ]
      ]
    },
    {
      "tag_id": 7,
      "tag_family": "tag36h11",
      "hamming": 0,
      "decision_margin": 54.844017028808594,
      "center": [
        651.1006585111652,
        945.6244159918527
      ],
      "corners": [
        [
          630.70166015625,
          957.4711303710938
        ],
        [
          665.6743774414064,
          969.9147949218752
        ],
        [
          670.2120971679689,
          934.5254516601565
        ],
        [
          636.2822875976562,
          920.92626953125
        ]
      ],
      "homography": [
        [
          30.53340896824045,
          -10.418792554445414,
          651.1006585111652
        ],
        [
          25.859446177340487,
          6.504247016482626,
          945.6244159918527
        ],
        [
          0.020455786492310144,
          -0.012132050937321509,
          1.0
        ]
      ]
    },
    {
      "tag_id": 8,
      "tag_family": "tag36h11",
      "hamming": 0,
      "decision_margin": 59.08576202392578,
      "center": [
        515.6492019223766,
        893.0537404604906
      ],
      "corners": [
        [
          485.30224609374994,
          904.8521728515625
        ],
        [
          532.2012939453126,
          921.6193847656251
        ],
        [
          542.391357421875,
          882.6567993164062
        ],
        [
          499.1696472167968,
          864.61328125
        ]
      ],
      "homography": [
        [
          38.18698415059686,
          -22.803603287401298,
          515.6492019223766
        ],
        [
          35.93938962826121,
          -9.397616501687477,
          893.0537404604906
        ],
        [
          0.030473700403037523,
          -0.03266969498823751,
          1.0
        ]
      ]
    }
  ]
}
