{
  "image_file": "2f01a6fdd80b_IMG_2653_JPEG_rf_e37467ab248be623c63e81451678ef7d.png",
  "image_sha256": "2f01a6fdd80b881af6ce97b5dde866eeaace0ede80ca9972156fafd480c44253",
  "image_width": 640,
  "image_height": 640,
  "detector_config": {
    "library": "pupil-apriltags",
    "library_version": "1.0.4.post11",
    "family": "tag36h11",
    "nthreads": 4,
    "quad_decimate": 1.0,
    "quad_sigma": 0.0,
    "refine_edges": true,
    "decode_sharpening": 0.25
  },
  "detected_at": "2026-03-24T14:18:22.762950+00:00",
  "num_detections": 6,
  "detections": [
    {
      "tag_id": 0,
      "tag_family": "tag36h11",
      "hamming": 0,
      "decision_margin": 59.032936096191406,
      "center": [
        275.96175601204146,
        340.2625857969828
      ],
      "corners": [
        [
          280.94451904296875,
          333.6448669433593
        ],
        [
          270.6434020996094,
          333.2449340820311
        ],
        [
          270.5806884765625,
          347.4093017578125
        ],
        [
          281.51046752929693,
          347.584197998047
        ]
      ],
      "homography": [
        [
          -7.680693382965444,
          8.099377337131216,
          275.96175601204146
        ],
        [
          -3.07928913695514,
          3.1256884605610367,
          340.2625857969828
        ],
        [
          -0.008617197948472356,
          0.029814972666388252,
          1.0
        ]
      ]
    },
    {
      "tag_id": 1,
      "tag_family": "tag36h11",
      "hamming": 1,
      "decision_margin": 42.91655349731445,
      "center": [
        225.28252923358542,
        406.5702817380577
      ],
      "corners": [
        [
          230.10925292968747,
          400.14562988281244
        ],
        [
          219.74710083007812,
          399.09365844726557
        ],
        [
          220.5126190185547,
          412.9193115234375
        ],
        [
          230.67749023437497,
          413.857177734375
        ]
      ],
      "homography": [
        [
          -5.911930508418834,
          -2.44748735846656,
          225.28252923358542
        ],
        [
          -1.9059192755232743,
          -10.699491981520964,
          406.5702817380577
        ],
        [
          -0.0034654709267218867,
          -0.009385617677908988,
          1.0
        ]
      ]
    },
    {
      "tag_id": 2,
      "tag_family": "tag36h11",
      "hamming": 0,
      "decision_margin": 57.76110076904297,
      "center": [
        329.9148548169324,
        408.3904684169667
      ],
      "corners": [
        [
          334.9584045410156,
          401.7416076660157
        ],
        [
          324.7572631835937,
          401.6848754882813
        ],
        [
          324.4872741699218,
          415.54559326171875
        ],
        [
          335.2822265625,
          415.3688049316405
        ]
      ],
      "homography": [
        [
          -8.006428337090938,
          9.321791778764123,
          329.9148548169324
        ],
        [
          -3.39221985556253,
          4.692877896782306,
          408.3904684169667
        ],
        [
          -0.00837177011032279,
          0.028303441573364257,
          1.0
        ]
      ]
    },
    {
      "tag_id": 3,
      "tag_family": "tag36h11",
      "hamming": 0,
      "decision_margin": 65.69517517089844,
      "center": [
        329.9297107837456,
        268.5474437685057
      ],
      "corners": [
        [
          335.39550781249994,
          261.09246826171875
        ],
        [
          324.53509521484375,
          261.2800598144532
        ],
        [
          324.1909484863281,
          276.3747253417969
        ],
        [
          335.3797302246094,
          275.8894653320312
        ]
      ],
      "homography": [
        [
          -8.686651474775601,
          4.95004475967653,
          329.9297107837456
        ],
        [
          -2.419145754050362,
          -3.513391340966166,
          268.5474437685057
        ],
        [
          -0.009626553909954453,
          0.01473542773669772,
          1.0
        ]
      ]
    },
    {
      "tag_id": 4,
      "tag_family": "tag36h11",
      "hamming": 0,
      "decision_margin": 51.26193618774414,
      "center": [
        222.28642576604145,
        266.6641701883702
      ],
      "corners": [
        [
          227.04246520996094,
          259.6632690429687
        ],
        [
          217.1912841796875,
          259.3574829101561
        ],
        [
          217.40464782714847,
          273.85015869140625
        ],
        [
          227.81573486328125,
          274.59347534179693
        ]
      ],
      "homography": [
        [
          -1.96887598395233,
          5.749242604720735,
          222.28642576604145
        ],
        [
          3.4525895218177993,
          -0.160649526189502,
          266.6641701883702
        ],
        [
          0.013909285541639806,
          0.02695565174460698,
          1.0
        ]
      ]
    },
    {
      "tag_id": 323,
      "tag_family": "tag36h11",
      "hamming": 1,
      "decision_margin": 47.199745178222656,
      "center": [
        279.5998127899648,
        338.4195307071746
      ],
      "corners": [
        [
          362.6310119628906,
          224.4875183105469
        ],
        [
          195.66555786132812,
          223.04940795898438
        ],
        [
          200.64918518066406,
          446.7523498535156
        ],
        [
          360.68951416015625,
          449.8797302246094
        ]
      ],
      "homography": [
        [
          -80.60147507638862,
          -6.705509311428784,
          279.5998127899648
        ],
        [
          0.1861625026149909,
          -119.40103604547113,
          338.4195307071746
        ],
        [
          0.003977161740786678,
          -0.02121437761079208,
          1.0
        ]
      ]
    }
  ]
}
