{
  "image_file": "2f057bca56e4_dji_mimo_20260216_125718_20260216135719_1771268187552_video_.png",
  "image_sha256": "2f057bca56e43c417223c8254676c07c19b6c5550816dd1fb507789973ceed15",
  "image_width": 640,
  "image_height": 360,
  "detector_config": {
    "library": "pupil-apriltags",
    "library_version": "1.0.4.post11",
    "family": "tag36h11",
    "nthreads": 4,
    "quad_decimate": 1.0,
    "quad_sigma": 0.0,
    "refine_edges": true,
    "decode_sharpening": 0.25
  },
  "detected_at": "2026-03-24T14:15:46.897154+00:00",
  "num_detections": 2,
  "detections": [
    {
      "tag_id": 19,
      "tag_family": "tag36h11",
      "hamming": 0,
      "decision_margin": 60.48143005371094,
      "center": [
        183.65046092785624,
        96.93046017548163
      ],
      "corners": [
        [
          176.19046020507812,
          104.05318450927734
        ],
        [
          193.02005004882812,
          104.09005737304686
        ],
        [
          191.6367950439453,
          89.30519866943358
        ],
        [
          174.7291259765625,
          90.11338806152344
        ]
      ],
      "homography": [
        [
          3.047789381645373,
          1.5914732711813433,
          183.65046092785624
        ],
        [
          -3.0298313597635635,
          7.638502094829619,
          96.93046017548163
        ],
        [
          -0.029290943721755343,
          0.004784026088335751,
          1.0
        ]
      ]
    },
    {
      "tag_id": 20,
      "tag_family": "tag36h11",
      "hamming": 0,
      "decision_margin": 64.83723449707031,
      "center": [
        219.0177954902807,
        95.83060462219396
      ],
      "corners": [
        [
          211.49275207519528,
          103.20474243164061
        ],
        [
          227.24237060546875,
          102.51580810546878
        ],
        [
          226.5230560302734,
          88.4758529663086
        ],
        [
          210.77381896972653,
          89.12963104248045
        ]
      ],
      "homography": [
        [
          8.147848338941373,
          0.34443831797693847,
          219.0177954902807
        ],
        [
          -0.21616183091542582,
          7.022137971888327,
          95.83060462219396
        ],
        [
          0.0012471437050019742,
          -6.905556493837444e-05,
          1.0
        ]
      ]
    }
  ],
  "ingest_metadata": {
    "original_name": "dji_mimo_20260216_125718_20260216135719_1771268187552_video_.png",
    "source": "unknown",
    "dhash": "ded890929093dce0",
    "ingested_at": "2026-03-24T14:15:46.883529+00:00"
  }
}
