{
  "image_file": "301a206a1741_PC000002_MOV-0341_jpg_rf_a4367a76fd4a9851a86702a29fbd6e41.png",
  "image_sha256": "301a206a1741ee55438bb437b75bca5a2722b6d58b81afec7ccd3b9f8dc809d3",
  "image_width": 640,
  "image_height": 360,
  "detector_config": {
    "library": "pupil-apriltags",
    "library_version": "1.0.4.post11",
    "family": "tag36h11",
    "nthreads": 4,
    "quad_decimate": 1.0,
    "quad_sigma": 0.0,
    "refine_edges": true,
    "decode_sharpening": 0.25
  },
  "detected_at": "2026-03-24T14:13:12.254783+00:00",
  "num_detections": 2,
  "detections": [
    {
      "tag_id": 19,
      "tag_family": "tag36h11",
      "hamming": 0,
      "decision_margin": 75.57435607910156,
      "center": [
        84.24959803553868,
        169.83477451580478
      ],
      "corners": [
        [
          41.254978179931655,
          204.50418090820312
        ],
        [
          117.78492736816409,
          206.2558441162109
        ],
        [
          125.21028137207028,
          136.8054656982422
        ],
        [
          51.381092071533175,
          134.13790893554688
        ]
      ],
      "homography": [
        [
          38.17331020749806,
          -5.820770117232494,
          84.24959803553868
        ],
        [
          2.3174293280727016,
          32.03243134054918,
          169.83477451580478
        ],
        [
          0.007092240200454064,
          -0.01713418078477643,
          1.0
        ]
      ]
    },
    {
      "tag_id": 20,
      "tag_family": "tag36h11",
      "hamming": 0,
      "decision_margin": 76.68954467773438,
      "center": [
        245.28114981727558,
        174.6419218825152
      ],
      "corners": [
        [
          207.31561279296875,
          208.5369415283203
        ],
        [
          279.6923828125,
          209.25082397460938
        ],
        [
          281.0053405761718,
          142.74794006347656
        ],
        [
          211.4114990234375,
          140.5777130126953
        ]
      ],
      "homography": [
        [
          38.23202474757463,
          -6.039222563271376,
          245.28114981727558
        ],
        [
          2.6985149177712593,
          30.250676350424243,
          174.6419218825152
        ],
        [
          0.011242156048849742,
          -0.019173837235921556,
          1.0
        ]
      ]
    }
  ]
}
