{
  "image_file": "3087e6501ed3_dji_mimo_20260216_125718_20260216135719_1771268187552_video_.png",
  "image_sha256": "3087e6501ed392f17c3b89c5537d2fee3c4d8d983d77e9788b33e3cb9eb3ffd3",
  "image_width": 640,
  "image_height": 360,
  "detector_config": {
    "library": "pupil-apriltags",
    "library_version": "1.0.4.post11",
    "family": "tag36h11",
    "nthreads": 4,
    "quad_decimate": 1.0,
    "quad_sigma": 0.0,
    "refine_edges": true,
    "decode_sharpening": 0.25
  },
  "detected_at": "2026-03-24T14:14:40.922055+00:00",
  "num_detections": 2,
  "detections": [
    {
      "tag_id": 18,
      "tag_family": "tag36h11",
      "hamming": 1,
      "decision_margin": 14.373623847961426,
      "center": [
        44.28453210392417,
        67.98519307162333
      ],
      "corners": [
        [
          31.94626808166504,
          72.87828826904297
        ],
        [
          54.8843994140625,
          79.80068206787108
        ],
        [
          55.76285552978515,
          63.433132171630845
        ],
        [
          32.90397644042968,
          55.29948425292969
        ]
      ],
      "homography": [
        [
          13.020480993464211,
          -0.47126032215966357,
          44.28453210392417
        ],
        [
          6.19405550627168,
          8.455749424432739,
          67.98519307162333
        ],
        [
          0.03581211655442608,
          -0.00029467659011528054,
          1.0
        ]
      ]
    },
    {
      "tag_id": 28,
      "tag_family": "tag36h11",
      "hamming": 2,
      "decision_margin": 26.548078536987305,
      "center": [
        368.97183688292176,
        130.8104664358822
      ],
      "corners": [
        [
          360.4082641601562,
          137.73948669433597
        ],
        [
          376.8748168945313,
          140.716796875
        ],
        [
          377.707000732422,
          123.74260711669923
        ],
        [
          361.02429199218756,
          120.84827423095706
        ]
      ],
      "homography": [
        [
          6.975585113926911,
          1.9870052742180073,
          368.97183688292176
        ],
        [
          1.0033340104501167,
          9.298631720381252,
          130.8104664358822
        ],
        [
          -0.0035538577309245385,
          0.006365428918584814,
          1.0
        ]
      ]
    }
  ]
}
