{
  "image_file": "308c0c454851_FRC_Team_7632_-2026_robot_reveal_frame_000360.png",
  "image_sha256": "308c0c454851590607d43e7d1b480110426aab790f07ae2cd1dbbbd2f9224813",
  "image_width": 1920,
  "image_height": 1080,
  "detector_config": {
    "library": "pupil-apriltags",
    "library_version": "1.0.4.post11",
    "family": "tag36h11",
    "nthreads": 4,
    "quad_decimate": 1.0,
    "quad_sigma": 0.0,
    "refine_edges": true,
    "decode_sharpening": 0.25
  },
  "detected_at": "2026-04-01T04:05:23.974682+00:00",
  "num_detections": 7,
  "detections": [
    {
      "tag_id": 4,
      "tag_family": "tag36h11",
      "hamming": 0,
      "decision_margin": 68.659423828125,
      "center": [
        674.3227053167684,
        769.8440899726321
      ],
      "corners": [
        [
          663.9495239257812,
          779.7351684570312
        ],
        [
          683.1716918945312,
          780.0745849609375
        ],
        [
          684.3681640625,
          760.2655029296875
        ],
        [
          665.4206542968749,
          759.5522460937499
        ]
      ],
      "homography": [
        [
          15.960462268179185,
          -5.069221849739163,
          674.3227053167684
        ],
        [
          7.593115537734774,
          4.969312017526364,
          769.8440899726321
        ],
        [
          0.009519770641478905,
          -0.0065303993532545785,
          1.0
        ]
      ]
    },
    {
      "tag_id": 13,
      "tag_family": "tag36h11",
      "hamming": 0,
      "decision_margin": 55.28239440917969,
      "center": [
        180.57269613301025,
        849.4717972103355
      ],
      "corners": [
        [
          169.90299987792966,
          857.4174194335936
        ],
        [
          188.62245178222656,
          857.9611816406249
        ],
        [
          191.3408966064453,
          841.4528198242188
        ],
        [
          172.81295776367188,
          841.2882690429689
        ]
      ],
      "homography": [
        [
          7.239292985605999,
          -2.6497221041997525,
          180.57269613301025
        ],
        [
          -9.567411987711353,
          2.3179266067190825,
          849.4717972103355
        ],
        [
          -0.0114696824966889,
          -0.006874818569414395,
          1.0
        ]
      ]
    },
    {
      "tag_id": 21,
      "tag_family": "tag36h11",
      "hamming": 0,
      "decision_margin": 75.63589477539062,
      "center": [
        1177.5520528289942,
        613.4567397316492
      ],
      "corners": [
        [
          1163.515380859375,
          636.117431640625
        ],
        [
          1197.2078857421875,
          634.396484375
        ],
        [
          1194.1770019531248,
          586.6175537109375
        ],
        [
          1161.0771484374998,
          595.9057006835938
        ]
      ],
      "homography": [
        [
          -84.96310883282376,
          -0.7825251004985707,
          1177.5520528289942
        ],
        [
          -55.63509911847018,
          20.72295637306967,
          613.4567397316492
        ],
        [
          -0.08622681653076593,
          -0.0018125859003114242,
          1.0
        ]
      ]
    },
    {
      "tag_id": 24,
      "tag_family": "tag36h11",
      "hamming": 0,
      "decision_margin": 83.15660095214844,
      "center": [
        1258.22386639021,
        595.6354762874658
      ],
      "corners": [
        [
          1241.2766113281245,
          625.1456298828124
        ],
        [
          1280.3800048828125,
          615.5380249023438
        ],
        [
          1275.5203857421877,
          565.5171508789062
        ],
        [
          1237.3282470703123,
          576.8652343749999
        ]
      ],
      "homography": [
        [
          -5.52263496000728,
          -9.809673628499468,
          1258.22386639021
        ],
        [
          -17.00305969140516,
          18.88317388450059,
          595.6354762874658
        ],
        [
          -0.019739254180520614,
          -0.009539902740193992,
          1.0
        ]
      ]
    },
    {
      "tag_id": 25,
      "tag_family": "tag36h11",
      "hamming": 0,
      "decision_margin": 80.42279052734375,
      "center": [
        1370.717281058459,
        589.0631650673408
      ],
      "corners": [
        [
          1356.10791015625,
          611.3492431640625
        ],
        [
          1390.2705078125002,
          617.4396362304686
        ],
        [
          1384.8127441406252,
          567.56103515625
        ],
        [
          1351.0664062500002,
          560.5449829101565
        ]
      ],
      "homography": [
        [
          30.952036988028112,
          -7.935978418130841,
          1370.717281058459
        ],
        [
          9.286691754675756,
          20.627674087721175,
          589.0631650673408
        ],
        [
          0.010196970772200335,
          -0.007706209588389477,
          1.0
        ]
      ]
    },
    {
      "tag_id": 26,
      "tag_family": "tag36h11",
      "hamming": 0,
      "decision_margin": 76.49410247802734,
      "center": [
        1440.6680632595971,
        603.5167476867093
      ],
      "corners": [
        [
          1428.4945068359375,
          625.0206298828125
        ],
        [
          1459.1271972656248,
          630.2137451171875
        ],
        [
          1452.5899658203125,
          582.4573974609376
        ],
        [
          1421.9614257812498,
          576.4617919921875
        ]
      ],
      "homography": [
        [
          27.63445975204263,
          0.5416539763280104,
          1440.6680632595971
        ],
        [
          7.958864286634818,
          22.935007956074514,
          603.5167476867093
        ],
        [
          0.008551741777755709,
          -0.0018922951300938495,
          1.0
        ]
      ]
    },
    {
      "tag_id": 28,
      "tag_family": "tag36h11",
      "hamming": 0,
      "decision_margin": 54.39398956298828,
      "center": [
        1756.2468557984414,
        745.9877821402575
      ],
      "corners": [
        [
          1752.4774169921877,
          760.698974609375
        ],
        [
          1766.7528076171875,
          762.24951171875
        ],
        [
          1760.114501953125,
          730.893310546875
        ],
        [
          1745.3771972656252,
          729.1630859374999
        ]
      ],
      "homography": [
        [
          10.90058252643598,
          29.666726496354386,
          1756.2468557984414
        ],
        [
          2.3691015321068076,
          26.862328590566563,
          745.9877821402575
        ],
        [
          0.002077880752030583,
          0.014937152179819104,
          1.0
        ]
      ]
    }
  ]
}
