{
  "image_file": "319fa58a309e_FRC_2026_Robot_Reveal__-_FRC_Team_3255_The_SuperNURDs_frame_.png",
  "image_sha256": "319fa58a309e092e7ecabb83d5b9e5e5b9564204e366dfe35459091fcfcb3164",
  "image_width": 1920,
  "image_height": 1080,
  "detector_config": {
    "library": "pupil-apriltags",
    "library_version": "1.0.4.post11",
    "family": "tag36h11",
    "nthreads": 4,
    "quad_decimate": 1.0,
    "quad_sigma": 0.0,
    "refine_edges": true,
    "decode_sharpening": 0.25
  },
  "detected_at": "2026-04-01T03:57:37.923384+00:00",
  "num_detections": 2,
  "detections": [
    {
      "tag_id": 13,
      "tag_family": "tag36h11",
      "hamming": 0,
      "decision_margin": 38.80974578857422,
      "center": [
        1489.2601501133938,
        515.2349625972662
      ],
      "corners": [
        [
          1456.7777099609375,
          549.6177368164062
        ],
        [
          1517.320068359375,
          553.11279296875
        ],
        [
          1523.1378173828125,
          479.37533569335943
        ],
        [
          1461.4498291015623,
          477.69406127929676
        ]
      ],
      "homography": [
        [
          11.567467064805667,
          9.713906871839983,
          1489.2601501133938
        ],
        [
          -5.265853198524047,
          40.672682458651764,
          515.2349625972662
        ],
        [
          -0.012746266758598468,
          0.008278821523615896,
          1.0
        ]
      ]
    },
    {
      "tag_id": 14,
      "tag_family": "tag36h11",
      "hamming": 0,
      "decision_margin": 41.4901123046875,
      "center": [
        1658.5197379897343,
        521.6844064332277
      ],
      "corners": [
        [
          1622.570068359375,
          558.3097534179688
        ],
        [
          1689.8770751953125,
          562.5527954101562
        ],
        [
          1695.9840087890625,
          483.51599121093756
        ],
        [
          1627.7701416015625,
          481.6080932617188
        ]
      ],
      "homography": [
        [
          8.647845643328083,
          6.173378513848776,
          1658.5197379897343
        ],
        [
          -6.390116667577791,
          41.753704876958636,
          521.6844064332277
        ],
        [
          -0.015208184511902261,
          0.00542279047873559,
          1.0
        ]
      ]
    }
  ]
}
