{
  "image_file": "31fac25b4de3_2659_2026_Robot_Reveal_frame_000540.png",
  "image_sha256": "31fac25b4de3701857b8ec21237223dc63d9a4ac9ffa868fbf061cf166cfa1e9",
  "image_width": 1920,
  "image_height": 1080,
  "detector_config": {
    "library": "pupil-apriltags",
    "library_version": "1.0.4.post11",
    "family": "tag36h11",
    "nthreads": 4,
    "quad_decimate": 1.0,
    "quad_sigma": 0.0,
    "refine_edges": true,
    "decode_sharpening": 0.25
  },
  "detected_at": "2026-04-01T04:51:25.192888+00:00",
  "num_detections": 4,
  "detections": [
    {
      "tag_id": 2,
      "tag_family": "tag36h11",
      "hamming": 0,
      "decision_margin": 48.30771255493164,
      "center": [
        295.851865523916,
        389.7581462384263
      ],
      "corners": [
        [
          271.3808898925781,
          430.8966674804687
        ],
        [
          319.3958129882812,
          428.3599853515624
        ],
        [
          318.8949279785156,
          351.0201110839845
        ],
        [
          272.461181640625,
          351.4075927734376
        ]
      ],
      "homography": [
        [
          27.563803085674806,
          -5.062832729537202,
          295.851865523916
        ],
        [
          4.507010748528837,
          32.696032135494534,
          389.7581462384263
        ],
        [
          0.0133934897161555,
          -0.01665895866037708,
          1.0
        ]
      ]
    },
    {
      "tag_id": 11,
      "tag_family": "tag36h11",
      "hamming": 0,
      "decision_margin": 43.99252700805664,
      "center": [
        211.84404871205507,
        391.7574720357205
      ],
      "corners": [
        [
          184.60716247558594,
          433.566650390625
        ],
        [
          235.82527160644534,
          432.12316894531256
        ],
        [
          238.1343994140625,
          351.4012451171875
        ],
        [
          187.64794921875003,
          351.0300903320312
        ]
      ],
      "homography": [
        [
          27.76718631284342,
          -2.7341546048961867,
          211.84404871205507
        ],
        [
          4.075353514968238,
          38.21766422221242,
          391.7574720357205
        ],
        [
          0.011071684786938986,
          -0.0066115656216262616,
          1.0
        ]
      ]
    },
    {
      "tag_id": 17,
      "tag_family": "tag36h11",
      "hamming": 0,
      "decision_margin": 55.68561935424805,
      "center": [
        523.2873333168301,
        440.01126883580463
      ],
      "corners": [
        [
          508.84585571289057,
          456.43478393554693
        ],
        [
          537.2401733398438,
          457.2049560546875
        ],
        [
          537.8344726562501,
          423.46759033203125
        ],
        [
          509.3847045898438,
          422.87945556640625
        ]
      ],
      "homography": [
        [
          12.785597609421302,
          0.198832022675562,
          523.2873333168301
        ],
        [
          -0.8588232241708077,
          17.228368742202292,
          440.01126883580463
        ],
        [
          -0.0027237519680845274,
          0.0009211868603851643,
          1.0
        ]
      ]
    },
    {
      "tag_id": 32,
      "tag_family": "tag36h11",
      "hamming": 0,
      "decision_margin": 40.99504470825195,
      "center": [
        1480.3418488982118,
        495.68876321075817
      ],
      "corners": [
        [
          1466.051025390625,
          509.67254638671875
        ],
        [
          1493.7589111328123,
          509.9963073730468
        ],
        [
          1494.4434814453125,
          481.8901062011719
        ],
        [
          1466.6868896484375,
          481.1275329589844
        ]
      ],
      "homography": [
        [
          25.301650424850095,
          1.2419079804449242,
          1480.3418488982118
        ],
        [
          4.100774113670921,
          14.688393238215156,
          495.68876321075817
        ],
        [
          0.0077254918159952385,
          0.0010620682600412023,
          1.0
        ]
      ]
    }
  ]
}
