{
  "image_file": "32aa8b642b1a_SingTown_-_OpenMV_Cam_video_tutorial_11_-_Apriltag_frame_011400.png",
  "image_sha256": "32aa8b642b1a372b36804fc0ad4c75477a0c80e6bb558cf54753c142326c87c1",
  "image_width": 1920,
  "image_height": 1080,
  "detector_config": {
    "library": "pupil-apriltags",
    "library_version": "1.0.4.post11",
    "family": "tag36h11",
    "nthreads": 4,
    "quad_decimate": 1.0,
    "quad_sigma": 0.0,
    "refine_edges": true,
    "decode_sharpening": 0.25
  },
  "detected_at": "2026-04-11T20:46:29.888832+00:00",
  "num_detections": 2,
  "detections": [
    {
      "tag_id": 6,
      "tag_family": "tag36h11",
      "hamming": 0,
      "decision_margin": 28.1203670501709,
      "center": [
        682.7449454664203,
        243.05267813930055
      ],
      "corners": [
        [
          634.1086425781249,
          273.0006408691407
        ],
        [
          725.2664794921875,
          272.157958984375
        ],
        [
          726.9528808593751,
          215.83149719238278
        ],
        [
          636.8362426757812,
          211.62893676757818
        ]
      ],
      "homography": [
        [
          74.59142114937299,
          -4.289796806254449,
          682.7449454664203
        ],
        [
          11.301551597603119,
          28.22827373554091,
          243.05267813930055
        ],
        [
          0.043000013647481315,
          -0.004696726369125055,
          1.0
        ]
      ]
    },
    {
      "tag_id": 7,
      "tag_family": "tag36h11",
      "hamming": 0,
      "decision_margin": 64.28832244873047,
      "center": [
        542.5704288117798,
        235.82737692492074
      ],
      "corners": [
        [
          490.8218688964844,
          266.2412109375
        ],
        [
          583.8705444335938,
          265.03411865234375
        ],
        [
          590.6172485351562,
          207.58914184570312
        ],
        [
          501.1252746582031,
          206.51806640625003
        ]
      ],
      "homography": [
        [
          56.13915316363591,
          -13.815610743721543,
          542.5704288117798
        ],
        [
          4.566616829733559,
          25.104685102045806,
          235.82737692492074
        ],
        [
          0.01942306703350993,
          -0.01767023533501542,
          1.0
        ]
      ]
    }
  ],
  "ingest_metadata": {
    "original_name": "SingTown - OpenMV Cam video tutorial 11 - Apriltag_frame_011400.png",
    "source": "SingTown - OpenMV Cam video tutorial 11 - Apriltag.mp4",
    "dhash": "bcc0c4c4a49c8ce8",
    "ingested_at": "2026-04-11T20:46:29.888879+00:00"
  }
}
