{
  "image_file": "32b56bc68bf5_PC000001_MOV-0410_jpg_rf_c22718f8f74126fbf08a7d9be6b79649.png",
  "image_sha256": "32b56bc68bf514623858495cf73a4718b8a9f66e49839abd0c6651152c5eaf99",
  "image_width": 640,
  "image_height": 360,
  "detector_config": {
    "library": "pupil-apriltags",
    "library_version": "1.0.4.post11",
    "family": "tag36h11",
    "nthreads": 4,
    "quad_decimate": 1.0,
    "quad_sigma": 0.0,
    "refine_edges": true,
    "decode_sharpening": 0.25
  },
  "detected_at": "2026-03-24T14:12:49.825798+00:00",
  "num_detections": 4,
  "detections": [
    {
      "tag_id": 21,
      "tag_family": "tag36h11",
      "hamming": 0,
      "decision_margin": 70.29144287109375,
      "center": [
        358.3411863538721,
        286.4706603371659
      ],
      "corners": [
        [
          349.95324707031256,
          298.93585205078125
        ],
        [
          364.9584655761719,
          299.5316467285157
        ],
        [
          366.81207275390625,
          273.8822021484375
        ],
        [
          351.95568847656256,
          273.8671569824218
        ]
      ],
      "homography": [
        [
          3.388918321214533,
          -3.277215820624178,
          358.3411863538721
        ],
        [
          -3.107154498164961,
          10.828831647034349,
          286.4706603371659
        ],
        [
          -0.011372813387435106,
          -0.006452712899340692,
          1.0
        ]
      ]
    },
    {
      "tag_id": 24,
      "tag_family": "tag36h11",
      "hamming": 0,
      "decision_margin": 73.6211929321289,
      "center": [
        393.92327596369205,
        286.49601747334515
      ],
      "corners": [
        [
          384.64373779296864,
          299.8988342285156
        ],
        [
          402.4052734375,
          300.8149719238281
        ],
        [
          403.9042358398438,
          272.0801086425781
        ],
        [
          385.92788696289057,
          272.99853515625
        ]
      ],
      "homography": [
        [
          -4.065034435225698,
          0.6632409972334581,
          393.92327596369205
        ],
        [
          -9.444551969883266,
          14.879869784731907,
          286.49601747334515
        ],
        [
          -0.03297476364371688,
          0.003442867080124867,
          1.0
        ]
      ]
    },
    {
      "tag_id": 25,
      "tag_family": "tag36h11",
      "hamming": 0,
      "decision_margin": 70.4672622680664,
      "center": [
        455.52419426735935,
        293.24632414586114
      ],
      "corners": [
        [
          444.71304321289057,
          306.08770751953125
        ],
        [
          465.2196655273437,
          309.3155822753906
        ],
        [
          465.993377685547,
          280.8111267089845
        ],
        [
          445.61395263671875,
          276.82110595703125
        ]
      ],
      "homography": [
        [
          16.374623312330982,
          -1.5829129837010762,
          455.52419426735935
        ],
        [
          5.767494858718974,
          13.690154329356687,
          293.24632414586114
        ],
        [
          0.013512067084134887,
          -0.002557588057826422,
          1.0
        ]
      ]
    },
    {
      "tag_id": 26,
      "tag_family": "tag36h11",
      "hamming": 0,
      "decision_margin": 71.91189575195312,
      "center": [
        498.1439162788163,
        300.5749214128978
      ],
      "corners": [
        [
          488.46508789062506,
          312.99444580078125
        ],
        [
          507.22521972656256,
          315.76416015624994
        ],
        [
          507.33105468749994,
          288.78631591796864
        ],
        [
          489.04943847656244,
          285.3636474609375
        ]
      ],
      "homography": [
        [
          15.929147254970019,
          -6.480191667931647,
          498.1439162788163
        ],
        [
          5.577968238958589,
          9.84014589244265,
          300.5749214128978
        ],
        [
          0.01339355164671839,
          -0.012668721482535457,
          1.0
        ]
      ]
    }
  ],
  "ingest_metadata": {
    "original_name": "PC000001_MOV-0410_jpg_rf_c22718f8f74126fbf08a7d9be6b79649.png",
    "source": "unknown",
    "dhash": "6eed330f2f68dabb",
    "ingested_at": "2026-03-24T14:12:49.810093+00:00"
  }
}
