{
  "image_file": "32ca367a0b52_Half_Hollow_Hills_Invitational_Qualification_Match_20_2025_f.png",
  "image_sha256": "32ca367a0b52c123fac2f2adf3179defe421db69e38086c55e6d9995e4c9c48c",
  "image_width": 1920,
  "image_height": 1080,
  "detector_config": {
    "library": "pupil-apriltags",
    "library_version": "1.0.4.post11",
    "family": "tag36h11",
    "nthreads": 4,
    "quad_decimate": 1.0,
    "quad_sigma": 0.0,
    "refine_edges": true,
    "decode_sharpening": 0.25
  },
  "detected_at": "2026-04-01T16:04:26.105595+00:00",
  "num_detections": 3,
  "detections": [
    {
      "tag_id": 3,
      "tag_family": "tag36h11",
      "hamming": 0,
      "decision_margin": 58.85913848876953,
      "center": [
        807.6877207924023,
        482.2377304385233
      ],
      "corners": [
        [
          800.3997802734375,
          492.11077880859375
        ],
        [
          815.1070556640624,
          490.5563964843749
        ],
        [
          815.223388671875,
          472.02908325195307
        ],
        [
          799.7373046875,
          473.32360839843756
        ]
      ],
      "homography": [
        [
          14.748094513797922,
          20.836176862461347,
          807.6877207924023
        ],
        [
          3.586071366826329,
          21.683116285848087,
          482.2377304385233
        ],
        [
          0.008920994055378897,
          0.02563267139124553,
          1.0
        ]
      ]
    },
    {
      "tag_id": 6,
      "tag_family": "tag36h11",
      "hamming": 0,
      "decision_margin": 86.39811706542969,
      "center": [
        478.4696901238509,
        669.7005406525042
      ],
      "corners": [
        [
          459.7821350097657,
          692.1663818359375
        ],
        [
          499.79797363281244,
          691.9737548828124
        ],
        [
          497.3162231445311,
          647.0435791015624
        ],
        [
          457.19305419921875,
          647.4812622070312
        ]
      ],
      "homography": [
        [
          18.731263051004646,
          1.991143053797375,
          478.4696901238509
        ],
        [
          -1.9815905507774716,
          23.415963320189917,
          669.7005406525042
        ],
        [
          -0.002723902632641201,
          0.0015116580135690638,
          1.0
        ]
      ]
    },
    {
      "tag_id": 7,
      "tag_family": "tag36h11",
      "hamming": 0,
      "decision_margin": 86.42228698730469,
      "center": [
        694.1160804630368,
        654.2336639062725
      ],
      "corners": [
        [
          681.0697631835938,
          677.5321655273438
        ],
        [
          708.9287719726561,
          672.1787719726562
        ],
        [
          706.8565673828123,
          631.4813232421874
        ],
        [
          678.5272827148438,
          635.3483276367186
        ]
      ],
      "homography": [
        [
          27.017198358731093,
          5.893423747858495,
          694.1160804630368
        ],
        [
          9.920932023260885,
          25.1839320649691,
          654.2336639062725
        ],
        [
          0.018694257865489575,
          0.006834302001831362,
          1.0
        ]
      ]
    }
  ]
}
