{
  "image_file": "33e9f5c21272_PC000002_MOV-0208_jpg_rf_14e978d89d4c9e3014bfab48e906ebfe.png",
  "image_sha256": "33e9f5c212721a9fb26ede564c513f061d9e28ae26ce13f6943c18ecc62009ab",
  "image_width": 640,
  "image_height": 360,
  "detector_config": {
    "library": "pupil-apriltags",
    "library_version": "1.0.4.post11",
    "family": "tag36h11",
    "nthreads": 4,
    "quad_decimate": 1.0,
    "quad_sigma": 0.0,
    "refine_edges": true,
    "decode_sharpening": 0.25
  },
  "detected_at": "2026-03-24T14:15:39.475882+00:00",
  "num_detections": 3,
  "detections": [
    {
      "tag_id": 5,
      "tag_family": "tag36h11",
      "hamming": 0,
      "decision_margin": 62.99547576904297,
      "center": [
        212.49345946548655,
        59.765881309798345
      ],
      "corners": [
        [
          202.38833618164062,
          93.00199890136719
        ],
        [
          222.40267944335938,
          83.19416809082031
        ],
        [
          223.5738677978515,
          23.3220157623291
        ],
        [
          203.48571777343747,
          38.46895217895508
        ]
      ],
      "homography": [
        [
          0.049410766201475644,
          -0.7386785225397148,
          212.49345946548655
        ],
        [
          -9.026896990940376,
          28.490607570473685,
          59.765881309798345
        ],
        [
          -0.0468449630889917,
          -0.0008095335238076252,
          1.0
        ]
      ]
    },
    {
      "tag_id": 10,
      "tag_family": "tag36h11",
      "hamming": 0,
      "decision_margin": 73.42477416992188,
      "center": [
        530.7191931422822,
        47.03231749432192
      ],
      "corners": [
        [
          508.76290893554693,
          74.50463104248047
        ],
        [
          551.0462036132812,
          84.1280746459961
        ],
        [
          551.1875610351561,
          21.421726226806634
        ],
        [
          508.9164123535157,
          7.243354797363291
        ]
      ],
      "homography": [
        [
          39.71464426177437,
          -0.08495968074361795,
          530.7191931422822
        ],
        [
          7.591701073342872,
          32.45099010627302,
          47.03231749432192
        ],
        [
          0.035050556761388005,
          -2.141767384593573e-05,
          1.0
        ]
      ]
    },
    {
      "tag_id": 20,
      "tag_family": "tag36h11",
      "hamming": 0,
      "decision_margin": 38.02328872680664,
      "center": [
        84.21293378981981,
        168.35840870114333
      ],
      "corners": [
        [
          77.62189483642575,
          173.88290405273438
        ],
        [
          90.26712036132812,
          174.52536010742188
        ],
        [
          90.41740417480472,
          163.1579284667969
        ],
        [
          77.76946258544922,
          161.79492187500003
        ]
      ],
      "homography": [
        [
          8.900988253404861,
          -0.035106607542913414,
          84.21293378981981
        ],
        [
          5.665950522988907,
          5.937222770058299,
          168.35840870114333
        ],
        [
          0.030679937852803256,
          0.00046866933770833467,
          1.0
        ]
      ]
    }
  ]
}
