{
  "image_file": "34308d712a5a_FRC_ROBOT_POV_-_Southern_Cross_2024_frame_000833.png",
  "image_sha256": "34308d712a5ad32ccc6f2179e73182b3d8fe256e7e301cdc1217a15f4c84a0d2",
  "image_width": 1920,
  "image_height": 1080,
  "detector_config": {
    "library": "pupil-apriltags",
    "library_version": "1.0.4.post11",
    "family": "tag36h11",
    "nthreads": 4,
    "quad_decimate": 1.0,
    "quad_sigma": 0.0,
    "refine_edges": true,
    "decode_sharpening": 0.25
  },
  "detected_at": "2026-04-01T16:13:14.059518+00:00",
  "num_detections": 3,
  "detections": [
    {
      "tag_id": 1,
      "tag_family": "tag36h11",
      "hamming": 0,
      "decision_margin": 49.42988586425781,
      "center": [
        1436.251122073789,
        486.7928996497906
      ],
      "corners": [
        [
          1426.970092773438,
          501.39242553710943
        ],
        [
          1448.2283935546875,
          497.1642761230468
        ],
        [
          1445.8015136718745,
          471.7696533203125
        ],
        [
          1424.418823242187,
          476.54705810546875
        ]
      ],
      "homography": [
        [
          -3.9854658330771153,
          7.144707242672438,
          1436.251122073789
        ],
        [
          -7.213578803319935,
          14.557801854683817,
          486.7928996497906
        ],
        [
          -0.010196357378428179,
          0.0041075180002281015,
          1.0
        ]
      ]
    },
    {
      "tag_id": 2,
      "tag_family": "tag36h11",
      "hamming": 0,
      "decision_margin": 58.07694625854492,
      "center": [
        1298.7324898348443,
        516.6397681476163
      ],
      "corners": [
        [
          1292.625244140625,
          527.8687744140626
        ],
        [
          1306.305419921875,
          525.4987792968749
        ],
        [
          1305.419067382813,
          504.34558105468744
        ],
        [
          1291.1726074218752,
          507.7960205078126
        ]
      ],
      "homography": [
        [
          -22.98949406303996,
          29.4361135356944,
          1298.7324898348443
        ],
        [
          -13.363060058068644,
          21.76898049520321,
          516.6397681476163
        ],
        [
          -0.023072181586536088,
          0.02220997080703581,
          1.0
        ]
      ]
    },
    {
      "tag_id": 3,
      "tag_family": "tag36h11",
      "hamming": 0,
      "decision_margin": 39.20759582519531,
      "center": [
        826.4549558371891,
        531.98075428859
      ],
      "corners": [
        [
          818.3270874023438,
          540.6085205078125
        ],
        [
          833.9688110351562,
          539.8206176757812
        ],
        [
          834.6188964843749,
          523.314697265625
        ],
        [
          818.6592407226561,
          523.8468017578125
        ]
      ],
      "homography": [
        [
          14.59189488690606,
          8.275910467646328,
          826.4549558371891
        ],
        [
          3.9767972359703645,
          13.801541964247008,
          531.98075428859
        ],
        [
          0.008098284447082585,
          0.010312416233111094,
          1.0
        ]
      ]
    }
  ]
}
