{
  "image_file": "3463e4778210_2025_FRC_Robot_Reveal___POBots_Team_353_frame_001248.png",
  "image_sha256": "3463e477821008fe4f3280af8278d59c92ba6fa52cb635e7b160fda06da637d9",
  "image_width": 1920,
  "image_height": 1080,
  "detector_config": {
    "library": "pupil-apriltags",
    "library_version": "1.0.4.post11",
    "family": "tag36h11",
    "nthreads": 4,
    "quad_decimate": 1.0,
    "quad_sigma": 0.0,
    "refine_edges": true,
    "decode_sharpening": 0.25
  },
  "detected_at": "2026-04-01T02:36:32.023527+00:00",
  "num_detections": 2,
  "detections": [
    {
      "tag_id": 1,
      "tag_family": "tag36h11",
      "hamming": 0,
      "decision_margin": 76.70817565917969,
      "center": [
        600.1283923928506,
        156.52186467495358
      ],
      "corners": [
        [
          576.920166015625,
          184.34417724609372
        ],
        [
          627.9414672851564,
          180.39588928222656
        ],
        [
          623.1641235351562,
          128.90634155273438
        ],
        [
          572.3187866210936,
          132.65081787109375
        ]
      ],
      "homography": [
        [
          26.567057656712223,
          1.206853271873914,
          600.1283923928506
        ],
        [
          -1.6359571193494875,
          25.49873064920351,
          156.52186467495358
        ],
        [
          0.0018338726105607767,
          -0.0018962414231968685,
          1.0
        ]
      ]
    },
    {
      "tag_id": 9,
      "tag_family": "tag36h11",
      "hamming": 0,
      "decision_margin": 76.28888702392578,
      "center": [
        1645.7383832776081,
        822.7489046719755
      ],
      "corners": [
        [
          1600.0782470703127,
          878.2191772460939
        ],
        [
          1697.51953125,
          865.8705444335936
        ],
        [
          1691.5091552734375,
          767.1442260742188
        ],
        [
          1593.4888916015625,
          779.2372436523439
        ]
      ],
      "homography": [
        [
          51.57365456192838,
          7.849689853520437,
          1645.7383832776081
        ],
        [
          -4.75659480021148,
          51.776365141773795,
          822.7489046719755
        ],
        [
          0.0016459652479021186,
          0.0028560132580120337,
          1.0
        ]
      ]
    }
  ]
}
