{
  "image_file": "347420b5b5fc_PC000002_MOV-0361_jpg_rf_25a9badd2db336a321da17ba25d8bd3f.png",
  "image_sha256": "347420b5b5fc581acde7a786e492c91cc92ea062a7e9a4bb2bf3e66f6c1c6ebd",
  "image_width": 640,
  "image_height": 360,
  "detector_config": {
    "library": "pupil-apriltags",
    "library_version": "1.0.4.post11",
    "family": "tag36h11",
    "nthreads": 4,
    "quad_decimate": 1.0,
    "quad_sigma": 0.0,
    "refine_edges": true,
    "decode_sharpening": 0.25
  },
  "detected_at": "2026-03-24T14:13:13.695396+00:00",
  "num_detections": 4,
  "detections": [
    {
      "tag_id": 18,
      "tag_family": "tag36h11",
      "hamming": 0,
      "decision_margin": 58.88914108276367,
      "center": [
        236.69477985974038,
        298.6650907707665
      ],
      "corners": [
        [
          230.21568298339844,
          316.28729248046875
        ],
        [
          244.58102416992188,
          313.7732849121093
        ],
        [
          243.13159179687503,
          281.1578979492188
        ],
        [
          229.4632720947266,
          284.81121826171886
        ]
      ],
      "homography": [
        [
          2.2632235889491885,
          -4.96956830801463,
          236.69477985974038
        ],
        [
          -7.533885358696126,
          9.05283451788665,
          298.6650907707665
        ],
        [
          -0.02001762781275845,
          -0.023291492611431746,
          1.0
        ]
      ]
    },
    {
      "tag_id": 19,
      "tag_family": "tag36h11",
      "hamming": 0,
      "decision_margin": 73.00397491455078,
      "center": [
        342.4189923754303,
        287.8915944837719
      ],
      "corners": [
        [
          330.08154296875006,
          305.74868774414057
        ],
        [
          357.88803100585943,
          306.46728515624994
        ],
        [
          353.8755187988281,
          271.3095397949219
        ],
        [
          327.00747680664057,
          269.3849792480469
        ]
      ],
      "homography": [
        [
          19.680209145121353,
          -4.877830029114645,
          342.4189923754303
        ],
        [
          5.733719145424116,
          12.271096522001699,
          287.8915944837719
        ],
        [
          0.01758009091156251,
          -0.01944285092772932,
          1.0
        ]
      ]
    },
    {
      "tag_id": 20,
      "tag_family": "tag36h11",
      "hamming": 0,
      "decision_margin": 69.07319641113281,
      "center": [
        398.6101143400126,
        290.83123255042574
      ],
      "corners": [
        [
          388.8539123535156,
          307.3151245117188
        ],
        [
          412.66958618164057,
          307.9191894531249
        ],
        [
          407.8106079101563,
          275.28625488281256
        ],
        [
          384.44067382812506,
          273.60961914062517
        ]
      ],
      "homography": [
        [
          18.41118886360738,
          -2.7441196381108717,
          398.6101143400126
        ],
        [
          5.406211892924658,
          12.881276305472852,
          290.83123255042574
        ],
        [
          0.016605114477721544,
          -0.012709510251727221,
          1.0
        ]
      ]
    },
    {
      "tag_id": 27,
      "tag_family": "tag36h11",
      "hamming": 0,
      "decision_margin": 52.14207458496094,
      "center": [
        209.34116406352842,
        305.09452273690766
      ],
      "corners": [
        [
          203.83493041992185,
          320.97399902343756
        ],
        [
          215.55287170410156,
          319.09197998046864
        ],
        [
          214.8892669677735,
          289.0942993164062
        ],
        [
          203.57763671875003,
          292.10699462890636
        ]
      ],
      "homography": [
        [
          1.4393521332589505,
          -3.2948389918268504,
          209.34116406352842
        ],
        [
          -7.519971604693468,
          9.575221605698458,
          305.09452273690766
        ],
        [
          -0.020606591015687892,
          -0.016819004084781087,
          1.0
        ]
      ]
    }
  ]
}
