{
  "image_file": "349130ddb15a_FRC_4907_-_2024_Robot_Reveal___Sir_Kappalot__frame_001711.png",
  "image_sha256": "349130ddb15ac88c9a7c87c458571487fda3bb9ca0b04aaf983241446aa5a3ee",
  "image_width": 1920,
  "image_height": 1080,
  "detector_config": {
    "library": "pupil-apriltags",
    "library_version": "1.0.4.post11",
    "family": "tag36h11",
    "nthreads": 4,
    "quad_decimate": 1.0,
    "quad_sigma": 0.0,
    "refine_edges": true,
    "decode_sharpening": 0.25
  },
  "detected_at": "2026-04-01T00:51:49.119630+00:00",
  "num_detections": 2,
  "detections": [
    {
      "tag_id": 3,
      "tag_family": "tag36h11",
      "hamming": 0,
      "decision_margin": 77.77493286132812,
      "center": [
        1098.4096927709566,
        233.59788240658168
      ],
      "corners": [
        [
          1079.2646484374998,
          253.1162261962891
        ],
        [
          1115.9600830078125,
          252.11410522460938
        ],
        [
          1117.705688476563,
          213.9256439208984
        ],
        [
          1080.7003173828125,
          214.91392517089844
        ]
      ],
      "homography": [
        [
          18.744587781878636,
          3.837630644515459,
          1098.4096927709566
        ],
        [
          -0.4296452895617644,
          20.08264251463649,
          233.59788240658168
        ],
        [
          0.00029106969170154384,
          0.004217898206125037,
          1.0
        ]
      ]
    },
    {
      "tag_id": 4,
      "tag_family": "tag36h11",
      "hamming": 0,
      "decision_margin": 75.17981719970703,
      "center": [
        966.891175284016,
        237.52991410001044
      ],
      "corners": [
        [
          947.9722900390625,
          257.50317382812494
        ],
        [
          985.8021240234374,
          256.2001647949219
        ],
        [
          986.1892700195314,
          217.15631103515628
        ],
        [
          947.7677612304688,
          218.64990234374994
        ]
      ],
      "homography": [
        [
          16.965185622075523,
          7.452592798873754,
          966.891175284016
        ],
        [
          -1.213462088986776,
          21.314883033508522,
          237.52991410001044
        ],
        [
          -0.0021681992030657873,
          0.007754340221967488,
          1.0
        ]
      ]
    }
  ]
}
