{
  "image_file": "350189608979_Robot_Reveal_2025___FRC_3100_Lightning_Turtles_frame_000413.png",
  "image_sha256": "35018960897908c875916538cdae45e09087a63d26480092e4cadca5305deb9a",
  "image_width": 1920,
  "image_height": 1080,
  "detector_config": {
    "library": "pupil-apriltags",
    "library_version": "1.0.4.post11",
    "family": "tag36h11",
    "nthreads": 4,
    "quad_decimate": 1.0,
    "quad_sigma": 0.0,
    "refine_edges": true,
    "decode_sharpening": 0.25
  },
  "detected_at": "2026-04-01T01:31:43.721947+00:00",
  "num_detections": 2,
  "detections": [
    {
      "tag_id": 19,
      "tag_family": "tag36h11",
      "hamming": 0,
      "decision_margin": 38.44375991821289,
      "center": [
        1837.60686633762,
        692.6989865929031
      ],
      "corners": [
        [
          1806.20751953125,
          738.2105712890625
        ],
        [
          1862.243774414063,
          725.8131103515627
        ],
        [
          1870.4656982421877,
          645.0719604492188
        ],
        [
          1810.669189453125,
          656.4924316406249
        ]
      ],
      "homography": [
        [
          49.04391227995915,
          58.668650063147204,
          1837.60686633762
        ],
        [
          1.6072922823978992,
          63.88572829214718,
          692.6989865929031
        ],
        [
          0.010948842546426207,
          0.03366167268689904,
          1.0
        ]
      ]
    },
    {
      "tag_id": 20,
      "tag_family": "tag36h11",
      "hamming": 0,
      "decision_margin": 53.85551452636719,
      "center": [
        1393.7197776988671,
        690.9629675236148
      ],
      "corners": [
        [
          1355.8699951171873,
          722.7896728515624
        ],
        [
          1431.4683837890625,
          734.665771484375
        ],
        [
          1433.3345947265627,
          657.6520996093749
        ],
        [
          1356.0706787109377,
          647.3753662109375
        ]
      ],
      "homography": [
        [
          21.407814889749943,
          14.451592176305669,
          1393.7197776988671
        ],
        [
          -2.7811409202274775,
          45.51436017043795,
          690.9629675236148
        ],
        [
          -0.01205240437985377,
          0.010732641368994251,
          1.0
        ]
      ]
    }
  ]
}
