{
  "image_file": "35172e77f780_FRC_ROBOT_POV_-_Southern_Cross_2024_frame_028560.png",
  "image_sha256": "35172e77f78088aa9366f16ae5926e356867404abd4641089116faad03f24c6d",
  "image_width": 1920,
  "image_height": 1080,
  "detector_config": {
    "library": "pupil-apriltags",
    "library_version": "1.0.4.post11",
    "family": "tag36h11",
    "nthreads": 4,
    "quad_decimate": 1.0,
    "quad_sigma": 0.0,
    "refine_edges": true,
    "decode_sharpening": 0.25
  },
  "detected_at": "2026-04-01T16:16:47.460841+00:00",
  "num_detections": 3,
  "detections": [
    {
      "tag_id": 3,
      "tag_family": "tag36h11",
      "hamming": 0,
      "decision_margin": 54.821250915527344,
      "center": [
        1264.7898077628818,
        700.8167894506837
      ],
      "corners": [
        [
          1249.252319335937,
          722.8884887695312
        ],
        [
          1285.010986328125,
          716.4087524414064
        ],
        [
          1280.523803710938,
          678.4659423828125
        ],
        [
          1245.4615478515625,
          685.9133300781249
        ]
      ],
      "homography": [
        [
          -0.5517925406718395,
          -8.23907873316125,
          1264.7898077628818
        ],
        [
          -13.598434716057684,
          13.015838382294303,
          700.8167894506837
        ],
        [
          -0.014430599071905387,
          -0.00814667859167113,
          1.0
        ]
      ]
    },
    {
      "tag_id": 4,
      "tag_family": "tag36h11",
      "hamming": 0,
      "decision_margin": 42.2004280090332,
      "center": [
        1149.206319061344,
        722.1222950168701
      ],
      "corners": [
        [
          1134.0997314453125,
          742.5580444335938
        ],
        [
          1166.4699707031248,
          737.3319702148439
        ],
        [
          1164.5146484375002,
          701.4136352539062
        ],
        [
          1132.585815429688,
          707.4792480468749
        ]
      ],
      "homography": [
        [
          1.3536246945025148,
          -6.230493731900424,
          1149.206319061344
        ],
        [
          -12.073297539318562,
          13.287830004109876,
          722.1222950168701
        ],
        [
          -0.012806888307122632,
          -0.006173900941856436,
          1.0
        ]
      ]
    },
    {
      "tag_id": 5,
      "tag_family": "tag36h11",
      "hamming": 0,
      "decision_margin": 61.16442108154297,
      "center": [
        476.80951158225605,
        742.7958908914597
      ],
      "corners": [
        [
          459.91244506835943,
          756.18310546875
        ],
        [
          489.3946533203125,
          762.0444335937499
        ],
        [
          493.0850219726562,
          729.901123046875
        ],
        [
          464.1023864746094,
          723.3607788085939
        ]
      ],
      "homography": [
        [
          20.22996788619895,
          -5.284499601073773,
          476.80951158225605
        ],
        [
          11.852634723627828,
          11.071211119908641,
          742.7958908914597
        ],
        [
          0.011779998980207007,
          -0.006957047746361258,
          1.0
        ]
      ]
    }
  ],
  "ingest_metadata": {
    "original_name": "FRC_ROBOT_POV_-_Southern_Cross_2024_frame_028560.png",
    "source": "unknown",
    "dhash": "d66233da70a73a72",
    "ingested_at": "2026-04-01T16:16:47.455301+00:00"
  }
}
