{
  "image_file": "35cff65e993d_Poi_Pouder_XXVI_Autonomous_-_2025_FRC_Reefscape_frame_000060.png",
  "image_sha256": "35cff65e993dc140aef7e92fe5078707fe4be8d896378d3842b01b0da724c219",
  "image_width": 1280,
  "image_height": 720,
  "detector_config": {
    "library": "pupil-apriltags",
    "library_version": "1.0.4.post11",
    "family": "tag36h11",
    "nthreads": 4,
    "quad_decimate": 1.0,
    "quad_sigma": 0.0,
    "refine_edges": true,
    "decode_sharpening": 0.25
  },
  "detected_at": "2026-04-01T01:43:56.940764+00:00",
  "num_detections": 2,
  "detections": [
    {
      "tag_id": 17,
      "tag_family": "tag36h11",
      "hamming": 0,
      "decision_margin": 84.85218811035156,
      "center": [
        440.2878819324063,
        459.2501003662878
      ],
      "corners": [
        [
          425.3128967285157,
          481.4104614257813
        ],
        [
          455.72952270507807,
          474.74139404296875
        ],
        [
          454.4263305664062,
          438.32766723632807
        ],
        [
          424.8752136230469,
          443.7878723144531
        ]
      ],
      "homography": [
        [
          21.10475183577779,
          -6.09104502985974,
          440.2878819324063
        ],
        [
          3.358924197407133,
          11.68658320076122,
          459.2501003662878
        ],
        [
          0.013897343886125514,
          -0.014836352542430306,
          1.0
        ]
      ]
    },
    {
      "tag_id": 18,
      "tag_family": "tag36h11",
      "hamming": 0,
      "decision_margin": 86.67377471923828,
      "center": [
        234.4213213331919,
        473.01297870759043
      ],
      "corners": [
        [
          217.32373046875006,
          491.9186096191407
        ],
        [
          253.89604187011713,
          493.0463562011718
        ],
        [
          251.5781555175781,
          454.04183959960943
        ],
        [
          214.9063262939453,
          452.9381713867188
        ]
      ],
      "homography": [
        [
          18.229355283470852,
          1.507627662311935,
          234.4213213331919
        ],
        [
          0.3931311728841227,
          20.149539510552927,
          473.01297870759043
        ],
        [
          -0.00034827828992620944,
          0.0013812302293333386,
          1.0
        ]
      ]
    }
  ],
  "ingest_metadata": {
    "original_name": "Poi_Pouder_XXVI_Autonomous_-_2025_FRC_Reefscape_frame_000060.png",
    "source": "unknown",
    "dhash": "d1e7cc9a06876666",
    "ingested_at": "2026-04-01T01:43:56.935299+00:00"
  }
}
