{
  "image_file": "3603823c50a7_FRC_team_1690_Orbit_2024_robot_reveal_-__DOPPLER__frame_0011.png",
  "image_sha256": "3603823c50a704b9abb5d85017523b6dcafd3c9a0661db085f737e0d15531dc4",
  "image_width": 1920,
  "image_height": 1080,
  "detector_config": {
    "library": "pupil-apriltags",
    "library_version": "1.0.4.post11",
    "family": "tag36h11",
    "nthreads": 4,
    "quad_decimate": 1.0,
    "quad_sigma": 0.0,
    "refine_edges": true,
    "decode_sharpening": 0.25
  },
  "detected_at": "2026-04-01T00:30:32.172318+00:00",
  "num_detections": 2,
  "detections": [
    {
      "tag_id": 7,
      "tag_family": "tag36h11",
      "hamming": 0,
      "decision_margin": 76.15995025634766,
      "center": [
        914.1942248522188,
        463.1937518061132
      ],
      "corners": [
        [
          902.2002563476564,
          475.73324584960943
        ],
        [
          927.5322875976562,
          475.38064575195307
        ],
        [
          926.6876831054688,
          450.1320495605469
        ],
        [
          900.8430786132812,
          450.99490356445324
        ]
      ],
      "homography": [
        [
          3.691909174910164,
          10.100845302417724,
          914.1942248522188
        ],
        [
          -4.9117372247868065,
          17.331670658323617,
          463.1937518061132
        ],
        [
          -0.009953794047523107,
          0.01044401065558112,
          1.0
        ]
      ]
    },
    {
      "tag_id": 8,
      "tag_family": "tag36h11",
      "hamming": 0,
      "decision_margin": 65.55113983154297,
      "center": [
        818.6672312779916,
        465.71603715623496
      ],
      "corners": [
        [
          805.885498046875,
          478.69412231445307
        ],
        [
          832.2426147460938,
          478.1123657226563
        ],
        [
          831.4308471679688,
          452.75634765625
        ],
        [
          805.2090454101564,
          453.4267272949218
        ]
      ],
      "homography": [
        [
          11.660339683655252,
          -1.6929458256553276,
          818.6672312779916
        ],
        [
          -1.1574990660087123,
          11.481085360616703,
          465.71603715623496
        ],
        [
          -0.0018130195530222056,
          -0.0025222422398420573,
          1.0
        ]
      ]
    }
  ],
  "ingest_metadata": {
    "original_name": "FRC_team_1690_Orbit_2024_robot_reveal_-__DOPPLER__frame_0011.png",
    "source": "unknown",
    "dhash": "30303ecc26468438",
    "ingested_at": "2026-04-01T00:30:32.165302+00:00"
  }
}
