{
  "image_file": "36bf01244012_Half_Hollow_Hills_Invitational_Qualification_Match_5_2025_fr.png",
  "image_sha256": "36bf012440129ff9b16cb634eb127fea5857756aa58417342e898b9452bbfa00",
  "image_width": 1920,
  "image_height": 1080,
  "detector_config": {
    "library": "pupil-apriltags",
    "library_version": "1.0.4.post11",
    "family": "tag36h11",
    "nthreads": 4,
    "quad_decimate": 1.0,
    "quad_sigma": 0.0,
    "refine_edges": true,
    "decode_sharpening": 0.25
  },
  "detected_at": "2026-04-01T16:02:36.612399+00:00",
  "num_detections": 3,
  "detections": [
    {
      "tag_id": 3,
      "tag_family": "tag36h11",
      "hamming": 0,
      "decision_margin": 70.80219268798828,
      "center": [
        1421.4348983950292,
        393.6105485058409
      ],
      "corners": [
        [
          1406.549072265625,
          419.19293212890625
        ],
        [
          1440.158203125,
          412.4002990722656
        ],
        [
          1436.430908203125,
          367.83880615234375
        ],
        [
          1403.3100585937502,
          375.42138671875006
        ]
      ],
      "homography": [
        [
          2.516289727512686,
          -7.183149883782107,
          1421.4348983950292
        ],
        [
          -7.518140444153178,
          19.609938679018796,
          393.6105485058409
        ],
        [
          -0.00996434930667934,
          -0.00627703642128159,
          1.0
        ]
      ]
    },
    {
      "tag_id": 4,
      "tag_family": "tag36h11",
      "hamming": 0,
      "decision_margin": 37.190799713134766,
      "center": [
        758.4571348974536,
        343.3359991149089
      ],
      "corners": [
        [
          740.983642578125,
          358.6570739746094
        ],
        [
          773.2930297851562,
          359.6921997070313
        ],
        [
          776.3079833984375,
          327.68405151367193
        ],
        [
          743.177734375,
          326.49084472656244
        ]
      ],
      "homography": [
        [
          17.89098713350438,
          8.333134612090477,
          758.4571348974536
        ],
        [
          1.2504455691375231,
          20.402914329355497,
          343.3359991149089
        ],
        [
          0.0020221561126431025,
          0.012704766825038289,
          1.0
        ]
      ]
    },
    {
      "tag_id": 21,
      "tag_family": "tag36h11",
      "hamming": 0,
      "decision_margin": 25.206762313842773,
      "center": [
        429.03150384913755,
        632.1888679960246
      ],
      "corners": [
        [
          419.68518066406256,
          641.8529052734375
        ],
        [
          438.7892761230469,
          642.0221557617188
        ],
        [
          438.6079101562499,
          622.2869262695312
        ],
        [
          419.3564758300781,
          622.43896484375
        ]
      ],
      "homography": [
        [
          6.066377834534478,
          1.8230434481877758,
          429.03150384913755
        ],
        [
          -5.184402660317916,
          12.283980200274755,
          632.1888679960246
        ],
        [
          -0.008208528043626482,
          0.003950559371978457,
          1.0
        ]
      ]
    }
  ],
  "ingest_metadata": {
    "original_name": "Half_Hollow_Hills_Invitational_Qualification_Match_5_2025_fr.png",
    "source": "unknown",
    "dhash": "adead8d0ab23c8cc",
    "ingested_at": "2026-04-01T16:02:36.605297+00:00"
  }
}
