{
  "image_file": "37b3189db5a9_Half_Hollow_Hills_Invitational_Playoff_Match_4_2025_frame_00.png",
  "image_sha256": "37b3189db5a9a01ddf96dc2312f07d4756a59ab8ca398a9eb463dec811494a17",
  "image_width": 1920,
  "image_height": 1080,
  "detector_config": {
    "library": "pupil-apriltags",
    "library_version": "1.0.4.post11",
    "family": "tag36h11",
    "nthreads": 4,
    "quad_decimate": 1.0,
    "quad_sigma": 0.0,
    "refine_edges": true,
    "decode_sharpening": 0.25
  },
  "detected_at": "2026-04-01T16:05:28.201623+00:00",
  "num_detections": 3,
  "detections": [
    {
      "tag_id": 14,
      "tag_family": "tag36h11",
      "hamming": 1,
      "decision_margin": 40.18256378173828,
      "center": [
        755.5651958789153,
        300.2836077588947
      ],
      "corners": [
        [
          746.3147583007814,
          309.95239257812506
        ],
        [
          767.2106323242186,
          309.19146728515614
        ],
        [
          764.0255737304686,
          291.4406127929687
        ],
        [
          743.1334228515625,
          290.77426147460943
        ]
      ],
      "homography": [
        [
          39.6222216337344,
          -2.9204850794440014,
          755.5651958789153
        ],
        [
          11.581788283050171,
          7.423942504412766,
          300.2836077588947
        ],
        [
          0.03863392162798879,
          -0.005974963249009534,
          1.0
        ]
      ]
    },
    {
      "tag_id": 18,
      "tag_family": "tag36h11",
      "hamming": 0,
      "decision_margin": 96.83015441894531,
      "center": [
        1064.171378090268,
        629.2581211038996
      ],
      "corners": [
        [
          1033.901611328125,
          659.586669921875
        ],
        [
          1094.9782714843748,
          658.3659057617188
        ],
        [
          1095.032958984375,
          598.3366088867188
        ],
        [
          1032.8514404296877,
          599.6655883789061
        ]
      ],
      "homography": [
        [
          30.054889351820293,
          9.79435039347209,
          1064.171378090268
        ],
        [
          -1.0847221760278716,
          35.62930197466676,
          629.2581211038996
        ],
        [
          -0.0007115055129734632,
          0.008969519929028918,
          1.0
        ]
      ]
    },
    {
      "tag_id": 19,
      "tag_family": "tag36h11",
      "hamming": 0,
      "decision_margin": 62.281429290771484,
      "center": [
        827.6096127462318,
        603.7845139198133
      ],
      "corners": [
        [
          820.849792480469,
          624.1538085937501
        ],
        [
          836.9099731445311,
          633.4314575195311
        ],
        [
          834.6832275390623,
          582.4696655273438
        ],
        [
          818.6055908203125,
          575.0822143554689
        ]
      ],
      "homography": [
        [
          -8.054465200157324,
          3.805686459623984,
          827.6096127462318
        ],
        [
          -7.567721450934645,
          26.959737724838988,
          603.7845139198133
        ],
        [
          -0.01943662856907841,
          0.0032471463384815963,
          1.0
        ]
      ]
    }
  ],
  "ingest_metadata": {
    "original_name": "Half_Hollow_Hills_Invitational_Playoff_Match_4_2025_frame_00.png",
    "source": "unknown",
    "dhash": "5301ccd28b89f8e6",
    "ingested_at": "2026-04-01T16:05:28.195300+00:00"
  }
}
