{
  "image_file": "3844fb9245e2_PC000002_MOV-0151_jpg_rf_d96dad63ea6cbedd69ab99de16dfc979.png",
  "image_sha256": "3844fb9245e25e5a2ea7103e04a26892a07e76f45a55ecdca72ae6b39dabcee8",
  "image_width": 640,
  "image_height": 360,
  "detector_config": {
    "library": "pupil-apriltags",
    "library_version": "1.0.4.post11",
    "family": "tag36h11",
    "nthreads": 4,
    "quad_decimate": 1.0,
    "quad_sigma": 0.0,
    "refine_edges": true,
    "decode_sharpening": 0.25
  },
  "detected_at": "2026-03-24T14:12:27.546602+00:00",
  "num_detections": 2,
  "detections": [
    {
      "tag_id": 15,
      "tag_family": "tag36h11",
      "hamming": 0,
      "decision_margin": 77.3026351928711,
      "center": [
        203.13912792635008,
        165.50615606731094
      ],
      "corners": [
        [
          179.0813598632812,
          187.14314270019528
        ],
        [
          224.1195831298828,
          189.00057983398438
        ],
        [
          226.72261047363287,
          144.2957305908203
        ],
        [
          181.3022766113281,
          141.0527191162109
        ]
      ],
      "homography": [
        [
          25.651847441160214,
          -0.18873895774762814,
          203.13912792635008
        ],
        [
          3.7503727954806694,
          23.52428319035147,
          165.50615606731094
        ],
        [
          0.014978260665608678,
          0.005022906645513896,
          1.0
        ]
      ]
    },
    {
      "tag_id": 16,
      "tag_family": "tag36h11",
      "hamming": 0,
      "decision_margin": 72.89692687988281,
      "center": [
        317.07750889562095,
        172.25640452068924
      ],
      "corners": [
        [
          295.9437561035156,
          192.23693847656253
        ],
        [
          334.5322265625,
          193.96839904785156
        ],
        [
          338.0270690917969,
          152.45001220703122
        ],
        [
          298.9329223632812,
          149.68627929687497
        ]
      ],
      "homography": [
        [
          23.183289599784416,
          0.7542336384397601,
          317.07750889562095
        ],
        [
          3.1658563943623195,
          22.304996975588892,
          172.25640452068924
        ],
        [
          0.011877786777222326,
          0.0075009308965858544,
          1.0
        ]
      ]
    }
  ],
  "ingest_metadata": {
    "original_name": "PC000002_MOV-0151_jpg_rf_d96dad63ea6cbedd69ab99de16dfc979.png",
    "source": "unknown",
    "dhash": "c2f22b1bdbcb93a2",
    "ingested_at": "2026-03-24T14:12:27.528942+00:00"
  }
}
