{
  "image_file": "3965a6342d30_FRC_team_1690_Orbit_2025_robot_reveal_-__WHISPER__frame_0002.png",
  "image_sha256": "3965a6342d30281a9e5577f083150758bb4c9c0be9fe6ebdf0b81069b42fc96b",
  "image_width": 1920,
  "image_height": 1080,
  "detector_config": {
    "library": "pupil-apriltags",
    "library_version": "1.0.4.post11",
    "family": "tag36h11",
    "nthreads": 4,
    "quad_decimate": 1.0,
    "quad_sigma": 0.0,
    "refine_edges": true,
    "decode_sharpening": 0.25
  },
  "detected_at": "2026-04-01T01:38:37.577771+00:00",
  "num_detections": 2,
  "detections": [
    {
      "tag_id": 12,
      "tag_family": "tag36h11",
      "hamming": 0,
      "decision_margin": 58.392391204833984,
      "center": [
        1781.631329516152,
        369.8435022724835
      ],
      "corners": [
        [
          1758.775634765625,
          382.1196594238281
        ],
        [
          1800.202880859375,
          385.9550781249999
        ],
        [
          1805.2238769531252,
          357.1715698242187
        ],
        [
          1763.6931152343755,
          354.2813720703126
        ]
      ],
      "homography": [
        [
          -8.851055982318258,
          -3.8056184122310706,
          1781.631329516152
        ],
        [
          -4.460847396941405,
          13.877237705385483,
          369.8435022724835
        ],
        [
          -0.01660550556253509,
          -0.0007415535216414534,
          1.0
        ]
      ]
    },
    {
      "tag_id": 16,
      "tag_family": "tag36h11",
      "hamming": 0,
      "decision_margin": 56.206356048583984,
      "center": [
        798.2093411255444,
        354.1051914439429
      ],
      "corners": [
        [
          787.3414916992188,
          365.5149536132813
        ],
        [
          810.4561157226564,
          365.59289550781244
        ],
        [
          809.3068237304688,
          342.454345703125
        ],
        [
          786.0341796874998,
          342.68466186523443
        ]
      ],
      "homography": [
        [
          6.253479753606484,
          3.6167706134501723,
          798.2093411255444
        ],
        [
          -2.4076583120763093,
          12.823323609558543,
          354.1051914439429
        ],
        [
          -0.006693337603580193,
          0.0037610082843841305,
          1.0
        ]
      ]
    }
  ]
}
