{
  "image_file": "397ceb4a01f6_2026_FIRST_Robotics_Competition_KitBot_Overview_frame_005311.png",
  "image_sha256": "397ceb4a01f6f62a8d43fc47d9bdeb77999a7794a0f796cc99573ad7a5c0352e",
  "image_width": 1920,
  "image_height": 1080,
  "detector_config": {
    "library": "pupil-apriltags",
    "library_version": "1.0.4.post11",
    "family": "tag36h11",
    "nthreads": 4,
    "quad_decimate": 1.0,
    "quad_sigma": 0.0,
    "refine_edges": true,
    "decode_sharpening": 0.25
  },
  "detected_at": "2026-04-01T00:15:23.941953+00:00",
  "num_detections": 3,
  "detections": [
    {
      "tag_id": 29,
      "tag_family": "tag36h11",
      "hamming": 0,
      "decision_margin": 92.76880645751953,
      "center": [
        1108.699862831341,
        242.51587373139418
      ],
      "corners": [
        [
          1098.0856933593752,
          257.7959289550781
        ],
        [
          1118.1688232421875,
          259.6614685058594
        ],
        [
          1119.605712890625,
          226.81591796875
        ],
        [
          1099.2701416015625,
          225.4413299560546
        ]
      ],
      "homography": [
        [
          1.4390605561263776,
          5.708254897996312,
          1108.699862831341
        ],
        [
          -1.0838692207361214,
          17.690330971384697,
          242.51587373139418
        ],
        [
          -0.007815105156593642,
          0.00573881317950925,
          1.0
        ]
      ]
    },
    {
      "tag_id": 30,
      "tag_family": "tag36h11",
      "hamming": 0,
      "decision_margin": 95.68541717529297,
      "center": [
        1165.6415974779072,
        247.75793012884438
      ],
      "corners": [
        [
          1153.7844238281252,
          263.7695617675781
        ],
        [
          1176.0471191406248,
          266.1000061035156
        ],
        [
          1177.9420166015625,
          231.14775085449222
        ],
        [
          1155.4418945312505,
          229.7786560058594
        ]
      ],
      "homography": [
        [
          -5.327088703407527,
          3.985467945831942,
          1165.6415974779072
        ],
        [
          -2.5836026047711607,
          18.267694372123316,
          247.75793012884438
        ],
        [
          -0.014168373833973343,
          0.004179707368910957,
          1.0
        ]
      ]
    },
    {
      "tag_id": 32,
      "tag_family": "tag36h11",
      "hamming": 0,
      "decision_margin": 76.68221282958984,
      "center": [
        1880.9414699877077,
        302.6038437340098
      ],
      "corners": [
        [
          1844.6851806640623,
          328.42083740234375
        ],
        [
          1907.6733398437502,
          334.3216247558594
        ],
        [
          1918.8079833984375,
          275.6402587890625
        ],
        [
          1855.0014648437498,
          271.8256225585938
        ]
      ],
      "homography": [
        [
          -2.8825493731681036,
          0.9346124061835323,
          1880.9414699877077
        ],
        [
          -3.12995200566019,
          29.821568739055692,
          302.6038437340098
        ],
        [
          -0.018378826843201735,
          0.0033449076579726714,
          1.0
        ]
      ]
    }
  ],
  "ingest_metadata": {
    "original_name": "2026_FIRST_Robotics_Competition_KitBot_Overview_frame_005311.png",
    "source": "unknown",
    "dhash": "2e6c4970525a6be4",
    "ingested_at": "2026-04-01T00:15:23.935300+00:00"
  }
}
