{
  "image_file": "3a8ba9665a98_CERBERUS___3512_Spartatroniks_2026_Robot_Reveal_frame_000672.png",
  "image_sha256": "3a8ba9665a98c62fef36eff09089e514cbd78867fc8d83c89f0c8b65acdac277",
  "image_width": 1920,
  "image_height": 1080,
  "detector_config": {
    "library": "pupil-apriltags",
    "library_version": "1.0.4.post11",
    "family": "tag36h11",
    "nthreads": 4,
    "quad_decimate": 1.0,
    "quad_sigma": 0.0,
    "refine_edges": true,
    "decode_sharpening": 0.25
  },
  "detected_at": "2026-04-01T04:12:53.361562+00:00",
  "num_detections": 4,
  "detections": [
    {
      "tag_id": 18,
      "tag_family": "tag36h11",
      "hamming": 0,
      "decision_margin": 56.56638717651367,
      "center": [
        450.9159860575121,
        511.64215926363426
      ],
      "corners": [
        [
          430.92980957031256,
          546.4420166015625
        ],
        [
          474.0350646972657,
          539.0565185546876
        ],
        [
          470.5393676757812,
          477.4739990234376
        ],
        [
          427.22668457031244,
          483.5516357421874
        ]
      ],
      "homography": [
        [
          26.413493645802248,
          2.4803121613487096,
          450.9159860575121
        ],
        [
          2.093169013665143,
          31.88801318625559,
          511.64215926363426
        ],
        [
          0.01067067168685684,
          0.0015113958382224858,
          1.0
        ]
      ]
    },
    {
      "tag_id": 25,
      "tag_family": "tag36h11",
      "hamming": 0,
      "decision_margin": 40.30388641357422,
      "center": [
        22.09313870657385,
        519.3435427344854
      ],
      "corners": [
        [
          5.461900711059572,
          548.3094482421874
        ],
        [
          42.90958023071289,
          551.44775390625
        ],
        [
          38.98574447631835,
          489.9224243164063
        ],
        [
          1.6447592973709053,
          487.80697631835926
        ]
      ],
      "homography": [
        [
          18.51118169295433,
          1.9225272639878583,
          22.09313870657385
        ],
        [
          -3.027610089204021,
          30.213175741886857,
          519.3435427344854
        ],
        [
          -0.008357993568288515,
          -0.0005615196299065598,
          1.0
        ]
      ]
    },
    {
      "tag_id": 26,
      "tag_family": "tag36h11",
      "hamming": 0,
      "decision_margin": 54.815799713134766,
      "center": [
        110.21365258682067,
        525.5597805384268
      ],
      "corners": [
        [
          92.95960998535155,
          555.7081298828125
        ],
        [
          132.3128662109375,
          558.8106079101562
        ],
        [
          127.66230773925783,
          495.0713806152343
        ],
        [
          88.46320343017578,
          492.8337097167969
        ]
      ],
      "homography": [
        [
          18.88978509854668,
          2.157059512963061,
          110.21365258682067
        ],
        [
          -2.229254585579842,
          31.035503100229334,
          525.5597805384268
        ],
        [
          -0.006780817840686452,
          -0.0011728229710042937,
          1.0
        ]
      ]
    },
    {
      "tag_id": 27,
      "tag_family": "tag36h11",
      "hamming": 0,
      "decision_margin": 55.9632568359375,
      "center": [
        353.05566278642664,
        525.5088528125989
      ],
      "corners": [
        [
          330.6411437988282,
          561.4725952148436
        ],
        [
          377.7799987792968,
          554.738525390625
        ],
        [
          375.1560668945312,
          490.0491027832032
        ],
        [
          327.4944152832032,
          495.2897644042969
        ]
      ],
      "homography": [
        [
          27.879723097397175,
          3.132069605291125,
          353.05566278642664
        ],
        [
          3.230255054650793,
          35.23202505932784,
          525.5088528125989
        ],
        [
          0.011849782442833417,
          0.004793387471228904,
          1.0
        ]
      ]
    }
  ],
  "ingest_metadata": {
    "original_name": "CERBERUS___3512_Spartatroniks_2026_Robot_Reveal_frame_000672.png",
    "source": "unknown",
    "dhash": "3c34040ce6e424b5",
    "ingested_at": "2026-04-01T04:12:53.355298+00:00"
  }
}
