{
  "image_file": "3a91de057a5c_Valor_6800_-_2025_Reveal_frame_001680.png",
  "image_sha256": "3a91de057a5c3aa53e0c886b63640117660c3b3f425688698fe2c905dcdb3843",
  "image_width": 1920,
  "image_height": 1080,
  "detector_config": {
    "library": "pupil-apriltags",
    "library_version": "1.0.4.post11",
    "family": "tag36h11",
    "nthreads": 4,
    "quad_decimate": 1.0,
    "quad_sigma": 0.0,
    "refine_edges": true,
    "decode_sharpening": 0.25
  },
  "detected_at": "2026-04-01T02:11:52.238613+00:00",
  "num_detections": 3,
  "detections": [
    {
      "tag_id": 10,
      "tag_family": "tag36h11",
      "hamming": 0,
      "decision_margin": 49.11522674560547,
      "center": [
        1461.4214341123818,
        828.7365923940365
      ],
      "corners": [
        [
          1452.981689453125,
          844.8262939453125
        ],
        [
          1470.2679443359375,
          847.1141967773439
        ],
        [
          1469.8593750000002,
          812.6503295898436
        ],
        [
          1453.087158203125,
          811.4230957031248
        ]
      ],
      "homography": [
        [
          -13.196786414703862,
          -21.79181582288902,
          1461.4214341123818
        ],
        [
          -11.438991993598052,
          4.560420299461155,
          828.7365923940365
        ],
        [
          -0.014853748408155685,
          -0.014960621571152516,
          1.0
        ]
      ]
    },
    {
      "tag_id": 11,
      "tag_family": "tag36h11",
      "hamming": 0,
      "decision_margin": 63.41226577758789,
      "center": [
        1624.2865693675394,
        828.4454966666603
      ],
      "corners": [
        [
          1606.2491455078127,
          848.748046875
        ],
        [
          1643.3753662109373,
          846.1721191406251
        ],
        [
          1642.2847900390623,
          808.1870727539062
        ],
        [
          1605.2916259765625,
          810.8060302734373
        ]
      ],
      "homography": [
        [
          17.411865207077426,
          -2.372997566890715,
          1624.2865693675394
        ],
        [
          -1.8689392284915152,
          17.51025773191418,
          828.4454966666603
        ],
        [
          -0.0006882483178039646,
          -0.001776148609691075,
          1.0
        ]
      ]
    },
    {
      "tag_id": 21,
      "tag_family": "tag36h11",
      "hamming": 0,
      "decision_margin": 60.411434173583984,
      "center": [
        154.4575787265926,
        780.4466614889443
      ],
      "corners": [
        [
          143.38627624511716,
          795.7454833984374
        ],
        [
          163.43609619140625,
          795.5503540039062
        ],
        [
          165.17968750000003,
          765.63037109375
        ],
        [
          145.34429931640628,
          765.1162719726562
        ]
      ],
      "homography": [
        [
          11.78234250204244,
          -1.5864243324206755,
          154.4575787265926
        ],
        [
          9.240454185908105,
          11.789123639851143,
          780.4466614889443
        ],
        [
          0.011735844961331577,
          -0.004287057740041298,
          1.0
        ]
      ]
    }
  ]
}
