{
  "image_file": "3ad6dfa74495_FRC_948_Robot_Reveal_-_Kirby_frame_002040.png",
  "image_sha256": "3ad6dfa7449574b78a024b077e286145a5eeee07048eecf9065a38407e4cd706",
  "image_width": 1920,
  "image_height": 1080,
  "detector_config": {
    "library": "pupil-apriltags",
    "library_version": "1.0.4.post11",
    "family": "tag36h11",
    "nthreads": 4,
    "quad_decimate": 1.0,
    "quad_sigma": 0.0,
    "refine_edges": true,
    "decode_sharpening": 0.25
  },
  "detected_at": "2026-04-01T04:07:49.709478+00:00",
  "num_detections": 3,
  "detections": [
    {
      "tag_id": 25,
      "tag_family": "tag36h11",
      "hamming": 0,
      "decision_margin": 67.13455963134766,
      "center": [
        681.2371384001617,
        682.7427776686534
      ],
      "corners": [
        [
          657.7941284179688,
          727.8864135742186
        ],
        [
          705.5421142578126,
          723.2556762695314
        ],
        [
          705.6488037109376,
          635.7338256835938
        ],
        [
          656.5820922851562,
          641.6463623046874
        ]
      ],
      "homography": [
        [
          19.738946202286343,
          9.610743680425573,
          681.2371384001617
        ],
        [
          -7.096478379400771,
          52.78074518077233,
          682.7427776686534
        ],
        [
          -0.006545739093150441,
          0.013695863689706645,
          1.0
        ]
      ]
    },
    {
      "tag_id": 26,
      "tag_family": "tag36h11",
      "hamming": 0,
      "decision_margin": 66.12126159667969,
      "center": [
        794.3700735609114,
        668.4976736845682
      ],
      "corners": [
        [
          768.8589477539061,
          716.6412353515626
        ],
        [
          821.7006835937501,
          710.5285034179688
        ],
        [
          820.1414184570314,
          619.863037109375
        ],
        [
          767.6045532226561,
          627.3358764648438
        ]
      ],
      "homography": [
        [
          20.17842987766096,
          -1.4313282241789669,
          794.3700735609114
        ],
        [
          -8.58566779285207,
          43.19429685801606,
          668.4976736845682
        ],
        [
          -0.007760129387348687,
          -0.002685898650277242,
          1.0
        ]
      ]
    },
    {
      "tag_id": 27,
      "tag_family": "tag36h11",
      "hamming": 0,
      "decision_margin": 73.2895736694336,
      "center": [
        1111.750304430283,
        648.0841671061543
      ],
      "corners": [
        [
          1077.1700439453127,
          693.6965942382812
        ],
        [
          1147.5164794921873,
          695.7023315429685
        ],
        [
          1145.5953369140623,
          603.4415283203125
        ],
        [
          1075.5382080078125,
          599.8723144531251
        ]
      ],
      "homography": [
        [
          44.51485947498918,
          -1.639565240664291,
          1111.750304430283
        ],
        [
          6.8847597682177994,
          45.04343495736282,
          648.0841671061543
        ],
        [
          0.008470097980708007,
          -0.0022748761259713526,
          1.0
        ]
      ]
    }
  ],
  "ingest_metadata": {
    "original_name": "FRC_948_Robot_Reveal_-_Kirby_frame_002040.png",
    "source": "unknown",
    "dhash": "fe9fc04697cd1736",
    "ingested_at": "2026-04-01T04:07:49.705300+00:00"
  }
}
