{
  "image_file": "3aded40831e7_PC000002_MOV-0147_jpg_rf_5d419708c596bb3b90ddcf27fe78e9ce.png",
  "image_sha256": "3aded40831e74df62630d1f9b35874411b1248a6a882d13c6ec2ac829b40b98f",
  "image_width": 640,
  "image_height": 360,
  "detector_config": {
    "library": "pupil-apriltags",
    "library_version": "1.0.4.post11",
    "family": "tag36h11",
    "nthreads": 4,
    "quad_decimate": 1.0,
    "quad_sigma": 0.0,
    "refine_edges": true,
    "decode_sharpening": 0.25
  },
  "detected_at": "2026-03-24T14:12:27.516011+00:00",
  "num_detections": 2,
  "detections": [
    {
      "tag_id": 15,
      "tag_family": "tag36h11",
      "hamming": 0,
      "decision_margin": 87.35749816894531,
      "center": [
        249.17380605323322,
        158.5112891622131
      ],
      "corners": [
        [
          229.3540802001953,
          175.44699096679688
        ],
        [
          266.02609252929693,
          177.74227905273438
        ],
        [
          268.79284667968756,
          141.7470703125
        ],
        [
          231.7992095947266,
          138.68426513671878
        ]
      ],
      "homography": [
        [
          20.949352574780846,
          -0.03744769922775247,
          249.17380605323322
        ],
        [
          2.9502211242734098,
          18.993156184900016,
          158.5112891622131
        ],
        [
          0.010174376679527674,
          0.005085849717408756,
          1.0
        ]
      ]
    },
    {
      "tag_id": 16,
      "tag_family": "tag36h11",
      "hamming": 0,
      "decision_margin": 84.0046157836914,
      "center": [
        341.0619649030428,
        165.63458569180682
      ],
      "corners": [
        [
          322.95913696289074,
          181.6992950439453
        ],
        [
          355.89431762695307,
          183.98097229003903
        ],
        [
          358.96972656249994,
          149.74298095703125
        ],
        [
          325.90606689453136,
          146.88800048828125
        ]
      ],
      "homography": [
        [
          19.262195374674093,
          -0.5900745591873123,
          341.0619649030428
        ],
        [
          2.6254550209521006,
          17.705914848625866,
          165.63458569180682
        ],
        [
          0.008102991328360879,
          0.002686076946680571,
          1.0
        ]
      ]
    }
  ],
  "ingest_metadata": {
    "original_name": "PC000002_MOV-0147_jpg_rf_5d419708c596bb3b90ddcf27fe78e9ce.png",
    "source": "unknown",
    "dhash": "6a723a436a435372",
    "ingested_at": "2026-03-24T14:12:27.498941+00:00"
  }
}
