{
  "image_file": "3b53407be786_FRC_3940_CyberTooth_2026_Robot_Reveal__Whiplash_frame_001680.png",
  "image_sha256": "3b53407be786a2c1cf4247c9a5a4bdfdf8716404caab2e5be7c8a42462385fab",
  "image_width": 1920,
  "image_height": 1080,
  "detector_config": {
    "library": "pupil-apriltags",
    "library_version": "1.0.4.post11",
    "family": "tag36h11",
    "nthreads": 4,
    "quad_decimate": 1.0,
    "quad_sigma": 0.0,
    "refine_edges": true,
    "decode_sharpening": 0.25
  },
  "detected_at": "2026-04-01T03:48:32.968425+00:00",
  "num_detections": 2,
  "detections": [
    {
      "tag_id": 15,
      "tag_family": "tag36h11",
      "hamming": 0,
      "decision_margin": 68.29486083984375,
      "center": [
        1537.5933663359249,
        359.75841907755773
      ],
      "corners": [
        [
          1500.8472900390623,
          389.2432861328125
        ],
        [
          1562.165283203125,
          393.1753540039063
        ],
        [
          1577.9383544921877,
          327.3858032226562
        ],
        [
          1514.112060546875,
          327.82467651367176
        ]
      ],
      "homography": [
        [
          -22.10108147543724,
          11.218253174962907,
          1537.5933663359249
        ],
        [
          -11.581398205355132,
          36.07486508878594,
          359.75841907755773
        ],
        [
          -0.03468990144397067,
          0.011994002649589188,
          1.0
        ]
      ]
    },
    {
      "tag_id": 16,
      "tag_family": "tag36h11",
      "hamming": 0,
      "decision_margin": 69.64704132080078,
      "center": [
        1728.1207243740078,
        367.866118231573
      ],
      "corners": [
        [
          1680.2954101562498,
          402.1734313964844
        ],
        [
          1758.3941650390627,
          409.70007324218756
        ],
        [
          1780.1687011718755,
          330.52969360351557
        ],
        [
          1699.3656005859373,
          328.13027954101557
        ]
      ],
      "homography": [
        [
          -19.08670555459821,
          4.13120389478672,
          1728.1207243740078
        ],
        [
          -10.007762964482998,
          41.30352275607913,
          367.866118231573
        ],
        [
          -0.03400096498190364,
          0.008279233629444518,
          1.0
        ]
      ]
    }
  ],
  "ingest_metadata": {
    "original_name": "FRC_3940_CyberTooth_2026_Robot_Reveal__Whiplash_frame_001680.png",
    "source": "unknown",
    "dhash": "049783078e863333",
    "ingested_at": "2026-04-01T03:48:32.965301+00:00"
  }
}
