{
  "image_file": "3bae3c371ee9_PC000001_MOV-0050_jpg_rf_1b3492ecc4037017d43c1757c65d4839.png",
  "image_sha256": "3bae3c371ee9ff76087a7d96eeaef27d99e939325a978b880a3666472a7bf8b2",
  "image_width": 640,
  "image_height": 360,
  "detector_config": {
    "library": "pupil-apriltags",
    "library_version": "1.0.4.post11",
    "family": "tag36h11",
    "nthreads": 4,
    "quad_decimate": 1.0,
    "quad_sigma": 0.0,
    "refine_edges": true,
    "decode_sharpening": 0.25
  },
  "detected_at": "2026-03-24T14:12:32.915607+00:00",
  "num_detections": 2,
  "detections": [
    {
      "tag_id": 13,
      "tag_family": "tag36h11",
      "hamming": 0,
      "decision_margin": 81.48512268066406,
      "center": [
        274.65950995335317,
        86.60984424254028
      ],
      "corners": [
        [
          262.0190734863282,
          95.48118591308594
        ],
        [
          283.8088073730469,
          101.02236938476562
        ],
        [
          287.4565734863281,
          77.62857818603516
        ],
        [
          265.6963195800782,
          72.49048614501953
        ]
      ],
      "homography": [
        [
          8.630120655995654,
          -2.3969780733156076,
          274.65950995335317
        ],
        [
          1.957631315503035,
          11.416882096731356,
          86.60984424254028
        ],
        [
          -0.008216198761422995,
          -0.0020588693874684606,
          1.0
        ]
      ]
    },
    {
      "tag_id": 14,
      "tag_family": "tag36h11",
      "hamming": 0,
      "decision_margin": 84.32200622558594,
      "center": [
        333.2724228372395,
        100.96982753619265
      ],
      "corners": [
        [
          319.80606079101557,
          110.02529907226561
        ],
        [
          342.55093383789057,
          115.53485107421874
        ],
        [
          346.9557189941406,
          91.76847839355469
        ],
        [
          323.9607238769531,
          86.35270690917969
        ]
      ],
      "homography": [
        [
          10.400529748640565,
          -0.5104836126078555,
          333.2724228372395
        ],
        [
          2.41833666424685,
          12.352944144782327,
          100.96982753619265
        ],
        [
          -0.003102534343876957,
          0.004887772902505442,
          1.0
        ]
      ]
    }
  ]
}
