{
  "image_file": "3c5674cc4bca_apriltags.png",
  "image_sha256": "3c5674cc4bca79d8bbb24498eaaed9c771c0ca50ad3587e645de47aa75724a78",
  "image_width": 1440,
  "image_height": 1080,
  "detector_config": {
    "library": "pupil-apriltags",
    "library_version": "1.0.4.post11",
    "family": "tag36h11",
    "nthreads": 4,
    "quad_decimate": 1.0,
    "quad_sigma": 0.0,
    "refine_edges": true,
    "decode_sharpening": 0.25
  },
  "detected_at": "2026-03-24T14:01:32.778409+00:00",
  "num_detections": 2,
  "detections": [
    {
      "tag_id": 42,
      "tag_family": "tag36h11",
      "hamming": 0,
      "decision_margin": 72.390380859375,
      "center": [
        441.59451709113995,
        425.310622268326
      ],
      "corners": [
        [
          317.6048889160156,
          625.2543334960938
        ],
        [
          648.9498901367188,
          506.55889892578125
        ],
        [
          549.1471557617188,
          251.8729400634766
        ],
        [
          251.73629760742182,
          350.9182739257813
        ]
      ],
      "homography": [
        [
          162.652716299941,
          16.116585938311935,
          441.59451709113995
        ],
        [
          -48.31147205736558,
          107.24596336273038,
          425.310622268326
        ],
        [
          0.013469709119157942,
          -0.057519444301798145,
          1.0
        ]
      ]
    },
    {
      "tag_id": 422,
      "tag_family": "tag36h11",
      "hamming": 0,
      "decision_margin": 72.38237762451172,
      "center": [
        982.9408440536503,
        361.2972430966885
      ],
      "corners": [
        [
          782.6934814453123,
          465.73864746093744
        ],
        [
          1125.6807861328127,
          542.0245971679688
        ],
        [
          1169.478759765625,
          264.00616455078125
        ],
        [
          860.1473999023439,
          205.8247528076172
        ]
      ],
      "homography": [
        [
          143.08499246389533,
          -84.90462229685726,
          982.9408440536503
        ],
        [
          26.038867143864408,
          113.97235455047274,
          361.2972430966885
        ],
        [
          -0.019837006537571287,
          -0.055281599868265925,
          1.0
        ]
      ]
    }
  ]
}
