{
  "image_file": "3c83411e955b_REEFSCAPE_Week_1_Event_Predictions___FRC_Forecast_frame_0960.png",
  "image_sha256": "3c83411e955bac5df0583d55b177ad2448f0ef27732851ab62d094b067016431",
  "image_width": 1920,
  "image_height": 1080,
  "detector_config": {
    "library": "pupil-apriltags",
    "library_version": "1.0.4.post11",
    "family": "tag36h11",
    "nthreads": 4,
    "quad_decimate": 1.0,
    "quad_sigma": 0.0,
    "refine_edges": true,
    "decode_sharpening": 0.25
  },
  "detected_at": "2026-04-01T01:59:06.825335+00:00",
  "num_detections": 2,
  "detections": [
    {
      "tag_id": 6,
      "tag_family": "tag36h11",
      "hamming": 0,
      "decision_margin": 62.919212341308594,
      "center": [
        800.5021726194839,
        546.5935323202991
      ],
      "corners": [
        [
          780.6605224609375,
          569.3649902343749
        ],
        [
          823.046630859375,
          565.6026611328126
        ],
        [
          820.2033081054688,
          523.9833374023438
        ],
        [
          777.5247802734375,
          527.2193603515623
        ]
      ],
      "homography": [
        [
          26.493866048150267,
          3.878150888688427,
          800.5021726194839
        ],
        [
          1.8200232816425315,
          22.568251575784757,
          546.5935323202991
        ],
        [
          0.006531976239483478,
          0.0029784918232731456,
          1.0
        ]
      ]
    },
    {
      "tag_id": 11,
      "tag_family": "tag36h11",
      "hamming": 0,
      "decision_margin": 37.95759582519531,
      "center": [
        611.129079438254,
        541.1617171384412
      ],
      "corners": [
        [
          602.4240112304688,
          557.6155395507814
        ],
        [
          622.9095458984375,
          563.6382446289061
        ],
        [
          620.1088867187501,
          524.1885986328125
        ],
        [
          599.4479370117189,
          518.874694824219
        ]
      ],
      "homography": [
        [
          4.244826983217762,
          4.8985701695985435,
          611.129079438254
        ],
        [
          -2.5130706080788086,
          22.603452108076795,
          541.1617171384412
        ],
        [
          -0.009884363478928607,
          0.005650892785260532,
          1.0
        ]
      ]
    }
  ]
}
