{
  "image_file": "3cf3b42241ac_Krypton_Cougars_-_2539_-_2024_Reveal___Rhapsody_frame_002208.png",
  "image_sha256": "3cf3b42241aca952fc336ec1e7bfec626fda19fbe5595ca62cb3c8c22e3401c3",
  "image_width": 1920,
  "image_height": 1080,
  "detector_config": {
    "library": "pupil-apriltags",
    "library_version": "1.0.4.post11",
    "family": "tag36h11",
    "nthreads": 4,
    "quad_decimate": 1.0,
    "quad_sigma": 0.0,
    "refine_edges": true,
    "decode_sharpening": 0.25
  },
  "detected_at": "2026-04-01T00:32:23.090371+00:00",
  "num_detections": 2,
  "detections": [
    {
      "tag_id": 7,
      "tag_family": "tag36h11",
      "hamming": 0,
      "decision_margin": 67.8949966430664,
      "center": [
        1208.693620715936,
        333.9460853899607
      ],
      "corners": [
        [
          1183.86767578125,
          358.5331115722657
        ],
        [
          1230.9420166015625,
          359.82565307617176
        ],
        [
          1234.36376953125,
          308.5229797363281
        ],
        [
          1186.5100097656248,
          308.14187622070324
        ]
      ],
      "homography": [
        [
          12.743701865638966,
          7.709895526710172,
          1208.693620715936
        ],
        [
          -2.6130690160545136,
          27.96798604344201,
          333.9460853899607
        ],
        [
          -0.009088135392343764,
          0.007630066312670514,
          1.0
        ]
      ]
    },
    {
      "tag_id": 8,
      "tag_family": "tag36h11",
      "hamming": 0,
      "decision_margin": 66.91859436035156,
      "center": [
        1064.6734537379928,
        329.2954526278916
      ],
      "corners": [
        [
          1042.4178466796877,
          352.77587890625006
        ],
        [
          1085.8118896484375,
          353.96267700195307
        ],
        [
          1087.6772460937495,
          305.02566528320307
        ],
        [
          1043.8651123046873,
          305.01342773437506
        ]
      ],
      "homography": [
        [
          8.80856710662033,
          3.785219353214189,
          1064.6734537379928
        ],
        [
          -3.7152090678113754,
          25.596972145661937,
          329.2954526278916
        ],
        [
          -0.012200206135558792,
          0.0043308417161133156,
          1.0
        ]
      ]
    }
  ],
  "ingest_metadata": {
    "original_name": "Krypton_Cougars_-_2539_-_2024_Reveal___Rhapsody_frame_002208.png",
    "source": "unknown",
    "dhash": "f7763a3a7e6b73c0",
    "ingested_at": "2026-04-01T00:32:23.085302+00:00"
  }
}
