{
  "image_file": "3d27e2844d87_FRC_Team_581_Blazing_Bulldogs_2026_Robot_Reveal_frame_001860.png",
  "image_sha256": "3d27e2844d875c406ff467bcaf505c27a5a6ebad3ccecbb93f47840a24118655",
  "image_width": 1920,
  "image_height": 1080,
  "detector_config": {
    "library": "pupil-apriltags",
    "library_version": "1.0.4.post11",
    "family": "tag36h11",
    "nthreads": 4,
    "quad_decimate": 1.0,
    "quad_sigma": 0.0,
    "refine_edges": true,
    "decode_sharpening": 0.25
  },
  "detected_at": "2026-04-01T04:12:23.194156+00:00",
  "num_detections": 2,
  "detections": [
    {
      "tag_id": 9,
      "tag_family": "tag36h11",
      "hamming": 0,
      "decision_margin": 49.3889045715332,
      "center": [
        873.0813165470622,
        452.01192950387616
      ],
      "corners": [
        [
          832.2620849609375,
          490.2290344238282
        ],
        [
          912.0294799804689,
          492.0308227539062
        ],
        [
          913.2944946289062,
          414.36224365234375
        ],
        [
          834.1635131835935,
          412.02423095703125
        ]
      ],
      "homography": [
        [
          42.81820287251219,
          -4.225641249970858,
          873.0813165470622
        ],
        [
          2.6382204599275907,
          37.18882915410882,
          452.01192950387616
        ],
        [
          0.0035446239063827416,
          -0.003934525569290501,
          1.0
        ]
      ]
    },
    {
      "tag_id": 10,
      "tag_family": "tag36h11",
      "hamming": 0,
      "decision_margin": 56.37282180786133,
      "center": [
        1045.1142991056931,
        453.4550217492745
      ],
      "corners": [
        [
          1006.2680664062503,
          491.93228149414057
        ],
        [
          1084.3927001953125,
          492.4379882812501
        ],
        [
          1082.8841552734373,
          416.0439147949219
        ],
        [
          1005.785583496094,
          414.4221191406249
        ]
      ],
      "homography": [
        [
          46.47787468756769,
          -6.505379978044397,
          1045.1142991056931
        ],
        [
          3.8660212334521544,
          35.432142980878496,
          453.4550217492745
        ],
        [
          0.007344519012989746,
          -0.006704443125556238,
          1.0
        ]
      ]
    }
  ]
}
