{
  "image_file": "3d4cd1b92e5c_FRC_Team_581_Blazing_Bulldogs_2026_Robot_Reveal_frame_001620.png",
  "image_sha256": "3d4cd1b92e5c5dce413d0f92286297cd05c218056c470bb2582b1dd11f73b75e",
  "image_width": 1920,
  "image_height": 1080,
  "detector_config": {
    "library": "pupil-apriltags",
    "library_version": "1.0.4.post11",
    "family": "tag36h11",
    "nthreads": 4,
    "quad_decimate": 1.0,
    "quad_sigma": 0.0,
    "refine_edges": true,
    "decode_sharpening": 0.25
  },
  "detected_at": "2026-04-01T04:12:20.881144+00:00",
  "num_detections": 2,
  "detections": [
    {
      "tag_id": 9,
      "tag_family": "tag36h11",
      "hamming": 0,
      "decision_margin": 67.8129653930664,
      "center": [
        1029.5896561472678,
        406.6769766986538
      ],
      "corners": [
        [
          995.7451782226565,
          438.6992492675781
        ],
        [
          1061.9810791015625,
          443.1096801757813
        ],
        [
          1062.620727539062,
          375.42431640624994
        ],
        [
          996.9625244140624,
          369.97915649414057
        ]
      ],
      "homography": [
        [
          41.098544587842525,
          -4.8571704221678775,
          1029.5896561472678
        ],
        [
          5.676354983430198,
          32.36273365774389,
          406.6769766986538
        ],
        [
          0.007894121243305973,
          -0.004268867190157497,
          1.0
        ]
      ]
    },
    {
      "tag_id": 10,
      "tag_family": "tag36h11",
      "hamming": 0,
      "decision_margin": 68.62980651855469,
      "center": [
        1170.8061920093635,
        414.530426060677
      ],
      "corners": [
        [
          1140.1804199218748,
          446.0420227050782
        ],
        [
          1202.2910156249998,
          449.46524047851557
        ],
        [
          1200.9293212890625,
          383.5360107421875
        ],
        [
          1139.34130859375,
          379.6177368164063
        ]
      ],
      "homography": [
        [
          35.58186304251012,
          -4.4778819195214465,
          1170.8061920093635
        ],
        [
          3.485721022264325,
          31.306718995102415,
          414.530426060677
        ],
        [
          0.0039786706661266436,
          -0.0042954346506347794,
          1.0
        ]
      ]
    }
  ]
}
