{
  "image_file": "3d77aad0dd3a_PC000006_MOV-0010_jpg_rf_c54930625eff01d9fd172560a14805a3.png",
  "image_sha256": "3d77aad0dd3a6e2bba1d1fd125a8d69715828e5245dd4794c6018629401894ea",
  "image_width": 640,
  "image_height": 360,
  "detector_config": {
    "library": "pupil-apriltags",
    "library_version": "1.0.4.post11",
    "family": "tag36h11",
    "nthreads": 4,
    "quad_decimate": 1.0,
    "quad_sigma": 0.0,
    "refine_edges": true,
    "decode_sharpening": 0.25
  },
  "detected_at": "2026-03-24T14:13:39.238942+00:00",
  "num_detections": 4,
  "detections": [
    {
      "tag_id": 2,
      "tag_family": "tag36h11",
      "hamming": 0,
      "decision_margin": 56.94786071777344,
      "center": [
        378.70518550516596,
        74.33623714540094
      ],
      "corners": [
        [
          372.10986328125006,
          90.3241195678711
        ],
        [
          385.4075012207031,
          94.88715362548828
        ],
        [
          385.00323486328114,
          59.06898117065429
        ],
        [
          371.3781433105469,
          51.869758605957024
        ]
      ],
      "homography": [
        [
          19.519635590431733,
          4.344853390004519,
          378.70518550516596
        ],
        [
          5.43544467847637,
          19.340791147954434,
          74.33623714540094
        ],
        [
          0.03379309807544063,
          0.010736842858612976,
          1.0
        ]
      ]
    },
    {
      "tag_id": 9,
      "tag_family": "tag36h11",
      "hamming": 0,
      "decision_margin": 85.58747100830078,
      "center": [
        110.88333656562423,
        76.40396551236327
      ],
      "corners": [
        [
          97.66509246826173,
          97.57946014404298
        ],
        [
          125.61029815673827,
          93.9048614501953
        ],
        [
          124.8014373779297,
          54.10730743408203
        ],
        [
          96.26206207275392,
          59.02866363525391
        ]
      ],
      "homography": [
        [
          12.487022682237992,
          1.7875986767842151,
          110.88333656562423
        ],
        [
          -3.2646874102264887,
          20.427418822965763,
          76.40396551236327
        ],
        [
          -0.014695761103972416,
          0.011094621398632354,
          1.0
        ]
      ]
    },
    {
      "tag_id": 10,
      "tag_family": "tag36h11",
      "hamming": 0,
      "decision_margin": 79.81158447265625,
      "center": [
        177.36414676803335,
        66.04078677453055
      ],
      "corners": [
        [
          161.60287475585935,
          89.19209289550781
        ],
        [
          195.277099609375,
          85.5238571166992
        ],
        [
          193.39323425292974,
          42.49609375
        ],
        [
          160.63633728027347,
          47.846740722656264
        ]
      ],
      "homography": [
        [
          12.815958466681366,
          -1.5839023824630074,
          177.36414676803335
        ],
        [
          -3.6728017800100927,
          20.229896363574227,
          66.04078677453055
        ],
        [
          -0.021318408278186374,
          -0.012893984114406069,
          1.0
        ]
      ]
    },
    {
      "tag_id": 11,
      "tag_family": "tag36h11",
      "hamming": 0,
      "decision_margin": 58.14321517944336,
      "center": [
        344.50361553633894,
        60.09149613965922
      ],
      "corners": [
        [
          335.58645629882807,
          78.22080993652345
        ],
        [
          353.71240234375,
          84.63377380371092
        ],
        [
          352.87875366210943,
          43.06415557861328
        ],
        [
          334.5749206542969,
          33.63059616088869
        ]
      ],
      "homography": [
        [
          20.975317825608727,
          1.5393165680463907,
          344.50361553633894
        ],
        [
          6.024248144115103,
          21.70175756401695,
          60.09149613965922
        ],
        [
          0.03448117875925352,
          0.0031365227917171117,
          1.0
        ]
      ]
    }
  ]
}
