{
  "image_file": "3e268824dda2_2024_FRC_Robot_Reveal___Disc-O_Team_7605_frame_003245.png",
  "image_sha256": "3e268824dda243f3265d2a8a2f33acbfc1c2828689830ca68bbee8cdf0fa9424",
  "image_width": 1920,
  "image_height": 1080,
  "detector_config": {
    "library": "pupil-apriltags",
    "library_version": "1.0.4.post11",
    "family": "tag36h11",
    "nthreads": 4,
    "quad_decimate": 1.0,
    "quad_sigma": 0.0,
    "refine_edges": true,
    "decode_sharpening": 0.25
  },
  "detected_at": "2026-04-01T00:44:37.953946+00:00",
  "num_detections": 3,
  "detections": [
    {
      "tag_id": 6,
      "tag_family": "tag36h11",
      "hamming": 0,
      "decision_margin": 45.170692443847656,
      "center": [
        1622.860031898969,
        295.6210404062693
      ],
      "corners": [
        [
          1598.724975585937,
          324.2644958496094
        ],
        [
          1650.5015869140627,
          311.81640625
        ],
        [
          1647.685913085938,
          266.15771484374994
        ],
        [
          1596.6607666015625,
          280.2707214355469
        ]
      ],
      "homography": [
        [
          -7.497317414883354,
          -9.07481996949423,
          1622.860031898969
        ],
        [
          -12.688158833940067,
          20.53057622833137,
          295.6210404062693
        ],
        [
          -0.020448874427702417,
          -0.006339159434256726,
          1.0
        ]
      ]
    },
    {
      "tag_id": 7,
      "tag_family": "tag36h11",
      "hamming": 0,
      "decision_margin": 61.83047103881836,
      "center": [
        712.3625849359394,
        290.97587537034235
      ],
      "corners": [
        [
          690.1621704101562,
          308.9669494628906
        ],
        [
          733.0519409179688,
          314.5690612792968
        ],
        [
          733.9307250976562,
          273.4971923828125
        ],
        [
          691.0564575195312,
          266.67935180664074
        ]
      ],
      "homography": [
        [
          31.812903184550464,
          -0.3574966540733119,
          712.3625849359394
        ],
        [
          7.342679496927016,
          20.870460641286684,
          290.97587537034235
        ],
        [
          0.014566236197651185,
          0.00012037732521308593,
          1.0
        ]
      ]
    },
    {
      "tag_id": 8,
      "tag_family": "tag36h11",
      "hamming": 0,
      "decision_margin": 57.84249496459961,
      "center": [
        548.1503696606957,
        268.1332308745138
      ],
      "corners": [
        [
          521.8233642578126,
          287.20385742187506
        ],
        [
          572.083251953125,
          293.9667663574219
        ],
        [
          573.8218994140624,
          249.53741455078128
        ],
        [
          523.3104858398436,
          241.32066345214847
        ]
      ],
      "homography": [
        [
          33.738272735531154,
          0.833341481622942,
          548.1503696606957
        ],
        [
          7.925023808747253,
          23.375257311928692,
          268.1332308745138
        ],
        [
          0.015601065555084894,
          0.002995409500605858,
          1.0
        ]
      ]
    }
  ],
  "ingest_metadata": {
    "original_name": "2024_FRC_Robot_Reveal___Disc-O_Team_7605_frame_003245.png",
    "source": "unknown",
    "dhash": "a7e666e3ebcb9b03",
    "ingested_at": "2026-04-01T00:44:37.945302+00:00"
  }
}
