{
  "image_file": "3eb7fa41875e_PC000001_MOV-0135_jpg_rf_c96a053fa6b1d59d63080f78cc925e32.png",
  "image_sha256": "3eb7fa41875e24bfab7bc4df9140638c1eb7ded45d16555c9a79cd59702f1745",
  "image_width": 640,
  "image_height": 360,
  "detector_config": {
    "library": "pupil-apriltags",
    "library_version": "1.0.4.post11",
    "family": "tag36h11",
    "nthreads": 4,
    "quad_decimate": 1.0,
    "quad_sigma": 0.0,
    "refine_edges": true,
    "decode_sharpening": 0.25
  },
  "detected_at": "2026-03-24T14:12:36.928625+00:00",
  "num_detections": 4,
  "detections": [
    {
      "tag_id": 5,
      "tag_family": "tag36h11",
      "hamming": 0,
      "decision_margin": 54.7518310546875,
      "center": [
        256.63755842885683,
        161.5866842961023
      ],
      "corners": [
        [
          248.33689880371097,
          182.4947509765625
        ],
        [
          265.1197509765625,
          178.7920227050781
        ],
        [
          265.64636230468744,
          138.8949127197266
        ],
        [
          248.67437744140625,
          145.43411254882815
        ]
      ],
      "homography": [
        [
          -0.8719602898171389,
          0.9870448898303436,
          256.63755842885683
        ],
        [
          -8.405682634707178,
          19.96839295336042,
          161.5866842961023
        ],
        [
          -0.036235272615546064,
          0.00467554190188772,
          1.0
        ]
      ]
    },
    {
      "tag_id": 8,
      "tag_family": "tag36h11",
      "hamming": 0,
      "decision_margin": 66.3531265258789,
      "center": [
        300.1007606652398,
        149.38058837353216
      ],
      "corners": [
        [
          288.67382812500006,
          173.8489837646484
        ],
        [
          311.9346618652344,
          169.09512329101562
        ],
        [
          312.55059814453114,
          122.72185516357423
        ],
        [
          289.0053405761719,
          130.8963165283203
        ]
      ],
      "homography": [
        [
          0.42366196722031174,
          1.3638077345759712,
          300.1007606652398
        ],
        [
          -8.823873513240788,
          23.092387899807704,
          149.38058837353216
        ],
        [
          -0.03752392772362817,
          0.005317082103699471,
          1.0
        ]
      ]
    },
    {
      "tag_id": 9,
      "tag_family": "tag36h11",
      "hamming": 0,
      "decision_margin": 73.65234375,
      "center": [
        399.11302734085325,
        139.75881973200882
      ],
      "corners": [
        [
          380.1072692871093,
          163.51254272460938
        ],
        [
          417.15133666992193,
          163.2325286865234
        ],
        [
          417.04046630859375,
          117.35279846191405
        ],
        [
          380.51651000976557,
          115.55870056152348
        ]
      ],
      "homography": [
        [
          27.249014867388894,
          -2.854534773758072,
          399.11302734085325
        ],
        [
          3.4905817757711732,
          22.470315245657844,
          139.75881973200882
        ],
        [
          0.022216779418035616,
          -0.006979693483461226,
          1.0
        ]
      ]
    },
    {
      "tag_id": 10,
      "tag_family": "tag36h11",
      "hamming": 0,
      "decision_margin": 75.62924194335938,
      "center": [
        472.6093484710782,
        141.30133109143875
      ],
      "corners": [
        [
          456.8880615234375,
          162.71833801269534
        ],
        [
          488.02825927734375,
          162.70356750488278
        ],
        [
          487.64669799804693,
          120.81604766845699
        ],
        [
          456.5399780273438,
          118.99622344970705
        ]
      ],
      "homography": [
        [
          25.690342056104726,
          -0.19013522469992636,
          472.6093484710782
        ],
        [
          3.4821863375315134,
          21.281049766364447,
          141.30133109143875
        ],
        [
          0.021446409745239363,
          -0.0007892124754187354,
          1.0
        ]
      ]
    }
  ]
}
