{
  "image_file": "4022e299a077_Half_Hollow_Hills_Invitational_Playoff_Match_9_2025_frame_00.png",
  "image_sha256": "4022e299a077f6de84896eb8c134815e1ea68ddf1b8fd8c0e06a36ccd6bd0f46",
  "image_width": 1920,
  "image_height": 1080,
  "detector_config": {
    "library": "pupil-apriltags",
    "library_version": "1.0.4.post11",
    "family": "tag36h11",
    "nthreads": 4,
    "quad_decimate": 1.0,
    "quad_sigma": 0.0,
    "refine_edges": true,
    "decode_sharpening": 0.25
  },
  "detected_at": "2026-04-01T16:08:05.754387+00:00",
  "num_detections": 4,
  "detections": [
    {
      "tag_id": 10,
      "tag_family": "tag36h11",
      "hamming": 1,
      "decision_margin": 43.955448150634766,
      "center": [
        209.8643074141636,
        532.1910476193763
      ],
      "corners": [
        [
          203.069595336914,
          540.22412109375
        ],
        [
          217.59637451171875,
          539.6268310546875
        ],
        [
          216.91525268554688,
          523.8550415039062
        ],
        [
          202.1885833740234,
          524.8094482421875
        ]
      ],
      "homography": [
        [
          4.986494458080756,
          1.9498683809703727,
          209.8643074141636
        ],
        [
          -6.284096330028435,
          11.746577735667643,
          532.1910476193763
        ],
        [
          -0.011081592174215282,
          0.007424802118362667,
          1.0
        ]
      ]
    },
    {
      "tag_id": 12,
      "tag_family": "tag36h11",
      "hamming": 0,
      "decision_margin": 38.91680145263672,
      "center": [
        1560.6851816711226,
        335.36297504658796
      ],
      "corners": [
        [
          1549.9847412109375,
          350.44268798828125
        ],
        [
          1572.1058349609375,
          348.2455749511719
        ],
        [
          1571.0476074218748,
          320.7596130371094
        ],
        [
          1549.71728515625,
          322.9910888671875
        ]
      ],
      "homography": [
        [
          7.601437660187916,
          -27.972998422381806,
          1560.6851816711226
        ],
        [
          -1.807854140078633,
          7.647990607849692,
          335.36297504658796
        ],
        [
          -0.0020873980770215947,
          -0.018135295169835277,
          1.0
        ]
      ]
    },
    {
      "tag_id": 18,
      "tag_family": "tag36h11",
      "hamming": 0,
      "decision_margin": 83.12128448486328,
      "center": [
        790.1824696585724,
        583.9571872066526
      ],
      "corners": [
        [
          777.139892578125,
          607.1659545898439
        ],
        [
          804.7344970703124,
          601.6533813476562
        ],
        [
          802.7685546875001,
          561.5607299804688
        ],
        [
          774.99853515625,
          565.4925537109375
        ]
      ],
      "homography": [
        [
          29.268970283618955,
          2.384149610164176,
          790.1824696585724
        ],
        [
          9.043814375305372,
          21.437876291593057,
          583.9571872066526
        ],
        [
          0.019531190206946058,
          0.0017194117546955158,
          1.0
        ]
      ]
    },
    {
      "tag_id": 19,
      "tag_family": "tag36h11",
      "hamming": 0,
      "decision_margin": 90.09226989746094,
      "center": [
        574.8677638578829,
        599.6277347681736
      ],
      "corners": [
        [
          556.9663696289062,
          621.1991577148438
        ],
        [
          596.0146484375,
          621.7237548828125
        ],
        [
          593.2667846679689,
          577.4566650390625
        ],
        [
          553.959228515625,
          577.78076171875
        ]
      ],
      "homography": [
        [
          14.017577164653062,
          3.7513923406660314,
          574.8677638578829
        ],
        [
          -5.757386539749976,
          24.329785130700657,
          599.6277347681736
        ],
        [
          -0.00968803397568055,
          0.004020530528989282,
          1.0
        ]
      ]
    }
  ]
}
