{
  "image_file": "41b960f42c8c_PC000002_MOV-0152_jpg_rf_a4e775c9dc0c31035fc0f66dfa182abb.png",
  "image_sha256": "41b960f42c8c3cdb91bfaf5b749ed8c54a41aa2d47aee8388c304d809ada68b0",
  "image_width": 640,
  "image_height": 360,
  "detector_config": {
    "library": "pupil-apriltags",
    "library_version": "1.0.4.post11",
    "family": "tag36h11",
    "nthreads": 4,
    "quad_decimate": 1.0,
    "quad_sigma": 0.0,
    "refine_edges": true,
    "decode_sharpening": 0.25
  },
  "detected_at": "2026-03-24T14:13:00.718378+00:00",
  "num_detections": 2,
  "detections": [
    {
      "tag_id": 15,
      "tag_family": "tag36h11",
      "hamming": 0,
      "decision_margin": 89.87810516357422,
      "center": [
        154.40376938632357,
        158.19986885334137
      ],
      "corners": [
        [
          127.68235015869142,
          184.27220153808594
        ],
        [
          179.22418212890625,
          180.85459899902347
        ],
        [
          180.52995300292966,
          132.70831298828125
        ],
        [
          128.345458984375,
          134.41525268554682
        ]
      ],
      "homography": [
        [
          28.670269368711416,
          0.5107322771913836,
          154.40376938632357
        ],
        [
          1.5290791694640942,
          25.525908509223967,
          158.19986885334137
        ],
        [
          0.017796803652303638,
          0.006533556522997946,
          1.0
        ]
      ]
    },
    {
      "tag_id": 16,
      "tag_family": "tag36h11",
      "hamming": 0,
      "decision_margin": 86.59764862060547,
      "center": [
        280.53986315751564,
        152.3362980583723
      ],
      "corners": [
        [
          258.1050109863281,
          176.0095672607422
        ],
        [
          300.6246948242188,
          173.25083923339847
        ],
        [
          302.24252319335943,
          129.4356384277344
        ],
        [
          259.69622802734375,
          130.63160705566406
        ]
      ],
      "homography": [
        [
          26.187432206819153,
          -0.5290944332546669,
          280.53986315751564
        ],
        [
          1.686550720100482,
          22.44001736792032,
          152.3362980583723
        ],
        [
          0.017564316776646577,
          0.0009754312973441242,
          1.0
        ]
      ]
    }
  ],
  "ingest_metadata": {
    "original_name": "PC000002_MOV-0152_jpg_rf_a4e775c9dc0c31035fc0f66dfa182abb.png",
    "source": "unknown",
    "dhash": "8692f3b29393a200",
    "ingested_at": "2026-03-24T14:13:00.709734+00:00"
  }
}
