{
  "image_file": "41be068b3896_PC000015_MOV-0014_jpg_rf_a91fbc61ac005ddf92ad1bd6b7d6750b.png",
  "image_sha256": "41be068b3896831557fd51cd3af4097b74320342846a6f56b9d4e03346100803",
  "image_width": 640,
  "image_height": 360,
  "detector_config": {
    "library": "pupil-apriltags",
    "library_version": "1.0.4.post11",
    "family": "tag36h11",
    "nthreads": 4,
    "quad_decimate": 1.0,
    "quad_sigma": 0.0,
    "refine_edges": true,
    "decode_sharpening": 0.25
  },
  "detected_at": "2026-03-24T14:14:20.914650+00:00",
  "num_detections": 2,
  "detections": [
    {
      "tag_id": 31,
      "tag_family": "tag36h11",
      "hamming": 0,
      "decision_margin": 67.51349639892578,
      "center": [
        236.60993219198156,
        217.41116998232164
      ],
      "corners": [
        [
          229.42881774902338,
          248.60772705078122
        ],
        [
          257.95001220703125,
          256.04028320312494
        ],
        [
          244.8621978759766,
          181.5612640380859
        ],
        [
          216.9513092041016,
          181.8257751464844
        ]
      ],
      "homography": [
        [
          1.0092820467196464,
          9.751637436031501,
          236.60993219198156
        ],
        [
          -10.16143032135597,
          38.28970566444272,
          217.41116998232164
        ],
        [
          -0.05520864098793422,
          0.014196196593057837,
          1.0
        ]
      ]
    },
    {
      "tag_id": 32,
      "tag_family": "tag36h11",
      "hamming": 0,
      "decision_margin": 81.18883514404297,
      "center": [
        345.4104470684252,
        232.50104741101998
      ],
      "corners": [
        [
          326.3147583007812,
          274.67504882812506
        ],
        [
          384.5420837402344,
          290.44360351562494
        ],
        [
          368.54003906250006,
          181.41792297363276
        ],
        [
          311.17657470703125,
          181.81065368652347
        ]
      ],
      "homography": [
        [
          0.6910583450461998,
          12.769162447357587,
          345.4104470684252
        ],
        [
          -14.93074942133206,
          53.483754029150845,
          232.50104741101998
        ],
        [
          -0.08114564859823148,
          0.014387244343193063,
          1.0
        ]
      ]
    }
  ]
}
