{
  "image_file": "429e608d509d_FRC_Team_Under_Control__1156__2026_Robot_Reveal_-__Tempest__.png",
  "image_sha256": "429e608d509d1d287357b76cb7691ac09ffa113b059a5e1a6299d3907cc531a1",
  "image_width": 1920,
  "image_height": 1080,
  "detector_config": {
    "library": "pupil-apriltags",
    "library_version": "1.0.4.post11",
    "family": "tag36h11",
    "nthreads": 4,
    "quad_decimate": 1.0,
    "quad_sigma": 0.0,
    "refine_edges": true,
    "decode_sharpening": 0.25
  },
  "detected_at": "2026-04-01T03:51:51.646388+00:00",
  "num_detections": 5,
  "detections": [
    {
      "tag_id": 3,
      "tag_family": "tag36h11",
      "hamming": 0,
      "decision_margin": 80.70256805419922,
      "center": [
        166.38368924672923,
        522.6788886115834
      ],
      "corners": [
        [
          153.39817810058588,
          546.1748046875
        ],
        [
          189.8741149902344,
          552.8955688476561
        ],
        [
          179.7865142822266,
          498.42788696289057
        ],
        [
          142.866226196289,
          492.42742919921886
        ]
      ],
      "homography": [
        [
          17.079628146584923,
          6.520006601147516,
          166.38368924672923
        ],
        [
          -0.7993093834913946,
          31.33399597087032,
          522.6788886115834
        ],
        [
          -0.007619582966943517,
          0.00819474827703798,
          1.0
        ]
      ]
    },
    {
      "tag_id": 4,
      "tag_family": "tag36h11",
      "hamming": 0,
      "decision_margin": 83.62712860107422,
      "center": [
        250.35952836473086,
        538.8934735085767
      ],
      "corners": [
        [
          235.96354675292972,
          563.3819580078125
        ],
        [
          275.2203979492188,
          569.9052734375001
        ],
        [
          265.26943969726557,
          513.53076171875
        ],
        [
          225.34365844726562,
          507.6883239746094
        ]
      ],
      "homography": [
        [
          17.9870571059231,
          7.729106023216419,
          250.35952836473086
        ],
        [
          -0.7927446329102891,
          33.57562077953446,
          538.8934735085767
        ],
        [
          -0.007214534364035812,
          0.010322202076984364,
          1.0
        ]
      ]
    },
    {
      "tag_id": 5,
      "tag_family": "tag36h11",
      "hamming": 0,
      "decision_margin": 82.61104583740234,
      "center": [
        571.1403033832186,
        506.7914418254747
      ],
      "corners": [
        [
          554.8203125,
          540.9047241210938
        ],
        [
          592.638916015625,
          525.415283203125
        ],
        [
          586.8317871093751,
          473.991912841797
        ],
        [
          549.0453491210936,
          487.65100097656244
        ]
      ],
      "homography": [
        [
          28.40944494637631,
          1.1962183861107896,
          571.1403033832186
        ],
        [
          1.1590192437965894,
          24.65228185749538,
          506.7914418254747
        ],
        [
          0.016656693525001466,
          -0.002977114811903807,
          1.0
        ]
      ]
    },
    {
      "tag_id": 8,
      "tag_family": "tag36h11",
      "hamming": 0,
      "decision_margin": 83.35694122314453,
      "center": [
        647.8802589083278,
        477.32389656948965
      ],
      "corners": [
        [
          633.9357910156251,
          508.566162109375
        ],
        [
          665.8595581054688,
          495.0801086425782
        ],
        [
          661.5624389648438,
          446.6692810058594
        ],
        [
          628.8242797851561,
          458.50436401367176
        ]
      ],
      "homography": [
        [
          28.650029269843117,
          8.686964867979672,
          647.8802589083278
        ],
        [
          2.867560616821091,
          29.28149090362831,
          477.32389656948965
        ],
        [
          0.019282877215684942,
          0.009788861268867572,
          1.0
        ]
      ]
    },
    {
      "tag_id": 16,
      "tag_family": "tag36h11",
      "hamming": 0,
      "decision_margin": 80.86056518554688,
      "center": [
        1041.4048989353134,
        393.3236594535849
      ],
      "corners": [
        [
          1028.799072265625,
          405.4868469238282
        ],
        [
          1053.6253662109375,
          407.9678344726562
        ],
        [
          1054.0960693359375,
          381.07812499999994
        ],
        [
          1029.26123046875,
          378.7715148925782
        ]
      ],
      "homography": [
        [
          9.01715287450088,
          -0.11784478864387782,
          1041.4048989353134
        ],
        [
          -0.08647858726050282,
          13.444687867427035,
          393.3236594535849
        ],
        [
          -0.0032628978717357845,
          0.00011077255634917059,
          1.0
        ]
      ]
    }
  ]
}
