{
  "image_file": "42f915e6e3d5_WPI_2025_District_Event_Qual_Match_37_POV_frame_004760.png",
  "image_sha256": "42f915e6e3d5134a2d02d10ac220b52e7be2e15e1696e3f61e1579862d183ca4",
  "image_width": 1920,
  "image_height": 1080,
  "detector_config": {
    "library": "pupil-apriltags",
    "library_version": "1.0.4.post11",
    "family": "tag36h11",
    "nthreads": 4,
    "quad_decimate": 1.0,
    "quad_sigma": 0.0,
    "refine_edges": true,
    "decode_sharpening": 0.25
  },
  "detected_at": "2026-04-01T15:00:43.714929+00:00",
  "num_detections": 2,
  "detections": [
    {
      "tag_id": 15,
      "tag_family": "tag36h11",
      "hamming": 0,
      "decision_margin": 30.109155654907227,
      "center": [
        1078.7039350850669,
        530.3141444598115
      ],
      "corners": [
        [
          1070.9857177734377,
          536.9158325195312
        ],
        [
          1085.3260498046873,
          536.6146850585938
        ],
        [
          1086.3232421874998,
          523.7970581054689
        ],
        [
          1072.0407714843752,
          523.9745483398439
        ]
      ],
      "homography": [
        [
          12.300228952093448,
          -2.3246715067873525,
          1078.7039350850669
        ],
        [
          2.4097019606975882,
          5.548871827677431,
          530.3141444598115
        ],
        [
          0.004769352623074833,
          -0.0016795505066610331,
          1.0
        ]
      ]
    },
    {
      "tag_id": 16,
      "tag_family": "tag36h11",
      "hamming": 0,
      "decision_margin": 39.254268646240234,
      "center": [
        1349.6715140313272,
        577.726284473975
      ],
      "corners": [
        [
          1344.2598876953127,
          587.1810913085936
        ],
        [
          1354.7568359375,
          587.0451660156252
        ],
        [
          1354.919677734375,
          568.5570678710938
        ],
        [
          1344.8006591796877,
          568.8004150390622
        ]
      ],
      "homography": [
        [
          0.9637759471488638,
          -25.061414054657007,
          1349.6715140313272
        ],
        [
          -1.888697094223289,
          -1.4380232548919596,
          577.726284473975
        ],
        [
          -0.003103298905999054,
          -0.018437806655934644,
          1.0
        ]
      ]
    }
  ]
}
