{
  "image_file": "42fff8799a23_Apriltags_based_localisation_demo_frame_001200.png",
  "image_sha256": "42fff8799a23bd581ce719ede60ff319eab79e82bf015d849455d588337c31e0",
  "image_width": 1920,
  "image_height": 712,
  "detector_config": {
    "library": "pupil-apriltags",
    "library_version": "1.0.4.post11",
    "family": "tag36h11",
    "nthreads": 4,
    "quad_decimate": 1.0,
    "quad_sigma": 0.0,
    "refine_edges": true,
    "decode_sharpening": 0.25
  },
  "detected_at": "2026-04-11T20:34:47.824037+00:00",
  "num_detections": 4,
  "detections": [
    {
      "tag_id": 41,
      "tag_family": "tag36h11",
      "hamming": 0,
      "decision_margin": 35.55411911010742,
      "center": [
        1370.1303486035717,
        369.49107601472326
      ],
      "corners": [
        [
          1328.1301269531245,
          397.7598571777344
        ],
        [
          1407.2392578125,
          407.8456115722655
        ],
        [
          1414.4105224609375,
          339.68774414062494
        ],
        [
          1331.6425781249998,
          329.71139526367193
        ]
      ],
      "homography": [
        [
          34.84051758721603,
          27.93602302749537,
          1370.1303486035717
        ],
        [
          3.5069839624163084,
          42.28653595417228,
          369.49107601472326
        ],
        [
          -0.004092604637662802,
          0.02233231139917149,
          1.0
        ]
      ]
    },
    {
      "tag_id": 50,
      "tag_family": "tag36h11",
      "hamming": 0,
      "decision_margin": 73.4459457397461,
      "center": [
        1130.3779632688868,
        313.1251435342191
      ],
      "corners": [
        [
          1089.0592041015625,
          323.99969482421875
        ],
        [
          1146.6025390625,
          330.0205383300781
        ],
        [
          1168.234497070312,
          303.16180419921875
        ],
        [
          1114.8935546874998,
          297.0005187988282
        ]
      ],
      "homography": [
        [
          39.200899801857766,
          -49.74090261576679,
          1130.3779632688868
        ],
        [
          6.2426961299032655,
          2.9491917057721375,
          313.1251435342191
        ],
        [
          0.010193050248831909,
          -0.033535557958090816,
          1.0
        ]
      ]
    },
    {
      "tag_id": 57,
      "tag_family": "tag36h11",
      "hamming": 0,
      "decision_margin": 45.283912658691406,
      "center": [
        1573.4185727092874,
        148.36894291744818
      ],
      "corners": [
        [
          1550.9044189453123,
          164.39379882812497
        ],
        [
          1588.058349609375,
          169.20697021484375
        ],
        [
          1596.0726318359375,
          132.2445068359375
        ],
        [
          1557.9494628906248,
          126.35045623779295
        ]
      ],
      "homography": [
        [
          38.04615866669383,
          20.335822262774403,
          1573.4185727092874
        ],
        [
          4.482343588380329,
          21.01639772884431,
          148.36894291744818
        ],
        [
          0.012223513384045006,
          0.015320943052420415,
          1.0
        ]
      ]
    },
    {
      "tag_id": 58,
      "tag_family": "tag36h11",
      "hamming": 0,
      "decision_margin": 91.0625228881836,
      "center": [
        1588.8028523375617,
        365.085058122753
      ],
      "corners": [
        [
          1564.8177490234377,
          376.495849609375
        ],
        [
          1618.5992431640625,
          383.48382568359386
        ],
        [
          1611.196044921875,
          354.4316101074218
        ],
        [
          1560.8031005859377,
          347.79568481445307
        ]
      ],
      "homography": [
        [
          28.58879951409518,
          -49.10785392519779,
          1588.8028523375617
        ],
        [
          3.9950496056086986,
          2.482818132635487,
          365.085058122753
        ],
        [
          0.0016193404710725338,
          -0.03270513607495898,
          1.0
        ]
      ]
    }
  ],
  "ingest_metadata": {
    "original_name": "Apriltags based localisation demo_frame_001200.png",
    "source": "Apriltags based localisation demo.mp4",
    "dhash": "1753dcdada1a1e1e",
    "ingested_at": "2026-04-11T20:34:47.824067+00:00"
  }
}
