{
  "image_file": "437897dab2a8_dji_mimo_20260216_125718_20260216135719_1771268187552_video_.png",
  "image_sha256": "437897dab2a8c0a7b8b1257e6c21adfab5eb9717ee43821781704b594438d38f",
  "image_width": 640,
  "image_height": 360,
  "detector_config": {
    "library": "pupil-apriltags",
    "library_version": "1.0.4.post11",
    "family": "tag36h11",
    "nthreads": 4,
    "quad_decimate": 1.0,
    "quad_sigma": 0.0,
    "refine_edges": true,
    "decode_sharpening": 0.25
  },
  "detected_at": "2026-03-24T14:14:46.496378+00:00",
  "num_detections": 2,
  "detections": [
    {
      "tag_id": 19,
      "tag_family": "tag36h11",
      "hamming": 0,
      "decision_margin": 44.97393798828125,
      "center": [
        536.4439526863438,
        40.48513848700943
      ],
      "corners": [
        [
          528.8870239257811,
          51.85939407348633
        ],
        [
          551.5305786132811,
          46.91085433959962
        ],
        [
          543.6425170898438,
          29.650272369384762
        ],
        [
          521.61865234375,
          34.17072677612304
        ]
      ],
      "homography": [
        [
          15.33505177856216,
          -5.066873498250969,
          536.4439526863438
        ],
        [
          -2.049437737512698,
          8.065316847664782,
          40.48513848700943
        ],
        [
          0.007775171202684737,
          -0.016511672556320082,
          1.0
        ]
      ]
    },
    {
      "tag_id": 20,
      "tag_family": "tag36h11",
      "hamming": 0,
      "decision_margin": 41.87144470214844,
      "center": [
        583.0285066413362,
        31.444407570998127
      ],
      "corners": [
        [
          576.5836181640624,
          41.76685333251952
        ],
        [
          597.9869995117188,
          37.81829071044922
        ],
        [
          589.1023559570312,
          21.716236114501957
        ],
        [
          568.4383544921873,
          25.227476119995107
        ]
      ],
      "homography": [
        [
          15.519161629088218,
          -8.014917931314583,
          583.0285066413362
        ],
        [
          -1.5910369002400353,
          7.493493466089966,
          31.444407570998127
        ],
        [
          0.008586566597016366,
          -0.021052137217607875,
          1.0
        ]
      ]
    }
  ]
}
