{
  "image_file": "4471079a4b1c_Half_Hollow_Hills_Invitational_Playoff_Match_6_2025_frame_00.png",
  "image_sha256": "4471079a4b1c34a755e1d2222e3aba160ab03e0abd8d2675b7eb6c7a232c3b84",
  "image_width": 1920,
  "image_height": 1080,
  "detector_config": {
    "library": "pupil-apriltags",
    "library_version": "1.0.4.post11",
    "family": "tag36h11",
    "nthreads": 4,
    "quad_decimate": 1.0,
    "quad_sigma": 0.0,
    "refine_edges": true,
    "decode_sharpening": 0.25
  },
  "detected_at": "2026-04-01T16:06:33.985184+00:00",
  "num_detections": 2,
  "detections": [
    {
      "tag_id": 10,
      "tag_family": "tag36h11",
      "hamming": 0,
      "decision_margin": 46.20853805541992,
      "center": [
        895.0115043800578,
        617.8824741113687
      ],
      "corners": [
        [
          886.8947143554688,
          626.5621948242188
        ],
        [
          903.9103393554688,
          625.931396484375
        ],
        [
          903.3270874023436,
          608.9901733398436
        ],
        [
          886.1407470703124,
          609.8589477539062
        ]
      ],
      "homography": [
        [
          2.4290116237191337,
          5.041558037956406,
          895.0115043800578
        ],
        [
          -4.599878247681547,
          11.659768784837752,
          617.8824741113687
        ],
        [
          -0.006838870066201637,
          0.005258773842549786,
          1.0
        ]
      ]
    },
    {
      "tag_id": 14,
      "tag_family": "tag36h11",
      "hamming": 0,
      "decision_margin": 59.72150802612305,
      "center": [
        504.1168428712119,
        484.9367259193635
      ],
      "corners": [
        [
          494.03738403320307,
          498.39947509765625
        ],
        [
          521.5791625976562,
          496.916259765625
        ],
        [
          514.4822998046876,
          471.09197998046875
        ],
        [
          486.6077575683593,
          472.92510986328125
        ]
      ],
      "homography": [
        [
          10.66415660636761,
          7.495645825186728,
          504.1168428712119
        ],
        [
          -3.8953406220888405,
          16.53937666078508,
          484.9367259193635
        ],
        [
          -0.006325731461143667,
          0.007662983320739029,
          1.0
        ]
      ]
    }
  ]
}
