{
  "image_file": "450889546ce4_gdrive_1OFEerTz_puEJG8C3M6D15g2TPNTZb00F_frame_002006.png",
  "image_sha256": "450889546ce447adac49d66f322b13a0bd56c98d751ba578182ff04ee9c3bf78",
  "image_width": 1920,
  "image_height": 1080,
  "detector_config": {
    "library": "pupil-apriltags",
    "library_version": "1.0.4.post11",
    "family": "tag36h11",
    "nthreads": 4,
    "quad_decimate": 1.0,
    "quad_sigma": 0.0,
    "refine_edges": true,
    "decode_sharpening": 0.25
  },
  "detected_at": "2026-03-31T23:43:05.289124+00:00",
  "num_detections": 6,
  "detections": [
    {
      "tag_id": 17,
      "tag_family": "tag36h11",
      "hamming": 0,
      "decision_margin": 69.23553466796875,
      "center": [
        751.8279221803022,
        501.2631634986958
      ],
      "corners": [
        [
          734.594055175781,
          524.3463745117186
        ],
        [
          771.8004760742188,
          520.4437866210938
        ],
        [
          769.3662719726564,
          477.7721252441406
        ],
        [
          732.4810791015625,
          482.6834411621094
        ]
      ],
      "homography": [
        [
          9.245936327682216,
          -1.5554605483966941,
          751.8279221803022
        ],
        [
          -8.388064121974596,
          19.286583981015667,
          501.2631634986958
        ],
        [
          -0.012335018389060854,
          -0.003578522085938807,
          1.0
        ]
      ]
    },
    {
      "tag_id": 18,
      "tag_family": "tag36h11",
      "hamming": 0,
      "decision_margin": 40.74372100830078,
      "center": [
        1625.5037705674004,
        336.6372424733195
      ],
      "corners": [
        [
          1611.6369628906245,
          371.06597900390625
        ],
        [
          1654.6207275390625,
          352.532470703125
        ],
        [
          1640.2299804687505,
          300.0747680664062
        ],
        [
          1599.1549072265627,
          322.2531433105468
        ]
      ],
      "homography": [
        [
          -44.01608920339868,
          -9.442945156642969,
          1625.5037705674004
        ],
        [
          -23.63999660525366,
          21.941635101524238,
          336.6372424733195
        ],
        [
          -0.03998133126533138,
          -0.009924964453881623,
          1.0
        ]
      ]
    },
    {
      "tag_id": 27,
      "tag_family": "tag36h11",
      "hamming": 0,
      "decision_margin": 41.33786392211914,
      "center": [
        1548.0680341210602,
        375.2298138946331
      ],
      "corners": [
        [
          1537.8525390625,
          404.2201843261718
        ],
        [
          1569.510986328125,
          390.17492675781256
        ],
        [
          1558.7667236328127,
          344.86819458007824
        ],
        [
          1528.200805664063,
          361.38293457031256
        ]
      ],
      "homography": [
        [
          -31.869286151532606,
          -6.554741097634409,
          1548.0680341210602
        ],
        [
          -19.13347455762221,
          19.19586628790017,
          375.2298138946331
        ],
        [
          -0.030623693232067095,
          -0.007520021579570258,
          1.0
        ]
      ]
    },
    {
      "tag_id": 29,
      "tag_family": "tag36h11",
      "hamming": 0,
      "decision_margin": 64.34432983398438,
      "center": [
        1003.7499612043869,
        593.2182096307059
      ],
      "corners": [
        [
          997.171142578125,
          601.2132568359375
        ],
        [
          1011.2291259765624,
          600.2710571289062
        ],
        [
          1010.2822875976565,
          585.2796630859375
        ],
        [
          996.2681884765626,
          586.1629028320312
        ]
      ],
      "homography": [
        [
          8.885117971315367,
          -1.229678101995545,
          1003.7499612043869
        ],
        [
          0.6471727596790507,
          6.510312585859879,
          593.2182096307059
        ],
        [
          0.0018601631309752714,
          -0.001685845468819301,
          1.0
        ]
      ]
    },
    {
      "tag_id": 30,
      "tag_family": "tag36h11",
      "hamming": 0,
      "decision_margin": 63.87055587768555,
      "center": [
        1041.3364331454588,
        591.1080629657262
      ],
      "corners": [
        [
          1034.4459228515627,
          599.0672607421875
        ],
        [
          1049.239501953125,
          598.3020019531251
        ],
        [
          1048.3010253906245,
          583.0632934570314
        ],
        [
          1033.25634765625,
          583.7529907226562
        ]
      ],
      "homography": [
        [
          10.441516576892353,
          9.08209291564481,
          1041.3364331454588
        ],
        [
          1.3289501215444928,
          12.491305109756922,
          591.1080629657262
        ],
        [
          0.0028641478625337333,
          0.008211055332961521,
          1.0
        ]
      ]
    },
    {
      "tag_id": 31,
      "tag_family": "tag36h11",
      "hamming": 0,
      "decision_margin": 67.68017578125,
      "center": [
        1316.3261851728455,
        572.4244691657323
      ],
      "corners": [
        [
          1307.7343749999998,
          581.3040771484376
        ],
        [
          1326.6658935546875,
          580.0825805664062
        ],
        [
          1325.0882568359377,
          563.368896484375
        ],
        [
          1305.9974365234375,
          564.7744750976562
        ]
      ],
      "homography": [
        [
          2.698830630874453,
          6.937394989737868,
          1316.3261851728455
        ],
        [
          -3.6161766100775607,
          10.96669127708958,
          572.4244691657323
        ],
        [
          -0.005170705479055207,
          0.004640441782183665,
          1.0
        ]
      ]
    }
  ]
}
