{
  "image_file": "451fe021d5ae_PC000005_MOV-0003_jpg_rf_893a1fabc61f7fa6a528255ae2c00039.png",
  "image_sha256": "451fe021d5ae0451e54b961635bcf9834986bd47fdcb0f58ffc816e613573cad",
  "image_width": 640,
  "image_height": 360,
  "detector_config": {
    "library": "pupil-apriltags",
    "library_version": "1.0.4.post11",
    "family": "tag36h11",
    "nthreads": 4,
    "quad_decimate": 1.0,
    "quad_sigma": 0.0,
    "refine_edges": true,
    "decode_sharpening": 0.25
  },
  "detected_at": "2026-03-24T14:13:33.661060+00:00",
  "num_detections": 2,
  "detections": [
    {
      "tag_id": 15,
      "tag_family": "tag36h11",
      "hamming": 0,
      "decision_margin": 95.4105453491211,
      "center": [
        109.17457928906666,
        124.05002319770499
      ],
      "corners": [
        [
          71.72003936767581,
          164.05131530761716
        ],
        [
          150.21693420410156,
          167.20748901367188
        ],
        [
          147.92094421386716,
          82.66906738281251
        ],
        [
          68.18753814697264,
          80.95072174072266
        ]
      ],
      "homography": [
        [
          38.58986983344464,
          2.35119132849889,
          109.17457928906666
        ],
        [
          0.13114011633396147,
          42.913574935566814,
          124.05002319770499
        ],
        [
          -0.0088135995985347,
          0.008139283126639788,
          1.0
        ]
      ]
    },
    {
      "tag_id": 16,
      "tag_family": "tag36h11",
      "hamming": 0,
      "decision_margin": 94.99678039550781,
      "center": [
        326.76968315986846,
        132.35220209268167
      ],
      "corners": [
        [
          283.7367248535156,
          173.2827606201172
        ],
        [
          367.97137451171875,
          176.71037292480466
        ],
        [
          371.7299194335937,
          89.58852386474608
        ],
        [
          285.12524414062494,
          87.51736450195312
        ]
      ],
      "homography": [
        [
          39.99330106690013,
          3.1749090227931496,
          326.76968315986846
        ],
        [
          0.28832566146825817,
          45.01422368376319,
          132.35220209268167
        ],
        [
          -0.00827918159357482,
          0.01362339822035037,
          1.0
        ]
      ]
    }
  ]
}
