{
  "image_file": "46c340cd2a2a_PC000002_MOV-0418_jpg_rf_6cd27b8f2fe810c868c70d57eef21b6c.png",
  "image_sha256": "46c340cd2a2a208050667d2840c0345237d211a4cb81a5a3077eff7237987dbe",
  "image_width": 640,
  "image_height": 360,
  "detector_config": {
    "library": "pupil-apriltags",
    "library_version": "1.0.4.post11",
    "family": "tag36h11",
    "nthreads": 4,
    "quad_decimate": 1.0,
    "quad_sigma": 0.0,
    "refine_edges": true,
    "decode_sharpening": 0.25
  },
  "detected_at": "2026-03-24T14:13:17.814130+00:00",
  "num_detections": 3,
  "detections": [
    {
      "tag_id": 27,
      "tag_family": "tag36h11",
      "hamming": 0,
      "decision_margin": 73.30933380126953,
      "center": [
        547.6195723295136,
        251.64940737521366
      ],
      "corners": [
        [
          533.1939697265626,
          269.02160644531256
        ],
        [
          558.55078125,
          269.8013305664062
        ],
        [
          562.7434692382811,
          233.43627929687497
        ],
        [
          537.5415649414064,
          234.91427612304688
        ]
      ],
      "homography": [
        [
          -4.9632415805144765,
          -6.788755548863834,
          547.6195723295136
        ],
        [
          -8.267235459797861,
          15.462304987534138,
          251.64940737521366
        ],
        [
          -0.032121081336153226,
          -0.008489740117003004,
          1.0
        ]
      ]
    },
    {
      "tag_id": 29,
      "tag_family": "tag36h11",
      "hamming": 0,
      "decision_margin": 56.72774887084961,
      "center": [
        31.74714080864341,
        277.5400519067154
      ],
      "corners": [
        [
          20.64564132690429,
          284.4101867675781
        ],
        [
          37.27063751220704,
          286.8874816894532
        ],
        [
          43.30887603759766,
          270.38510131835943
        ],
        [
          26.43519401550293,
          268.5506286621094
        ]
      ],
      "homography": [
        [
          7.7390327041808895,
          -2.943203495678172,
          31.74714080864341
        ],
        [
          -4.449774241921319,
          8.196046944989519,
          277.5400519067154
        ],
        [
          -0.019915737060936547,
          0.0003918559676073388,
          1.0
        ]
      ]
    },
    {
      "tag_id": 30,
      "tag_family": "tag36h11",
      "hamming": 0,
      "decision_margin": 43.86240768432617,
      "center": [
        74.97243526806058,
        282.99824659363014
      ],
      "corners": [
        [
          64.15558624267578,
          290.05511474609375
        ],
        [
          80.17420196533203,
          291.9551696777343
        ],
        [
          85.51320648193361,
          276.12149047851557
        ],
        [
          69.59981536865234,
          273.74713134765625
        ]
      ],
      "homography": [
        [
          9.071657300431426,
          -2.5744945053060477,
          74.97243526806058
        ],
        [
          5.183315242835987,
          8.49080587103282,
          282.99824659363014
        ],
        [
          0.014541849854913634,
          0.0016154185194452123,
          1.0
        ]
      ]
    }
  ]
}
