{
  "image_file": "46ddd7520be2_PC000002_MOV-0270_jpg_rf_23e45ec45c2c559ff6164b0d2c6e665b.png",
  "image_sha256": "46ddd7520be21468730476bc4e0f6783a0004f35d82e222811d882bf74fc0de9",
  "image_width": 640,
  "image_height": 360,
  "detector_config": {
    "library": "pupil-apriltags",
    "library_version": "1.0.4.post11",
    "family": "tag36h11",
    "nthreads": 4,
    "quad_decimate": 1.0,
    "quad_sigma": 0.0,
    "refine_edges": true,
    "decode_sharpening": 0.25
  },
  "detected_at": "2026-03-24T14:13:07.983823+00:00",
  "num_detections": 2,
  "detections": [
    {
      "tag_id": 2,
      "tag_family": "tag36h11",
      "hamming": 0,
      "decision_margin": 85.80123901367188,
      "center": [
        290.11734363293306,
        293.69917129100196
      ],
      "corners": [
        [
          274.48141479492193,
          311.2040710449219
        ],
        [
          306.16339111328125,
          310.65499877929693
        ],
        [
          305.8605346679687,
          276.0741882324219
        ],
        [
          274.8153381347657,
          277.5295715332031
        ]
      ],
      "homography": [
        [
          11.738488593564853,
          -2.9591895952113405,
          290.11734363293306
        ],
        [
          -4.493103476322746,
          14.07557475571599,
          293.69917129100196
        ],
        [
          -0.013576568612747992,
          -0.010158302024695288,
          1.0
        ]
      ]
    },
    {
      "tag_id": 11,
      "tag_family": "tag36h11",
      "hamming": 0,
      "decision_margin": 89.42250061035156,
      "center": [
        222.65478806306308,
        296.8700777846623
      ],
      "corners": [
        [
          206.7429962158203,
          314.31896972656256
        ],
        [
          236.936279296875,
          312.9931030273437
        ],
        [
          238.4047088623047,
          279.5986938476562
        ],
        [
          208.7168884277344,
          281.1349487304688
        ]
      ],
      "homography": [
        [
          14.182694371472309,
          -2.7860745836739778,
          222.65478806306308
        ],
        [
          -1.7649120754215932,
          14.077018752139452,
          296.8700777846623
        ],
        [
          -0.003531604924265352,
          -0.008644122045764965,
          1.0
        ]
      ]
    }
  ]
}
