{
  "image_file": "473bfccaf97d_Hamosad_1657_Robot_Reveal_2024____Agent_Francois_frame_00321.png",
  "image_sha256": "473bfccaf97df8edb7e82fc3be4cc36747d5d2b42bf6ff8af5c4182c9ba6bc12",
  "image_width": 1920,
  "image_height": 1080,
  "detector_config": {
    "library": "pupil-apriltags",
    "library_version": "1.0.4.post11",
    "family": "tag36h11",
    "nthreads": 4,
    "quad_decimate": 1.0,
    "quad_sigma": 0.0,
    "refine_edges": true,
    "decode_sharpening": 0.25
  },
  "detected_at": "2026-04-01T00:30:15.848989+00:00",
  "num_detections": 2,
  "detections": [
    {
      "tag_id": 8,
      "tag_family": "tag36h11",
      "hamming": 0,
      "decision_margin": 91.5859603881836,
      "center": [
        338.0827217130653,
        468.6257621137936
      ],
      "corners": [
        [
          321.2701416015625,
          485.7958679199219
        ],
        [
          354.9045715332031,
          486.3238525390625
        ],
        [
          353.8852844238282,
          452.4871520996094
        ],
        [
          321.18078613281244,
          450.8434143066406
        ]
      ],
      "homography": [
        [
          22.213126623618848,
          -4.548465059719658,
          338.0827217130653
        ],
        [
          8.363443632703705,
          10.489547256147548,
          468.6257621137936
        ],
        [
          0.016671250088030526,
          -0.014296494135689938,
          1.0
        ]
      ]
    },
    {
      "tag_id": 14,
      "tag_family": "tag36h11",
      "hamming": 0,
      "decision_margin": 107.16920471191406,
      "center": [
        967.2078899098059,
        320.59921960676974
      ],
      "corners": [
        [
          941.5082397460938,
          353.1571960449219
        ],
        [
          995.1313476562501,
          358.8453063964844
        ],
        [
          993.1134643554688,
          287.78036499023443
        ],
        [
          937.4993896484375,
          279.90820312500006
        ]
      ],
      "homography": [
        [
          40.344237363128855,
          18.401559670478267,
          967.2078899098059
        ],
        [
          7.696722434464613,
          41.66392909226505,
          320.59921960676974
        ],
        [
          0.013491380048994757,
          0.017481756672862434,
          1.0
        ]
      ]
    }
  ]
}
