{
  "image_file": "47643fc96f58_FRC_4065_Nerds_of_Prey_-_2026_Robot_Reveal_-__KESTREL__frame.png",
  "image_sha256": "47643fc96f5832edd5ad10813fccc515c0655fe8df910c5e2c229145f1b9e716",
  "image_width": 1920,
  "image_height": 1080,
  "detector_config": {
    "library": "pupil-apriltags",
    "library_version": "1.0.4.post11",
    "family": "tag36h11",
    "nthreads": 4,
    "quad_decimate": 1.0,
    "quad_sigma": 0.0,
    "refine_edges": true,
    "decode_sharpening": 0.25
  },
  "detected_at": "2026-04-01T03:45:22.029391+00:00",
  "num_detections": 3,
  "detections": [
    {
      "tag_id": 25,
      "tag_family": "tag36h11",
      "hamming": 0,
      "decision_margin": 78.87438201904297,
      "center": [
        572.1987888902428,
        294.47898862482987
      ],
      "corners": [
        [
          547.0339355468749,
          323.2536010742188
        ],
        [
          604.7297363281251,
          321.19281005859375
        ],
        [
          597.3533935546875,
          265.7160949707031
        ],
        [
          538.6251220703124,
          266.9089050292969
        ]
      ],
      "homography": [
        [
          33.673043935865735,
          8.396774941625385,
          572.1987888902428
        ],
        [
          1.5357351212376746,
          30.244509771506216,
          294.47898862482987
        ],
        [
          0.00798872417342096,
          0.007785051889797273,
          1.0
        ]
      ]
    },
    {
      "tag_id": 26,
      "tag_family": "tag36h11",
      "hamming": 0,
      "decision_margin": 84.38219451904297,
      "center": [
        697.410157569376,
        293.6505644850259
      ],
      "corners": [
        [
          673.03564453125,
          320.9346923828125
        ],
        [
          726.4132690429686,
          319.6084289550781
        ],
        [
          721.85791015625,
          266.2844543457031
        ],
        [
          667.5552368164064,
          266.9303283691407
        ]
      ],
      "homography": [
        [
          31.440417273336607,
          8.07554248664724,
          697.410157569376
        ],
        [
          1.4088766428274617,
          29.174447008447146,
          293.6505644850259
        ],
        [
          0.0064860715488009035,
          0.007986197522277012,
          1.0
        ]
      ]
    },
    {
      "tag_id": 28,
      "tag_family": "tag36h11",
      "hamming": 0,
      "decision_margin": 96.69371032714844,
      "center": [
        1426.7979133674535,
        337.9634828718384
      ],
      "corners": [
        [
          1412.3037109375002,
          355.30908203125006
        ],
        [
          1438.1311035156252,
          354.1194763183594
        ],
        [
          1441.5058593749995,
          320.36209106445307
        ],
        [
          1415.166625976562,
          321.3825378417969
        ]
      ],
      "homography": [
        [
          17.079099845986775,
          12.922179567362493,
          1426.7979133674535
        ],
        [
          0.40324083164267427,
          20.34950598339151,
          337.9634828718384
        ],
        [
          0.002830675472834912,
          0.010150122466617194,
          1.0
        ]
      ]
    }
  ]
}
