{
  "image_file": "47c250415024_Robowranglers_2024__Outlaw_frame_002448.png",
  "image_sha256": "47c2504150244be139cc9a55d7e0b9d613e73711fbd70cfa2b1603ba4a7d4f84",
  "image_width": 1920,
  "image_height": 1080,
  "detector_config": {
    "library": "pupil-apriltags",
    "library_version": "1.0.4.post11",
    "family": "tag36h11",
    "nthreads": 4,
    "quad_decimate": 1.0,
    "quad_sigma": 0.0,
    "refine_edges": true,
    "decode_sharpening": 0.25
  },
  "detected_at": "2026-04-01T00:49:13.958654+00:00",
  "num_detections": 2,
  "detections": [
    {
      "tag_id": 7,
      "tag_family": "tag36h11",
      "hamming": 0,
      "decision_margin": 39.167808532714844,
      "center": [
        493.68103517084177,
        158.33859588227082
      ],
      "corners": [
        [
          476.6583557128907,
          175.4159393310547
        ],
        [
          511.2249450683594,
          175.92579650878906
        ],
        [
          510.87991333007807,
          141.08448791503906
        ],
        [
          476.19403076171875,
          140.80844116210938
        ]
      ],
      "homography": [
        [
          15.640967968017833,
          1.072489577500962,
          493.68103517084177
        ],
        [
          -0.3395491138468593,
          17.640969492555683,
          158.33859588227082
        ],
        [
          -0.0033865998137281375,
          0.001762163525925744,
          1.0
        ]
      ]
    },
    {
      "tag_id": 8,
      "tag_family": "tag36h11",
      "hamming": 0,
      "decision_margin": 35.27900314331055,
      "center": [
        374.33266083810844,
        157.2902593706535
      ],
      "corners": [
        [
          357.16018676757824,
          174.7753601074219
        ],
        [
          392.16311645507807,
          174.77050781250003
        ],
        [
          391.5574340820312,
          139.7519073486328
        ],
        [
          356.55297851562506,
          139.85978698730466
        ]
      ],
      "homography": [
        [
          16.95036830347931,
          0.32093717955160833,
          374.33266083810844
        ],
        [
          -0.259889215442572,
          17.490948101332748,
          157.2902593706535
        ],
        [
          -0.001473128289073239,
          4.73181848668512e-05,
          1.0
        ]
      ]
    }
  ]
}
