{
  "image_file": "47d251166f98_Q44_-_Galileo_-_190_POV_frame_001080.png",
  "image_sha256": "47d251166f981660c7ca54c7fe83a4a799c43673dcf09f13891685d106f7bb57",
  "image_width": 1920,
  "image_height": 1080,
  "detector_config": {
    "library": "pupil-apriltags",
    "library_version": "1.0.4.post11",
    "family": "tag36h11",
    "nthreads": 4,
    "quad_decimate": 1.0,
    "quad_sigma": 0.0,
    "refine_edges": true,
    "decode_sharpening": 0.25
  },
  "detected_at": "2026-04-01T14:45:02.899776+00:00",
  "num_detections": 2,
  "detections": [
    {
      "tag_id": 20,
      "tag_family": "tag36h11",
      "hamming": 0,
      "decision_margin": 68.75812530517578,
      "center": [
        1082.242110618796,
        438.7614564076913
      ],
      "corners": [
        [
          1053.3708496093755,
          465.0936889648438
        ],
        [
          1104.281005859375,
          463.2322692871093
        ],
        [
          1112.3214111328125,
          411.32742309570307
        ],
        [
          1058.5339355468752,
          412.4371643066406
        ]
      ],
      "homography": [
        [
          34.80925627781198,
          27.52411025071797,
          1082.242110618796
        ],
        [
          2.755360184970693,
          38.61848668253606,
          438.7614564076913
        ],
        [
          0.007998455124700838,
          0.0284908723871792,
          1.0
        ]
      ]
    },
    {
      "tag_id": 21,
      "tag_family": "tag36h11",
      "hamming": 0,
      "decision_margin": 59.07505416870117,
      "center": [
        843.1131676444452,
        403.7898861113442
      ],
      "corners": [
        [
          836.2244262695314,
          419.67272949218744
        ],
        [
          856.9630737304688,
          434.0457458496094
        ],
        [
          850.7413330078123,
          386.2022094726562
        ],
        [
          830.5489501953126,
          376.3426818847656
        ]
      ],
      "homography": [
        [
          -31.783409169093943,
          3.921248426024586,
          843.1131676444452
        ],
        [
          -14.065017961882749,
          23.19401037907511,
          403.7898861113442
        ],
        [
          -0.049804827686417814,
          0.0011305404181053533,
          1.0
        ]
      ]
    }
  ]
}
