{
  "image_file": "483ced6cba81_669096445_1260143932974895_756556438724925585_n.png",
  "image_sha256": "483ced6cba81551c11b9606215958e1c5c29f0815786fe222e7261a254854402",
  "image_width": 720,
  "image_height": 1080,
  "detector_config": {
    "library": "pupil-apriltags",
    "library_version": "1.0.4.post11",
    "family": "tag36h11",
    "nthreads": 4,
    "quad_decimate": 1.0,
    "quad_sigma": 0.0,
    "refine_edges": true,
    "decode_sharpening": 0.25
  },
  "detected_at": "2026-04-09T01:40:11.517995+00:00",
  "num_detections": 3,
  "detections": [
    {
      "tag_id": 19,
      "tag_family": "tag36h11",
      "hamming": 0,
      "decision_margin": 84.87726593017578,
      "center": [
        183.70501651100395,
        606.282654473648
      ],
      "corners": [
        [
          161.43609619140622,
          630.740478515625
        ],
        [
          205.28782653808597,
          632.7256469726564
        ],
        [
          206.19483947753906,
          581.5822143554688
        ],
        [
          162.253921508789,
          580.001037597656
        ]
      ],
      "homography": [
        [
          21.21332372354459,
          -0.2588436413970188,
          183.70501651100395
        ],
        [
          -1.5321966443293635,
          26.03858882160762,
          606.282654473648
        ],
        [
          -0.0039980672394235705,
          0.0009373404757843416,
          1.0
        ]
      ]
    },
    {
      "tag_id": 21,
      "tag_family": "tag36h11",
      "hamming": 0,
      "decision_margin": 67.07046508789062,
      "center": [
        533.1705378802072,
        609.6843808531769
      ],
      "corners": [
        [
          522.1605834960936,
          636.1041870117188
        ],
        [
          542.9688110351561,
          634.093017578125
        ],
        [
          543.9112548828125,
          583.91064453125
        ],
        [
          523.27490234375,
          585.033203125
        ]
      ],
      "homography": [
        [
          14.978016081256442,
          -2.4954237616630035,
          533.1705378802072
        ],
        [
          4.49878347150536,
          23.04467058486034,
          609.6843808531769
        ],
        [
          0.008661064793971001,
          -0.0037172832910760158,
          1.0
        ]
      ]
    },
    {
      "tag_id": 24,
      "tag_family": "tag36h11",
      "hamming": 0,
      "decision_margin": 64.57123565673828,
      "center": [
        577.3055294209466,
        605.4774361534496
      ],
      "corners": [
        [
          567.1264648437501,
          630.67333984375
        ],
        [
          586.4573364257812,
          628.5971679687501
        ],
        [
          587.4979248046874,
          580.2485351562501
        ],
        [
          567.8092041015624,
          581.4873657226562
        ]
      ],
      "homography": [
        [
          14.897182263406648,
          5.089237537383953,
          577.3055294209466
        ],
        [
          4.5621284228079695,
          30.170736175660977,
          605.4774361534496
        ],
        [
          0.008910147794232487,
          0.009564534203930497,
          1.0
        ]
      ]
    }
  ],
  "ingest_metadata": {
    "original_name": "669096445_1260143932974895_756556438724925585_n.jpg",
    "source": "669096445_1260143932974895_756556438724925585_n.jpg",
    "dhash": "347674dcd8e26303",
    "ingested_at": "2026-04-09T01:40:11.518137+00:00"
  }
}
