{
  "image_file": "48535d528352_Team_971_Spartan_Robotics_-_2024_Robot_Reveal_frame_001475.png",
  "image_sha256": "48535d528352839a474c566fa5fc295d6e36505e781f54614bfed800a9692e0c",
  "image_width": 1920,
  "image_height": 1080,
  "detector_config": {
    "library": "pupil-apriltags",
    "library_version": "1.0.4.post11",
    "family": "tag36h11",
    "nthreads": 4,
    "quad_decimate": 1.0,
    "quad_sigma": 0.0,
    "refine_edges": true,
    "decode_sharpening": 0.25
  },
  "detected_at": "2026-04-01T00:48:20.635839+00:00",
  "num_detections": 4,
  "detections": [
    {
      "tag_id": 7,
      "tag_family": "tag36h11",
      "hamming": 0,
      "decision_margin": 71.6657485961914,
      "center": [
        512.3896290314955,
        284.5494883878128
      ],
      "corners": [
        [
          503.6852416992188,
          293.20730590820307
        ],
        [
          520.8242797851562,
          293.78656005859375
        ],
        [
          521.2138061523435,
          275.77252197265625
        ],
        [
          503.7729187011718,
          275.11303710937506
        ]
      ],
      "homography": [
        [
          9.628886549926392,
          4.366672064779778,
          512.3896290314955
        ],
        [
          0.8561396860218892,
          11.517728894406275,
          284.5494883878128
        ],
        [
          0.0019215763520179774,
          0.008755552339715303,
          1.0
        ]
      ]
    },
    {
      "tag_id": 7,
      "tag_family": "tag36h11",
      "hamming": 0,
      "decision_margin": 93.15238952636719,
      "center": [
        1182.5956860282101,
        308.04060403739504
      ],
      "corners": [
        [
          1169.1291503906245,
          324.20574951171875
        ],
        [
          1196.2000732421877,
          324.58544921874994
        ],
        [
          1195.7585449218757,
          292.239990234375
        ],
        [
          1168.658203125,
          291.0906677246095
        ]
      ],
      "homography": [
        [
          27.43524439011253,
          0.6361737902250331,
          1182.5956860282101
        ],
        [
          4.0012350042060785,
          16.469197418044075,
          308.04060403739504
        ],
        [
          0.01174898681647515,
          0.0003451697464387012,
          1.0
        ]
      ]
    },
    {
      "tag_id": 8,
      "tag_family": "tag36h11",
      "hamming": 0,
      "decision_margin": 85.99442291259766,
      "center": [
        1082.1519155954572,
        303.3636268495415
      ],
      "corners": [
        [
          1066.9852294921875,
          320.5955810546875
        ],
        [
          1098.15283203125,
          321.0123901367188
        ],
        [
          1096.9377441406252,
          286.5643920898437
        ],
        [
          1065.7305908203127,
          285.2511596679687
        ]
      ],
      "homography": [
        [
          29.487051674535223,
          0.7532446198274593,
          1082.1519155954572
        ],
        [
          4.327881662968876,
          17.483341738261174,
          303.3636268495415
        ],
        [
          0.012841021690156914,
          0.00012564327962821228,
          1.0
        ]
      ]
    },
    {
      "tag_id": 8,
      "tag_family": "tag36h11",
      "hamming": 0,
      "decision_margin": 58.964935302734375,
      "center": [
        451.8554837330714,
        281.61506150684573
      ],
      "corners": [
        [
          443.1715087890625,
          290.7499084472657
        ],
        [
          460.7082214355469,
          291.1138610839843
        ],
        [
          460.31060791015625,
          272.720947265625
        ],
        [
          443.39553833007807,
          272.53771972656256
        ]
      ],
      "homography": [
        [
          6.500789731396368,
          -8.100657242426905,
          451.8554837330714
        ],
        [
          -1.1793102579517272,
          4.073282483390869,
          281.61506150684573
        ],
        [
          -0.004667784359071954,
          -0.01802033954923626,
          1.0
        ]
      ]
    }
  ]
}
