{
  "image_file": "48ac7508d32a_Half_Hollow_Hills_Invitational_Qualification_Match_20_2025_f.png",
  "image_sha256": "48ac7508d32a360a3e53aabbcc106dc817935d612d5f8f44d70e7b7d8d1b3247",
  "image_width": 1920,
  "image_height": 1080,
  "detector_config": {
    "library": "pupil-apriltags",
    "library_version": "1.0.4.post11",
    "family": "tag36h11",
    "nthreads": 4,
    "quad_decimate": 1.0,
    "quad_sigma": 0.0,
    "refine_edges": true,
    "decode_sharpening": 0.25
  },
  "detected_at": "2026-04-01T16:04:18.382817+00:00",
  "num_detections": 3,
  "detections": [
    {
      "tag_id": 2,
      "tag_family": "tag36h11",
      "hamming": 0,
      "decision_margin": 70.68914794921875,
      "center": [
        1765.6814726467126,
        397.88294295728673
      ],
      "corners": [
        [
          1755.5251464843748,
          413.77835083007807
        ],
        [
          1779.0009765625,
          410.43383789062506
        ],
        [
          1776.0019531250002,
          381.73062133789057
        ],
        [
          1752.1845703125002,
          385.1648864746094
        ]
      ],
      "homography": [
        [
          10.585553307758344,
          14.502565562486327,
          1765.6814726467126
        ],
        [
          -1.97323339969603,
          17.23926894624981,
          397.88294295728673
        ],
        [
          -0.0007006515946450708,
          0.0073159458578316815,
          1.0
        ]
      ]
    },
    {
      "tag_id": 5,
      "tag_family": "tag36h11",
      "hamming": 0,
      "decision_margin": 56.35838317871094,
      "center": [
        233.65783778174955,
        410.325158493522
      ],
      "corners": [
        [
          220.10653686523438,
          421.66796875000006
        ],
        [
          244.49217224121097,
          422.3390502929688
        ],
        [
          246.85295104980463,
          399.2804870605468
        ],
        [
          222.3626708984375,
          397.8002624511719
        ]
      ],
      "homography": [
        [
          16.204115281080135,
          -0.278390889182331,
          233.65783778174955
        ],
        [
          7.540729037587651,
          13.268097867654435,
          410.325158493522
        ],
        [
          0.017070779338179246,
          0.0037535680663395247,
          1.0
        ]
      ]
    },
    {
      "tag_id": 6,
      "tag_family": "tag36h11",
      "hamming": 0,
      "decision_margin": 78.87853240966797,
      "center": [
        805.9390665616188,
        700.3530394613167
      ],
      "corners": [
        [
          785.5123291015624,
          722.9231567382811
        ],
        [
          828.5562744140625,
          723.5744018554689
        ],
        [
          826.3220214843753,
          677.831298828125
        ],
        [
          783.4268188476564,
          677.2394409179686
        ]
      ],
      "homography": [
        [
          20.979829551113653,
          -0.28964209389800744,
          805.9390665616188
        ],
        [
          -0.1280136827111873,
          21.66651798635337,
          700.3530394613167
        ],
        [
          -0.0006264551331653776,
          -0.0016993016738672058,
          1.0
        ]
      ]
    }
  ],
  "ingest_metadata": {
    "original_name": "Half_Hollow_Hills_Invitational_Qualification_Match_20_2025_f.png",
    "source": "unknown",
    "dhash": "4347e744c6cb99dc",
    "ingested_at": "2026-04-01T16:04:18.375297+00:00"
  }
}
