{
  "image_file": "48de0e1e4728_FRC_ROBOT_POV_-_Southern_Cross_2024_frame_002142.png",
  "image_sha256": "48de0e1e4728f9ac79b9f207addfdd03d06f0d4a76039c2afdba48c7bc51c7cc",
  "image_width": 1920,
  "image_height": 1080,
  "detector_config": {
    "library": "pupil-apriltags",
    "library_version": "1.0.4.post11",
    "family": "tag36h11",
    "nthreads": 4,
    "quad_decimate": 1.0,
    "quad_sigma": 0.0,
    "refine_edges": true,
    "decode_sharpening": 0.25
  },
  "detected_at": "2026-04-01T16:13:24.404996+00:00",
  "num_detections": 3,
  "detections": [
    {
      "tag_id": 3,
      "tag_family": "tag36h11",
      "hamming": 0,
      "decision_margin": 61.58146286010742,
      "center": [
        1051.1811279373837,
        485.89080048791845
      ],
      "corners": [
        [
          1030.5373535156252,
          510.89636230468756
        ],
        [
          1074.9396972656248,
          503.7791137695313
        ],
        [
          1072.1784667968745,
          460.4569702148437
        ],
        [
          1028.878173828125,
          469.09844970703114
        ]
      ],
      "homography": [
        [
          0.8412758420190598,
          -11.052459705969113,
          1051.1811279373837
        ],
        [
          -13.687670556225784,
          15.65578645219591,
          485.89080048791845
        ],
        [
          -0.020046148421726008,
          -0.011555394696089495,
          1.0
        ]
      ]
    },
    {
      "tag_id": 4,
      "tag_family": "tag36h11",
      "hamming": 0,
      "decision_margin": 45.559268951416016,
      "center": [
        914.7607780658338,
        510.91359390493005
      ],
      "corners": [
        [
          896.0199584960938,
          534.0366821289062
        ],
        [
          933.0760498046875,
          527.7510986328123
        ],
        [
          933.6144409179689,
          487.65127563476557
        ],
        [
          897.5828247070314,
          495.1216430664064
        ]
      ],
      "homography": [
        [
          2.2339068524438535,
          -13.817426742375346,
          914.7607780658338
        ],
        [
          -12.399702657336322,
          12.326345582273573,
          510.91359390493005
        ],
        [
          -0.01752242213413689,
          -0.01452083054075883,
          1.0
        ]
      ]
    },
    {
      "tag_id": 5,
      "tag_family": "tag36h11",
      "hamming": 0,
      "decision_margin": 55.807151794433594,
      "center": [
        85.3089071767148,
        522.7705621055427
      ],
      "corners": [
        [
          54.25012588500977,
          535.9527587890625
        ],
        [
          103.6615447998047,
          544.5657348632812
        ],
        [
          115.50381469726562,
          509.95501708984375
        ],
        [
          66.90912628173828,
          500.91940307617205
        ]
      ],
      "homography": [
        [
          25.154744639898638,
          -6.669137688864194,
          85.3089071767148
        ],
        [
          8.435080012018828,
          14.058621210891944,
          522.7705621055427
        ],
        [
          0.0076929689499680085,
          -0.006410243246802559,
          1.0
        ]
      ]
    }
  ],
  "ingest_metadata": {
    "original_name": "FRC_ROBOT_POV_-_Southern_Cross_2024_frame_002142.png",
    "source": "unknown",
    "dhash": "ee64a6cccca4a4cc",
    "ingested_at": "2026-04-01T16:13:24.395300+00:00"
  }
}
