{
  "image_file": "48f5965fa39c_PC000014_MOV-0032_jpg_rf_3c595371c4be0bba807ac4a1342db65d.png",
  "image_sha256": "48f5965fa39c3b61f3bfbaaaf68bb3af138f30a1f0672e28df4b7c664174efec",
  "image_width": 640,
  "image_height": 360,
  "detector_config": {
    "library": "pupil-apriltags",
    "library_version": "1.0.4.post11",
    "family": "tag36h11",
    "nthreads": 4,
    "quad_decimate": 1.0,
    "quad_sigma": 0.0,
    "refine_edges": true,
    "decode_sharpening": 0.25
  },
  "detected_at": "2026-03-24T14:14:12.131372+00:00",
  "num_detections": 2,
  "detections": [
    {
      "tag_id": 21,
      "tag_family": "tag36h11",
      "hamming": 0,
      "decision_margin": 96.39627075195312,
      "center": [
        342.1607108172356,
        201.82377486245844
      ],
      "corners": [
        [
          299.601318359375,
          251.05938720703122
        ],
        [
          382.04046630859375,
          244.7883758544922
        ],
        [
          381.7815856933593,
          155.98764038085943
        ],
        [
          300.10021972656244,
          156.5097503662109
        ]
      ],
      "homography": [
        [
          51.65975297785019,
          -1.612475664062452,
          342.1607108172356
        ],
        [
          4.6104220324485485,
          44.868910703649306,
          201.82377486245844
        ],
        [
          0.0311853513916538,
          -0.004571621383752625,
          1.0
        ]
      ]
    },
    {
      "tag_id": 24,
      "tag_family": "tag36h11",
      "hamming": 0,
      "decision_margin": 89.96151733398438,
      "center": [
        498.6518051185027,
        193.91332612462813
      ],
      "corners": [
        [
          466.9147644042969,
          237.5124053955078
        ],
        [
          531.4738159179688,
          232.2378387451172
        ],
        [
          527.8026123046876,
          153.86711120605472
        ],
        [
          464.8045654296875,
          154.39170837402347
        ]
      ],
      "homography": [
        [
          46.28217208614399,
          -5.2872433969305295,
          498.6518051185027
        ],
        [
          4.192587514737535,
          37.703240813333224,
          193.91332612462813
        ],
        [
          0.028926600875760725,
          -0.013548763539351244,
          1.0
        ]
      ]
    }
  ]
}
