{
  "image_file": "48fba72aaaa7_2026_FRC_Team_3045_Robot_Reveal_frame_001692.png",
  "image_sha256": "48fba72aaaa70f13141a423dc15615d00e6a92aa0af94257c2e412fe3b30700a",
  "image_width": 1920,
  "image_height": 1080,
  "detector_config": {
    "library": "pupil-apriltags",
    "library_version": "1.0.4.post11",
    "family": "tag36h11",
    "nthreads": 4,
    "quad_decimate": 1.0,
    "quad_sigma": 0.0,
    "refine_edges": true,
    "decode_sharpening": 0.25
  },
  "detected_at": "2026-04-01T04:08:25.536065+00:00",
  "num_detections": 5,
  "detections": [
    {
      "tag_id": 21,
      "tag_family": "tag36h11",
      "hamming": 0,
      "decision_margin": 53.7578125,
      "center": [
        343.59948993491713,
        737.1937672733932
      ],
      "corners": [
        [
          318.3637695312499,
          780.9373168945312
        ],
        [
          367.3374938964844,
          779.3434448242189
        ],
        [
          369.1324768066407,
          692.9349365234375
        ],
        [
          320.04351806640625,
          695.3673095703125
        ]
      ],
      "homography": [
        [
          22.84787145276755,
          -0.5237307094737361,
          343.59948993491713
        ],
        [
          -4.583077201828138,
          43.733101710566075,
          737.1937672733932
        ],
        [
          -0.004852128910630291,
          0.001003180078111047,
          1.0
        ]
      ]
    },
    {
      "tag_id": 24,
      "tag_family": "tag36h11",
      "hamming": 0,
      "decision_margin": 59.505882263183594,
      "center": [
        452.6986339660403,
        732.2176474592044
      ],
      "corners": [
        [
          425.90209960937494,
          777.3477783203125
        ],
        [
          477.7845764160156,
          775.6674194335938
        ],
        [
          479.7534484863281,
          686.6525268554688
        ],
        [
          428.03411865234375,
          689.4978027343751
        ]
      ],
      "homography": [
        [
          22.896275807083157,
          -1.857560153565484,
          452.6986339660403
        ],
        [
          -5.989594316502126,
          42.868827767819994,
          732.2176474592044
        ],
        [
          -0.006633494074561251,
          -0.0018373251946938618,
          1.0
        ]
      ]
    },
    {
      "tag_id": 25,
      "tag_family": "tag36h11",
      "hamming": 0,
      "decision_margin": 53.764610290527344,
      "center": [
        637.2449733703107,
        732.7598645700261
      ],
      "corners": [
        [
          602.1475830078126,
          776.331787109375
        ],
        [
          672.2844848632812,
          777.5040283203126
        ],
        [
          671.7879028320312,
          689.8762817382811
        ],
        [
          601.6217041015625,
          687.2702636718748
        ]
      ],
      "homography": [
        [
          40.24246493471219,
          0.350908030211945,
          637.2449733703107
        ],
        [
          6.888161426142114,
          44.27910112294387,
          732.7598645700261
        ],
        [
          0.0081114787245179,
          0.0001496987933346029,
          1.0
        ]
      ]
    },
    {
      "tag_id": 26,
      "tag_family": "tag36h11",
      "hamming": 0,
      "decision_margin": 58.03007125854492,
      "center": [
        783.894675115762,
        734.7032727550572
      ],
      "corners": [
        [
          751.0017700195312,
          777.0550537109375
        ],
        [
          817.27392578125,
          778.3060302734376
        ],
        [
          816.1721801757812,
          693.1438598632814
        ],
        [
          750.2015380859375,
          690.6904907226562
        ]
      ],
      "homography": [
        [
          38.59425422252343,
          -1.390312800597594,
          783.894675115762
        ],
        [
          6.11549310248949,
          41.129592631392256,
          734.7032727550572
        ],
        [
          0.007061375671659204,
          -0.002381560696794172,
          1.0
        ]
      ]
    },
    {
      "tag_id": 28,
      "tag_family": "tag36h11",
      "hamming": 0,
      "decision_margin": 67.72664642333984,
      "center": [
        1690.6107863573327,
        871.4271115565776
      ],
      "corners": [
        [
          1669.4458007812498,
          904.2150268554686
        ],
        [
          1712.6466064453125,
          904.5342407226562
        ],
        [
          1711.6180419921873,
          838.883544921875
        ],
        [
          1668.1412353515625,
          837.6683349609375
        ]
      ],
      "homography": [
        [
          33.067752795229126,
          5.658811942415473,
          1690.6107863573327
        ],
        [
          6.258158853440132,
          35.66418647104706,
          871.4271115565776
        ],
        [
          0.006742861239505268,
          0.003002724678133259,
          1.0
        ]
      ]
    }
  ],
  "ingest_metadata": {
    "original_name": "2026_FRC_Team_3045_Robot_Reveal_frame_001692.png",
    "source": "unknown",
    "dhash": "494b47c5e6ca5a4b",
    "ingested_at": "2026-04-01T04:08:25.525300+00:00"
  }
}
