{
  "image_file": "490037392fcd_38_Robot_Reveals____FRC_Premiere_Night___REEFSCAPE_25___Bonu.png",
  "image_sha256": "490037392fcd227be53b51683a0290ac99adfa9f2295adecb13b8cf078d91746",
  "image_width": 1920,
  "image_height": 1080,
  "detector_config": {
    "library": "pupil-apriltags",
    "library_version": "1.0.4.post11",
    "family": "tag36h11",
    "nthreads": 4,
    "quad_decimate": 1.0,
    "quad_sigma": 0.0,
    "refine_edges": true,
    "decode_sharpening": 0.25
  },
  "detected_at": "2026-04-01T01:01:46.973491+00:00",
  "num_detections": 4,
  "detections": [
    {
      "tag_id": 2,
      "tag_family": "tag36h11",
      "hamming": 0,
      "decision_margin": 66.64141082763672,
      "center": [
        1591.9424597021398,
        178.87860300978065
      ],
      "corners": [
        [
          1569.5180664062502,
          195.91166687011716
        ],
        [
          1607.4227294921875,
          200.71145629882815
        ],
        [
          1614.6820068359373,
          161.60615539550784
        ],
        [
          1576.8084716796875,
          157.5341339111328
        ]
      ],
      "homography": [
        [
          4.3854038477372805,
          -7.086897190753915,
          1591.9424597021398
        ],
        [
          0.5812227915332903,
          18.981357662893686,
          178.87860300978065
        ],
        [
          -0.009144562122311208,
          -0.0021665651869363233,
          1.0
        ]
      ]
    },
    {
      "tag_id": 3,
      "tag_family": "tag36h11",
      "hamming": 0,
      "decision_margin": 64.59815216064453,
      "center": [
        400.55858168813774,
        95.30305713538141
      ],
      "corners": [
        [
          380.86193847656256,
          112.66439819335938
        ],
        [
          418.7156066894531,
          116.79851531982423
        ],
        [
          420.39727783203125,
          77.81650543212889
        ],
        [
          382.3687438964844,
          73.76875305175778
        ]
      ],
      "homography": [
        [
          18.431605352675604,
          0.10342276521652365,
          400.55858168813774
        ],
        [
          1.9173744597702271,
          19.683525705093388,
          95.30305713538141
        ],
        [
          -0.001345147007768497,
          0.002247915164812801,
          1.0
        ]
      ]
    },
    {
      "tag_id": 6,
      "tag_family": "tag36h11",
      "hamming": 0,
      "decision_margin": 64.69227600097656,
      "center": [
        564.81943473155,
        776.5016940579808
      ],
      "corners": [
        [
          516.147705078125,
          824.1905517578125
        ],
        [
          606.3925781250001,
          814.9310302734375
        ],
        [
          613.0808715820314,
          729.21484375
        ],
        [
          521.6928100585939,
          736.6363525390626
        ]
      ],
      "homography": [
        [
          51.7757290873958,
          0.919280866658375,
          564.81943473155
        ],
        [
          4.587869684453829,
          48.78814381854795,
          776.5016940579808
        ],
        [
          0.011286886270959591,
          0.007054147181319161,
          1.0
        ]
      ]
    },
    {
      "tag_id": 11,
      "tag_family": "tag36h11",
      "hamming": 0,
      "decision_margin": 57.789920806884766,
      "center": [
        79.91964897017736,
        722.6012169698698
      ],
      "corners": [
        [
          54.82840347290039,
          750.4786987304689
        ],
        [
          108.04779815673828,
          777.0734863281249
        ],
        [
          106.24680328369142,
          693.3505859374999
        ],
        [
          51.665977478027344,
          667.8858642578125
        ]
      ],
      "homography": [
        [
          26.07103386137544,
          2.2976610999617892,
          79.91964897017736
        ],
        [
          5.143018495158111,
          51.05924209860336,
          722.6012169698698
        ],
        [
          -0.010905011931118558,
          0.013131302321852435,
          1.0
        ]
      ]
    }
  ]
}
