{
  "image_file": "49346d8e9d04_FRC_3940_CyberTooth_2026_Robot_Reveal__Whiplash_frame_003120.png",
  "image_sha256": "49346d8e9d04f526522cabef4a40379114d13330b8206ee6af32225c2f8a8220",
  "image_width": 1920,
  "image_height": 1080,
  "detector_config": {
    "library": "pupil-apriltags",
    "library_version": "1.0.4.post11",
    "family": "tag36h11",
    "nthreads": 4,
    "quad_decimate": 1.0,
    "quad_sigma": 0.0,
    "refine_edges": true,
    "decode_sharpening": 0.25
  },
  "detected_at": "2026-04-01T03:48:42.006752+00:00",
  "num_detections": 9,
  "detections": [
    {
      "tag_id": 5,
      "tag_family": "tag36h11",
      "hamming": 0,
      "decision_margin": 56.477684020996094,
      "center": [
        878.5566487993138,
        540.9459999230722
      ],
      "corners": [
        [
          869.7303466796874,
          558.4063110351562
        ],
        [
          888.2034912109375,
          556.0815429687498
        ],
        [
          887.8450317382814,
          522.5715942382814
        ],
        [
          868.9619140625,
          525.8922119140628
        ]
      ],
      "homography": [
        [
          -3.0589048116689823,
          10.300423671698354,
          878.5566487993138
        ],
        [
          -9.037430191287516,
          22.667061534134405,
          540.9459999230722
        ],
        [
          -0.014108354128526483,
          0.01140027700949274,
          1.0
        ]
      ]
    },
    {
      "tag_id": 7,
      "tag_family": "tag36h11",
      "hamming": 0,
      "decision_margin": 56.4188346862793,
      "center": [
        115.81425013029144,
        586.3339837086368
      ],
      "corners": [
        [
          78.35618591308594,
          613.7257080078125
        ],
        [
          149.26119995117185,
          612.8956909179688
        ],
        [
          151.41287231445312,
          560.3020019531251
        ],
        [
          81.2103042602539,
          558.8534545898438
        ]
      ],
      "homography": [
        [
          37.71853325520762,
          -1.733856092422381,
          115.81425013029144
        ],
        [
          12.60548096377249,
          24.37663123417667,
          586.3339837086368
        ],
        [
          0.021226983458240565,
          -0.0042250610381140835,
          1.0
        ]
      ]
    },
    {
      "tag_id": 8,
      "tag_family": "tag36h11",
      "hamming": 0,
      "decision_margin": 76.77509307861328,
      "center": [
        921.8466959801127,
        533.7809615570712
      ],
      "corners": [
        [
          911.9018554687502,
          552.7626953125
        ],
        [
          933.094482421875,
          550.1540527343751
        ],
        [
          931.9448852539062,
          514.5065307617189
        ],
        [
          911.1135253906251,
          518.1569824218751
        ]
      ],
      "homography": [
        [
          -3.8149115442439543,
          -6.782811817850644,
          921.8466959801127
        ],
        [
          -9.858983044539743,
          13.351925449078065,
          533.7809615570712
        ],
        [
          -0.01553143593264535,
          -0.007880458806198472,
          1.0
        ]
      ]
    },
    {
      "tag_id": 9,
      "tag_family": "tag36h11",
      "hamming": 0,
      "decision_margin": 79.92949676513672,
      "center": [
        996.8279310202271,
        531.3094333430043
      ],
      "corners": [
        [
          984.2572021484375,
          548.5003051757812
        ],
        [
          1010.2188720703124,
          549.3018798828125
        ],
        [
          1009.2922363281249,
          514.2640991210938
        ],
        [
          982.9153442382812,
          512.6160888671875
        ]
      ],
      "homography": [
        [
          24.72320111801025,
          7.968409285216924,
          996.8279310202271
        ],
        [
          6.813945972374197,
          21.67315103555495,
          531.3094333430043
        ],
        [
          0.011678209368955963,
          0.007427224004692647,
          1.0
        ]
      ]
    },
    {
      "tag_id": 10,
      "tag_family": "tag36h11",
      "hamming": 0,
      "decision_margin": 73.9053955078125,
      "center": [
        1051.6259145594222,
        534.3385233584715
      ],
      "corners": [
        [
          1040.1112060546873,
          550.6124267578125
        ],
        [
          1064.1126708984375,
          551.8698730468749
        ],
        [
          1062.8549804687502,
          518.4683227539062
        ],
        [
          1039.0570068359375,
          516.6918334960938
        ]
      ],
      "homography": [
        [
          20.276673898674062,
          -4.300952791948245,
          1051.6259145594222
        ],
        [
          4.991059698562479,
          14.349736109673017,
          534.3385233584715
        ],
        [
          0.007918955172399687,
          -0.004640200146613984,
          1.0
        ]
      ]
    },
    {
      "tag_id": 12,
      "tag_family": "tag36h11",
      "hamming": 1,
      "decision_margin": 47.493690490722656,
      "center": [
        1326.2212769617925,
        591.1018290481214
      ],
      "corners": [
        [
          1320.989624023437,
          601.70751953125
        ],
        [
          1332.3316650390627,
          601.817138671875
        ],
        [
          1331.7272949218757,
          579.9399414062501
        ],
        [
          1319.7598876953125,
          579.77099609375
        ]
      ],
      "homography": [
        [
          7.393499601157596,
          35.91528819825112,
          1326.2212769617925
        ],
        [
          0.7688042537458808,
          26.749104205856725,
          591.1018290481214
        ],
        [
          0.0011840709804353804,
          0.026735703575885738,
          1.0
        ]
      ]
    },
    {
      "tag_id": 19,
      "tag_family": "tag36h11",
      "hamming": 0,
      "decision_margin": 48.37031173706055,
      "center": [
        535.8347944508758,
        596.9257085310713
      ],
      "corners": [
        [
          527.2952270507812,
          605.057373046875
        ],
        [
          543.8863525390625,
          604.9385986328125
        ],
        [
          544.1403198242188,
          589.0169067382812
        ],
        [
          527.9747924804688,
          589.1034545898436
        ]
      ],
      "homography": [
        [
          8.684754899710356,
          -7.1809368082324445,
          535.8347944508758
        ],
        [
          0.5025121096058456,
          0.22764210562218073,
          596.9257085310713
        ],
        [
          0.0009274895089643795,
          -0.012966291303018325,
          1.0
        ]
      ]
    },
    {
      "tag_id": 20,
      "tag_family": "tag36h11",
      "hamming": 0,
      "decision_margin": 49.044921875,
      "center": [
        571.2225704094396,
        597.1321796584124
      ],
      "corners": [
        [
          563.0563354492188,
          604.841064453125
        ],
        [
          578.8142700195312,
          604.750061035156
        ],
        [
          578.8085327148438,
          589.9710693359375
        ],
        [
          563.2578735351562,
          589.1400146484377
        ]
      ],
      "homography": [
        [
          25.188924241244877,
          -3.7189373678202142,
          571.2225704094396
        ],
        [
          18.345011686616544,
          3.773021991626026,
          597.1321796584124
        ],
        [
          0.030407334216348846,
          -0.0064302348561953195,
          1.0
        ]
      ]
    },
    {
      "tag_id": 32,
      "tag_family": "tag36h11",
      "hamming": 0,
      "decision_margin": 29.29827308654785,
      "center": [
        469.0055691392295,
        650.2879839501745
      ],