{
  "image_file": "4974beeaafa5_Team_118_Robonauts_2025_frame_002478.png",
  "image_sha256": "4974beeaafa58b7bcdeba970a6d1494f2b670684ea25dd8dd939e15dc71e91b8",
  "image_width": 1280,
  "image_height": 720,
  "detector_config": {
    "library": "pupil-apriltags",
    "library_version": "1.0.4.post11",
    "family": "tag36h11",
    "nthreads": 4,
    "quad_decimate": 1.0,
    "quad_sigma": 0.0,
    "refine_edges": true,
    "decode_sharpening": 0.25
  },
  "detected_at": "2026-04-01T00:56:46.342107+00:00",
  "num_detections": 3,
  "detections": [
    {
      "tag_id": 3,
      "tag_family": "tag36h11",
      "hamming": 0,
      "decision_margin": 70.40293884277344,
      "center": [
        1145.2449643423017,
        364.9031107325023
      ],
      "corners": [
        [
          1137.0313720703125,
          377.8554992675782
        ],
        [
          1154.2861328125,
          375.1725769042969
        ],
        [
          1153.5728759765623,
          351.7704467773437
        ],
        [
          1136.3302001953123,
          354.7772216796875
        ]
      ],
      "homography": [
        [
          0.6354208505754286,
          0.2799231070109727,
          1145.2449643423017
        ],
        [
          -3.9677032230337104,
          11.59606816766501,
          364.9031107325023
        ],
        [
          -0.006975379547541008,
          -6.43173539652537e-05,
          1.0
        ]
      ]
    },
    {
      "tag_id": 5,
      "tag_family": "tag36h11",
      "hamming": 0,
      "decision_margin": 52.41950988769531,
      "center": [
        227.43355229109758,
        332.3062198190238
      ],
      "corners": [
        [
          216.32582092285156,
          342.28051757812494
        ],
        [
          239.6205139160156,
          342.5746459960938
        ],
        [
          238.6493377685547,
          322.2348937988281
        ],
        [
          215.1251678466797,
          321.93548583984364
        ]
      ],
      "homography": [
        [
          11.717694309537222,
          1.6570602262190177,
          227.43355229109758
        ],
        [
          0.16774880790279523,
          11.798811344832131,
          332.3062198190238
        ],
        [
          5.830190232188309e-05,
          0.004898673155558633,
          1.0
        ]
      ]
    },
    {
      "tag_id": 6,
      "tag_family": "tag36h11",
      "hamming": 0,
      "decision_margin": 69.08902740478516,
      "center": [
        458.12138402984226,
        591.5421575955671
      ],
      "corners": [
        [
          445.7290039062499,
          612.9483642578124
        ],
        [
          471.5816955566407,
          616.3952026367189
        ],
        [
          470.6497802734376,
          569.9010009765626
        ],
        [
          445.43804931640625,
          568.1237182617188
        ]
      ],
      "homography": [
        [
          4.702372001311347,
          -5.257245643662599,
          458.12138402984226
        ],
        [
          -9.10878581504551,
          15.642856681145643,
          591.5421575955671
        ],
        [
          -0.017588734107414506,
          -0.012130793391647058,
          1.0
        ]
      ]
    }
  ],
  "ingest_metadata": {
    "original_name": "Team_118_Robonauts_2025_frame_002478.png",
    "source": "unknown",
    "dhash": "3cbbb3eeacd49c9d",
    "ingested_at": "2026-04-01T00:56:46.335298+00:00"
  }
}
