{
  "image_file": "498ebe52ad70_2026_FIRST_Robotics_Competition_Additional_Field_Interaction.png",
  "image_sha256": "498ebe52ad70252ce270dde984c0a157cdda31d3ef983dace130309beb3762a9",
  "image_width": 1920,
  "image_height": 1080,
  "detector_config": {
    "library": "pupil-apriltags",
    "library_version": "1.0.4.post11",
    "family": "tag36h11",
    "nthreads": 4,
    "quad_decimate": 1.0,
    "quad_sigma": 0.0,
    "refine_edges": true,
    "decode_sharpening": 0.25
  },
  "detected_at": "2026-04-01T00:03:31.270983+00:00",
  "num_detections": 2,
  "detections": [
    {
      "tag_id": 18,
      "tag_family": "tag36h11",
      "hamming": 0,
      "decision_margin": 62.55924606323242,
      "center": [
        963.9327203507517,
        728.9473672151155
      ],
      "corners": [
        [
          915.055847167969,
          781.2453002929689
        ],
        [
          1014.5676879882814,
          778.1274414062501
        ],
        [
          1012.1038818359373,
          677.404541015625
        ],
        [
          913.1744384765626,
          679.6475219726562
        ]
      ],
      "homography": [
        [
          53.69991903218954,
          -1.8310365079571445,
          963.9327203507517
        ],
        [
          1.7547698867846233,
          48.37166110742032,
          728.9473672151155
        ],
        [
          0.004243987509814379,
          -0.0030277898117096387,
          1.0
        ]
      ]
    },
    {
      "tag_id": 27,
      "tag_family": "tag36h11",
      "hamming": 0,
      "decision_margin": 70.58030700683594,
      "center": [
        744.2687584445756,
        732.2520680302692
      ],
      "corners": [
        [
          691.8000488281251,
          785.1869506835936
        ],
        [
          796.1243896484374,
          782.4974975585938
        ],
        [
          795.8268432617186,
          680.2359008789061
        ],
        [
          692.0909423828126,
          681.6944580078123
        ]
      ],
      "homography": [
        [
          56.42286644496312,
          -2.1016894950719163,
          744.2687584445756
        ],
        [
          3.3036115777269908,
          49.36516209313311,
          732.2520680302692
        ],
        [
          0.0059253438526599795,
          -0.0028284085268648358,
          1.0
        ]
      ]
    }
  ]
}
