{
  "image_file": "49adf117710c_1023_Bedford_Express___2026_Robot_Reveal_frame_001888.png",
  "image_sha256": "49adf117710ca96cb36acf06dffc893f1dfbf337670a52a5acd2b55f358bbd1e",
  "image_width": 1920,
  "image_height": 1080,
  "detector_config": {
    "library": "pupil-apriltags",
    "library_version": "1.0.4.post11",
    "family": "tag36h11",
    "nthreads": 4,
    "quad_decimate": 1.0,
    "quad_sigma": 0.0,
    "refine_edges": true,
    "decode_sharpening": 0.25
  },
  "detected_at": "2026-04-01T04:24:18.786240+00:00",
  "num_detections": 2,
  "detections": [
    {
      "tag_id": 31,
      "tag_family": "tag36h11",
      "hamming": 0,
      "decision_margin": 66.71580505371094,
      "center": [
        834.7440608586074,
        485.16180858951253
      ],
      "corners": [
        [
          824.0662841796874,
          508.9869079589843
        ],
        [
          845.758056640625,
          505.61059570312506
        ],
        [
          845.0264892578125,
          462.2188415527343
        ],
        [
          823.0980834960938,
          463.5396728515624
        ]
      ],
      "homography": [
        [
          30.411595725075017,
          4.19040300575023,
          834.7440608586074
        ],
        [
          10.162744846947245,
          24.387408642961475,
          485.16180858951253
        ],
        [
          0.02337581396591376,
          0.004513962269266181,
          1.0
        ]
      ]
    },
    {
      "tag_id": 32,
      "tag_family": "tag36h11",
      "hamming": 0,
      "decision_margin": 76.50908660888672,
      "center": [
        888.4559021255618,
        478.64129498851025
      ],
      "corners": [
        [
          879.1039428710939,
          500.5052185058594
        ],
        [
          897.9793701171875,
          497.7023315429688
        ],
        [
          897.5286865234374,
          457.43005371093756
        ],
        [
          878.87255859375,
          459.4604187011718
        ]
      ],
      "homography": [
        [
          17.504891333436262,
          -5.167400719781311,
          888.4559021255618
        ],
        [
          3.170258448026059,
          17.450441576001765,
          478.64129498851025
        ],
        [
          0.009142948968786804,
          -0.006009221496114422,
          1.0
        ]
      ]
    }
  ]
}
