{
  "image_file": "49af12e63c2b_2026_Robot_Reveal____STROMBOLI_frame_001920.png",
  "image_sha256": "49af12e63c2bb80260e7a04d958c6b9bfb856302df1e048e1f89f2777e80c82f",
  "image_width": 1920,
  "image_height": 1080,
  "detector_config": {
    "library": "pupil-apriltags",
    "library_version": "1.0.4.post11",
    "family": "tag36h11",
    "nthreads": 4,
    "quad_decimate": 1.0,
    "quad_sigma": 0.0,
    "refine_edges": true,
    "decode_sharpening": 0.25
  },
  "detected_at": "2026-04-01T03:59:57.478221+00:00",
  "num_detections": 2,
  "detections": [
    {
      "tag_id": 25,
      "tag_family": "tag36h11",
      "hamming": 0,
      "decision_margin": 60.34693908691406,
      "center": [
        920.8942456812412,
        381.0714696104311
      ],
      "corners": [
        [
          901.717529296875,
          400.34954833984375
        ],
        [
          939.5192260742188,
          400.8371276855469
        ],
        [
          939.782958984375,
          362.0829162597656
        ],
        [
          902.5814208984375,
          361.6370849609375
        ]
      ],
      "homography": [
        [
          18.342181313575566,
          -7.656930850128899,
          920.8942456812412
        ],
        [
          0.06460631143482742,
          16.31363993513287,
          381.0714696104311
        ],
        [
          -0.00044242121361947755,
          -0.008008422270134524,
          1.0
        ]
      ]
    },
    {
      "tag_id": 26,
      "tag_family": "tag36h11",
      "hamming": 0,
      "decision_margin": 60.290714263916016,
      "center": [
        1007.8713815002693,
        378.65673861083343
      ],
      "corners": [
        [
          988.2323608398438,
          398.13909912109375
        ],
        [
          1027.2791748046875,
          398.4714660644531
        ],
        [
          1027.3310546875002,
          359.35229492187506
        ],
        [
          989.0935668945314,
          359.4851989746094
        ]
      ],
      "homography": [
        [
          13.316014642192842,
          -10.856072456117543,
          1007.8713815002693
        ],
        [
          -2.207627717839161,
          15.448450776821346,
          378.65673861083343
        ],
        [
          -0.0059553797461889425,
          -0.010542424875972367,
          1.0
        ]
      ]
    }
  ]
}
