{
  "image_file": "49c7596bac0d_FRC_5026_The_Iron_Panthers_Robot_Reveal_2026__Jukebox_frame_.png",
  "image_sha256": "49c7596bac0dc8a6cfccd1a7df2d02e8309f923317c5b18fdccda93f3685e5e1",
  "image_width": 1920,
  "image_height": 1080,
  "detector_config": {
    "library": "pupil-apriltags",
    "library_version": "1.0.4.post11",
    "family": "tag36h11",
    "nthreads": 4,
    "quad_decimate": 1.0,
    "quad_sigma": 0.0,
    "refine_edges": true,
    "decode_sharpening": 0.25
  },
  "detected_at": "2026-04-01T04:21:45.932718+00:00",
  "num_detections": 2,
  "detections": [
    {
      "tag_id": 22,
      "tag_family": "tag36h11",
      "hamming": 0,
      "decision_margin": 73.2279281616211,
      "center": [
        807.1605639280434,
        624.8572128943227
      ],
      "corners": [
        [
          794.2014770507811,
          637.9110717773439
        ],
        [
          819.2516479492189,
          639.6933593750001
        ],
        [
          819.2976684570315,
          612.63134765625
        ],
        [
          795.8260498046875,
          610.9494018554688
        ]
      ],
      "homography": [
        [
          12.301864362593623,
          -26.669918407102386,
          807.1605639280434
        ],
        [
          1.00798329797317,
          -6.831831774612738,
          624.8572128943227
        ],
        [
          0.00022827714403403512,
          -0.03252499346058666,
          1.0
        ]
      ]
    },
    {
      "tag_id": 32,
      "tag_family": "tag36h11",
      "hamming": 0,
      "decision_margin": 67.52104949951172,
      "center": [
        187.58099817806374,
        679.7891626204283
      ],
      "corners": [
        [
          171.2150115966797,
          690.0391235351561
        ],
        [
          199.52893066406247,
          689.6876220703126
        ],
        [
          203.59237670898435,
          669.7612915039062
        ],
        [
          175.5049285888672,
          669.7845458984373
        ]
      ],
      "homography": [
        [
          15.6266773177814,
          -2.6145150211365245,
          187.58099817806374
        ],
        [
          5.442319802573251,
          8.134734651043345,
          679.7891626204283
        ],
        [
          0.008143028050297183,
          -0.0028093162567031553,
          1.0
        ]
      ]
    }
  ]
}
