{
  "image_file": "4c79e93ba5de_FRC_Team_8169___ARIES___Robot_Reveal_2025_frame_000060.png",
  "image_sha256": "4c79e93ba5dec84fa5c6c111d6edb3a81ac98175b4784b3cb40342a35f62142e",
  "image_width": 1920,
  "image_height": 1080,
  "detector_config": {
    "library": "pupil-apriltags",
    "library_version": "1.0.4.post11",
    "family": "tag36h11",
    "nthreads": 4,
    "quad_decimate": 1.0,
    "quad_sigma": 0.0,
    "refine_edges": true,
    "decode_sharpening": 0.25
  },
  "detected_at": "2026-04-01T01:45:32.975400+00:00",
  "num_detections": 2,
  "detections": [
    {
      "tag_id": 3,
      "tag_family": "tag36h11",
      "hamming": 0,
      "decision_margin": 36.62995529174805,
      "center": [
        1877.8633554073983,
        181.5220500919685
      ],
      "corners": [
        [
          1863.06005859375,
          191.550048828125
        ],
        [
          1882.9689941406248,
          192.62719726562491
        ],
        [
          1892.8870849609375,
          171.34472656249997
        ],
        [
          1872.5524902343752,
          169.97052001953128
        ]
      ],
      "homography": [
        [
          21.619287776192547,
          20.584692818427815,
          1877.8633554073983
        ],
        [
          1.7283363758239132,
          13.171960711718242,
          181.5220500919685
        ],
        [
          0.006155838383861679,
          0.013546207681068416,
          1.0
        ]
      ]
    },
    {
      "tag_id": 13,
      "tag_family": "tag36h11",
      "hamming": 0,
      "decision_margin": 54.10918045043945,
      "center": [
        498.50696565040295,
        79.01097377976352
      ],
      "corners": [
        [
          488.4433898925781,
          90.89130401611328
        ],
        [
          512.742919921875,
          91.90579986572264
        ],
        [
          508.7630310058594,
          66.90340423583982
        ],
        [
          484.4757995605469,
          66.30164337158202
        ]
      ],
      "homography": [
        [
          7.97888643466348,
          2.5423742682717725,
          498.50696565040295
        ],
        [
          -0.2561796077006038,
          12.485171275654608,
          79.01097377976352
        ],
        [
          -0.008358914607060989,
          0.0011141659733737846,
          1.0
        ]
      ]
    }
  ]
}
