{
  "image_file": "4c811a2ec6a3_2025_Reveal_Video_Team_7211_frame_000472.png",
  "image_sha256": "4c811a2ec6a3358cc7b7738becbdd8c181d3b06759cff929d361653544d81778",
  "image_width": 1920,
  "image_height": 1080,
  "detector_config": {
    "library": "pupil-apriltags",
    "library_version": "1.0.4.post11",
    "family": "tag36h11",
    "nthreads": 4,
    "quad_decimate": 1.0,
    "quad_sigma": 0.0,
    "refine_edges": true,
    "decode_sharpening": 0.25
  },
  "detected_at": "2026-04-01T02:32:18.011903+00:00",
  "num_detections": 3,
  "detections": [
    {
      "tag_id": 12,
      "tag_family": "tag36h11",
      "hamming": 0,
      "decision_margin": 99.8141860961914,
      "center": [
        582.8855959507771,
        280.6565853973338
      ],
      "corners": [
        [
          570.7200317382812,
          296.7826232910156
        ],
        [
          596.2108764648438,
          296.4497375488282
        ],
        [
          595.1170043945311,
          264.4432678222656
        ],
        [
          569.3509521484375,
          264.61529541015625
        ]
      ],
      "homography": [
        [
          14.298895969136197,
          3.6736303126535876,
          582.8855959507771
        ],
        [
          0.5884270810550994,
          17.51544237290642,
          280.6565853973338
        ],
        [
          0.0025478827064782856,
          0.005246751627062243,
          1.0
        ]
      ]
    },
    {
      "tag_id": 21,
      "tag_family": "tag36h11",
      "hamming": 0,
      "decision_margin": 69.34818267822266,
      "center": [
        1425.7968378648707,
        733.311379931214
      ],
      "corners": [
        [
          1393.9544677734377,
          762.9272460937501
        ],
        [
          1455.7506103515627,
          763.2246704101564
        ],
        [
          1457.5649414062498,
          703.7645874023439
        ],
        [
          1395.5050048828125,
          703.0604858398439
        ]
      ],
      "homography": [
        [
          35.796185702551156,
          2.3263447978788507,
          1425.7968378648707
        ],
        [
          2.735447586646383,
          31.460580332598283,
          733.311379931214
        ],
        [
          0.0033894463233068825,
          0.0022219255391891565,
          1.0
        ]
      ]
    },
    {
      "tag_id": 22,
      "tag_family": "tag36h11",
      "hamming": 0,
      "decision_margin": 75.90489959716797,
      "center": [
        1147.9105873563635,
        697.950530843746
      ],
      "corners": [
        [
          1132.787475585937,
          719.6206665039062
        ],
        [
          1162.9914550781252,
          731.5272216796876
        ],
        [
          1163.2609863281255,
          675.9547119140626
        ],
        [
          1133.1696777343748,
          665.1307373046875
        ]
      ],
      "homography": [
        [
          4.248679214734466,
          -2.425517784694875,
          1147.9105873563635
        ],
        [
          -0.8999544672445868,
          26.137484248234728,
          697.950530843746
        ],
        [
          -0.009429088178098814,
          -0.0019705710660281334,
          1.0
        ]
      ]
    }
  ],
  "ingest_metadata": {
    "original_name": "2025_Reveal_Video_Team_7211_frame_000472.png",
    "source": "unknown",
    "dhash": "a725cc7478c5d194",
    "ingested_at": "2026-04-01T02:32:18.005300+00:00"
  }
}
