{
  "image_file": "4c9f8ba3d048_FRC_Team_9175_ROBOT_REVEAL_2026__ATLAS__frame_001680.png",
  "image_sha256": "4c9f8ba3d048c749283ec779f7e26b2453cedd4fbbdf98ff77f5d65edc79b132",
  "image_width": 1920,
  "image_height": 1080,
  "detector_config": {
    "library": "pupil-apriltags",
    "library_version": "1.0.4.post11",
    "family": "tag36h11",
    "nthreads": 4,
    "quad_decimate": 1.0,
    "quad_sigma": 0.0,
    "refine_edges": true,
    "decode_sharpening": 0.25
  },
  "detected_at": "2026-04-01T03:50:12.612112+00:00",
  "num_detections": 2,
  "detections": [
    {
      "tag_id": 3,
      "tag_family": "tag36h11",
      "hamming": 0,
      "decision_margin": 82.79922485351562,
      "center": [
        859.3707026359051,
        394.3573565880749
      ],
      "corners": [
        [
          841.2457275390625,
          416.5031433105469
        ],
        [
          876.1494750976562,
          419.9758300781251
        ],
        [
          876.9964599609375,
          372.821533203125
        ],
        [
          842.4166259765626,
          368.47122192382807
        ]
      ],
      "homography": [
        [
          25.601991292882303,
          -4.270010765285061,
          859.3707026359051
        ],
        [
          5.7356100094427775,
          22.065410399053064,
          394.3573565880749
        ],
        [
          0.009580343371051432,
          -0.0043835040242737235,
          1.0
        ]
      ]
    },
    {
      "tag_id": 4,
      "tag_family": "tag36h11",
      "hamming": 0,
      "decision_margin": 83.62015533447266,
      "center": [
        921.5565511693342,
        402.61943121405767
      ],
      "corners": [
        [
          904.8475341796875,
          423.92578125
        ],
        [
          936.8626098632811,
          426.39736938476557
        ],
        [
          938.5189208984373,
          380.9900207519531
        ],
        [
          905.2688598632812,
          377.3165283203126
        ]
      ],
      "homography": [
        [
          27.157757530117234,
          17.257061311152714,
          921.5565511693342
        ],
        [
          6.265110204626577,
          30.761193972151204,
          402.61943121405767
        ],
        [
          0.01177309721990753,
          0.019297371214701948,
          1.0
        ]
      ]
    }
  ]
}
