{
  "image_file": "4d0e87049642_3419_Presents__Sandstorm_frame_002537.png",
  "image_sha256": "4d0e870496422218c89db8c0d9dbc592a15f24eec29931a8a05d774d7035c580",
  "image_width": 1920,
  "image_height": 1080,
  "detector_config": {
    "library": "pupil-apriltags",
    "library_version": "1.0.4.post11",
    "family": "tag36h11",
    "nthreads": 4,
    "quad_decimate": 1.0,
    "quad_sigma": 0.0,
    "refine_edges": true,
    "decode_sharpening": 0.25
  },
  "detected_at": "2026-04-01T04:38:11.425287+00:00",
  "num_detections": 5,
  "detections": [
    {
      "tag_id": 18,
      "tag_family": "tag36h11",
      "hamming": 0,
      "decision_margin": 35.28450012207031,
      "center": [
        1762.0513117768514,
        420.0870415112026
      ],
      "corners": [
        [
          1747.2506103515625,
          445.07971191406244
        ],
        [
          1781.6434326171877,
          444.8549194335938
        ],
        [
          1776.77734375,
          395.220458984375
        ],
        [
          1742.1257324218752,
          394.8976135253906
        ]
      ],
      "homography": [
        [
          26.922638935451914,
          7.703357098095697,
          1762.0513117768514
        ],
        [
          2.3272683321791843,
          26.19438726278844,
          420.0870415112026
        ],
        [
          0.005483541329265654,
          0.002954665170408202,
          1.0
        ]
      ]
    },
    {
      "tag_id": 23,
      "tag_family": "tag36h11",
      "hamming": 0,
      "decision_margin": 37.26362609863281,
      "center": [
        1127.1723287635334,
        576.2544152617324
      ],
      "corners": [
        [
          1121.9903564453125,
          591.6771240234376
        ],
        [
          1136.6832275390625,
          589.6266479492186
        ],
        [
          1132.5794677734373,
          560.1615600585938
        ],
        [
          1117.9012451171875,
          563.2193603515626
        ]
      ],
      "homography": [
        [
          -11.839347646814304,
          6.8366647923810415,
          1127.1723287635334
        ],
        [
          -11.080227331740959,
          16.923894206974182,
          576.2544152617324
        ],
        [
          -0.017016172326201732,
          0.004247811468635104,
          1.0
        ]
      ]
    },
    {
      "tag_id": 25,
      "tag_family": "tag36h11",
      "hamming": 0,
      "decision_margin": 51.625492095947266,
      "center": [
        1421.8597379098849,
        460.47588432103373
      ],
      "corners": [
        [
          1408.4274902343752,
          485.8621215820313
        ],
        [
          1439.1650390625,
          479.59625244140614
        ],
        [
          1435.3923339843748,
          434.8999938964844
        ],
        [
          1405.3278808593748,
          442.21008300781256
        ]
      ],
      "homography": [
        [
          -3.700020811965031,
          -11.890871762352162,
          1421.8597379098849
        ],
        [
          -9.51825655508276,
          17.67609376148812,
          460.47588432103373
        ],
        [
          -0.01328964286841905,
          -0.009568189856840622,
          1.0
        ]
      ]
    },
    {
      "tag_id": 26,
      "tag_family": "tag36h11",
      "hamming": 0,
      "decision_margin": 49.74486541748047,
      "center": [
        1492.1171124425493,
        446.81313363487294
      ],
      "corners": [
        [
          1476.8275146484373,
          473.4071044921875
        ],
        [
          1511.1520996093752,
          467.83227539062494
        ],
        [
          1507.54736328125,
          419.9745178222656
        ],
        [
          1474.2176513671873,
          427.04788208007824
        ]
      ],
      "homography": [
        [
          -9.448292715261458,
          -17.976129123421288,
          1492.1171124425493
        ],
        [
          -11.062781548411467,
          17.69871791142424,
          446.81313363487294
        ],
        [
          -0.01766146769585491,
          -0.013082895507239001,
          1.0
        ]
      ]
    },
    {
      "tag_id": 27,
      "tag_family": "tag36h11",
      "hamming": 0,
      "decision_margin": 37.612274169921875,
      "center": [
        1685.891453693015,
        419.4147612580442
      ],
      "corners": [
        [
          1670.465087890625,
          445.2195739746094
        ],
        [
          1706.5247802734375,
          444.73443603515625
        ],
        [
          1701.1744384765623,
          393.84979248046875
        ],
        [
          1665.0805664062498,
          393.877197265625
        ]
      ],
      "homography": [
        [
          25.585179416151732,
          2.3594631985749888,
          1685.891453693015
        ],
        [
          1.7494839559682842,
          25.47558009575482,
          419.4147612580442
        ],
        [
          0.004476649922461124,
          -0.00019231949912403178,
          1.0
        ]
      ]
    }
  ],
  "ingest_metadata": {
    "original_name": "3419_Presents__Sandstorm_frame_002537.png",
    "source": "unknown",
    "dhash": "839191799171b8f8",
    "ingested_at": "2026-04-01T04:38:11.415299+00:00"
  }
}
