{
  "image_file": "4d4206fbe164_test_image_multiple_02.png",
  "image_sha256": "4d4206fbe164917fed13d577900af93542e0651d21f9ad95ebeead2cd5d7233c",
  "image_width": 640,
  "image_height": 480,
  "detector_config": {
    "library": "pupil-apriltags",
    "library_version": "1.0.4.post11",
    "family": "tag36h11",
    "nthreads": 4,
    "quad_decimate": 1.0,
    "quad_sigma": 0.0,
    "refine_edges": true,
    "decode_sharpening": 0.25
  },
  "detected_at": "2026-03-24T14:26:01.479550+00:00",
  "num_detections": 5,
  "detections": [
    {
      "tag_id": 22,
      "tag_family": "tag36h11",
      "hamming": 0,
      "decision_margin": 56.7803955078125,
      "center": [
        299.3545307577852,
        206.991134010665
      ],
      "corners": [
        [
          289.12280273437494,
          194.91870117187503
        ],
        [
          274.66397094726557,
          213.0998229980469
        ],
        [
          311.2606506347657,
          221.0391845703125
        ],
        [
          321.76412963867193,
          201.44677734375
        ]
      ],
      "homography": [
        [
          -24.81398678128357,
          -13.177967417591907,
          299.3545307577852
        ],
        [
          -3.440744806322357,
          -0.7705392992722018,
          206.991134010665
        ],
        [
          -0.062031344530053406,
          0.01360346248028265,
          1.0
        ]
      ]
    },
    {
      "tag_id": 24,
      "tag_family": "tag36h11",
      "hamming": 0,
      "decision_margin": 53.56327438354492,
      "center": [
        313.8118872024462,
        147.2721195051295
      ],
      "corners": [
        [
          326.82241821289057,
          160.41546630859375
        ],
        [
          326.1510620117186,
          133.83883666992185
        ],
        [
          300.7272644042969,
          134.05392456054685
        ],
        [
          301.71310424804693,
          160.44369506835935
        ]
      ],
      "homography": [
        [
          -2.4037954702805004,
          11.53468014647143,
          313.8118872024462
        ],
        [
          -14.174322520811472,
          -0.5755092057678164,
          147.2721195051295
        ],
        [
          -0.006338057795859348,
          -0.0034987647896400353,
          1.0
        ]
      ]
    },
    {
      "tag_id": 85,
      "tag_family": "tag36h11",
      "hamming": 0,
      "decision_margin": 45.14723587036133,
      "center": [
        375.8248108237349,
        155.23727834293732
      ],
      "corners": [
        [
          360.76876831054693,
          166.92578125000003
        ],
        [
          389.48840332031244,
          174.6159210205078
        ],
        [
          393.65716552734375,
          141.39343261718747
        ],
        [
          361.815673828125,
          135.36856079101562
        ]
      ],
      "homography": [
        [
          1.5641970766832267,
          16.962868509608427,
          375.8248108237349
        ],
        [
          -2.1103476905446743,
          23.669388617919964,
          155.23727834293732
        ],
        [
          -0.03596466789760363,
          0.04845149176258624,
          1.0
        ]
      ]
    },
    {
      "tag_id": 144,
      "tag_family": "tag36h11",
      "hamming": 0,
      "decision_margin": 52.535118103027344,
      "center": [
        151.49893789037955,
        211.8527351292866
      ],
      "corners": [
        [
          125.7638626098633,
          210.7283630371094
        ],
        [
          133.85739135742188,
          226.8662109375
        ],
        [
          176.80908203125,
          212.9585418701172
        ],
        [
          166.2941589355469,
          199.2615661621094
        ]
      ],
      "homography": [
        [
          -1.3027598267197738,
          -28.0847692192026,
          151.49893789037955
        ],
        [
          -1.0077131377055075,
          -3.8863149986264887,
          211.8527351292866
        ],
        [
          -0.039712685593815564,
          -0.04803728767139568,
          1.0
        ]
      ]
    },
    {
      "tag_id": 198,
      "tag_family": "tag36h11",
      "hamming": 0,
      "decision_margin": 66.48189544677734,
      "center": [
        492.9575823472167,
        237.3723077223729
      ],
      "corners": [
        [
          498.30108642578136,
          258.14788818359375
        ],
        [
          530.6875610351561,
          242.37969970703128
        ],
        [
          488.69604492187494,
          220.80342102050784
        ],
        [
          459.4946899414063,
          232.93122863769526
        ]
      ],
      "homography": [
        [
          28.355068345519616,
          -22.432903796831393,
          492.9575823472167
        ],
        [
          -0.608223671385814,
          -8.911893570609891,
          237.3723077223729
        ],
        [
          0.026354357382553307,
          -0.08629134568732366,
          1.0
        ]
      ]
    }
  ],
  "ingest_metadata": {
    "original_name": "test_image_multiple_02.png",
    "source": "unknown",
    "dhash": "05d8bccec8c4c6ce",
    "ingested_at": "2026-03-24T14:26:01.471537+00:00"
  }
}
