{
  "image_file": "4e2d5ec15282_38_Robot_Reveals____FRC_Premiere_Night___REEFSCAPE_25___Bonu.png",
  "image_sha256": "4e2d5ec15282cd0c1b64738627a7916a0390e25854e2f77ebd13e019035c5173",
  "image_width": 1920,
  "image_height": 1080,
  "detector_config": {
    "library": "pupil-apriltags",
    "library_version": "1.0.4.post11",
    "family": "tag36h11",
    "nthreads": 4,
    "quad_decimate": 1.0,
    "quad_sigma": 0.0,
    "refine_edges": true,
    "decode_sharpening": 0.25
  },
  "detected_at": "2026-04-01T01:11:18.972974+00:00",
  "num_detections": 3,
  "detections": [
    {
      "tag_id": 12,
      "tag_family": "tag36h11",
      "hamming": 0,
      "decision_margin": 74.22974395751953,
      "center": [
        1760.1291658251123,
        321.93143836775835
      ],
      "corners": [
        [
          1734.482421875,
          345.7894897460938
        ],
        [
          1783.9921875,
          347.1131591796875
        ],
        [
          1785.938354492188,
          297.92227172851557
        ],
        [
          1736.3248291015627,
          296.8116455078125
        ]
      ],
      "homography": [
        [
          20.918862751720553,
          0.747823774155452,
          1760.1291658251123
        ],
        [
          -0.0976599798533501,
          24.852037646710073,
          321.93143836775835
        ],
        [
          -0.0021940513268642564,
          0.000962916367641408,
          1.0
        ]
      ]
    },
    {
      "tag_id": 16,
      "tag_family": "tag36h11",
      "hamming": 0,
      "decision_margin": 71.28404998779297,
      "center": [
        178.93769410232858,
        361.8397874446364
      ],
      "corners": [
        [
          152.65444946289062,
          387.6257629394531
        ],
        [
          206.099853515625,
          388.0189514160157
        ],
        [
          205.2442779541016,
          336.0309143066407
        ],
        [
          151.6706237792969,
          335.55950927734375
        ]
      ],
      "homography": [
        [
          26.887454252218333,
          0.6719572117386041,
          178.93769410232858
        ],
        [
          0.48452881258264957,
          26.44253148922013,
          361.8397874446364
        ],
        [
          0.0007418383182109575,
          0.0011856353984571726,
          1.0
        ]
      ]
    },
    {
      "tag_id": 20,
      "tag_family": "tag36h11",
      "hamming": 0,
      "decision_margin": 60.96184539794922,
      "center": [
        737.8736753682205,
        973.0598994797188
      ],
      "corners": [
        [
          696.5720825195314,
          1013.43212890625
        ],
        [
          778.9259643554688,
          1020.4126586914062
        ],
        [
          779.9147338867188,
          931.9648437500001
        ],
        [
          697.0145874023436,
          925.9299926757812
        ]
      ],
      "homography": [
        [
          37.16812916473714,
          2.046938944483604,
          737.8736753682205
        ],
        [
          -2.2090248450450702,
          47.154978369746914,
          973.0598994797188
        ],
        [
          -0.005615627559023935,
          0.0032569683768925556,
          1.0
        ]
      ]
    }
  ],
  "ingest_metadata": {
    "original_name": "38_Robot_Reveals____FRC_Premiere_Night___REEFSCAPE_25___Bonu.png",
    "source": "unknown",
    "dhash": "fe9d279790b26262",
    "ingested_at": "2026-04-01T01:11:18.965303+00:00"
  }
}
