{
  "image_file": "4f187596c24e_PC000001_MOV-0177_jpg_rf_559040a1e9b6cefaee862ec239745897.png",
  "image_sha256": "4f187596c24e79d19a415fbf983e3034ea43d236c4e26feec1f2edb7e90fef1f",
  "image_width": 640,
  "image_height": 360,
  "detector_config": {
    "library": "pupil-apriltags",
    "library_version": "1.0.4.post11",
    "family": "tag36h11",
    "nthreads": 4,
    "quad_decimate": 1.0,
    "quad_sigma": 0.0,
    "refine_edges": true,
    "decode_sharpening": 0.25
  },
  "detected_at": "2026-03-24T14:12:38.485840+00:00",
  "num_detections": 3,
  "detections": [
    {
      "tag_id": 2,
      "tag_family": "tag36h11",
      "hamming": 0,
      "decision_margin": 64.68781280517578,
      "center": [
        112.08917690461732,
        138.72238827959347
      ],
      "corners": [
        [
          103.20021820068361,
          149.50035095214844
        ],
        [
          118.1509780883789,
          149.78906249999997
        ],
        [
          120.8912887573242,
          128.04972839355472
        ],
        [
          105.46572875976562,
          126.63034820556648
        ]
      ],
      "homography": [
        [
          10.344291345900743,
          0.9487146864309052,
          112.08917690461732
        ],
        [
          3.827310170494938,
          13.871363908826254,
          138.72238827959347
        ],
        [
          0.02459233664254869,
          0.01968325830561185,
          1.0
        ]
      ]
    },
    {
      "tag_id": 11,
      "tag_family": "tag36h11",
      "hamming": 0,
      "decision_margin": 69.66361236572266,
      "center": [
        76.2248073947582,
        136.13287639707065
      ],
      "corners": [
        [
          65.39928436279297,
          147.94587707519534
        ],
        [
          83.52659606933594,
          148.27162170410156
        ],
        [
          86.48632049560547,
          124.93533325195311
        ],
        [
          68.29129028320312,
          122.94392395019531
        ]
      ],
      "homography": [
        [
          11.66997090240433,
          -0.9047712059784899,
          76.2248073947582
        ],
        [
          5.2154331571797155,
          13.071360711664937,
          136.13287639707065
        ],
        [
          0.034105765429652914,
          0.007359003695777542,
          1.0
        ]
      ]
    },
    {
      "tag_id": 12,
      "tag_family": "tag36h11",
      "hamming": 0,
      "decision_margin": 83.82615661621094,
      "center": [
        509.38225040171983,
        164.7381916896506
      ],
      "corners": [
        [
          492.06985473632807,
          179.3784637451172
        ],
        [
          523.9973144531251,
          179.21687316894534
        ],
        [
          527.21923828125,
          149.654296875
        ],
        [
          495.144805908203,
          150.63360595703122
        ]
      ],
      "homography": [
        [
          8.862725317487389,
          -1.10570045218759,
          509.38225040171983
        ],
        [
          -2.592164375258024,
          14.725268300807755,
          164.7381916896506
        ],
        [
          -0.014006288590278549,
          0.000918360471290141,
          1.0
        ]
      ]
    }
  ],
  "ingest_metadata": {
    "original_name": "PC000001_MOV-0177_jpg_rf_559040a1e9b6cefaee862ec239745897.png",
    "source": "unknown",
    "dhash": "42323292b89ac2e4",
    "ingested_at": "2026-03-24T14:12:38.469504+00:00"
  }
}
