{
  "image_file": "4f2d2354647a_PC000006_MOV-0007_jpg_rf_fabd5153b1eb51956a626dd91bdc070f.png",
  "image_sha256": "4f2d2354647ad6dd54b792ced1f151e8dbc69d328097ae7c30f9bf434484de6d",
  "image_width": 640,
  "image_height": 360,
  "detector_config": {
    "library": "pupil-apriltags",
    "library_version": "1.0.4.post11",
    "family": "tag36h11",
    "nthreads": 4,
    "quad_decimate": 1.0,
    "quad_sigma": 0.0,
    "refine_edges": true,
    "decode_sharpening": 0.25
  },
  "detected_at": "2026-03-24T14:13:38.775979+00:00",
  "num_detections": 3,
  "detections": [
    {
      "tag_id": 9,
      "tag_family": "tag36h11",
      "hamming": 0,
      "decision_margin": 83.94819641113281,
      "center": [
        164.05401984814404,
        70.38819871984434
      ],
      "corners": [
        [
          152.83721923828125,
          85.18500518798828
        ],
        [
          174.69677734375,
          84.50154113769531
        ],
        [
          175.80986022949216,
          54.880310058593764
        ],
        [
          153.4160003662109,
          56.2811393737793
        ]
      ],
      "homography": [
        [
          9.117212954501127,
          1.4866495458455244,
          164.05401984814404
        ],
        [
          -1.350547367103646,
          15.445076117685375,
          70.38819871984434
        ],
        [
          -0.011843533071767288,
          0.01162089018246674,
          1.0
        ]
      ]
    },
    {
      "tag_id": 10,
      "tag_family": "tag36h11",
      "hamming": 0,
      "decision_margin": 81.1629409790039,
      "center": [
        214.86807677790267,
        67.85362415282458
      ],
      "corners": [
        [
          202.19415283203125,
          83.72467803955077
        ],
        [
          226.80773925781247,
          82.8053207397461
        ],
        [
          227.5668029785156,
          51.95151138305663
        ],
        [
          203.2607879638672,
          53.318149566650376
        ]
      ],
      "homography": [
        [
          10.607232563644601,
          -1.8690426992224034,
          214.86807677790267
        ],
        [
          -1.0850132993565058,
          14.86788307449261,
          67.85362415282458
        ],
        [
          -0.007546439034691646,
          -0.006568919753169241,
          1.0
        ]
      ]
    },
    {
      "tag_id": 11,
      "tag_family": "tag36h11",
      "hamming": 0,
      "decision_margin": 63.05988311767578,
      "center": [
        334.38825257917466,
        73.04249218634189
      ],
      "corners": [
        [
          326.72143554687506,
          86.10675811767578
        ],
        [
          340.02661132812494,
          90.56031799316406
        ],
        [
          341.8564147949219,
          60.316734313964844
        ],
        [
          328.3327941894532,
          54.22877883911132
        ]
      ],
      "homography": [
        [
          14.860887013068009,
          2.905673823853819,
          334.38825257917466
        ],
        [
          4.406949314373163,
          16.34101731431595,
          73.04249218634189
        ],
        [
          0.02439696680368281,
          0.011271424092545638,
          1.0
        ]
      ]
    }
  ],
  "ingest_metadata": {
    "original_name": "PC000006_MOV-0007_jpg_rf_fabd5153b1eb51956a626dd91bdc070f.png",
    "source": "unknown",
    "dhash": "a0e0991312987e8f",
    "ingested_at": "2026-03-24T14:13:38.770609+00:00"
  }
}
