{
  "image_file": "4f7fb7257369_Ursuline_Bearbotics_Robot_Reveal_2026_frame_003120.png",
  "image_sha256": "4f7fb7257369ea1c6013bd64e108768646b12269b98fab098990cecfdc34f6b1",
  "image_width": 1920,
  "image_height": 1080,
  "detector_config": {
    "library": "pupil-apriltags",
    "library_version": "1.0.4.post11",
    "family": "tag36h11",
    "nthreads": 4,
    "quad_decimate": 1.0,
    "quad_sigma": 0.0,
    "refine_edges": true,
    "decode_sharpening": 0.25
  },
  "detected_at": "2026-04-01T03:51:26.970006+00:00",
  "num_detections": 4,
  "detections": [
    {
      "tag_id": 5,
      "tag_family": "tag36h11",
      "hamming": 0,
      "decision_margin": 59.8128662109375,
      "center": [
        371.6873730395793,
        601.2813189788498
      ],
      "corners": [
        [
          358.88348388671864,
          627.2753295898439
        ],
        [
          387.2780151367188,
          633.1397705078125
        ],
        [
          384.64086914062517,
          574.9835815429686
        ],
        [
          356.7605895996094,
          570.7794189453125
        ]
      ],
      "homography": [
        [
          8.942699424033378,
          -1.7766822274220988,
          371.6873730395793
        ],
        [
          -5.775965776304477,
          23.86145610515416,
          601.2813189788498
        ],
        [
          -0.01378087097838688,
          -0.007972558266890825,
          1.0
        ]
      ]
    },
    {
      "tag_id": 8,
      "tag_family": "tag36h11",
      "hamming": 0,
      "decision_margin": 64.11174011230469,
      "center": [
        435.92311668900413,
        612.0493937074422
      ],
      "corners": [
        [
          421.3962097167968,
          638.9049682617188
        ],
        [
          452.99383544921875,
          645.4619140625001
        ],
        [
          451.18737792968756,
          583.8306884765625
        ],
        [
          419.37292480468744,
          579.6557006835936
        ]
      ],
      "homography": [
        [
          7.0771943753531446,
          2.9801668806445045,
          435.92311668900413
        ],
        [
          -9.624818027404789,
          33.04414464686283,
          612.0493937074422
        ],
        [
          -0.020116501631425046,
          0.004634265549200903,
          1.0
        ]
      ]
    },
    {
      "tag_id": 9,
      "tag_family": "tag36h11",
      "hamming": 0,
      "decision_margin": 67.87854766845703,
      "center": [
        564.3086785033393,
        610.6943199962878
      ],
      "corners": [
        [
          538.7969360351562,
          643.7251586914062
        ],
        [
          590.13330078125,
          636.9901733398435
        ],
        [
          589.6109008789064,
          577.9347534179688
        ],
        [
          536.8627929687501,
          582.7476196289065
        ]
      ],
      "homography": [
        [
          35.759204068104964,
          8.02585216073749,
          564.3086785033393
        ],
        [
          7.652886741917764,
          38.02946778792432,
          610.6943199962878
        ],
        [
          0.017278907541438626,
          0.013155629752346878,
          1.0
        ]
      ]
    },
    {
      "tag_id": 10,
      "tag_family": "tag36h11",
      "hamming": 0,
      "decision_margin": 71.64266967773438,
      "center": [
        670.5438927491991,
        599.0535136688915
      ],
      "corners": [
        [
          647.6700439453127,
          629.8587036132812
        ],
        [
          692.7752075195312,
          623.3864746093752
        ],
        [
          693.013732910156,
          568.7924194335939
        ],
        [
          646.8519897460939,
          573.1218872070312
        ]
      ],
      "homography": [
        [
          36.454785874776235,
          7.810248767975513,
          670.5438927491991
        ],
        [
          9.483286231325334,
          34.67648549093849,
          599.0535136688915
        ],
        [
          0.020357463192929453,
          0.01144754315438341,
          1.0
        ]
      ]
    }
  ]
}
