{
  "image_file": "4fafd65eed7a_Robot_Reveal_IBOTS_FRC__2370_-_REBUILT_frame_001200.png",
  "image_sha256": "4fafd65eed7ad19fadc8e364cc7ad8e981ab3c89bef29c165f83f7672a16193e",
  "image_width": 1920,
  "image_height": 1080,
  "detector_config": {
    "library": "pupil-apriltags",
    "library_version": "1.0.4.post11",
    "family": "tag36h11",
    "nthreads": 4,
    "quad_decimate": 1.0,
    "quad_sigma": 0.0,
    "refine_edges": true,
    "decode_sharpening": 0.25
  },
  "detected_at": "2026-04-01T04:23:38.746953+00:00",
  "num_detections": 5,
  "detections": [
    {
      "tag_id": 5,
      "tag_family": "tag36h11",
      "hamming": 0,
      "decision_margin": 50.663368225097656,
      "center": [
        1106.8198817191258,
        399.62252060821294
      ],
      "corners": [
        [
          1093.0036621093748,
          422.01934814453125
        ],
        [
          1120.8106689453125,
          419.92333984375
        ],
        [
          1121.0758056640625,
          376.5129089355469
        ],
        [
          1093.2613525390623,
          379.94891357421875
        ]
      ],
      "homography": [
        [
          -3.4495045686144294,
          -0.1456048092427413,
          1106.8198817191258
        ],
        [
          -7.647495741903017,
          21.359576450293446,
          399.62252060821294
        ],
        [
          -0.015676852633475735,
          -1.3483916043589144e-05,
          1.0
        ]
      ]
    },
    {
      "tag_id": 8,
      "tag_family": "tag36h11",
      "hamming": 0,
      "decision_margin": 53.42682647705078,
      "center": [
        1169.154065474382,
        393.7277210224104
      ],
      "corners": [
        [
          1153.9739990234377,
          417.01217651367193
        ],
        [
          1184.2344970703125,
          414.9754333496093
        ],
        [
          1185.140380859375,
          369.20657348632807
        ],
        [
          1154.3101806640627,
          372.8132934570313
        ]
      ],
      "homography": [
        [
          -4.476524274811255,
          10.19577749363566,
          1169.154065474382
        ],
        [
          -8.05241057556174,
          26.019810546286635,
          393.7277210224104
        ],
        [
          -0.016887010618717415,
          0.008982175554154818,
          1.0
        ]
      ]
    },
    {
      "tag_id": 9,
      "tag_family": "tag36h11",
      "hamming": 0,
      "decision_margin": 63.811553955078125,
      "center": [
        1268.617444312373,
        392.7638814959348
      ],
      "corners": [
        [
          1251.8883056640625,
          414.5483093261719
        ],
        [
          1284.3504638671877,
          416.55947875976557
        ],
        [
          1285.154052734375,
          371.23016357421875
        ],
        [
          1252.7485351562502,
          368.76275634765636
        ]
      ],
      "homography": [
        [
          22.615199682227058,
          -1.3594199797164466,
          1268.617444312373
        ],
        [
          3.1008247652983387,
          22.485995496585815,
          392.7638814959348
        ],
        [
          0.005043841563367266,
          -0.0007438001781934825,
          1.0
        ]
      ]
    },
    {
      "tag_id": 10,
      "tag_family": "tag36h11",
      "hamming": 0,
      "decision_margin": 65.92008972167969,
      "center": [
        1336.9301949697694,
        397.70170833370787
      ],
      "corners": [
        [
          1320.9847412109373,
          418.5709228515625
        ],
        [
          1351.3675537109377,
          420.49703979492193
        ],
        [
          1352.692260742188,
          377.07250976562506
        ],
        [
          1322.1326904296875,
          374.3377380371094
        ]
      ],
      "homography": [
        [
          27.33530462457361,
          3.749621186615517,
          1336.9301949697694
        ],
        [
          4.763573187876088,
          23.21188314277714,
          397.70170833370787
        ],
        [
          0.00905139497761089,
          0.0032676569518998613,
          1.0
        ]
      ]
    },
    {
      "tag_id": 12,
      "tag_family": "tag36h11",
      "hamming": 0,
      "decision_margin": 60.445960998535156,
      "center": [
        1715.3774309046319,
        481.82796302439004
      ],
      "corners": [
        [
          1705.7725830078125,
          497.476318359375
        ],
        [
          1724.009521484375,
          498.0967102050781
        ],
        [
          1724.7452392578125,
          466.56579589843744
        ],
        [
          1706.8204345703125,
          465.7007446289062
        ]
      ],
      "homography": [
        [
          16.008359418060994,
          -14.907977460570917,
          1715.3774309046319
        ],
        [
          2.3298456188371106,
          11.76285830906346,
          481.82796302439004
        ],
        [
          0.004062514695488122,
          -0.008431231067639164,
          1.0
        ]
      ]
    }
  ],
  "ingest_metadata": {
    "original_name": "Robot_Reveal_IBOTS_FRC__2370_-_REBUILT_frame_001200.png",
    "source": "unknown",
    "dhash": "635d3e5656328f0c",
    "ingested_at": "2026-04-01T04:23:38.735302+00:00"
  }
}
