{
  "image_file": "50232fddfa0c_38_Robot_Reveals____FRC_Premiere_Night___REEFSCAPE_25___Bonu.png",
  "image_sha256": "50232fddfa0c84f1a1a7a5435ce7997e312506b36b5fc65b4f16fa55346e2834",
  "image_width": 1920,
  "image_height": 1080,
  "detector_config": {
    "library": "pupil-apriltags",
    "library_version": "1.0.4.post11",
    "family": "tag36h11",
    "nthreads": 4,
    "quad_decimate": 1.0,
    "quad_sigma": 0.0,
    "refine_edges": true,
    "decode_sharpening": 0.25
  },
  "detected_at": "2026-04-01T01:04:51.686994+00:00",
  "num_detections": 2,
  "detections": [
    {
      "tag_id": 2,
      "tag_family": "tag36h11",
      "hamming": 0,
      "decision_margin": 69.38709259033203,
      "center": [
        1821.9409314055947,
        247.1556783035383
      ],
      "corners": [
        [
          1807.8519287109373,
          261.48583984375006
        ],
        [
          1835.9019775390627,
          261.5423278808594
        ],
        [
          1836.1064453125005,
          232.7476959228516
        ],
        [
          1808.159423828125,
          232.95404052734378
        ]
      ],
      "homography": [
        [
          5.636650982090032,
          -3.556817855755525,
          1821.9409314055947
        ],
        [
          -1.1720964031895296,
          13.866150108862058,
          247.1556783035383
        ],
        [
          -0.004589761490061157,
          -0.0018818329373600845,
          1.0
        ]
      ]
    },
    {
      "tag_id": 3,
      "tag_family": "tag36h11",
      "hamming": 0,
      "decision_margin": 62.660438537597656,
      "center": [
        1056.1465866043231,
        283.39488157467696
      ],
      "corners": [
        [
          1047.1823730468752,
          294.1636657714844
        ],
        [
          1065.5560302734373,
          293.6222229003907
        ],
        [
          1065.38134765625,
          272.3010864257812
        ],
        [
          1046.5214843750002,
          272.933135986328
        ]
      ],
      "homography": [
        [
          7.439373072253828,
          14.042661166479322,
          1056.1465866043231
        ],
        [
          -0.7939044416518772,
          14.347941669324086,
          283.39488157467696
        ],
        [
          -0.001768116981195011,
          0.01309796752553556,
          1.0
        ]
      ]
    }
  ]
}
