{
  "image_file": "5056b0f6c160_Robot_Reveal_2026_ROULT_4403_FRC_2026_-__Doppelg_nger__frame.png",
  "image_sha256": "5056b0f6c1608245dbc6bd3e53d65ab79d597767043a19c5417e481115db7977",
  "image_width": 1920,
  "image_height": 1080,
  "detector_config": {
    "library": "pupil-apriltags",
    "library_version": "1.0.4.post11",
    "family": "tag36h11",
    "nthreads": 4,
    "quad_decimate": 1.0,
    "quad_sigma": 0.0,
    "refine_edges": true,
    "decode_sharpening": 0.25
  },
  "detected_at": "2026-04-01T04:51:06.357779+00:00",
  "num_detections": 4,
  "detections": [
    {
      "tag_id": 18,
      "tag_family": "tag36h11",
      "hamming": 0,
      "decision_margin": 73.22493743896484,
      "center": [
        1280.8695406543995,
        560.7877061206904
      ],
      "corners": [
        [
          1253.61376953125,
          593.2143554687501
        ],
        [
          1304.4268798828125,
          592.409729003906
        ],
        [
          1307.725952148438,
          528.836181640625
        ],
        [
          1256.7403564453127,
          528.3980712890627
        ]
      ],
      "homography": [
        [
          37.853707827050584,
          1.3459955358505387,
          1280.8695406543995
        ],
        [
          5.338727375493586,
          33.38732628231412,
          560.7877061206904
        ],
        [
          0.009685984493810139,
          0.002305767880913588,
          1.0
        ]
      ]
    },
    {
      "tag_id": 25,
      "tag_family": "tag36h11",
      "hamming": 0,
      "decision_margin": 71.28588104248047,
      "center": [
        905.0844740571816,
        542.1274230151786
      ],
      "corners": [
        [
          893.9552612304685,
          566.900634765625
        ],
        [
          915.411865234375,
          572.4024658203125
        ],
        [
          917.0014648437503,
          515.6006469726562
        ],
        [
          894.8268432617188,
          512.0568847656249
        ]
      ],
      "homography": [
        [
          -6.101647489976132,
          13.326808256908862,
          905.0844740571816
        ],
        [
          -7.908043123525322,
          36.243276752249585,
          542.1274230151786
        ],
        [
          -0.01878571913094823,
          0.015396828809468285,
          1.0
        ]
      ]
    },
    {
      "tag_id": 26,
      "tag_family": "tag36h11",
      "hamming": 0,
      "decision_margin": 74.75167846679688,
      "center": [
        958.9148805887519,
        551.3728285800038
      ],
      "corners": [
        [
          945.66455078125,
          578.9733276367188
        ],
        [
          971.2078857421875,
          583.67529296875
        ],
        [
          972.7015991210939,
          522.6550292968749
        ],
        [
          946.8840942382814,
          519.7593994140624
        ]
      ],
      "homography": [
        [
          -1.8438414886096557,
          3.666893008844226,
          958.9148805887519
        ],
        [
          -6.5382607761487215,
          32.548505606197864,
          551.3728285800038
        ],
        [
          -0.015309684610217908,
          0.004529342124427652,
          1.0
        ]
      ]
    },
    {
      "tag_id": 27,
      "tag_family": "tag36h11",
      "hamming": 0,
      "decision_margin": 71.81608581542969,
      "center": [
        1163.1628944630313,
        565.3349192993945
      ],
      "corners": [
        [
          1134.75341796875,
          599.7738037109375
        ],
        [
          1189.9952392578125,
          597.3973999023439
        ],
        [
          1191.3892822265623,
          531.1179809570312
        ],
        [
          1135.292236328125,
          532.03173828125
        ]
      ],
      "homography": [
        [
          40.74869150226618,
          8.67085811552966,
          1163.1628944630313
        ],
        [
          5.45082915183536,
          37.950803900787946,
          565.3349192993945
        ],
        [
          0.011106827574979878,
          0.007874092749627484,
          1.0
        ]
      ]
    }
  ]
}
