{
  "image_file": "507d3576e768_FRC_GAME_POV___Close_Match_at_SCR__frame_001071.png",
  "image_sha256": "507d3576e768d20b300be6eedeabd3296f81f08911c60025da114eba45ae665b",
  "image_width": 1920,
  "image_height": 1080,
  "detector_config": {
    "library": "pupil-apriltags",
    "library_version": "1.0.4.post11",
    "family": "tag36h11",
    "nthreads": 4,
    "quad_decimate": 1.0,
    "quad_sigma": 0.0,
    "refine_edges": true,
    "decode_sharpening": 0.25
  },
  "detected_at": "2026-04-01T16:19:13.958416+00:00",
  "num_detections": 3,
  "detections": [
    {
      "tag_id": 6,
      "tag_family": "tag36h11",
      "hamming": 0,
      "decision_margin": 48.820255279541016,
      "center": [
        1584.1784062215233,
        800.1680545463089
      ],
      "corners": [
        [
          1569.747436523438,
          823.7639770507812
        ],
        [
          1608.30419921875,
          816.4237670898436
        ],
        [
          1598.6477050781245,
          776.5094604492188
        ],
        [
          1560.2770996093748,
          784.0635986328126
        ]
      ],
      "homography": [
        [
          14.478701562233937,
          2.1296190345115082,
          1584.1784062215233
        ],
        [
          -6.1244139687471515,
          18.56403056527381,
          800.1680545463089
        ],
        [
          -0.003000208455172291,
          -0.0016739523187240964,
          1.0
        ]
      ]
    },
    {
      "tag_id": 7,
      "tag_family": "tag36h11",
      "hamming": 2,
      "decision_margin": 12.139020919799805,
      "center": [
        766.2816896575733,
        492.34104494118947
      ],
      "corners": [
        [
          735.6723022460936,
          509.51123046875
        ],
        [
          784.3839111328125,
          556.1028442382811
        ],
        [
          792.6408691406253,
          477.5549926757813
        ],
        [
          746.9148559570312,
          424.1248779296875
        ]
      ],
      "homography": [
        [
          65.03546892922441,
          -20.459628658532658,
          766.2816896575733
        ],
        [
          51.68662371686184,
          30.84411576434139,
          492.34104494118947
        ],
        [
          0.05417851863514279,
          -0.02042767492237571,
          1.0
        ]
      ]
    },
    {
      "tag_id": 8,
      "tag_family": "tag36h11",
      "hamming": 0,
      "decision_margin": 41.355499267578125,
      "center": [
        556.9872973784104,
        259.56574661290557
      ],
      "corners": [
        [
          496.51016235351574,
          259.2568664550782
        ],
        [
          579.332214355469,
          344.82861328124994
        ],
        [
          606.7941284179688,
          259.82012939453125
        ],
        [
          534.861389160156,
          175.13856506347656
        ]
      ],
      "homography": [
        [
          64.00390847548864,
          -44.51207166152743,
          556.9872973784104
        ],
        [
          54.47871105187158,
          29.085952665139143,
          259.56574661290557
        ],
        [
          0.04591411041029797,
          -0.05083888430064962,
          1.0
        ]
      ]
    }
  ],
  "ingest_metadata": {
    "original_name": "FRC_GAME_POV___Close_Match_at_SCR__frame_001071.png",
    "source": "unknown",
    "dhash": "acb4b43d3c797959",
    "ingested_at": "2026-04-01T16:19:13.955300+00:00"
  }
}
