{
  "image_file": "50a385b402b4_MEET_VENGEANCE___Bronc_Botz_2025_Robot_Reveal_frame_000600.png",
  "image_sha256": "50a385b402b437635406571715b0dc32c2fbe4f0df28a17b69a91cb8e9fa7382",
  "image_width": 1920,
  "image_height": 1080,
  "detector_config": {
    "library": "pupil-apriltags",
    "library_version": "1.0.4.post11",
    "family": "tag36h11",
    "nthreads": 4,
    "quad_decimate": 1.0,
    "quad_sigma": 0.0,
    "refine_edges": true,
    "decode_sharpening": 0.25
  },
  "detected_at": "2026-04-01T02:56:42.240360+00:00",
  "num_detections": 2,
  "detections": [
    {
      "tag_id": 1,
      "tag_family": "tag36h11",
      "hamming": 0,
      "decision_margin": 49.19807434082031,
      "center": [
        1544.4257889311916,
        193.33570209318125
      ],
      "corners": [
        [
          1529.5426025390625,
          209.4325256347656
        ],
        [
          1558.281494140625,
          205.92649841308594
        ],
        [
          1559.4974365234375,
          177.0350494384766
        ],
        [
          1531.3227539062495,
          181.4288635253906
        ]
      ],
      "homography": [
        [
          -12.19521606379635,
          -17.45526668243565,
          1544.4257889311916
        ],
        [
          -5.286503015018555,
          12.12796779328636,
          193.33570209318125
        ],
        [
          -0.017105425115271525,
          -0.010813913026941773,
          1.0
        ]
      ]
    },
    {
      "tag_id": 11,
      "tag_family": "tag36h11",
      "hamming": 0,
      "decision_margin": 21.443893432617188,
      "center": [
        1234.7821727040912,
        417.7981051652979
      ],
      "corners": [
        [
          1226.4995117187498,
          440.9591369628906
        ],
        [
          1242.4934082031252,
          437.658447265625
        ],
        [
          1242.8559570312505,
          395.22116088867193
        ],
        [
          1226.75146484375,
          397.1149597167969
        ]
      ],
      "homography": [
        [
          28.436121774381945,
          4.490698228139085,
          1234.7821727040912
        ],
        [
          5.606239450540838,
          23.136092274706016,
          417.7981051652979
        ],
        [
          0.016532318640592205,
          0.00376202202714106,
          1.0
        ]
      ]
    }
  ]
}
