{
  "image_file": "50bd3a8e936c_Half_Hollow_Hills_Invitational_Playoff_Match_6_2025_frame_00.png",
  "image_sha256": "50bd3a8e936c49ef0aea9ce739af46e6113f7803fb72fbead24025a4d5655970",
  "image_width": 1920,
  "image_height": 1080,
  "detector_config": {
    "library": "pupil-apriltags",
    "library_version": "1.0.4.post11",
    "family": "tag36h11",
    "nthreads": 4,
    "quad_decimate": 1.0,
    "quad_sigma": 0.0,
    "refine_edges": true,
    "decode_sharpening": 0.25
  },
  "detected_at": "2026-04-01T16:06:16.905098+00:00",
  "num_detections": 2,
  "detections": [
    {
      "tag_id": 16,
      "tag_family": "tag36h11",
      "hamming": 0,
      "decision_margin": 49.95820999145508,
      "center": [
        363.09148810465786,
        515.429280850247
      ],
      "corners": [
        [
          350.4135131835938,
          528.6883544921874
        ],
        [
          375.8760681152344,
          527.351989746094
        ],
        [
          375.6283874511719,
          502.3177490234375
        ],
        [
          350.4361877441407,
          503.62713623046847
        ]
      ],
      "homography": [
        [
          12.75648974590797,
          -1.882025893221224,
          363.09148810465786
        ],
        [
          -0.5291350306710013,
          9.77196180058138,
          515.429280850247
        ],
        [
          0.0002565817675359286,
          -0.0053383529147859555,
          1.0
        ]
      ]
    },
    {
      "tag_id": 20,
      "tag_family": "tag36h11",
      "hamming": 0,
      "decision_margin": 82.85971069335938,
      "center": [
        933.896689183938,
        904.8613145638446
      ],
      "corners": [
        [
          899.9472045898435,
          938.1439819335938
        ],
        [
          968.4544067382812,
          933.8280639648438
        ],
        [
          967.8142700195315,
          871.6099243164062
        ],
        [
          898.0241699218749,
          874.7924804687499
        ]
      ],
      "homography": [
        [
          43.50475253216325,
          9.132210036610337,
          933.896689183938
        ],
        [
          6.7789657184417775,
          39.62061919066605,
          904.8613145638446
        ],
        [
          0.009569117280340973,
          0.009099025369058978,
          1.0
        ]
      ]
    }
  ]
}
