{
  "image_file": "51d103a8d6b5_2024_Team_316_LUNATECS_Reveal_frame_002220.png",
  "image_sha256": "51d103a8d6b5f75138c35826261b7ef4be1b477b9c0c426d11f4da90b97d3632",
  "image_width": 1920,
  "image_height": 1080,
  "detector_config": {
    "library": "pupil-apriltags",
    "library_version": "1.0.4.post11",
    "family": "tag36h11",
    "nthreads": 4,
    "quad_decimate": 1.0,
    "quad_sigma": 0.0,
    "refine_edges": true,
    "decode_sharpening": 0.25
  },
  "detected_at": "2026-04-01T00:26:35.880515+00:00",
  "num_detections": 2,
  "detections": [
    {
      "tag_id": 7,
      "tag_family": "tag36h11",
      "hamming": 0,
      "decision_margin": 79.05883026123047,
      "center": [
        1167.2795523952243,
        284.53532150816466
      ],
      "corners": [
        [
          1143.4038085937498,
          313.9661865234375
        ],
        [
          1192.9527587890623,
          312.1609497070312
        ],
        [
          1191.2860107421875,
          254.94332885742182
        ],
        [
          1141.6636962890627,
          256.9714050292969
        ]
      ],
      "homography": [
        [
          22.546808456329018,
          1.7924647251215928,
          1167.2795523952243
        ],
        [
          -1.5056952884551755,
          28.7822720639885,
          284.53532150816466
        ],
        [
          -0.0019240484930791303,
          0.0008058707592503612,
          1.0
        ]
      ]
    },
    {
      "tag_id": 8,
      "tag_family": "tag36h11",
      "hamming": 0,
      "decision_margin": 80.78626251220703,
      "center": [
        999.2485117823528,
        291.067388587986
      ],
      "corners": [
        [
          976.9810180664064,
          319.72653198242193
        ],
        [
          1023.3394165039061,
          317.9974670410156
        ],
        [
          1021.7425537109375,
          262.1166687011718
        ],
        [
          975.3800659179689,
          264.38598632812494
        ]
      ],
      "homography": [
        [
          18.33346509809371,
          1.0106923403838004,
          999.2485117823528
        ],
        [
          -2.411150130359207,
          27.866201248021696,
          291.067388587986
        ],
        [
          -0.004849856448452968,
          0.00021136876145224067,
          1.0
        ]
      ]
    }
  ]
}
