{
  "image_file": "51f45127c178_FRC125_-_The_NUTRONs_-_2026_Reveal_frame_001180.png",
  "image_sha256": "51f45127c178032b5a5809b10e12e115dd7ba274b9c844f40be9c2fd747af6d4",
  "image_width": 1920,
  "image_height": 1080,
  "detector_config": {
    "library": "pupil-apriltags",
    "library_version": "1.0.4.post11",
    "family": "tag36h11",
    "nthreads": 4,
    "quad_decimate": 1.0,
    "quad_sigma": 0.0,
    "refine_edges": true,
    "decode_sharpening": 0.25
  },
  "detected_at": "2026-04-01T04:23:14.513460+00:00",
  "num_detections": 4,
  "detections": [
    {
      "tag_id": 2,
      "tag_family": "tag36h11",
      "hamming": 0,
      "decision_margin": 62.273902893066406,
      "center": [
        1580.5961723074074,
        657.7844694378003
      ],
      "corners": [
        [
          1544.7862548828123,
          688.2794189453124
        ],
        [
          1614.9603271484373,
          692.9509887695311
        ],
        [
          1617.282470703125,
          626.5432128906251
        ],
        [
          1546.9061279296877,
          623.3078002929689
        ]
      ],
      "homography": [
        [
          17.751360371883266,
          0.615814608104531,
          1580.5961723074074
        ],
        [
          -5.256408586089042,
          33.55890604329579,
          657.7844694378003
        ],
        [
          -0.010997069193672777,
          0.0010915751749508114,
          1.0
        ]
      ]
    },
    {
      "tag_id": 11,
      "tag_family": "tag36h11",
      "hamming": 0,
      "decision_margin": 63.847625732421875,
      "center": [
        1433.5802578246123,
        650.0581922406311
      ],
      "corners": [
        [
          1400.3850097656252,
          679.9260864257814
        ],
        [
          1466.1594238281248,
          683.5238037109374
        ],
        [
          1467.4113769531248,
          619.6181640625
        ],
        [
          1401.3959960937502,
          616.998229980469
        ]
      ],
      "homography": [
        [
          21.77450660653244,
          1.8645424033129556,
          1433.5802578246123
        ],
        [
          -3.5102719122360253,
          32.80799913078954,
          650.0581922406311
        ],
        [
          -0.0077922613391015584,
          0.0016946181712634001,
          1.0
        ]
      ]
    },
    {
      "tag_id": 15,
      "tag_family": "tag36h11",
      "hamming": 0,
      "decision_margin": 80.54401397705078,
      "center": [
        253.77076607811875,
        752.714083448953
      ],
      "corners": [
        [
          236.43801879882807,
          777.7691040039061
        ],
        [
          270.1353149414063,
          772.0316162109374
        ],
        [
          270.64965820312506,
          728.3151245117189
        ],
        [
          236.68606567382815,
          732.5464477539065
        ]
      ],
      "homography": [
        [
          21.324916775400737,
          0.8555582325424806,
          253.77076607811875
        ],
        [
          10.60103463934922,
          25.33808964685295,
          752.714083448953
        ],
        [
          0.017397890448951795,
          0.004131786801566956,
          1.0
        ]
      ]
    },
    {
      "tag_id": 16,
      "tag_family": "tag36h11",
      "hamming": 0,
      "decision_margin": 76.87923431396484,
      "center": [
        338.5612099125754,
        737.7028656135046
      ],
      "corners": [
        [
          323.7893371582031,
          761.606689453125
        ],
        [
          353.6031799316407,
          755.6298828125001
        ],
        [
          353.01400756835943,
          714.3153686523438
        ],
        [
          323.30657958984375,
          719.5223999023436
        ]
      ],
      "homography": [
        [
          17.915507957027103,
          -0.39149840965421623,
          338.5612099125754
        ],
        [
          3.821198161167215,
          19.409796333150325,
          737.7028656135046
        ],
        [
          0.008968642232315395,
          -0.001949362799399955,
          1.0
        ]
      ]
    }
  ]
}
