{
  "image_file": "5225be430802_PC000002_MOV-0376_jpg_rf_50ba42444f8c7d2063e4f0edd02138dd.png",
  "image_sha256": "5225be430802e732822e2df53b83c0fe878bdadc6fc36bd8aabb887d3683f49c",
  "image_width": 640,
  "image_height": 360,
  "detector_config": {
    "library": "pupil-apriltags",
    "library_version": "1.0.4.post11",
    "family": "tag36h11",
    "nthreads": 4,
    "quad_decimate": 1.0,
    "quad_sigma": 0.0,
    "refine_edges": true,
    "decode_sharpening": 0.25
  },
  "detected_at": "2026-03-24T14:12:29.007596+00:00",
  "num_detections": 2,
  "detections": [
    {
      "tag_id": 19,
      "tag_family": "tag36h11",
      "hamming": 0,
      "decision_margin": 53.45884704589844,
      "center": [
        321.3536574378583,
        285.2606831135278
      ],
      "corners": [
        [
          314.5093688964844,
          292.8833923339844
        ],
        [
          327.9017028808594,
          293.82849121093756
        ],
        [
          328.4929504394531,
          277.30941772460943
        ],
        [
          314.8837890625,
          276.795166015625
        ]
      ],
      "homography": [
        [
          2.39406395264325,
          2.1848185381397234,
          321.3536574378583
        ],
        [
          -3.4991268226653474,
          10.302393369618585,
          285.2606831135278
        ],
        [
          -0.013550916653082022,
          0.007545571347102996,
          1.0
        ]
      ]
    },
    {
      "tag_id": 20,
      "tag_family": "tag36h11",
      "hamming": 1,
      "decision_margin": 52.27412033081055,
      "center": [
        350.1442072956417,
        286.2493933075338
      ],
      "corners": [
        [
          343.8038330078124,
          294.0836181640625
        ],
        [
          356.48175048828125,
          294.21447753906244
        ],
        [
          355.79653930664074,
          279.2653198242187
        ],
        [
          343.6720886230469,
          278.11517333984375
        ]
      ],
      "homography": [
        [
          18.073827927719037,
          -7.9911661541240715,
          350.1442072956417
        ],
        [
          10.046948455918766,
          1.0090881318199094,
          286.2493933075338
        ],
        [
          0.033938753341224086,
          -0.02343297408092362,
          1.0
        ]
      ]
    }
  ]
}
