{
  "image_file": "523ee8036568_Tempest___2025_Robot_Reveal_EPIC_Robotz_frame_002640.png",
  "image_sha256": "523ee8036568a744dee8e566625eef40cea6494e78679a04e9941f0b2000810c",
  "image_width": 1920,
  "image_height": 1080,
  "detector_config": {
    "library": "pupil-apriltags",
    "library_version": "1.0.4.post11",
    "family": "tag36h11",
    "nthreads": 4,
    "quad_decimate": 1.0,
    "quad_sigma": 0.0,
    "refine_edges": true,
    "decode_sharpening": 0.25
  },
  "detected_at": "2026-04-01T02:23:12.507631+00:00",
  "num_detections": 2,
  "detections": [
    {
      "tag_id": 17,
      "tag_family": "tag36h11",
      "hamming": 0,
      "decision_margin": 70.47411346435547,
      "center": [
        1657.2528841323935,
        719.7826378315294
      ],
      "corners": [
        [
          1629.0718994140623,
          757.5834350585938
        ],
        [
          1681.7684326171873,
          749.9457397460939
        ],
        [
          1685.15869140625,
          682.3509521484374
        ],
        [
          1632.5285644531252,
          689.3626708984374
        ]
      ],
      "homography": [
        [
          33.909856384038676,
          -2.2638094312703703,
          1657.2528841323935
        ],
        [
          -0.37054939713334945,
          33.71333220272368,
          719.7826378315294
        ],
        [
          0.004573080085201135,
          -0.00033319882112135786,
          1.0
        ]
      ]
    },
    {
      "tag_id": 18,
      "tag_family": "tag36h11",
      "hamming": 0,
      "decision_margin": 73.01272583007812,
      "center": [
        1291.487338119455,
        722.3601353531343
      ],
      "corners": [
        [
          1260.2176513671873,
          751.3609619140625
        ],
        [
          1322.3529052734377,
          760.0493774414061
        ],
        [
          1323.4787597656252,
          692.6899414062499
        ],
        [
          1260.7294921875,
          684.8024291992189
        ]
      ],
      "homography": [
        [
          22.723051891963223,
          5.8309673652981955,
          1291.487338119455
        ],
        [
          -0.6061696890878966,
          36.96680234728808,
          722.3601353531343
        ],
        [
          -0.006578440698524364,
          0.004830383967599556,
          1.0
        ]
      ]
    }
  ]
}
