{
  "image_file": "526e5b9179eb_gdrive_1OFEerTz_puEJG8C3M6D15g2TPNTZb00F_frame_001475.png",
  "image_sha256": "526e5b9179eb6fff7e7a68a004652ff4a24bff0256d60ae53a9542c61f0e4d09",
  "image_width": 1920,
  "image_height": 1080,
  "detector_config": {
    "library": "pupil-apriltags",
    "library_version": "1.0.4.post11",
    "family": "tag36h11",
    "nthreads": 4,
    "quad_decimate": 1.0,
    "quad_sigma": 0.0,
    "refine_edges": true,
    "decode_sharpening": 0.25
  },
  "detected_at": "2026-03-31T23:42:42.416623+00:00",
  "num_detections": 4,
  "detections": [
    {
      "tag_id": 3,
      "tag_family": "tag36h11",
      "hamming": 0,
      "decision_margin": 43.42852020263672,
      "center": [
        599.0249422888279,
        467.7754142750873
      ],
      "corners": [
        [
          592.1572265625,
          474.6849670410156
        ],
        [
          606.5007934570312,
          473.49188232421875
        ],
        [
          605.6931152343751,
          461.0666198730469
        ],
        [
          591.1127319335939,
          461.72528076171875
        ]
      ],
      "homography": [
        [
          20.135772449490787,
          4.538618818342459,
          599.0249422888279
        ],
        [
          9.615706366784421,
          9.527568725064045,
          467.7754142750873
        ],
        [
          0.021549376079363584,
          0.006807619138398434,
          1.0
        ]
      ]
    },
    {
      "tag_id": 4,
      "tag_family": "tag36h11",
      "hamming": 0,
      "decision_margin": 42.9589729309082,
      "center": [
        630.109603204417,
        466.7283147022368
      ],
      "corners": [
        [
          623.2603149414061,
          473.54864501953125
        ],
        [
          637.7171020507812,
          472.5640869140626
        ],
        [
          636.6428222656251,
          460.2227172851562
        ],
        [
          622.0479125976562,
          460.5441284179687
        ]
      ],
      "homography": [
        [
          23.83102952685158,
          2.261525874728594,
          630.109603204417
        ],
        [
          11.948818336994803,
          7.584836281432674,
          466.7283147022368
        ],
        [
          0.026302190634402426,
          0.002684105163172035,
          1.0
        ]
      ]
    },
    {
      "tag_id": 6,
      "tag_family": "tag36h11",
      "hamming": 0,
      "decision_margin": 39.41130447387695,
      "center": [
        892.0208675535932,
        473.2246702505205
      ],
      "corners": [
        [
          886.9745483398436,
          479.0049133300781
        ],
        [
          897.8740234375,
          478.77612304687494
        ],
        [
          897.0765380859374,
          467.4337158203125
        ],
        [
          886.4776000976561,
          467.96713256835943
        ]
      ],
      "homography": [
        [
          -7.168167019219821,
          -11.393422086656528,
          892.0208675535932
        ],
        [
          -6.845475079867242,
          -0.6218215766631383,
          473.2246702505205
        ],
        [
          -0.0140587086943781,
          -0.013133017931492574,
          1.0
        ]
      ]
    },
    {
      "tag_id": 28,
      "tag_family": "tag36h11",
      "hamming": 0,
      "decision_margin": 44.21836853027344,
      "center": [
        1112.2338674754988,
        356.4822508499449
      ],
      "corners": [
        [
          1091.8074951171875,
          380.1058654785156
        ],
        [
          1135.9516601562498,
          380.2417602539063
        ],
        [
          1132.2259521484375,
          333.36090087890625
        ],
        [
          1088.2375488281252,
          332.4437255859375
        ]
      ],
      "homography": [
        [
          31.253199159981477,
          -0.9044114680159472,
          1112.2338674754988
        ],
        [
          3.219835629290853,
          22.75929394314869,
          356.4822508499449
        ],
        [
          0.00829108912091653,
          -0.0024536972284637244,
          1.0
        ]
      ]
    }
  ]
}
