{
  "image_file": "52c2ff4fb730_FRC_4728_ROCORI_2026_Robot_Reveal_-__GUS__frame_000708.png",
  "image_sha256": "52c2ff4fb730c8744162228b34f19052ac163cd7af0f831221fb58383664dd1b",
  "image_width": 1920,
  "image_height": 1080,
  "detector_config": {
    "library": "pupil-apriltags",
    "library_version": "1.0.4.post11",
    "family": "tag36h11",
    "nthreads": 4,
    "quad_decimate": 1.0,
    "quad_sigma": 0.0,
    "refine_edges": true,
    "decode_sharpening": 0.25
  },
  "detected_at": "2026-04-01T04:36:15.386359+00:00",
  "num_detections": 2,
  "detections": [
    {
      "tag_id": 25,
      "tag_family": "tag36h11",
      "hamming": 0,
      "decision_margin": 51.26912307739258,
      "center": [
        1528.4197912132674,
        142.5369821003421
      ],
      "corners": [
        [
          1479.6490478515625,
          195.19082641601562
        ],
        [
          1578.33935546875,
          185.4353790283203
        ],
        [
          1579.0294189453125,
          87.89784240722659
        ],
        [
          1479.9947509765623,
          100.92290496826172
        ]
      ],
      "homography": [
        [
          23.66295351601002,
          2.270891454617416,
          1528.4197912132674
        ],
        [
          -8.092592977094034,
          48.172964154499084,
          142.5369821003421
        ],
        [
          -0.016850152086728163,
          0.0016533446310010218,
          1.0
        ]
      ]
    },
    {
      "tag_id": 26,
      "tag_family": "tag36h11",
      "hamming": 0,
      "decision_margin": 47.866580963134766,
      "center": [
        1759.3047879257745,
        116.2237836484687
      ],
      "corners": [
        [
          1702.44873046875,
          173.37547302246094
        ],
        [
          1816.979248046875,
          162.00753784179685
        ],
        [
          1818.1356201171875,
          57.087051391601555
        ],
        [
          1703.82080078125,
          72.17889404296878
        ]
      ],
      "homography": [
        [
          25.14870754344861,
          -2.6465570291052214,
          1759.3047879257745
        ],
        [
          -8.731763321426747,
          51.37944466982546,
          116.2237836484687
        ],
        [
          -0.01821378478324416,
          -0.0011437888624454462,
          1.0
        ]
      ]
    }
  ]
}
