{
  "image_file": "52e350dee348_PC000001_MOV-0093_jpg_rf_a75f6573d65bb4c9fcd80ecf085147a0.png",
  "image_sha256": "52e350dee34807e98e971f1676dbed0130b32f968c14f49f11a5c19b9ec603d2",
  "image_width": 640,
  "image_height": 360,
  "detector_config": {
    "library": "pupil-apriltags",
    "library_version": "1.0.4.post11",
    "family": "tag36h11",
    "nthreads": 4,
    "quad_decimate": 1.0,
    "quad_sigma": 0.0,
    "refine_edges": true,
    "decode_sharpening": 0.25
  },
  "detected_at": "2026-03-24T14:12:35.107622+00:00",
  "num_detections": 2,
  "detections": [
    {
      "tag_id": 15,
      "tag_family": "tag36h11",
      "hamming": 0,
      "decision_margin": 67.56917572021484,
      "center": [
        396.53259768035355,
        171.22143026581168
      ],
      "corners": [
        [
          390.0817260742188,
          182.0339202880859
        ],
        [
          405.82458496093744,
          182.78746032714844
        ],
        [
          403.1840515136717,
          160.07273864746094
        ],
        [
          387.41439819335943,
          159.87171936035156
        ]
      ],
      "homography": [
        [
          2.970123938943345,
          2.4909755785116094,
          396.53259768035355
        ],
        [
          -1.879334901717813,
          11.719894720565208,
          171.22143026581168
        ],
        [
          -0.012374332751406314,
          0.002934570092626778,
          1.0
        ]
      ]
    },
    {
      "tag_id": 16,
      "tag_family": "tag36h11",
      "hamming": 0,
      "decision_margin": 74.24139404296875,
      "center": [
        443.32939462889476,
        173.14040819337802
      ],
      "corners": [
        [
          435.2043762207031,
          184.72248840332034
        ],
        [
          454.53897094726557,
          185.91424560546875
        ],
        [
          451.86370849609375,
          160.97488403320312
        ],
        [
          432.2731018066406,
          160.54124450683594
        ]
      ],
      "homography": [
        [
          2.7565527069277773,
          5.323870100836814,
          443.32939462889476
        ],
        [
          -2.313241016713393,
          13.807200901260813,
          173.14040819337802
        ],
        [
          -0.015726387588368022,
          0.008842151668871314,
          1.0
        ]
      ]
    }
  ]
}
