{
  "image_file": "52f1857e504b_2025_Robot_Reveal_-_CybertorsK___CyberpunK_FRC_8020______fra.png",
  "image_sha256": "52f1857e504bf3f1e35c383b92c26decb8e92011ad8552a1b8bb27b36e659589",
  "image_width": 1920,
  "image_height": 1080,
  "detector_config": {
    "library": "pupil-apriltags",
    "library_version": "1.0.4.post11",
    "family": "tag36h11",
    "nthreads": 4,
    "quad_decimate": 1.0,
    "quad_sigma": 0.0,
    "refine_edges": true,
    "decode_sharpening": 0.25
  },
  "detected_at": "2026-04-01T02:29:39.806268+00:00",
  "num_detections": 2,
  "detections": [
    {
      "tag_id": 10,
      "tag_family": "tag36h11",
      "hamming": 0,
      "decision_margin": 85.27574920654297,
      "center": [
        1191.6122759122056,
        916.1780126169017
      ],
      "corners": [
        [
          1149.9493408203127,
          957.7079467773439
        ],
        [
          1234.0164794921875,
          963.5858154296876
        ],
        [
          1233.9984130859375,
          873.9271850585938
        ],
        [
          1149.9461669921877,
          869.5953979492189
        ]
      ],
      "homography": [
        [
          31.66916811985402,
          -0.09900270073262231,
          1191.6122759122056
        ],
        [
          -5.41127228431913,
          44.35928086492015,
          916.1780126169017
        ],
        [
          -0.008692007085521805,
          -8.748519915070402e-05,
          1.0
        ]
      ]
    },
    {
      "tag_id": 11,
      "tag_family": "tag36h11",
      "hamming": 0,
      "decision_margin": 77.3812484741211,
      "center": [
        1637.2838198315285,
        914.7572454652704
      ],
      "corners": [
        [
          1607.7412109374998,
          961.6583862304688
        ],
        [
          1666.1187744140627,
          955.8289184570314
        ],
        [
          1666.18505859375,
          868.8743286132814
        ],
        [
          1607.7863769531245,
          872.7419433593749
        ]
      ],
      "homography": [
        [
          47.47171793868711,
          0.28555486876235264,
          1637.2838198315285
        ],
        [
          7.789680106048531,
          44.137460839958976,
          914.7572454652704
        ],
        [
          0.011165625072192712,
          0.00019149935104644658,
          1.0
        ]
      ]
    }
  ]
}
