{
  "image_file": "5348249534cb_IMG_20240302_195208.png",
  "image_sha256": "5348249534cbed37097fa6db28a355a4bdf4962a3881940b9ff09b4d2d40b8c5",
  "image_width": 1080,
  "image_height": 1080,
  "detector_config": {
    "library": "pupil-apriltags",
    "library_version": "1.0.4.post11",
    "family": "tag36h11",
    "nthreads": 4,
    "quad_decimate": 1.0,
    "quad_sigma": 0.0,
    "refine_edges": true,
    "decode_sharpening": 0.25
  },
  "detected_at": "2026-03-24T14:33:25.238274+00:00",
  "num_detections": 2,
  "detections": [
    {
      "tag_id": 3,
      "tag_family": "tag36h11",
      "hamming": 0,
      "decision_margin": 64.48359680175781,
      "center": [
        767.405964479339,
        466.1548504823153
      ],
      "corners": [
        [
          726.6232910156252,
          507.375
        ],
        [
          803.1361083984374,
          506.37026977539057
        ],
        [
          807.9939575195312,
          425.13146972656256
        ],
        [
          730.7962646484376,
          424.94946289062494
        ]
      ],
      "homography": [
        [
          44.00816809731998,
          1.4870385521528586,
          767.405964479339
        ],
        [
          3.182978860394366,
          43.189226807301566,
          466.1548504823153
        ],
        [
          0.007275589182964238,
          0.00488307561651441,
          1.0
        ]
      ]
    },
    {
      "tag_id": 4,
      "tag_family": "tag36h11",
      "hamming": 0,
      "decision_margin": 59.33566665649414,
      "center": [
        490.21954165442133,
        468.14513412696056
      ],
      "corners": [
        [
          448.0918273925781,
          511.4000244140625
        ],
        [
          532.338623046875,
          510.30755615234364
        ],
        [
          532.4343872070311,
          424.80078125
        ],
        [
          446.6879272460937,
          424.56872558593767
        ]
      ],
      "homography": [
        [
          46.28155152638146,
          4.61674495181507,
          490.21954165442133
        ],
        [
          3.3975530187452647,
          47.18075243380508,
          468.14513412696056
        ],
        [
          0.007729361239221565,
          0.008762425577775568,
          1.0
        ]
      ]
    }
  ]
}
