{
  "image_file": "53cd66bd94fd_The_Chimeras_FRC_Team_1684_-_2025_Robot_Reveal__Siren__frame.png",
  "image_sha256": "53cd66bd94fdf316aea3639e71f508f9efa21bb99db67d4bffccaca4ae6ab2e4",
  "image_width": 1920,
  "image_height": 1080,
  "detector_config": {
    "library": "pupil-apriltags",
    "library_version": "1.0.4.post11",
    "family": "tag36h11",
    "nthreads": 4,
    "quad_decimate": 1.0,
    "quad_sigma": 0.0,
    "refine_edges": true,
    "decode_sharpening": 0.25
  },
  "detected_at": "2026-04-01T02:49:32.764482+00:00",
  "num_detections": 3,
  "detections": [
    {
      "tag_id": 2,
      "tag_family": "tag36h11",
      "hamming": 0,
      "decision_margin": 76.1203384399414,
      "center": [
        1657.418646413866,
        341.11994222394736
      ],
      "corners": [
        [
          1637.3585205078125,
          366.3892822265625
        ],
        [
          1680.2305908203125,
          362.2677612304688
        ],
        [
          1678.084228515625,
          315.08792114257807
        ],
        [
          1635.400756835938,
          320.70825195312494
        ]
      ],
      "homography": [
        [
          -5.615671976586555,
          -1.333707607806901,
          1657.418646413866
        ],
        [
          -7.992616871865553,
          22.723716487417903,
          341.11994222394736
        ],
        [
          -0.01628966287385984,
          -0.0014229797559293501,
          1.0
        ]
      ]
    },
    {
      "tag_id": 6,
      "tag_family": "tag36h11",
      "hamming": 0,
      "decision_margin": 71.97174072265625,
      "center": [
        225.7980240932327,
        948.1950196329996
      ],
      "corners": [
        [
          170.66015625,
          1008.2161865234374
        ],
        [
          283.1002197265625,
          993.2927856445314
        ],
        [
          279.67581176757807,
          889.5455322265625
        ],
        [
          166.80763244628906,
          901.7686157226561
        ]
      ],
      "homography": [
        [
          59.261191595957285,
          2.1507127778251416,
          225.7980240932327
        ],
        [
          5.574853419679806,
          53.94234344547226,
          948.1950196329996
        ],
        [
          0.013037753245609686,
          0.001479044884826466,
          1.0
        ]
      ]
    },
    {
      "tag_id": 7,
      "tag_family": "tag36h11",
      "hamming": 0,
      "decision_margin": 54.308677673339844,
      "center": [
        608.3815192750417,
        857.7939516946649
      ],
      "corners": [
        [
          597.9857788085936,
          908.7634277343749
        ],
        [
          619.867919921875,
          892.1061401367188
        ],
        [
          618.4608154296876,
          808.3759765625
        ],
        [
          596.1337280273439,
          821.2073364257811
        ]
      ],
      "homography": [
        [
          25.504695659641698,
          5.867008438990641,
          608.3815192750417
        ],
        [
          13.00322348029726,
          49.92764442183841,
          857.7939516946649
        ],
        [
          0.023767516071452152,
          0.00831238807055489,
          1.0
        ]
      ]
    }
  ]
}
