{
  "image_file": "5430114c3366_Q66_-_WPI_-_190_POV_frame_004484.png",
  "image_sha256": "5430114c33667966dda992c07774d7f63b548ee3c18afea8460d1a8f242b76c9",
  "image_width": 1920,
  "image_height": 1080,
  "detector_config": {
    "library": "pupil-apriltags",
    "library_version": "1.0.4.post11",
    "family": "tag36h11",
    "nthreads": 4,
    "quad_decimate": 1.0,
    "quad_sigma": 0.0,
    "refine_edges": true,
    "decode_sharpening": 0.25
  },
  "detected_at": "2026-04-01T15:05:37.929535+00:00",
  "num_detections": 2,
  "detections": [
    {
      "tag_id": 21,
      "tag_family": "tag36h11",
      "hamming": 0,
      "decision_margin": 59.74697494506836,
      "center": [
        1473.39225310083,
        359.5072907217518
      ],
      "corners": [
        [
          1458.0723876953127,
          372.6318054199219
        ],
        [
          1479.9418945312498,
          373.61694335937494
        ],
        [
          1488.2324218749995,
          346.79373168945307
        ],
        [
          1466.719482421875,
          345.1323852539062
        ]
      ],
      "homography": [
        [
          29.420834820998607,
          -9.089734164999523,
          1473.39225310083
        ],
        [
          5.1955221783861685,
          12.3933121013809,
          359.5072907217518
        ],
        [
          0.012608602534983878,
          -0.003296440161241291,
          1.0
        ]
      ]
    },
    {
      "tag_id": 22,
      "tag_family": "tag36h11",
      "hamming": 0,
      "decision_margin": 53.93399429321289,
      "center": [
        1336.7214469129353,
        340.48173722253944
      ],
      "corners": [
        [
          1322.5429687499998,
          351.17355346679693
        ],
        [
          1344.65966796875,
          355.5826110839843
        ],
        [
          1351.5471191406255,
          329.30187988281256
        ],
        [
          1328.7365722656252,
          325.29211425781256
        ]
      ],
      "homography": [
        [
          -1.727277765629653,
          13.605260537354297,
          1336.7214469129353
        ],
        [
          -1.192570521721509,
          17.335277340131825,
          340.48173722253944
        ],
        [
          -0.009691955492520079,
          0.012621887734677234,
          1.0
        ]
      ]
    }
  ]
}
