{
  "image_file": "549c865dbb0d_Robot_Reveal_2026_frame_000780.png",
  "image_sha256": "549c865dbb0dcc50b8e7045c82fd959294fdf0ac677fb9e9d058bdeb20d57f0d",
  "image_width": 1920,
  "image_height": 1080,
  "detector_config": {
    "library": "pupil-apriltags",
    "library_version": "1.0.4.post11",
    "family": "tag36h11",
    "nthreads": 4,
    "quad_decimate": 1.0,
    "quad_sigma": 0.0,
    "refine_edges": true,
    "decode_sharpening": 0.25
  },
  "detected_at": "2026-04-01T04:40:31.412680+00:00",
  "num_detections": 6,
  "detections": [
    {
      "tag_id": 1,
      "tag_family": "tag36h11",
      "hamming": 0,
      "decision_margin": 73.56216430664062,
      "center": [
        848.0399904629186,
        366.3561629225344
      ],
      "corners": [
        [
          838.6266479492188,
          379.08941650390625
        ],
        [
          857.8299560546875,
          379.6551818847656
        ],
        [
          857.0446777343749,
          354.1756896972656
        ],
        [
          838.5988769531248,
          353.53103637695307
        ]
      ],
      "homography": [
        [
          11.124762409249003,
          -16.895845917742122,
          848.0399904629186
        ],
        [
          1.0449839542542343,
          5.36708394642983,
          366.3561629225344
        ],
        [
          0.0020238833555987004,
          -0.020163899323133973,
          1.0
        ]
      ]
    },
    {
      "tag_id": 3,
      "tag_family": "tag36h11",
      "hamming": 0,
      "decision_margin": 89.11074829101562,
      "center": [
        1209.1148269488572,
        338.14912030680256
      ],
      "corners": [
        [
          1195.159423828125,
          354.1130065917969
        ],
        [
          1222.8883056640627,
          354.81201171875
        ],
        [
          1223.3431396484377,
          321.87304687499994
        ],
        [
          1195.7838134765625,
          322.02151489257807
        ]
      ],
      "homography": [
        [
          -1.903538671466094,
          -4.285930728181484,
          1209.1148269488572
        ],
        [
          -4.261028380125085,
          15.131817808873222,
          338.14912030680256
        ],
        [
          -0.013003830499270232,
          -0.003320594243684989,
          1.0
        ]
      ]
    },
    {
      "tag_id": 4,
      "tag_family": "tag36h11",
      "hamming": 0,
      "decision_margin": 85.0892105102539,
      "center": [
        1271.9024776573174,
        339.01406964442816
      ],
      "corners": [
        [
          1257.0277099609377,
          355.37875366210943
        ],
        [
          1286.20849609375,
          355.93133544921875
        ],
        [
          1287.2092285156248,
          322.17413330078125
        ],
        [
          1257.7814941406248,
          322.3156127929687
        ]
      ],
      "homography": [
        [
          1.4085303941315028,
          4.525395683204579,
          1271.9024776573174
        ],
        [
          -3.4253490751997924,
          18.02581319276203,
          339.01406964442816
        ],
        [
          -0.010410981294076475,
          0.0039018559193624907,
          1.0
        ]
      ]
    },
    {
      "tag_id": 5,
      "tag_family": "tag36h11",
      "hamming": 0,
      "decision_margin": 48.46878433227539,
      "center": [
        1442.5928703064876,
        336.5766643208312
      ],
      "corners": [
        [
          1435.0087890625002,
          353.7599487304688
        ],
        [
          1448.97216796875,
          352.25018310546875
        ],
        [
          1450.2130126953127,
          319.31167602539057
        ],
        [
          1435.9226074218752,
          320.18826293945307
        ]
      ],
      "homography": [
        [
          21.43374369613502,
          17.25319432823608,
          1442.5928703064876
        ],
        [
          2.7526459477474505,
          20.774972787762238,
          336.5766643208312
        ],
        [
          0.009962575885146537,
          0.012334360575268289,
          1.0
        ]
      ]
    },
    {
      "tag_id": 16,
      "tag_family": "tag36h11",
      "hamming": 0,
      "decision_margin": 65.33960723876953,
      "center": [
        1654.5410403924343,
        395.66376845613894
      ],
      "corners": [
        [
          1642.3776855468752,
          406.7323913574219
        ],
        [
          1665.7611083984375,
          407.5872192382813
        ],
        [
          1666.6225585937495,
          384.66961669921875
        ],
        [
          1643.68212890625,
          384.1241149902344
        ]
      ],
      "homography": [
        [
          0.8397401147778986,
          -16.867330225021078,
          1654.5410403924343
        ],
        [
          -2.2196900058555125,
          7.476039997636633,
          395.66376845613894
        ],
        [
          -0.006491030924386446,
          -0.009866451537455733,
          1.0
        ]
      ]
    },
    {
      "tag_id": 28,
      "tag_family": "tag36h11",
      "hamming": 0,
      "decision_margin": 73.15924072265625,
      "center": [
        885.0419474756131,
        920.6599432853815
      ],
      "corners": [
        [
          820.7031249999999,
          985.31982421875
        ],
        [
          955.82568359375,
          1033.967041015625
        ],
        [
          954.39013671875,
          850.9656982421874
        ],
        [
          818.3763427734374,
          813.9449462890626
        ]
      ],
      "homography": [
        [
          37.86626759338367,
          4.279893747761098,
          885.0419474756131
        ],
        [
          -9.62616755739533,
          91.95449064046647,
          920.6599432853815
        ],
        [
          -0.033715970626794795,
          0.003754885390709237,
          1.0
        ]
      ]
    }
  ],
  "ingest_metadata": {
    "original_name": "Robot_Reveal_2026_frame_000780.png",
    "source": "unknown",
    "dhash": "c2b09183acb88bec",
    "ingested_at": "2026-04-01T04:40:31.405302+00:00"
  }
}
