{
  "image_file": "54cddb8ecb63_REEFSCAPE_Week_1_Event_Predictions___FRC_Forecast_frame_0580.png",
  "image_sha256": "54cddb8ecb63ac2523f73b31132a031d5d3c85e7931a917921cc2b850d070b17",
  "image_width": 1920,
  "image_height": 1080,
  "detector_config": {
    "library": "pupil-apriltags",
    "library_version": "1.0.4.post11",
    "family": "tag36h11",
    "nthreads": 4,
    "quad_decimate": 1.0,
    "quad_sigma": 0.0,
    "refine_edges": true,
    "decode_sharpening": 0.25
  },
  "detected_at": "2026-04-01T01:56:27.272038+00:00",
  "num_detections": 3,
  "detections": [
    {
      "tag_id": 7,
      "tag_family": "tag36h11",
      "hamming": 0,
      "decision_margin": 39.60036087036133,
      "center": [
        1739.6736767798864,
        257.64196885815153
      ],
      "corners": [
        [
          1724.082153320312,
          276.7106628417969
        ],
        [
          1755.5234375,
          275.1607360839844
        ],
        [
          1756.3173828125002,
          237.28643798828125
        ],
        [
          1724.0473632812502,
          240.3701782226563
        ]
      ],
      "homography": [
        [
          -18.64822929472007,
          22.035608854415383,
          1739.6736767798864
        ],
        [
          -6.267664119616941,
          21.833077775677282,
          257.64196885815153
        ],
        [
          -0.019869860142281977,
          0.012770905554603163,
          1.0
        ]
      ]
    },
    {
      "tag_id": 8,
      "tag_family": "tag36h11",
      "hamming": 0,
      "decision_margin": 37.81419372558594,
      "center": [
        1635.228494039854,
        264.00716490485627
      ],
      "corners": [
        [
          1621.2795410156248,
          282.3686828613282
        ],
        [
          1649.7452392578127,
          281.00875854492193
        ],
        [
          1649.5568847656255,
          245.14617919921875
        ],
        [
          1621.5504150390625,
          247.98779296874994
        ]
      ],
      "homography": [
        [
          -21.18083090353889,
          -13.374749648768558,
          1635.228494039854
        ],
        [
          -6.75379350824136,
          15.396670289806991,
          264.00716490485627
        ],
        [
          -0.021581915643342088,
          -0.008163480556341923,
          1.0
        ]
      ]
    },
    {
      "tag_id": 9,
      "tag_family": "tag36h11",
      "hamming": 0,
      "decision_margin": 37.69016647338867,
      "center": [
        1071.8967729575418,
        307.04152515486544
      ],
      "corners": [
        [
          1058.6894531249998,
          319.710205078125
        ],
        [
          1084.0965576171875,
          319.85055541992193
        ],
        [
          1084.954956054688,
          294.51589965820307
        ],
        [
          1059.4638671875002,
          293.9877319335937
        ]
      ],
      "homography": [
        [
          20.839082100938867,
          1.620474791442805,
          1071.8967729575418
        ],
        [
          2.491355287525094,
          13.344705940839049,
          307.04152515486544
        ],
        [
          0.007570968796036607,
          0.001892922737100106,
          1.0
        ]
      ]
    }
  ]
}
