{
  "image_file": "54f10ffa428e_FRC_846_-_2026_Robot_Reveal__XENOTHRIX_frame_002112.png",
  "image_sha256": "54f10ffa428e296acbd862ee19b83cd5df73985c6aa81348734c8c9621f9421e",
  "image_width": 1920,
  "image_height": 1080,
  "detector_config": {
    "library": "pupil-apriltags",
    "library_version": "1.0.4.post11",
    "family": "tag36h11",
    "nthreads": 4,
    "quad_decimate": 1.0,
    "quad_sigma": 0.0,
    "refine_edges": true,
    "decode_sharpening": 0.25
  },
  "detected_at": "2026-04-01T03:53:34.958692+00:00",
  "num_detections": 7,
  "detections": [
    {
      "tag_id": 5,
      "tag_family": "tag36h11",
      "hamming": 0,
      "decision_margin": 46.042057037353516,
      "center": [
        754.4481013318823,
        460.4016373712746
      ],
      "corners": [
        [
          740.641784667969,
          483.414306640625
        ],
        [
          768.5190429687499,
          480.7155761718749
        ],
        [
          768.4488525390624,
          437.06488037109375
        ],
        [
          740.3920898437501,
          440.1092529296876
        ]
      ],
      "homography": [
        [
          11.145275361030826,
          2.517726476364943,
          754.4481013318823
        ],
        [
          -3.167032064900755,
          23.225800850469227,
          460.4016373712746
        ],
        [
          -0.003761541737554172,
          0.003230728866742237,
          1.0
        ]
      ]
    },
    {
      "tag_id": 8,
      "tag_family": "tag36h11",
      "hamming": 0,
      "decision_margin": 51.991214752197266,
      "center": [
        818.2284032323954,
        454.0448248300956
      ],
      "corners": [
        [
          803.2269897460934,
          478.04946899414057
        ],
        [
          833.4716186523439,
          475.58322143554693
        ],
        [
          833.547790527344,
          429.53137207031256
        ],
        [
          803.4662475585938,
          433.1861572265625
        ]
      ],
      "homography": [
        [
          4.229301524393691,
          -2.348681888935061,
          818.2284032323954
        ],
        [
          -7.552155960933933,
          21.465786218366986,
          454.0448248300956
        ],
        [
          -0.013259720162081637,
          -0.0027727343156077394,
          1.0
        ]
      ]
    },
    {
      "tag_id": 9,
      "tag_family": "tag36h11",
      "hamming": 0,
      "decision_margin": 34.97000503540039,
      "center": [
        916.1429432916567,
        453.9152962913746
      ],
      "corners": [
        [
          900.1718139648438,
          475.2822265625
        ],
        [
          931.7792968749999,
          477.7479858398437
        ],
        [
          931.96826171875,
          432.7434387207031
        ],
        [
          899.936279296875,
          429.2133483886718
        ]
      ],
      "homography": [
        [
          26.21184008446778,
          6.112738252286821,
          916.1429432916567
        ],
        [
          6.600892876732754,
          25.788292603685022,
          453.9152962913746
        ],
        [
          0.011247911217414346,
          0.006662150542253692,
          1.0
        ]
      ]
    },
    {
      "tag_id": 10,
      "tag_family": "tag36h11",
      "hamming": 0,
      "decision_margin": 35.09622573852539,
      "center": [
        981.9508994581913,
        460.1680768375269
      ],
      "corners": [
        [
          967.5209350585936,
          480.75561523437506
        ],
        [
          996.3090209960938,
          482.92581176757807
        ],
        [
          996.0013427734378,
          440.12200927734375
        ],
        [
          967.3555297851565,
          437.03430175781256
        ]
      ],
      "homography": [
        [
          24.92241859490821,
          -2.400429856156958,
          981.9508994581913
        ],
        [
          6.266872386932445,
          20.448010488232114,
          460.1680768375269
        ],
        [
          0.010759900748388028,
          -0.002565789254057935,
          1.0
        ]
      ]
    },
    {
      "tag_id": 12,
      "tag_family": "tag36h11",
      "hamming": 0,
      "decision_margin": 27.9211368560791,
      "center": [
        1306.6915993258922,
        542.8119308116134
      ],
      "corners": [
        [
          1297.9937744140623,
          556.6051635742188
        ],
        [
          1313.331298828125,
          557.105224609375
        ],
        [
          1315.5045166015625,
          528.836181640625
        ],
        [
          1299.8114013671875,
          528.0009155273439
        ]
      ],
      "homography": [
        [
          15.084203848172136,
          14.917666196927259,
          1306.6915993258922
        ],
        [
          3.375867156458864,
          20.827483059861834,
          542.8119308116134
        ],
        [
          0.005607905171781678,
          0.01218057711270543,
          1.0
        ]
      ]
    },
    {
      "tag_id": 19,
      "tag_family": "tag36h11",
      "hamming": 0,
      "decision_margin": 55.27867126464844,
      "center": [
        139.77255661444948,
        518.8557135822414
      ],
      "corners": [
        [
          126.68595886230473,
          530.3731689453125
        ],
        [
          152.1391906738281,
          530.8729248046876
        ],
        [
          152.92410278320307,
          507.28109741210926
        ],
        [
          126.95664215087892,
          506.40191650390614
        ]
      ],
      "homography": [
        [
          13.926973567603397,
          1.1539670686922552,
          139.77255661444948
        ],
        [
          4.329086770946558,
          17.15939786187164,
          518.8557135822414
        ],
        [
          0.0076827996249259995,
          0.010158143033538935,
          1.0
        ]
      ]
    },
    {
      "tag_id": 20,
      "tag_family": "tag36h11",
      "hamming": 0,
      "decision_margin": 51.22357177734375,
      "center": [
        194.8670614551228,
        521.1160250604418
      ],
      "corners": [
        [
          182.23233032226562,
          532.295166015625
        ],
        [
          206.69160461425778,
          532.9678955078124
        ],
        [
          207.2481384277344,
          510.16131591796875
        ],
        [
          182.67173767089847,
          508.89251708984386
        ]
      ],
      "homography": [
        [
          14.74882137173671,
          0.2662990932723251,
          194.8670614551228
        ],
        [
          7.148592682952083,
          12.930391174952206,
          521.1160250604418
        ],
        [
          0.012788084705200282,
          0.0026483299079065885,
          1.0
        ]
      ]
    }
  ]
}
