{
  "image_file": "54fc34a7f215_2026_Robot_Reveal__Wasabi_frame_002006.png",
  "image_sha256": "54fc34a7f215115c9b1522e376ace6d99b3de312148e4172ded52beb9555dafa",
  "image_width": 1440,
  "image_height": 1080,
  "detector_config": {
    "library": "pupil-apriltags",
    "library_version": "1.0.4.post11",
    "family": "tag36h11",
    "nthreads": 4,
    "quad_decimate": 1.0,
    "quad_sigma": 0.0,
    "refine_edges": true,
    "decode_sharpening": 0.25
  },
  "detected_at": "2026-04-01T04:59:55.595051+00:00",
  "num_detections": 3,
  "detections": [
    {
      "tag_id": 21,
      "tag_family": "tag36h11",
      "hamming": 0,
      "decision_margin": 87.32453918457031,
      "center": [
        528.0978886838053,
        574.9833734977652
      ],
      "corners": [
        [
          504.9996032714846,
          599.5737304687499
        ],
        [
          550.8618774414061,
          597.0093383789064
        ],
        [
          551.3797607421872,
          550.1975708007812
        ],
        [
          504.81536865234375,
          552.4556884765623
        ]
      ],
      "homography": [
        [
          25.033303748810795,
          3.933959014632481,
          528.0978886838053
        ],
        [
          0.8926282146851429,
          27.85627877167542,
          574.9833734977652
        ],
        [
          0.0036513659636065554,
          0.007609667445811471,
          1.0
        ]
      ]
    },
    {
      "tag_id": 22,
      "tag_family": "tag36h11",
      "hamming": 1,
      "decision_margin": 45.31048583984375,
      "center": [
        744.9882191644243,
        847.072203804772
      ],
      "corners": [
        [
          736.3297729492188,
          867.6198120117188
        ],
        [
          751.6738891601562,
          881.6992187499998
        ],
        [
          753.0181884765625,
          828.0160522460938
        ],
        [
          739.0432739257812,
          816.2816162109377
        ]
      ],
      "homography": [
        [
          -0.5040738217496664,
          -36.89230987717042,
          744.9882191644243
        ],
        [
          -2.476951541788706,
          -14.603446613226197,
          847.072203804772
        ],
        [
          -0.0104928565300541,
          -0.04815232767862551,
          1.0
        ]
      ]
    },
    {
      "tag_id": 24,
      "tag_family": "tag36h11",
      "hamming": 0,
      "decision_margin": 89.0784912109375,
      "center": [
        627.4617380424883,
        570.0985781996561
      ],
      "corners": [
        [
          604.0293579101562,
          594.5455932617186
        ],
        [
          649.9812011718749,
          592.489990234375
        ],
        [
          650.8580932617186,
          545.6891479492188
        ],
        [
          604.9742431640625,
          547.7389526367186
        ]
      ],
      "homography": [
        [
          22.97741928863286,
          -0.9196350435498716,
          627.4617380424883
        ],
        [
          -1.009533860749346,
          22.980102773914382,
          570.0985781996561
        ],
        [
          2.9497502083943742e-05,
          -0.0007397932513629865,
          1.0
        ]
      ]
    }
  ],
  "ingest_metadata": {
    "original_name": "2026_Robot_Reveal__Wasabi_frame_002006.png",
    "source": "unknown",
    "dhash": "5153cd0ca69612a9",
    "ingested_at": "2026-04-01T04:59:55.585299+00:00"
  }
}
