{
  "image_file": "553b3a7667b0_PC000001_MOV-0412_jpg_rf_bbeafdb51dfc8160c57f936d0931190d.png",
  "image_sha256": "553b3a7667b0f8acdd2d54c6de3ae5d71a70f518576b54c5029a4fee8edc35c6",
  "image_width": 640,
  "image_height": 360,
  "detector_config": {
    "library": "pupil-apriltags",
    "library_version": "1.0.4.post11",
    "family": "tag36h11",
    "nthreads": 4,
    "quad_decimate": 1.0,
    "quad_sigma": 0.0,
    "refine_edges": true,
    "decode_sharpening": 0.25
  },
  "detected_at": "2026-03-24T14:12:49.972782+00:00",
  "num_detections": 3,
  "detections": [
    {
      "tag_id": 24,
      "tag_family": "tag36h11",
      "hamming": 0,
      "decision_margin": 63.77862548828125,
      "center": [
        398.68004847033524,
        292.78926000030236
      ],
      "corners": [
        [
          390.5220642089843,
          304.1471252441406
        ],
        [
          405.9322509765625,
          305.2535400390625
        ],
        [
          407.19955444335943,
          280.9280700683594
        ],
        [
          391.69445800781256,
          280.783203125
        ]
      ],
      "homography": [
        [
          -0.32829826152209307,
          -0.02084778929207691,
          398.68004847033524
        ],
        [
          -5.601362184668291,
          12.349568788697354,
          292.78926000030236
        ],
        [
          -0.02020144166937493,
          0.0014757835361405049,
          1.0
        ]
      ]
    },
    {
      "tag_id": 25,
      "tag_family": "tag36h11",
      "hamming": 0,
      "decision_margin": 63.04964828491211,
      "center": [
        451.5513831836527,
        298.9193424597485
      ],
      "corners": [
        [
          442.171142578125,
          309.8454895019531
        ],
        [
          459.87469482421875,
          312.5621032714843
        ],
        [
          460.72320556640636,
          288.2359619140625
        ],
        [
          443.08703613281256,
          285.04541015625006
        ]
      ],
      "homography": [
        [
          13.267238252135087,
          -1.0804565797155858,
          451.5513831836527
        ],
        [
          4.4116837305618315,
          11.85695393996491,
          298.9193424597485
        ],
        [
          0.009817685354376032,
          -0.0014165489680170794,
          1.0
        ]
      ]
    },
    {
      "tag_id": 26,
      "tag_family": "tag36h11",
      "hamming": 0,
      "decision_margin": 69.19564056396484,
      "center": [
        488.53280669989067,
        305.0265725837511
      ],
      "corners": [
        [
          479.972381591797,
          315.6749572753906
        ],
        [
          496.3765563964844,
          318.16680908203125
        ],
        [
          496.5823059082031,
          295.01373291015625
        ],
        [
          480.72546386718756,
          291.9473266601562
        ]
      ],
      "homography": [
        [
          15.006805142773091,
          -8.317704151588826,
          488.53280669989067
        ],
        [
          5.7309980985971825,
          6.669133152010148,
          305.0265725837511
        ],
        [
          0.01421706191242903,
          -0.016543216704653252,
          1.0
        ]
      ]
    }
  ],
  "ingest_metadata": {
    "original_name": "PC000001_MOV-0412_jpg_rf_bbeafdb51dfc8160c57f936d0931190d.png",
    "source": "unknown",
    "dhash": "4eed330f2e2858ba",
    "ingested_at": "2026-03-24T14:12:49.960101+00:00"
  }
}
