{
  "image_file": "558042576b50_Robot_Reveal_2026_frame_000720.png",
  "image_sha256": "558042576b50d9f7bb9f9db9e9b12471ce9f33cd30d8b9418aa6fb20aba6c0fc",
  "image_width": 1920,
  "image_height": 1080,
  "detector_config": {
    "library": "pupil-apriltags",
    "library_version": "1.0.4.post11",
    "family": "tag36h11",
    "nthreads": 4,
    "quad_decimate": 1.0,
    "quad_sigma": 0.0,
    "refine_edges": true,
    "decode_sharpening": 0.25
  },
  "detected_at": "2026-04-01T04:40:30.650755+00:00",
  "num_detections": 6,
  "detections": [
    {
      "tag_id": 1,
      "tag_family": "tag36h11",
      "hamming": 0,
      "decision_margin": 65.02108764648438,
      "center": [
        701.3579116501586,
        360.85827780284484
      ],
      "corners": [
        [
          692.1186523437498,
          373.2099609375
        ],
        [
          711.2371215820312,
          374.20617675781256
        ],
        [
          710.8839111328126,
          348.12326049804693
        ],
        [
          691.6447143554686,
          347.73468017578125
        ]
      ],
      "homography": [
        [
          1.2580505501592822,
          2.5946232419382795,
          701.3579116501586
        ],
        [
          -3.9386694160059523,
          14.115801576712727,
          360.85827780284484
        ],
        [
          -0.011876844577842272,
          0.0034035296215445534,
          1.0
        ]
      ]
    },
    {
      "tag_id": 3,
      "tag_family": "tag36h11",
      "hamming": 0,
      "decision_margin": 91.28267669677734,
      "center": [
        1063.8273687041756,
        335.59071602829914
      ],
      "corners": [
        [
          1050.3261718749998,
          351.4136962890625
        ],
        [
          1077.3218994140623,
          352.0228576660155
        ],
        [
          1077.558837890625,
          319.4978637695312
        ],
        [
          1050.50390625,
          319.3668823242188
        ]
      ],
      "homography": [
        [
          5.6211775633303205,
          1.001266296325867,
          1063.8273687041756
        ],
        [
          -2.303903297463594,
          16.49053999142734,
          335.59071602829914
        ],
        [
          -0.007417300849492091,
          0.0010384396623498984,
          1.0
        ]
      ]
    },
    {
      "tag_id": 4,
      "tag_family": "tag36h11",
      "hamming": 0,
      "decision_margin": 82.9950942993164,
      "center": [
        1124.9793947226449,
        336.68710601130914
      ],
      "corners": [
        [
          1110.687744140625,
          352.7591247558594
        ],
        [
          1138.9621582031248,
          353.3265075683593
        ],
        [
          1139.5938720703123,
          320.2520446777344
        ],
        [
          1110.901611328125,
          319.9346313476563
        ]
      ],
      "homography": [
        [
          9.863469569608013,
          7.976099939967981,
          1124.9793947226449
        ],
        [
          -1.0879094056365965,
          18.923761428415162,
          336.68710601130914
        ],
        [
          -0.00389093113245576,
          0.007277177112024271,
          1.0
        ]
      ]
    },
    {
      "tag_id": 5,
      "tag_family": "tag36h11",
      "hamming": 0,
      "decision_margin": 40.96000671386719,
      "center": [
        1289.2837367670274,
        335.27122262998967
      ],
      "corners": [
        [
          1282.2843017578127,
          351.8763732910157
        ],
        [
          1295.5184326171875,
          350.85443115234386
        ],
        [
          1296.5035400390627,
          318.1432800292969
        ],
        [
          1282.8558349609377,
          319.20510864257807
        ]
      ],
      "homography": [
        [
          6.564223866329482,
          19.437496412251903,
          1289.2837367670274
        ],
        [
          -0.5609736025467695,
          21.497520168418816,
          335.27122262998967
        ],
        [
          -0.00011994591904573786,
          0.01537794914829226,
          1.0
        ]
      ]
    },
    {
      "tag_id": 16,
      "tag_family": "tag36h11",
      "hamming": 0,
      "decision_margin": 59.77882385253906,
      "center": [
        1490.4755029771159,
        393.1318636497801
      ],
      "corners": [
        [
          1478.8641357421873,
          403.8541259765625
        ],
        [
          1501.0535888671877,
          404.75381469726557
        ],
        [
          1502.283203125,
          382.22830200195307
        ],
        [
          1480.2399902343748,
          381.8862915039063
        ]
      ],
      "homography": [
        [
          -7.457272929028931,
          -6.67063562817748,
          1490.4755029771159
        ],
        [
          -4.573946146555216,
          9.534012786587937,
          393.1318636497801
        ],
        [
          -0.012421283205834067,
          -0.004037819007780576,
          1.0
        ]
      ]
    },
    {
      "tag_id": 28,
      "tag_family": "tag36h11",
      "hamming": 0,
      "decision_margin": 72.89424133300781,
      "center": [
        762.1131925987689,
        919.8537142686686
      ],
      "corners": [
        [
          695.7526245117188,
          986.3658447265625
        ],
        [
          834.4489135742188,
          1031.3721923828127
        ],
        [
          833.8881225585938,
          847.9148559570312
        ],
        [
          693.0784301757812,
          813.4242553710935
        ]
      ],
      "homography": [
        [
          45.9707108958155,
          6.880877242001366,
          762.1131925987689
        ],
        [
          -8.868750602864123,
          96.30499615066412,
          919.8537142686686
        ],
        [
          -0.031272861088929904,
          0.0079231598421801,
          1.0
        ]
      ]
    }
  ],
  "ingest_metadata": {
    "original_name": "Robot_Reveal_2026_frame_000720.png",
    "source": "unknown",
    "dhash": "c6a02302c9591bc9",
    "ingested_at": "2026-04-01T04:40:30.645302+00:00"
  }
}
