{
  "image_file": "5593f5a49ddc_NEO-PUPLITAN__1119_Robot_Reveal_2026__firstrobotics_frame_00.png",
  "image_sha256": "5593f5a49ddc572a8767e48713fb8652255619568a9fba38bc844f15aaa825e9",
  "image_width": 1920,
  "image_height": 1080,
  "detector_config": {
    "library": "pupil-apriltags",
    "library_version": "1.0.4.post11",
    "family": "tag36h11",
    "nthreads": 4,
    "quad_decimate": 1.0,
    "quad_sigma": 0.0,
    "refine_edges": true,
    "decode_sharpening": 0.25
  },
  "detected_at": "2026-04-01T04:33:11.019852+00:00",
  "num_detections": 2,
  "detections": [
    {
      "tag_id": 2,
      "tag_family": "tag36h11",
      "hamming": 0,
      "decision_margin": 63.53513717651367,
      "center": [
        1739.2567163146066,
        83.01011299780899
      ],
      "corners": [
        [
          1680.4688720703125,
          140.22465515136722
        ],
        [
          1795.9691162109377,
          133.17662048339844
        ],
        [
          1799.6578369140625,
          24.225469589233377
        ],
        [
          1683.3002929687498,
          33.512325286865234
        ]
      ],
      "homography": [
        [
          40.351943011542744,
          4.310002303286643,
          1739.2567163146066
        ],
        [
          -4.919808376524549,
          54.192737680859466,
          83.01011299780899
        ],
        [
          -0.010122586643434203,
          0.0034128640358844897,
          1.0
        ]
      ]
    },
    {
      "tag_id": 11,
      "tag_family": "tag36h11",
      "hamming": 0,
      "decision_margin": 65.27351379394531,
      "center": [
        1495.5996064086755,
        100.38626015522716
      ],
      "corners": [
        [
          1442.5919189453125,
          155.0267181396484
        ],
        [
          1548.2286376953125,
          148.63986206054688
        ],
        [
          1550.0483398437498,
          44.26036834716799
        ],
        [
          1443.6125488281248,
          52.7212600708008
        ]
      ],
      "homography": [
        [
          38.39507802025946,
          4.733291492719677,
          1495.5996064086755
        ],
        [
          -4.6889843039005035,
          52.03046184907235,
          100.38626015522716
        ],
        [
          -0.00977349365621502,
          0.0036370215988317414,
          1.0
        ]
      ]
    }
  ]
}
