{
  "image_file": "563e38ddae90_M3_-_Ballard_-_190_POV_frame_000120.png",
  "image_sha256": "563e38ddae90db1bc98a828207927bacd1b4d033c9ac36a56081245806da7dbd",
  "image_width": 1920,
  "image_height": 1080,
  "detector_config": {
    "library": "pupil-apriltags",
    "library_version": "1.0.4.post11",
    "family": "tag36h11",
    "nthreads": 4,
    "quad_decimate": 1.0,
    "quad_sigma": 0.0,
    "refine_edges": true,
    "decode_sharpening": 0.25
  },
  "detected_at": "2026-04-01T15:27:22.538175+00:00",
  "num_detections": 2,
  "detections": [
    {
      "tag_id": 3,
      "tag_family": "tag36h11",
      "hamming": 0,
      "decision_margin": 46.966552734375,
      "center": [
        493.29034438520375,
        715.3102602495433
      ],
      "corners": [
        [
          481.81732177734375,
          722.2203369140625
        ],
        [
          499.3504943847656,
          724.9193725585938
        ],
        [
          504.71032714843756,
          708.4321289062501
        ],
        [
          486.7487792968751,
          704.9378051757812
        ]
      ],
      "homography": [
        [
          18.862917837832242,
          6.273592871630458,
          493.29034438520375
        ],
        [
          16.03296943529426,
          21.269764071750277,
          715.3102602495433
        ],
        [
          0.02025960239201829,
          0.01794274430517335,
          1.0
        ]
      ]
    },
    {
      "tag_id": 10,
      "tag_family": "tag36h11",
      "hamming": 1,
      "decision_margin": 31.33255958557129,
      "center": [
        796.7572902820884,
        913.619935787127
      ],
      "corners": [
        [
          784.0258178710938,
          931.3322143554688
        ],
        [
          806.2137451171874,
          935.7636108398436
        ],
        [
          809.0264892578126,
          896.5507812499999
        ],
        [
          787.6093139648439,
          892.1986083984375
        ]
      ],
      "homography": [
        [
          11.65857376524207,
          -15.569881649202555,
          796.7572902820884
        ],
        [
          3.0681607418050585,
          3.559696096947619,
          913.619935787127
        ],
        [
          0.0009547622140224168,
          -0.01753567862734462,
          1.0
        ]
      ]
    }
  ]
}
