{
  "image_file": "5673bd28c7b6_PC000002_MOV-0340_jpg_rf_d8153c98fec481593420c10bd95dcd81.png",
  "image_sha256": "5673bd28c7b607edf25b8f14f2f145763010e972a235a10cd44edb5665739646",
  "image_width": 640,
  "image_height": 360,
  "detector_config": {
    "library": "pupil-apriltags",
    "library_version": "1.0.4.post11",
    "family": "tag36h11",
    "nthreads": 4,
    "quad_decimate": 1.0,
    "quad_sigma": 0.0,
    "refine_edges": true,
    "decode_sharpening": 0.25
  },
  "detected_at": "2026-03-24T14:15:41.351561+00:00",
  "num_detections": 2,
  "detections": [
    {
      "tag_id": 19,
      "tag_family": "tag36h11",
      "hamming": 0,
      "decision_margin": 75.62739562988281,
      "center": [
        71.85265113408022,
        165.47665647012067
      ],
      "corners": [
        [
          33.149505615234375,
          200.90682983398438
        ],
        [
          101.88680267333984,
          200.90116882324224
        ],
        [
          109.72245025634766,
          130.8093566894531
        ],
        [
          42.66366577148439,
          131.04899597167966
        ]
      ],
      "homography": [
        [
          33.82202514347678,
          -5.241887761059739,
          71.85265113408022
        ],
        [
          -0.34311006357399215,
          32.900586294934385,
          165.47665647012067
        ],
        [
          -0.001693919277317174,
          -0.012576958978665719,
          1.0
        ]
      ]
    },
    {
      "tag_id": 20,
      "tag_family": "tag36h11",
      "hamming": 0,
      "decision_margin": 75.04216766357422,
      "center": [
        229.7779125074136,
        165.06563626837044
      ],
      "corners": [
        [
          192.0475006103516,
          201.12249755859375
        ],
        [
          263.5652160644532,
          199.8197021484375
        ],
        [
          265.5950622558593,
          130.83717346191406
        ],
        [
          196.5444030761719,
          130.88121032714847
        ]
      ],
      "homography": [
        [
          37.167892240751115,
          -5.558432578960203,
          229.7779125074136
        ],
        [
          1.139040176472459,
          31.96391208180333,
          165.06563626837044
        ],
        [
          0.008875463425641661,
          -0.017138480555777866,
          1.0
        ]
      ]
    }
  ],
  "ingest_metadata": {
    "original_name": "PC000002_MOV-0340_jpg_rf_d8153c98fec481593420c10bd95dcd81.png",
    "source": "unknown",
    "dhash": "a42464d848c9ca1a",
    "ingested_at": "2026-03-24T14:15:41.343235+00:00"
  }
}
