{
  "image_file": "5708369af0b7_SPARTRONICS_2025_ROBOT_REVEAL__EPHYRA_frame_001800.png",
  "image_sha256": "5708369af0b7c710ac20b277c13a465e77c9ba92c70313e722cb5e1a45211b6e",
  "image_width": 1920,
  "image_height": 1080,
  "detector_config": {
    "library": "pupil-apriltags",
    "library_version": "1.0.4.post11",
    "family": "tag36h11",
    "nthreads": 4,
    "quad_decimate": 1.0,
    "quad_sigma": 0.0,
    "refine_edges": true,
    "decode_sharpening": 0.25
  },
  "detected_at": "2026-04-01T02:45:57.346902+00:00",
  "num_detections": 3,
  "detections": [
    {
      "tag_id": 2,
      "tag_family": "tag36h11",
      "hamming": 0,
      "decision_margin": 31.98965072631836,
      "center": [
        108.97565554822259,
        403.2772454045439
      ],
      "corners": [
        [
          99.73216247558592,
          413.1209411621094
        ],
        [
          120.5148468017578,
          412.70092773437494
        ],
        [
          118.32436370849611,
          393.32150268554693
        ],
        [
          96.8159408569336,
          393.3468017578125
        ]
      ],
      "homography": [
        [
          11.686903339708323,
          3.007804341965142,
          108.97565554822259
        ],
        [
          4.024052011740819,
          16.20563963506612,
          403.2772454045439
        ],
        [
          0.010262267151711059,
          0.01592136508846381,
          1.0
        ]
      ]
    },
    {
      "tag_id": 10,
      "tag_family": "tag36h11",
      "hamming": 0,
      "decision_margin": 30.207773208618164,
      "center": [
        454.3533072191749,
        635.3942122809515
      ],
      "corners": [
        [
          439.1661682128906,
          651.06494140625
        ],
        [
          471.94970703125,
          648.6412963867188
        ],
        [
          469.3300170898437,
          619.9406127929689
        ],
        [
          436.3056030273437,
          621.8073730468751
        ]
      ],
      "homography": [
        [
          20.91139841160077,
          2.660547027444241,
          454.3533072191749
        ],
        [
          5.165512675804619,
          16.294280547798962,
          635.3942122809515
        ],
        [
          0.00981880324474604,
          0.002842600158931106,
          1.0
        ]
      ]
    },
    {
      "tag_id": 11,
      "tag_family": "tag36h11",
      "hamming": 0,
      "decision_margin": 33.53711700439453,
      "center": [
        605.5081425433024,
        610.2978707017088
      ],
      "corners": [
        [
          598.52392578125,
          626.2638549804688
        ],
        [
          613.9084472656251,
          620.4508666992189
        ],
        [
          612.5050048828125,
          594.302978515625
        ],
        [
          597.03125,
          600.0523071289062
        ]
      ],
      "homography": [
        [
          8.814526796279551,
          2.3716617145119026,
          605.5081425433024
        ],
        [
          -1.7819285881643072,
          14.750497524566981,
          610.2978707017088
        ],
        [
          0.0018167343665028257,
          0.002721212294562388,
          1.0
        ]
      ]
    }
  ],
  "ingest_metadata": {
    "original_name": "SPARTRONICS_2025_ROBOT_REVEAL__EPHYRA_frame_001800.png",
    "source": "unknown",
    "dhash": "6a6a6a5371797b71",
    "ingested_at": "2026-04-01T02:45:57.335301+00:00"
  }
}
