{
  "image_file": "572eb0fae844_FRC_GAME_POV___Close_Match_at_SCR__frame_001785.png",
  "image_sha256": "572eb0fae8447067b7543e72aa092367ddfdafc15aa86e50c7fa4701e846b035",
  "image_width": 1920,
  "image_height": 1080,
  "detector_config": {
    "library": "pupil-apriltags",
    "library_version": "1.0.4.post11",
    "family": "tag36h11",
    "nthreads": 4,
    "quad_decimate": 1.0,
    "quad_sigma": 0.0,
    "refine_edges": true,
    "decode_sharpening": 0.25
  },
  "detected_at": "2026-04-01T16:19:18.739388+00:00",
  "num_detections": 2,
  "detections": [
    {
      "tag_id": 7,
      "tag_family": "tag36h11",
      "hamming": 2,
      "decision_margin": 20.103370666503906,
      "center": [
        1718.5420727022367,
        494.44934827687956
      ],
      "corners": [
        [
          1711.167358398438,
          504.7591247558594
        ],
        [
          1727.31884765625,
          504.05633544921875
        ],
        [
          1725.742553710937,
          484.3831481933594
        ],
        [
          1709.5716552734373,
          484.63040161132807
        ]
      ],
      "homography": [
        [
          27.727001809167177,
          -0.10317267384425237,
          1718.5420727022367
        ],
        [
          5.415494990685999,
          9.691332050554081,
          494.44934827687956
        ],
        [
          0.011432628920699779,
          -0.0005214678418504953,
          1.0
        ]
      ]
    },
    {
      "tag_id": 8,
      "tag_family": "tag36h11",
      "hamming": 0,
      "decision_margin": 41.06435012817383,
      "center": [
        1660.8306315580926,
        494.79153363134014
      ],
      "corners": [
        [
          1652.7696533203125,
          504.6207275390625
        ],
        [
          1670.3591308593748,
          504.99960327148443
        ],
        [
          1668.8046874999998,
          485.0683288574219
        ],
        [
          1651.4468994140625,
          484.73855590820307
        ]
      ],
      "homography": [
        [
          6.881348389959613,
          -10.13892056122313,
          1660.8306315580926
        ],
        [
          -0.37565089743407126,
          6.718108106247826,
          494.79153363134014
        ],
        [
          -0.0011169550632060944,
          -0.006537729032164227,
          1.0
        ]
      ]
    }
  ]
}
