{
  "image_file": "579498dd34ce_2026_Robot_Reveal_-_CyberhawK___CyberpunK_FRC_8020______fram.png",
  "image_sha256": "579498dd34ce31ca8f3f37f1a6aa47d76e2d78c857afd13bcad52bf112948ee8",
  "image_width": 1920,
  "image_height": 1080,
  "detector_config": {
    "library": "pupil-apriltags",
    "library_version": "1.0.4.post11",
    "family": "tag36h11",
    "nthreads": 4,
    "quad_decimate": 1.0,
    "quad_sigma": 0.0,
    "refine_edges": true,
    "decode_sharpening": 0.25
  },
  "detected_at": "2026-04-01T04:11:05.759885+00:00",
  "num_detections": 6,
  "detections": [
    {
      "tag_id": 2,
      "tag_family": "tag36h11",
      "hamming": 0,
      "decision_margin": 63.06669616699219,
      "center": [
        1660.3507016049568,
        559.8496612057603
      ],
      "corners": [
        [
          1630.1040039062502,
          590.1003417968751
        ],
        [
          1690.9354248046875,
          589.9771728515626
        ],
        [
          1690.3603515625,
          529.8360595703124
        ],
        [
          1629.8676757812502,
          529.8223266601561
        ]
      ],
      "homography": [
        [
          32.21414040674085,
          -4.44536668081059,
          1660.3507016049568
        ],
        [
          0.6078887742380595,
          28.537121774789625,
          559.8496612057603
        ],
        [
          0.001134333674455364,
          -0.0027996542020713674,
          1.0
        ]
      ]
    },
    {
      "tag_id": 9,
      "tag_family": "tag36h11",
      "hamming": 0,
      "decision_margin": 35.06167984008789,
      "center": [
        1371.5460387781598,
        556.0923836715309
      ],
      "corners": [
        [
          1366.6602783203125,
          580.7192993164064
        ],
        [
          1376.680908203125,
          582.0732421874999
        ],
        [
          1376.4501953125002,
          531.3727416992188
        ],
        [
          1366.736083984375,
          531.7554931640626
        ]
      ],
      "homography": [
        [
          -18.76299460544328,
          -21.080685585263613,
          1371.5460387781598
        ],
        [
          -9.377309212154843,
          16.34082678318589,
          556.0923836715309
        ],
        [
          -0.017275407981497966,
          -0.015396323970083439,
          1.0
        ]
      ]
    },
    {
      "tag_id": 10,
      "tag_family": "tag36h11",
      "hamming": 0,
      "decision_margin": 49.25994873046875,
      "center": [
        1393.8093933000673,
        558.8018046098938
      ],
      "corners": [
        [
          1388.3011474609377,
          583.7013549804686
        ],
        [
          1399.0279541015625,
          585.2923583984377
        ],
        [
          1399.842163085937,
          531.5311889648439
        ],
        [
          1388.369384765625,
          531.1871337890623
        ]
      ],
      "homography": [
        [
          -11.651375235935125,
          45.93683601254884,
          1393.8093933000673
        ],
        [
          -6.388564424250495,
          45.039443092574174,
          558.8018046098938
        ],
        [
          -0.012336092439394986,
          0.033112589356345375,
          1.0
        ]
      ]
    },
    {
      "tag_id": 11,
      "tag_family": "tag36h11",
      "hamming": 0,
      "decision_margin": 64.91914367675781,
      "center": [
        1529.049676631416,
        558.8921250301207
      ],
      "corners": [
        [
          1498.7089843749995,
          588.66455078125
        ],
        [
          1559.6038818359375,
          589.0582885742188
        ],
        [
          1559.1982421875002,
          529.3082275390625
        ],
        [
          1498.6317138671873,
          528.8604736328124
        ]
      ],
      "homography": [
        [
          31.085088271992618,
          -4.015821291419112,
          1529.049676631416
        ],
        [
          0.473604565835327,
          28.37630696716292,
          558.8921250301207
        ],
        [
          0.00047085487474169085,
          -0.0027053570227137747,
          1.0
        ]
      ]
    },
    {
      "tag_id": 15,
      "tag_family": "tag36h11",
      "hamming": 0,
      "decision_margin": 79.30217742919922,
      "center": [
        40.10843716691657,
        747.9289093198374
      ],
      "corners": [
        [
          22.923107147216804,
          779.4549560546876
        ],
        [
          55.16484069824219,
          772.5293579101561
        ],
        [
          56.84878158569334,
          717.2191772460936
        ],
        [
          24.600980758666992,
          722.591491699219
        ]
      ],
      "homography": [
        [
          16.678255698632086,
          -0.8077449128174459,
          40.10843716691657
        ],
        [
          7.349441408477443,
          28.651778880261986,
          747.9289093198374
        ],
        [
          0.013937102348672454,
          0.0008206173181400289,
          1.0
        ]
      ]
    },
    {
      "tag_id": 16,
      "tag_family": "tag36h11",
      "hamming": 0,
      "decision_margin": 81.32830810546875,
      "center": [
        119.10049634888412,
        734.1153518186738
      ],
      "corners": [
        [
          104.43790435791018,
          763.203369140625
        ],
        [
          132.0418243408203,
          757.131103515625
        ],
        [
          133.28300476074213,
          705.9797363281249
        ],
        [
          105.80987548828125,
          710.4783935546874
        ]
      ],
      "homography": [
        [
          15.550171257677263,
          -0.8506335396069725,
          119.10049634888412
        ],
        [
          8.355865957082752,
          24.741504021086598,
          734.1153518186738
        ],
        [
          0.014979528412725285,
          -0.0016639768069258108,
          1.0
        ]
      ]
    }
  ],
  "ingest_metadata": {
    "original_name": "2026_Robot_Reveal_-_CyberhawK___CyberpunK_FRC_8020______fram.png",
    "source": "unknown",
    "dhash": "d8f8f8486ab23939",
    "ingested_at": "2026-04-01T04:11:05.755300+00:00"
  }
}
