{
  "image_file": "57f6ab59123e_FRC_5660_Symmetrical_Chaos_2026_frame_000531.png",
  "image_sha256": "57f6ab59123e673ddaff3c70edd8ee03a45abfb3417ac0381814c3ddf89bd62e",
  "image_width": 1920,
  "image_height": 1080,
  "detector_config": {
    "library": "pupil-apriltags",
    "library_version": "1.0.4.post11",
    "family": "tag36h11",
    "nthreads": 4,
    "quad_decimate": 1.0,
    "quad_sigma": 0.0,
    "refine_edges": true,
    "decode_sharpening": 0.25
  },
  "detected_at": "2026-04-01T04:44:34.452035+00:00",
  "num_detections": 3,
  "detections": [
    {
      "tag_id": 3,
      "tag_family": "tag36h11",
      "hamming": 0,
      "decision_margin": 76.85485076904297,
      "center": [
        542.041939846928,
        380.4235976097406
      ],
      "corners": [
        [
          523.661865234375,
          398.7259826660157
        ],
        [
          560.0540161132812,
          399.122589111328
        ],
        [
          560.2814941406251,
          362.26113891601557
        ],
        [
          523.8415527343751,
          361.52911376953136
        ]
      ],
      "homography": [
        [
          20.656985090175795,
          0.26746542115256744,
          542.041939846928
        ],
        [
          2.0010698308448105,
          18.773425667986544,
          380.4235976097406
        ],
        [
          0.004518730849508699,
          0.0006814358508155859,
          1.0
        ]
      ]
    },
    {
      "tag_id": 4,
      "tag_family": "tag36h11",
      "hamming": 0,
      "decision_margin": 77.59014129638672,
      "center": [
        622.1517077688894,
        381.720355237425
      ],
      "corners": [
        [
          604.0182495117189,
          399.6156921386719
        ],
        [
          640.6128540039062,
          400.3300170898438
        ],
        [
          640.9462890624998,
          363.17257690429693
        ],
        [
          603.6265258789061,
          363.046142578125
        ]
      ],
      "homography": [
        [
          13.444987195738918,
          6.125273292181989,
          622.1517077688894
        ],
        [
          -2.8734469465657098,
          22.17621341754551,
          381.720355237425
        ],
        [
          -0.008085838101308944,
          0.009817171223914812,
          1.0
        ]
      ]
    },
    {
      "tag_id": 6,
      "tag_family": "tag36h11",
      "hamming": 0,
      "decision_margin": 83.03588104248047,
      "center": [
        1349.3916390126178,
        447.59143063578387
      ],
      "corners": [
        [
          1332.693115234375,
          464.3903198242187
        ],
        [
          1365.9718017578123,
          464.6244201660157
        ],
        [
          1366.1229248046873,
          430.7595825195313
        ],
        [
          1332.9661865234377,
          430.7173767089844
        ]
      ],
      "homography": [
        [
          12.784885048618207,
          -2.607567566504029,
          1349.3916390126178
        ],
        [
          -1.1994450350121062,
          16.05455778627737,
          447.59143063578387
        ],
        [
          -0.00283370796009879,
          -0.0018536840159586938,
          1.0
        ]
      ]
    }
  ]
}
