{
  "image_file": "58127c5acbf2_FRC_Team_7632_-2025_robot_reveal_frame_000480.png",
  "image_sha256": "58127c5acbf24ed54a4a6b6a601a1e7ce454b7504292eb601b155ac2ec81ee70",
  "image_width": 1920,
  "image_height": 1080,
  "detector_config": {
    "library": "pupil-apriltags",
    "library_version": "1.0.4.post11",
    "family": "tag36h11",
    "nthreads": 4,
    "quad_decimate": 1.0,
    "quad_sigma": 0.0,
    "refine_edges": true,
    "decode_sharpening": 0.25
  },
  "detected_at": "2026-04-01T02:33:00.527093+00:00",
  "num_detections": 4,
  "detections": [
    {
      "tag_id": 2,
      "tag_family": "tag36h11",
      "hamming": 0,
      "decision_margin": 74.53280639648438,
      "center": [
        1816.5641617256422,
        385.6349265752141
      ],
      "corners": [
        [
          1796.6744384765625,
          403.57586669921875
        ],
        [
          1835.08447265625,
          402.62255859375
        ],
        [
          1836.9788818359373,
          367.2204284667969
        ],
        [
          1798.3232421874998,
          368.903564453125
        ]
      ],
      "homography": [
        [
          0.5300012401596628,
          4.04336614232443,
          1816.5641617256422
        ],
        [
          -4.635098328248435,
          18.562732739273656,
          385.6349265752141
        ],
        [
          -0.01031297277184429,
          0.0027128084437489063,
          1.0
        ]
      ]
    },
    {
      "tag_id": 3,
      "tag_family": "tag36h11",
      "hamming": 0,
      "decision_margin": 58.29470443725586,
      "center": [
        803.7100111837676,
        423.47941174620325
      ],
      "corners": [
        [
          790.587158203125,
          437.8876953125
        ],
        [
          815.9775390625,
          437.060791015625
        ],
        [
          816.2490234375,
          409.712158203125
        ],
        [
          790.9932861328125,
          409.40072631835943
        ]
      ],
      "homography": [
        [
          29.02394864728683,
          -2.0857878632746143,
          803.7100111837676
        ],
        [
          8.49680867653194,
          12.942579073917729,
          423.47941174620325
        ],
        [
          0.020365254525601197,
          -0.002386042840270592,
          1.0
        ]
      ]
    },
    {
      "tag_id": 4,
      "tag_family": "tag36h11",
      "hamming": 0,
      "decision_margin": 44.48845291137695,
      "center": [
        226.18660059116186,
        282.85946432641083
      ],
      "corners": [
        [
          206.2443084716797,
          295.6019592285156
        ],
        [
          230.14175415039062,
          299.9551086425782
        ],
        [
          245.92150878906253,
          270.24948120117193
        ],
        [
          222.18395996093753,
          265.5585632324218
        ]
      ],
      "homography": [
        [
          13.174389503350456,
          -7.845895850346549,
          226.18660059116186
        ],
        [
          3.844068598155671,
          15.041517654242625,
          282.85946432641083
        ],
        [
          0.005597072080978495,
          0.000370293983667505,
          1.0
        ]
      ]
    },
    {
      "tag_id": 11,
      "tag_family": "tag36h11",
      "hamming": 0,
      "decision_margin": 61.59821319580078,
      "center": [
        643.3276727297671,
        730.2760909449585
      ],
      "corners": [
        [
          622.9897460937499,
          758.3759155273438
        ],
        [
          663.0065307617188,
          766.7515869140627
        ],
        [
          664.3905639648438,
          701.1746215820312
        ],
        [
          624.3629150390624,
          695.1242065429686
        ]
      ],
      "homography": [
        [
          8.427952710191107,
          -1.0008775668774195,
          643.3276727297671
        ],
        [
          -9.536528273735374,
          31.8431231287027,
          730.2760909449585
        ],
        [
          -0.01799500239089931,
          -0.000484126124715954,
          1.0
        ]
      ]
    }
  ]
}
