{
  "image_file": "584a1f8d9d12_2026_Robot_Reveal_-_Roadrunner___Team_4099_The_Falcons_frame.png",
  "image_sha256": "584a1f8d9d12a2cb127eafab92d7513bdc6d1270cea3fda77d83f79816e24934",
  "image_width": 1920,
  "image_height": 1080,
  "detector_config": {
    "library": "pupil-apriltags",
    "library_version": "1.0.4.post11",
    "family": "tag36h11",
    "nthreads": 4,
    "quad_decimate": 1.0,
    "quad_sigma": 0.0,
    "refine_edges": true,
    "decode_sharpening": 0.25
  },
  "detected_at": "2026-04-01T04:08:48.068597+00:00",
  "num_detections": 4,
  "detections": [
    {
      "tag_id": 21,
      "tag_family": "tag36h11",
      "hamming": 0,
      "decision_margin": 63.40694808959961,
      "center": [
        524.4319805715076,
        905.3173651895663
      ],
      "corners": [
        [
          474.70452880859364,
          960.9306640625
        ],
        [
          574.8233642578125,
          961.3817138671875
        ],
        [
          574.364440917969,
          849.4747924804686
        ],
        [
          475.01876831054693,
          850.3413085937499
        ]
      ],
      "homography": [
        [
          46.75428146827085,
          -1.9966642854081953,
          524.4319805715076
        ],
        [
          -5.474018005934801,
          52.11599377148741,
          905.3173651895663
        ],
        [
          -0.005928973631612359,
          -0.0038718919103031342,
          1.0
        ]
      ]
    },
    {
      "tag_id": 24,
      "tag_family": "tag36h11",
      "hamming": 0,
      "decision_margin": 64.19230651855469,
      "center": [
        746.2030512745881,
        906.1075801217419
      ],
      "corners": [
        [
          693.8478393554689,
          962.7659301757812
        ],
        [
          798.743896484375,
          963.7943725585938
        ],
        [
          799.0177612304688,
          848.9519653320314
        ],
        [
          694.1260986328126,
          848.9301147460939
        ]
      ],
      "homography": [
        [
          49.16140175630551,
          -0.16231870298496995,
          746.2030512745881
        ],
        [
          -3.725801314198641,
          57.1389705654866,
          906.1075801217419
        ],
        [
          -0.004401633077386865,
          -3.2531830858726896e-05,
          1.0
        ]
      ]
    },
    {
      "tag_id": 25,
      "tag_family": "tag36h11",
      "hamming": 0,
      "decision_margin": 98.3367691040039,
      "center": [
        956.5318813169384,
        902.6323699680329
      ],
      "corners": [
        [
          941.7925415039061,
          961.2781372070311
        ],
        [
          971.918212890625,
          953.8671875000001
        ],
        [
          970.4043579101564,
          847.4357299804689
        ],
        [
          940.6054077148439,
          849.5989379882812
        ]
      ],
      "homography": [
        [
          37.71249601360864,
          -5.560695105237978,
          956.5318813169384
        ],
        [
          19.083677783959722,
          48.605231120397775,
          902.6323699680329
        ],
        [
          0.023773630895436534,
          -0.0065237541956047786,
          1.0
        ]
      ]
    },
    {
      "tag_id": 26,
      "tag_family": "tag36h11",
      "hamming": 1,
      "decision_margin": 75.76304626464844,
      "center": [
        1019.4674033951163,
        895.2063801145666
      ],
      "corners": [
        [
          1006.8171386718753,
          948.5283203125001
        ],
        [
          1033.202758789062,
          941.4069213867186
        ],
        [
          1031.833374023437,
          843.082763671875
        ],
        [
          1004.9473266601565,
          846.3663330078126
        ]
      ],
      "homography": [
        [
          33.26100155029121,
          9.16888064180512,
          1019.4674033951163
        ],
        [
          14.901588136826938,
          57.4440886413081,
          895.2063801145666
        ],
        [
          0.019568394948678288,
          0.00820401134239765,
          1.0
        ]
      ]
    }
  ]
}
