{
  "image_file": "58666a32c377_WPI_2025_District_Event_Qual_Match_44_POV_frame_002380.png",
  "image_sha256": "58666a32c377037c5115e603ed1053124d5ce4c57c675afb1ba9a8763d98a6f1",
  "image_width": 1920,
  "image_height": 1080,
  "detector_config": {
    "library": "pupil-apriltags",
    "library_version": "1.0.4.post11",
    "family": "tag36h11",
    "nthreads": 4,
    "quad_decimate": 1.0,
    "quad_sigma": 0.0,
    "refine_edges": true,
    "decode_sharpening": 0.25
  },
  "detected_at": "2026-04-01T15:01:32.506987+00:00",
  "num_detections": 4,
  "detections": [
    {
      "tag_id": 14,
      "tag_family": "tag36h11",
      "hamming": 0,
      "decision_margin": 14.579963684082031,
      "center": [
        568.6410384520434,
        543.3251328023678
      ],
      "corners": [
        [
          563.3953857421873,
          549.6575317382812
        ],
        [
          577.2694091796875,
          549.2523803710936
        ],
        [
          573.9310302734378,
          536.9392089843749
        ],
        [
          560.0901489257814,
          537.4511108398438
        ]
      ],
      "homography": [
        [
          4.449702434384903,
          1.5750912658862721,
          568.6410384520434
        ],
        [
          -2.59779655315083,
          6.047828359142727,
          543.3251328023678
        ],
        [
          -0.004359322632392874,
          -0.00015083672469596467,
          1.0
        ]
      ]
    },
    {
      "tag_id": 15,
      "tag_family": "tag36h11",
      "hamming": 0,
      "decision_margin": 23.68164825439453,
      "center": [
        940.6350065071148,
        540.605011724119
      ],
      "corners": [
        [
          933.2279052734374,
          547.2801513671874
        ],
        [
          948.4465942382814,
          547.1119995117188
        ],
        [
          948.0538940429688,
          533.9192504882814
        ],
        [
          933.0818481445311,
          534.3132934570312
        ]
      ],
      "homography": [
        [
          -0.7378634576638197,
          -7.403071097449924,
          940.6350065071148
        ],
        [
          -4.902724295635153,
          2.2074898196697172,
          540.605011724119
        ],
        [
          -0.008807303685303795,
          -0.00801232789246798,
          1.0
        ]
      ]
    },
    {
      "tag_id": 17,
      "tag_family": "tag36h11",
      "hamming": 0,
      "decision_margin": 77.78197479248047,
      "center": [
        666.8518846650128,
        754.2057453499314
      ],
      "corners": [
        [
          655.6119995117185,
          769.2340698242188
        ],
        [
          679.363525390625,
          764.8374023437499
        ],
        [
          677.954040527344,
          739.361572265625
        ],
        [
          653.9370117187499,
          743.2314453125001
        ]
      ],
      "homography": [
        [
          19.283470562325874,
          4.002013030909555,
          666.8518846650128
        ],
        [
          6.237343610335413,
          16.52366340620415,
          754.2057453499314
        ],
        [
          0.011011654923469722,
          0.004847075292327936,
          1.0
        ]
      ]
    },
    {
      "tag_id": 18,
      "tag_family": "tag36h11",
      "hamming": 0,
      "decision_margin": 64.38304901123047,
      "center": [
        500.56826872857914,
        761.9801921263925
      ],
      "corners": [
        [
          486.6150512695312,
          774.6912231445312
        ],
        [
          516.4661254882812,
          776.6466064453125
        ],
        [
          514.5880126953126,
          749.2085571289062
        ],
        [
          484.9662170410157,
          747.5866699218749
        ]
      ],
      "homography": [
        [
          11.921912564129684,
          -0.8740159166288194,
          500.56826872857914
        ],
        [
          -3.5901243091807387,
          10.963310908712515,
          761.9801921263925
        ],
        [
          -0.005884453894792137,
          -0.003506210609324053,
          1.0
        ]
      ]
    }
  ]
}
