{
  "image_file": "595a8ea15f3f_PC000001_MOV-0440_jpg_rf_784796fadf2151b86f24a0130844103f.png",
  "image_sha256": "595a8ea15f3f54630aa33a40add5c195892b386e41056b2904ef2bcf768ff8ce",
  "image_width": 640,
  "image_height": 360,
  "detector_config": {
    "library": "pupil-apriltags",
    "library_version": "1.0.4.post11",
    "family": "tag36h11",
    "nthreads": 4,
    "quad_decimate": 1.0,
    "quad_sigma": 0.0,
    "refine_edges": true,
    "decode_sharpening": 0.25
  },
  "detected_at": "2026-03-24T14:12:51.644901+00:00",
  "num_detections": 2,
  "detections": [
    {
      "tag_id": 29,
      "tag_family": "tag36h11",
      "hamming": 0,
      "decision_margin": 96.84832763671875,
      "center": [
        195.5752316479785,
        144.45628307950557
      ],
      "corners": [
        [
          169.52423095703122,
          165.52206420898438
        ],
        [
          215.91224670410156,
          176.04507446289062
        ],
        [
          222.83271789550787,
          122.4148941040039
        ],
        [
          175.27394104003906,
          112.922981262207
        ]
      ],
      "homography": [
        [
          21.180756741476074,
          -1.0335464949667115,
          195.5752316479785
        ],
        [
          3.3110660885274363,
          28.122967043058907,
          144.45628307950557
        ],
        [
          -0.01175561546689938,
          0.010876532355537812,
          1.0
        ]
      ]
    },
    {
      "tag_id": 30,
      "tag_family": "tag36h11",
      "hamming": 0,
      "decision_margin": 93.74900817871094,
      "center": [
        329.85971357260615,
        173.89119811192043
      ],
      "corners": [
        [
          298.5650634765625,
          195.81539916992188
        ],
        [
          352.448486328125,
          208.32044982910156
        ],
        [
          363.16552734375006,
          150.55802917480472
        ],
        [
          307.5382080078125,
          139.8693084716797
        ]
      ],
      "homography": [
        [
          21.24546222740588,
          -0.7541584776329248,
          329.85971357260615
        ],
        [
          2.584557728803045,
          30.604950582662923,
          173.89119811192043
        ],
        [
          -0.018541738725763913,
          0.012590602355176195,
          1.0
        ]
      ]
    }
  ],
  "ingest_metadata": {
    "original_name": "PC000001_MOV-0440_jpg_rf_784796fadf2151b86f24a0130844103f.png",
    "source": "unknown",
    "dhash": "b8bc8a9cc676def4",
    "ingested_at": "2026-03-24T14:12:51.630188+00:00"
  }
}
