{
  "image_file": "596554af173b_PC000002_MOV-0099_jpg_rf_29748136b5e407abf1978475ce5a0b51.png",
  "image_sha256": "596554af173b24807951be67bdb5f8d1edc8ac71de2f836b0a09cd27b849da40",
  "image_width": 640,
  "image_height": 360,
  "detector_config": {
    "library": "pupil-apriltags",
    "library_version": "1.0.4.post11",
    "family": "tag36h11",
    "nthreads": 4,
    "quad_decimate": 1.0,
    "quad_sigma": 0.0,
    "refine_edges": true,
    "decode_sharpening": 0.25
  },
  "detected_at": "2026-03-24T14:12:57.573718+00:00",
  "num_detections": 4,
  "detections": [
    {
      "tag_id": 2,
      "tag_family": "tag36h11",
      "hamming": 0,
      "decision_margin": 49.85716247558594,
      "center": [
        453.77087903918573,
        126.62192669720439
      ],
      "corners": [
        [
          446.501953125,
          136.83149719238284
        ],
        [
          460.7321166992187,
          141.19850158691406
        ],
        [
          461.15783691406256,
          116.24657440185545
        ],
        [
          446.2914733886719,
          110.96032714843749
        ]
      ],
      "homography": [
        [
          13.58325357483403,
          9.91025553086462,
          453.77087903918573
        ],
        [
          4.165797701215466,
          15.477348133623352,
          126.62192669720439
        ],
        [
          0.01391452832463861,
          0.021968082950881474,
          1.0
        ]
      ]
    },
    {
      "tag_id": 9,
      "tag_family": "tag36h11",
      "hamming": 0,
      "decision_margin": 46.579036712646484,
      "center": [
        284.6364642664855,
        103.51942408553786
      ],
      "corners": [
        [
          277.8012084960937,
          114.68258666992186
        ],
        [
          292.48553466796875,
          115.58522033691408
        ],
        [
          291.9566040039063,
          91.56436157226562
        ],
        [
          276.7574768066407,
          91.40763854980469
        ]
      ],
      "homography": [
        [
          2.862387299285614,
          5.543033217878644,
          284.6364642664855
        ],
        [
          -1.4029423147311366,
          13.688598501329295,
          103.51942408553786
        ],
        [
          -0.01617610547939391,
          0.01807825122589242,
          1.0
        ]
      ]
    },
    {
      "tag_id": 10,
      "tag_family": "tag36h11",
      "hamming": 0,
      "decision_margin": 54.320064544677734,
      "center": [
        319.71626412988604,
        104.36941014483263
      ],
      "corners": [
        [
          311.7244262695312,
          116.40950775146483
        ],
        [
          328.7003479003907,
          117.5006332397461
        ],
        [
          328.1987304687501,
          91.59015655517578
        ],
        [
          310.8315734863281,
          91.38346099853517
        ]
      ],
      "homography": [
        [
          2.931979804949378,
          4.223743796624319,
          319.71626412988604
        ],
        [
          -1.5146508461422759,
          13.992289364671848,
          104.36941014483263
        ],
        [
          -0.017671915260212955,
          0.012109523310798351,
          1.0
        ]
      ]
    },
    {
      "tag_id": 11,
      "tag_family": "tag36h11",
      "hamming": 0,
      "decision_margin": 52.92213439941406,
      "center": [
        419.33565513783594,
        115.38229059840074
      ],
      "corners": [
        [
          410.726318359375,
          126.4510803222656
        ],
        [
          427.6536254882812,
          131.5409851074219
        ],
        [
          427.7053833007813,
          104.62155914306645
        ],
        [
          410.6058959960938,
          98.42364501953124
        ]
      ],
      "homography": [
        [
          16.526736851825035,
          2.121229033465968,
          419.33565513783594
        ],
        [
          5.025881069052302,
          14.310192767122743,
          115.38229059840074
        ],
        [
          0.019133527472342565,
          0.005021524464961328,
          1.0
        ]
      ]
    }
  ]
}
