{
  "image_file": "59778294c4d8_2026_Marvin_XIX_Robot_Reveal_frame_000960.png",
  "image_sha256": "59778294c4d8c4a0a5e67998e8f8b2653c0af092c7dc9f4b8b9cbbd341e403b1",
  "image_width": 1920,
  "image_height": 1080,
  "detector_config": {
    "library": "pupil-apriltags",
    "library_version": "1.0.4.post11",
    "family": "tag36h11",
    "nthreads": 4,
    "quad_decimate": 1.0,
    "quad_sigma": 0.0,
    "refine_edges": true,
    "decode_sharpening": 0.25
  },
  "detected_at": "2026-04-01T05:00:43.072748+00:00",
  "num_detections": 2,
  "detections": [
    {
      "tag_id": 2,
      "tag_family": "tag36h11",
      "hamming": 0,
      "decision_margin": 68.14086151123047,
      "center": [
        904.8902660860027,
        320.07376767152226
      ],
      "corners": [
        [
          884.7743530273438,
          342.72485351562506
        ],
        [
          926.2388305664061,
          340.85391235351557
        ],
        [
          925.1538696289064,
          297.2563781738281
        ],
        [
          883.7307739257814,
          299.47766113281256
        ]
      ],
      "homography": [
        [
          17.054264497247914,
          0.1744662721367852,
          904.8902660860027
        ],
        [
          -2.3202838570888984,
          21.584338528271587,
          320.07376767152226
        ],
        [
          -0.004052738392211492,
          -0.0003951788998107678,
          1.0
        ]
      ]
    },
    {
      "tag_id": 11,
      "tag_family": "tag36h11",
      "hamming": 0,
      "decision_margin": 64.62598419189453,
      "center": [
        814.866435532702,
        324.3720761946266
      ],
      "corners": [
        [
          795.815856933594,
          346.53659057617193
        ],
        [
          835.3325805664064,
          344.6303100585938
        ],
        [
          834.4091796874999,
          301.63494873046875
        ],
        [
          794.4413452148436,
          304.15447998046875
        ]
      ],
      "homography": [
        [
          14.264661487602893,
          5.36281136030823,
          814.866435532702
        ],
        [
          -3.3357671431721796,
          23.247992887557302,
          324.3720761946266
        ],
        [
          -0.006878303475172637,
          0.005874305540332705,
          1.0
        ]
      ]
    }
  ]
}
