{
  "image_file": "59e8223165aa_38_Robot_Reveals____FRC_Premiere_Night___REEFSCAPE_25___Bonu.png",
  "image_sha256": "59e8223165aa46cb0e6348b5e72362d8aec076ccb1334d128bce9db2f4b2ef7d",
  "image_width": 1920,
  "image_height": 1080,
  "detector_config": {
    "library": "pupil-apriltags",
    "library_version": "1.0.4.post11",
    "family": "tag36h11",
    "nthreads": 4,
    "quad_decimate": 1.0,
    "quad_sigma": 0.0,
    "refine_edges": true,
    "decode_sharpening": 0.25
  },
  "detected_at": "2026-04-01T01:11:16.991909+00:00",
  "num_detections": 3,
  "detections": [
    {
      "tag_id": 12,
      "tag_family": "tag36h11",
      "hamming": 0,
      "decision_margin": 64.63338470458984,
      "center": [
        1079.3947063258493,
        269.841527620695
      ],
      "corners": [
        [
          1054.1439208984375,
          295.05456542968744
        ],
        [
          1104.1230468750002,
          295.07998657226574
        ],
        [
          1104.0263671875002,
          245.2466888427735
        ],
        [
          1055.0482177734375,
          244.99279785156244
        ]
      ],
      "homography": [
        [
          27.23580815482137,
          -11.098665941221721,
          1079.3947063258493
        ],
        [
          0.6957598797331997,
          22.246677177657205,
          269.841527620695
        ],
        [
          0.0023153283820537816,
          -0.01009634369539847,
          1.0
        ]
      ]
    },
    {
      "tag_id": 19,
      "tag_family": "tag36h11",
      "hamming": 0,
      "decision_margin": 76.56787109375,
      "center": [
        825.1479427139344,
        810.6768600009881
      ],
      "corners": [
        [
          800.9152221679689,
          855.614501953125
        ],
        [
          847.00732421875,
          848.7353515624999
        ],
        [
          849.208801269531,
          766.0579223632812
        ],
        [
          802.7046508789062,
          771.6017456054689
        ]
      ],
      "homography": [
        [
          30.052945201078956,
          2.9700137832080635,
          825.1479427139344
        ],
        [
          3.6760356561230707,
          45.56880882798441,
          810.6768600009881
        ],
        [
          0.00836935853848108,
          0.004810666191255842,
          1.0
        ]
      ]
    },
    {
      "tag_id": 20,
      "tag_family": "tag36h11",
      "hamming": 0,
      "decision_margin": 81.44989776611328,
      "center": [
        411.4364761857086,
        831.029401345784
      ],
      "corners": [
        [
          368.2636718750001,
          874.7887573242189
        ],
        [
          454.8837890625,
          874.9340209960938
        ],
        [
          453.95281982421864,
          787.9354248046875
        ],
        [
          367.8675537109375,
          787.0018920898439
        ]
      ],
      "homography": [
        [
          45.03854580137488,
          -0.9555097805987829,
          411.4364761857086
        ],
        [
          4.034872626842452,
          41.09251165034743,
          831.029401345784
        ],
        [
          0.004529252635062842,
          -0.0031317019654842886,
          1.0
        ]
      ]
    }
  ]
}
