{
  "image_file": "5a4bcd096ef3_Qualification_22_-__stanbul_Regional_frame_004760.png",
  "image_sha256": "5a4bcd096ef37981601b120957f8f7c57aa44321d058358b87df99cac470c702",
  "image_width": 1920,
  "image_height": 1080,
  "detector_config": {
    "library": "pupil-apriltags",
    "library_version": "1.0.4.post11",
    "family": "tag36h11",
    "nthreads": 4,
    "quad_decimate": 1.0,
    "quad_sigma": 0.0,
    "refine_edges": true,
    "decode_sharpening": 0.25
  },
  "detected_at": "2026-04-01T04:02:31.463626+00:00",
  "num_detections": 6,
  "detections": [
    {
      "tag_id": 1,
      "tag_family": "tag36h11",
      "hamming": 0,
      "decision_margin": 36.207435607910156,
      "center": [
        278.81846011613516,
        1008.5194400304011
      ],
      "corners": [
        [
          272.8253479003907,
          1015.0209960937502
        ],
        [
          285.5049438476562,
          1013.3351440429685
        ],
        [
          284.69848632812494,
          1002.1405639648435
        ],
        [
          271.9517211914063,
          1003.5739135742189
        ]
      ],
      "homography": [
        [
          9.5376436706469,
          0.9459996088516517,
          278.81846011613516
        ],
        [
          10.729449363868524,
          7.5634125768539215,
          1008.5194400304011
        ],
        [
          0.011412164067576244,
          0.0018876390699961068,
          1.0
        ]
      ]
    },
    {
      "tag_id": 3,
      "tag_family": "tag36h11",
      "hamming": 2,
      "decision_margin": 23.453163146972656,
      "center": [
        511.1363917184307,
        977.4128583603925
      ],
      "corners": [
        [
          504.9945678710937,
          984.1992187500001
        ],
        [
          516.614990234375,
          981.8350830078123
        ],
        [
          516.9652099609375,
          970.9723510742185
        ],
        [
          504.9803161621093,
          972.4437866210939
        ]
      ],
      "homography": [
        [
          27.453475011879732,
          8.107168985052116,
          511.1363917184307
        ],
        [
          40.27094508660093,
          21.32268995382856,
          977.4128583603925
        ],
        [
          0.042188454288190416,
          0.0160406835603649,
          1.0
        ]
      ]
    },
    {
      "tag_id": 11,
      "tag_family": "tag36h11",
      "hamming": 0,
      "decision_margin": 66.48426818847656,
      "center": [
        563.2465983766001,
        439.73568489044163
      ],
      "corners": [
        [
          555.8336791992186,
          447.341552734375
        ],
        [
          571.7918090820312,
          447.68621826171875
        ],
        [
          570.8892211914064,
          431.8941345214844
        ],
        [
          554.7964477539061,
          431.87359619140625
        ]
      ],
      "homography": [
        [
          2.1397645991386294,
          3.2072453954992857,
          563.2465983766001
        ],
        [
          -4.492251309892368,
          9.938743247355319,
          439.73568489044163
        ],
        [
          -0.010425188844941098,
          0.0048318930684106125,
          1.0
        ]
      ]
    },
    {
      "tag_id": 14,
      "tag_family": "tag36h11",
      "hamming": 2,
      "decision_margin": 26.293838500976562,
      "center": [
        250.842682612241,
        894.0494609105128
      ],
      "corners": [
        [
          245.75320434570315,
          899.5313720703126
        ],
        [
          256.4977722167969,
          898.2722778320311
        ],
        [
          256.082763671875,
          888.4053344726564
        ],
        [
          245.2954254150391,
          889.9071655273439
        ]
      ],
      "homography": [
        [
          2.3462610856835795,
          0.8398126288511211,
          250.842682612241
        ],
        [
          -11.510364845126219,
          7.0865237143545965,
          894.0494609105128
        ],
        [
          -0.012102832660275618,
          0.0024769561129568485,
          1.0
        ]
      ]
    },
    {
      "tag_id": 17,
      "tag_family": "tag36h11",
      "hamming": 0,
      "decision_margin": 28.33086585998535,
      "center": [
        1248.294368008491,
        997.4739063068663
      ],
      "corners": [
        [
          1242.8248291015625,
          1004.0022583007812
        ],
        [
          1254.72607421875,
          1001.8110961914062
        ],
        [
          1253.6689453124998,
          991.0588989257811
        ],
        [
          1241.798583984375,
          993.0935058593749
        ]
      ],
      "homography": [
        [
          14.501968914234794,
          -1.8509500324955734,
          1248.294368008491
        ],
        [
          5.783271189485276,
          3.519605288323306,
          997.4739063068663
        ],
        [
          0.006856839876897128,
          -0.0019001303613540475,
          1.0
        ]
      ]
    },
    {
      "tag_id": 24,
      "tag_family": "tag36h11",
      "hamming": 0,
      "decision_margin": 65.0317611694336,
      "center": [
        1347.4836795278811,
        445.05021826759605
      ],
      "corners": [
        [
          1338.9759521484377,
          452.489013671875
        ],
        [
          1354.70947265625,
          452.70874023437506
        ],
        [
          1356.2895507812498,
          437.3507385253906
        ],
        [
          1340.0363769531252,
          437.1569213867187
        ]
      ],
      "homography": [
        [
          6.56358394562221,
          21.11330903072735,
          1347.4836795278811
        ],
        [
          -0.36900219753721514,
          14.861750864180749,
          445.05021826759605
        ],
        [
          -0.001061957292351997,
          0.016158256728334514,
          1.0
        ]
      ]
    }
  ]
}
