{
  "image_file": "5a7a3f06ab9b_2025_WPI_District_Event_Qual_Match_15_POV_frame_017493.png",
  "image_sha256": "5a7a3f06ab9b17922d01d4da8f2964a9bfbf9b3ff23170c56f507e05d6082639",
  "image_width": 1920,
  "image_height": 1080,
  "detector_config": {
    "library": "pupil-apriltags",
    "library_version": "1.0.4.post11",
    "family": "tag36h11",
    "nthreads": 4,
    "quad_decimate": 1.0,
    "quad_sigma": 0.0,
    "refine_edges": true,
    "decode_sharpening": 0.25
  },
  "detected_at": "2026-04-01T14:56:37.434091+00:00",
  "num_detections": 3,
  "detections": [
    {
      "tag_id": 4,
      "tag_family": "tag36h11",
      "hamming": 0,
      "decision_margin": 43.137733459472656,
      "center": [
        1082.6440375899278,
        444.4181344819549
      ],
      "corners": [
        [
          1075.1892089843752,
          450.8235778808594
        ],
        [
          1090.3403320312498,
          450.83386230468756
        ],
        [
          1090.1132812499998,
          438.00030517578125
        ],
        [
          1074.6757812500002,
          437.77569580078114
        ]
      ],
      "homography": [
        [
          16.521337234922612,
          10.10502618612668,
          1082.6440375899278
        ],
        [
          3.701020535100325,
          10.541911199208812,
          444.4181344819549
        ],
        [
          0.0081978610423517,
          0.009163753880634264,
          1.0
        ]
      ]
    },
    {
      "tag_id": 7,
      "tag_family": "tag36h11",
      "hamming": 0,
      "decision_margin": 86.05412292480469,
      "center": [
        662.4636812182248,
        657.7995768971728
      ],
      "corners": [
        [
          650.5607910156249,
          669.9242553710938
        ],
        [
          675.9228515625,
          672.1602783203125
        ],
        [
          674.4924926757812,
          645.5466308593748
        ],
        [
          649.1907348632812,
          643.6375732421874
        ]
      ],
      "homography": [
        [
          8.615163612032006,
          0.13532423939602828,
          662.4636812182248
        ],
        [
          -2.985691874170358,
          12.663922024741396,
          657.7995768971728
        ],
        [
          -0.0061139970835999554,
          -0.0008523045911582402,
          1.0
        ]
      ]
    },
    {
      "tag_id": 8,
      "tag_family": "tag36h11",
      "hamming": 0,
      "decision_margin": 73.17487335205078,
      "center": [
        810.4936029073582,
        651.7347557424412
      ],
      "corners": [
        [
          799.846923828125,
          666.458251953125
        ],
        [
          821.6442871093751,
          662.3597412109375
        ],
        [
          821.0294799804688,
          637.1644897460938
        ],
        [
          798.9235839843749,
          640.7102050781251
        ]
      ],
      "homography": [
        [
          20.5727660178228,
          5.742236646218433,
          810.4936029073582
        ],
        [
          5.806080574811629,
          17.043457792948743,
          651.7347557424412
        ],
        [
          0.011843438217391837,
          0.006612624460745782,
          1.0
        ]
      ]
    }
  ]
}
