{
  "image_file": "5a7c1165d0ac_PC000001_MOV-0447_jpg_rf_32c8be515d4288b2704755f3e376ef7f.png",
  "image_sha256": "5a7c1165d0ac6c0f27de3e6800f48464675f232e1de3f34584b2b811aebc3b69",
  "image_width": 640,
  "image_height": 360,
  "detector_config": {
    "library": "pupil-apriltags",
    "library_version": "1.0.4.post11",
    "family": "tag36h11",
    "nthreads": 4,
    "quad_decimate": 1.0,
    "quad_sigma": 0.0,
    "refine_edges": true,
    "decode_sharpening": 0.25
  },
  "detected_at": "2026-03-24T14:12:51.856489+00:00",
  "num_detections": 2,
  "detections": [
    {
      "tag_id": 29,
      "tag_family": "tag36h11",
      "hamming": 0,
      "decision_margin": 91.77973175048828,
      "center": [
        306.6849528828923,
        125.36364882209817
      ],
      "corners": [
        [
          286.39746093749994,
          142.63598632812503
        ],
        [
          323.9008483886719,
          146.6915283203125
        ],
        [
          327.5335998535156,
          107.6135559082031
        ],
        [
          289.3691711425781,
          103.91202545166017
        ]
      ],
      "homography": [
        [
          17.266718175008805,
          0.8860920331040937,
          306.6849528828923
        ],
        [
          1.2670526130855795,
          20.485146396098713,
          125.36364882209817
        ],
        [
          -0.0053744074517451425,
          0.008267004698693467,
          1.0
        ]
      ]
    },
    {
      "tag_id": 30,
      "tag_family": "tag36h11",
      "hamming": 0,
      "decision_margin": 91.96561431884766,
      "center": [
        410.29929116542746,
        136.37373890669642
      ],
      "corners": [
        [
          387.9123229980469,
          154.00067138671878
        ],
        [
          427.86444091796875,
          158.12252807617188
        ],
        [
          433.3712158203125,
          118.20748901367189
        ],
        [
          392.63067626953125,
          114.4968414306641
        ]
      ],
      "homography": [
        [
          17.68182399701317,
          1.1397641792325452,
          410.29929116542746
        ],
        [
          1.1328840411331074,
          21.08023728808419,
          136.37373890669642
        ],
        [
          -0.006065533877715341,
          0.009002067750473719,
          1.0
        ]
      ]
    }
  ]
}
