{
  "image_file": "5ab525e5a928_PC000002_MOV-0185_jpg_rf_31297f3c391c4aef392656e8fff0070b.png",
  "image_sha256": "5ab525e5a928bc350a430cf23c026423ba5eacef2603a54711082aaa441621a0",
  "image_width": 640,
  "image_height": 360,
  "detector_config": {
    "library": "pupil-apriltags",
    "library_version": "1.0.4.post11",
    "family": "tag36h11",
    "nthreads": 4,
    "quad_decimate": 1.0,
    "quad_sigma": 0.0,
    "refine_edges": true,
    "decode_sharpening": 0.25
  },
  "detected_at": "2026-03-24T14:13:02.643061+00:00",
  "num_detections": 2,
  "detections": [
    {
      "tag_id": 9,
      "tag_family": "tag36h11",
      "hamming": 0,
      "decision_margin": 66.2661361694336,
      "center": [
        424.3370142754627,
        129.6669574912803
      ],
      "corners": [
        [
          408.68621826171875,
          139.885986328125
        ],
        [
          433.8325805664062,
          145.15966796874994
        ],
        [
          439.9955444335937,
          119.44287872314455
        ],
        [
          414.8284301757812,
          114.15300750732429
        ]
      ],
      "homography": [
        [
          12.67129083691475,
          -2.8785500108290862,
          424.3370142754627
        ],
        [
          2.669280301411588,
          12.922864286778093,
          129.6669574912803
        ],
        [
          0.00021898726739984838,
          0.00046601092880324123,
          1.0
        ]
      ]
    },
    {
      "tag_id": 10,
      "tag_family": "tag36h11",
      "hamming": 0,
      "decision_margin": 57.41689682006836,
      "center": [
        479.63093706808894,
        141.69189497565966
      ],
      "corners": [
        [
          464.3310546875,
          151.671875
        ],
        [
          488.8450622558594,
          156.9509429931641
        ],
        [
          495.37219238281256,
          131.42401123046875
        ],
        [
          470.27441406249994,
          126.19702911376949
        ]
      ],
      "homography": [
        [
          10.830056447210154,
          2.132482333440636,
          479.63093706808894
        ],
        [
          2.1629670845915694,
          14.299564599938293,
          141.69189497565966
        ],
        [
          -0.0032755353412727384,
          0.010943432354659005,
          1.0
        ]
      ]
    }
  ]
}
