{
  "image_file": "5bab364d3fd5_Team_59_2026_Robot_Reveal___RICO_frame_001152.png",
  "image_sha256": "5bab364d3fd5e0acf09a738991540028c9428a518d3e00de74cd97c6a1aea559",
  "image_width": 1920,
  "image_height": 1080,
  "detector_config": {
    "library": "pupil-apriltags",
    "library_version": "1.0.4.post11",
    "family": "tag36h11",
    "nthreads": 4,
    "quad_decimate": 1.0,
    "quad_sigma": 0.0,
    "refine_edges": true,
    "decode_sharpening": 0.25
  },
  "detected_at": "2026-04-01T04:49:09.376786+00:00",
  "num_detections": 7,
  "detections": [
    {
      "tag_id": 17,
      "tag_family": "tag36h11",
      "hamming": 0,
      "decision_margin": 40.522335052490234,
      "center": [
        429.0850917897318,
        521.2532812759864
      ],
      "corners": [
        [
          419.7420043945313,
          533.7572021484375
        ],
        [
          438.92126464843744,
          534.0687255859376
        ],
        [
          438.4045104980468,
          508.7810363769533
        ],
        [
          419.226806640625,
          508.4090270996094
        ]
      ],
      "homography": [
        [
          10.102201802968693,
          0.22677743117969965,
          429.0850917897318
        ],
        [
          0.7940473921694304,
          12.621031736350233,
          521.2532812759864
        ],
        [
          0.0011955075954207745,
          -7.274044984302675e-05,
          1.0
        ]
      ]
    },
    {
      "tag_id": 19,
      "tag_family": "tag36h11",
      "hamming": 0,
      "decision_margin": 51.8415412902832,
      "center": [
        766.0146410728895,
        483.4100685603216
      ],
      "corners": [
        [
          753.7233276367189,
          498.84100341796875
        ],
        [
          779.2458496093749,
          498.5672912597655
        ],
        [
          778.551086425781,
          467.67138671875
        ],
        [
          752.6423950195312,
          468.091278076172
        ]
      ],
      "homography": [
        [
          11.105968350448506,
          6.256391623201127,
          766.0146410728895
        ],
        [
          -1.277888867362267,
          19.078252987249243,
          483.4100685603216
        ],
        [
          -0.002285913229932909,
          0.007587387006450418,
          1.0
        ]
      ]
    },
    {
      "tag_id": 20,
      "tag_family": "tag36h11",
      "hamming": 0,
      "decision_margin": 48.499359130859375,
      "center": [
        823.139838509081,
        483.3001249193027
      ],
      "corners": [
        [
          810.2308959960936,
          498.9609985351563
        ],
        [
          836.8314819335939,
          498.9215698242188
        ],
        [
          836.2625732421877,
          467.37988281249994
        ],
        [
          809.2798461914061,
          467.48660278320307
        ]
      ],
      "homography": [
        [
          12.52982004062369,
          6.275118836282902,
          823.139838509081
        ],
        [
          -0.544359278845152,
          19.214367065488204,
          483.3001249193027
        ],
        [
          -0.0010512333913766652,
          0.007161538229070954,
          1.0
        ]
      ]
    },
    {
      "tag_id": 21,
      "tag_family": "tag36h11",
      "hamming": 0,
      "decision_margin": 22.64815330505371,
      "center": [
        980.514642738896,
        481.05659622214785
      ],
      "corners": [
        [
          973.3257446289062,
          496.7150268554687
        ],
        [
          987.6547851562499,
          496.11682128906256
        ],
        [
          987.54736328125,
          465.7383422851563
        ],
        [
          973.1666870117189,
          465.5580444335937
        ]
      ],
      "homography": [
        [
          19.59223135013781,
          1.7145606728789768,
          980.514642738896
        ],
        [
          5.986367108227055,
          16.190021699610043,
          481.05659622214785
        ],
        [
          0.012662713627996989,
          0.0016810123566056503,
          1.0
        ]
      ]
    },
    {
      "tag_id": 22,
      "tag_family": "tag36h11",
      "hamming": 0,
      "decision_margin": 45.7054557800293,
      "center": [
        1556.1732252105833,
        529.9954311349475
      ],
      "corners": [
        [
          1535.851440429688,
          548.4174194335938
        ],
        [
          1576.5567626953123,
          548.6629638671875
        ],
        [
          1576.5690917968745,
          511.50628662109364
        ],
        [
          1536.0209960937502,
          511.53973388671864
        ]
      ],
      "homography": [
        [
          14.457359121780655,
          -3.070093380443721,
          1556.1732252105833
        ],
        [
          -1.941535653516214,
          17.478244786328332,
          529.9954311349475
        ],
        [
          -0.0037628405385081247,
          -0.0019434378247345022,
          1.0
        ]
      ]
    },
    {
      "tag_id": 24,
      "tag_family": "tag36h11",
      "hamming": 0,
      "decision_margin": 18.48737335205078,
      "center": [
        1009.4649637074169,
        478.74537045427735
      ],
      "corners": [
        [
          1003.0838012695314,
          494.0766906738281
        ],
        [
          1016.0599365234375,
          493.0520324707031
        ],
        [
          1015.6489868164061,
          463.8876953125
        ],
        [
          1002.752685546875,
          464.1842346191406
        ]
      ],
      "homography": [
        [
          18.83528121299514,
          -3.2835929101956913,
          1009.4649637074169
        ],
        [
          5.536699287662996,
          13.116287799042027,
          478.74537045427735
        ],
        [
          0.01225223686670108,
          -0.0034370920461845446,
          1.0
        ]
      ]
    },
    {
      "tag_id": 32,
      "tag_family": "tag36h11",
      "hamming": 0,
      "decision_margin": 34.04016876220703,
      "center": [
        1178.1626837323863,
        538.1943093486108
      ],
      "corners": [
        [
          1168.2620849609373,
          548.0737304687501
        ],
        [
          1187.3359374999998,
          547.8477783203125
        ],
        [
          1187.6367187500002,
          528.7405395507811
        ],
        [
          1168.7279052734377,
          528.2656249999999
        ]
      ],
      "homography": [
        [
          30.74115748090344,
          -4.880611860770838,
          1178.1626837323863
        ],
        [
          9.77022204850948,
          7.582917655667871,
          538.1943093486108
        ],
        [
          0.018035503954893513,
          -0.003981105931992737,
          1.0
        ]
      ]
    }
  ],
  "ingest_metadata": {
    "original_name": "Team_59_2026_Robot_Reveal___RICO_frame_001152.png",
    "source": "unknown",
    "dhash": "30084848085a4a20",
    "ingested_at": "2026-04-01T04:49:09.365300+00:00"
  }
}
