{
  "image_file": "5bda7fe22f98_FRC_Team_3536_REBUILT_ROBOT_REVEAL_frame_001740.png",
  "image_sha256": "5bda7fe22f98cb18b3841f8ca86ec08b95f34af276c59092ce3c96710e9756ca",
  "image_width": 1920,
  "image_height": 1080,
  "detector_config": {
    "library": "pupil-apriltags",
    "library_version": "1.0.4.post11",
    "family": "tag36h11",
    "nthreads": 4,
    "quad_decimate": 1.0,
    "quad_sigma": 0.0,
    "refine_edges": true,
    "decode_sharpening": 0.25
  },
  "detected_at": "2026-04-01T04:27:43.381987+00:00",
  "num_detections": 2,
  "detections": [
    {
      "tag_id": 19,
      "tag_family": "tag36h11",
      "hamming": 0,
      "decision_margin": 59.113426208496094,
      "center": [
        1436.6284579984247,
        73.96117916707789
      ],
      "corners": [
        [
          1400.4206542968745,
          121.05127716064453
        ],
        [
          1473.9035644531252,
          116.3469772338867
        ],
        [
          1473.988037109375,
          25.37313842773438
        ],
        [
          1399.8297119140623,
          32.11705398559572
        ]
      ],
      "homography": [
        [
          21.039668110870707,
          6.75693515088324,
          1436.6284579984247
        ],
        [
          -3.6738500044033255,
          45.31143412981345,
          73.96117916707789
        ],
        [
          -0.011043472456407365,
          0.0046125882238534765,
          1.0
        ]
      ]
    },
    {
      "tag_id": 20,
      "tag_family": "tag36h11",
      "hamming": 0,
      "decision_margin": 66.82008361816406,
      "center": [
        1615.785504284416,
        54.59244798966177
      ],
      "corners": [
        [
          1574.9218750000005,
          105.05532073974611
        ],
        [
          1656.6572265625,
          98.37540435791016
        ],
        [
          1657.0002441406248,
          3.6959855556487953
        ],
        [
          1575.454833984375,
          11.389081954956053
        ]
      ],
      "homography": [
        [
          31.979958403244837,
          -2.146552126856928,
          1615.785504284416
        ],
        [
          -3.892396204020264,
          47.01987672446732,
          54.59244798966177
        ],
        [
          -0.005470376639917571,
          -0.001192628733016583,
          1.0
        ]
      ]
    }
  ]
}
