{
  "image_file": "5c5f9ec64943_38_Robot_Reveals____FRC_Premiere_Night___REEFSCAPE_25___Bonu.png",
  "image_sha256": "5c5f9ec64943ec4363b18935ef823b930edd64bc7c1a38f1af57f07fc88fc040",
  "image_width": 1920,
  "image_height": 1080,
  "detector_config": {
    "library": "pupil-apriltags",
    "library_version": "1.0.4.post11",
    "family": "tag36h11",
    "nthreads": 4,
    "quad_decimate": 1.0,
    "quad_sigma": 0.0,
    "refine_edges": true,
    "decode_sharpening": 0.25
  },
  "detected_at": "2026-04-01T01:05:20.208315+00:00",
  "num_detections": 3,
  "detections": [
    {
      "tag_id": 1,
      "tag_family": "tag36h11",
      "hamming": 0,
      "decision_margin": 40.2515754699707,
      "center": [
        1033.408767445276,
        242.2401187434303
      ],
      "corners": [
        [
          1023.9291381835935,
          250.51516723632812
        ],
        [
          1042.9473876953127,
          252.85191345214844
        ],
        [
          1042.733154296875,
          234.10058593749997
        ],
        [
          1023.9503173828122,
          231.71751403808594
        ]
      ],
      "homography": [
        [
          11.535118658333886,
          -6.397876427364961,
          1033.408767445276
        ],
        [
          1.668941577902813,
          7.875784104057658,
          242.2401187434303
        ],
        [
          0.002017838548337682,
          -0.006237972824519914,
          1.0
        ]
      ]
    },
    {
      "tag_id": 8,
      "tag_family": "tag36h11",
      "hamming": 0,
      "decision_margin": 62.233619689941406,
      "center": [
        1515.1448393822275,
        420.76931488351653
      ],
      "corners": [
        [
          1494.9992675781248,
          439.6920166015625
        ],
        [
          1535.1527099609375,
          442.52474975585926
        ],
        [
          1535.9183349609377,
          401.2568054199218
        ],
        [
          1495.70556640625,
          399.63214111328136
        ]
      ],
      "homography": [
        [
          -2.4580101528870273,
          0.33793756374734557,
          1515.1448393822275
        ],
        [
          -5.146593751233811,
          20.523404236942213,
          420.76931488351653
        ],
        [
          -0.014879834841215626,
          0.000465670683948935,
          1.0
        ]
      ]
    },
    {
      "tag_id": 9,
      "tag_family": "tag36h11",
      "hamming": 0,
      "decision_margin": 57.51860809326172,
      "center": [
        1732.5676740081774,
        423.9661888192811
      ],
      "corners": [
        [
          1718.2086181640627,
          445.455322265625
        ],
        [
          1745.81982421875,
          443.73602294921875
        ],
        [
          1746.689453125,
          402.83215332031244
        ],
        [
          1719.0152587890627,
          403.7484130859375
        ]
      ],
      "homography": [
        [
          30.741233755725034,
          2.0676074897039634,
          1732.5676740081774
        ],
        [
          3.4812847681393437,
          21.25928470428255,
          423.9661888192811
        ],
        [
          0.00976655573051951,
          0.001435454215499946,
          1.0
        ]
      ]
    }
  ],
  "ingest_metadata": {
    "original_name": "38_Robot_Reveals____FRC_Premiere_Night___REEFSCAPE_25___Bonu.png",
    "source": "unknown",
    "dhash": "38387e664a501694",
    "ingested_at": "2026-04-01T01:05:20.205302+00:00"
  }
}
