{
  "image_file": "5cee6ea7d9af_PC000001_MOV-0263_jpg_rf_c6fdc82192fd9c44447e5345e4abb77c.png",
  "image_sha256": "5cee6ea7d9af56883e858cb1e58ed167210fe5d3c8c07838bb4a0a1dee18af47",
  "image_width": 640,
  "image_height": 360,
  "detector_config": {
    "library": "pupil-apriltags",
    "library_version": "1.0.4.post11",
    "family": "tag36h11",
    "nthreads": 4,
    "quad_decimate": 1.0,
    "quad_sigma": 0.0,
    "refine_edges": true,
    "decode_sharpening": 0.25
  },
  "detected_at": "2026-03-24T14:12:42.689028+00:00",
  "num_detections": 4,
  "detections": [
    {
      "tag_id": 3,
      "tag_family": "tag36h11",
      "hamming": 0,
      "decision_margin": 72.71112823486328,
      "center": [
        314.8815365300633,
        147.46657014403038
      ],
      "corners": [
        [
          304.52468872070307,
          159.1376647949219
        ],
        [
          326.1904907226563,
          158.49288940429688
        ],
        [
          325.22335815429693,
          135.81240844726557
        ],
        [
          303.7768249511719,
          136.63938903808594
        ]
      ],
      "homography": [
        [
          9.457244263251027,
          -1.12067303866712,
          314.8815365300633
        ],
        [
          -0.9867512094040207,
          10.56881756097232,
          147.46657014403038
        ],
        [
          -0.004193232603175981,
          -0.004919181929277039,
          1.0
        ]
      ]
    },
    {
      "tag_id": 4,
      "tag_family": "tag36h11",
      "hamming": 0,
      "decision_margin": 75.51537322998047,
      "center": [
        359.8222060054238,
        146.0702104166542
      ],
      "corners": [
        [
          350.0992431640625,
          156.84429931640628
        ],
        [
          369.8763732910157,
          156.8704071044922
        ],
        [
          369.91183471679693,
          134.88981628417966
        ],
        [
          349.37023925781244,
          134.8426971435547
        ]
      ],
      "homography": [
        [
          10.236597236405942,
          6.992819273182136,
          359.8222060054238
        ],
        [
          0.0832861928051881,
          13.760046926888322,
          146.0702104166542
        ],
        [
          0.00044616900939684664,
          0.01895287819157383,
          1.0
        ]
      ]
    },
    {
      "tag_id": 13,
      "tag_family": "tag36h11",
      "hamming": 2,
      "decision_margin": 47.07316207885742,
      "center": [
        26.931707300151388,
        193.74616269877998
      ],
      "corners": [
        [
          21.552221298217777,
          199.05783081054688
        ],
        [
          34.11979293823242,
          199.28518676757807
        ],
        [
          32.96551513671874,
          187.78842163085935
        ],
        [
          20.767660140991207,
          188.99624633789062
        ]
      ],
      "homography": [
        [
          4.357589084561507,
          0.21368758433511967,
          26.931707300151388
        ],
        [
          -13.234358404569775,
          3.489255013888508,
          193.74616269877998
        ],
        [
          -0.067012273893941,
          -0.009682475512119496,
          1.0
        ]
      ]
    },
    {
      "tag_id": 14,
      "tag_family": "tag36h11",
      "hamming": 0,
      "decision_margin": 47.01437759399414,
      "center": [
        58.912396897254055,
        192.19383711483937
      ],
      "corners": [
        [
          52.921070098876946,
          198.2234344482422
        ],
        [
          65.4366683959961,
          197.42590332031253
        ],
        [
          64.43445587158203,
          186.63650512695315
        ],
        [
          52.75591278076172,
          187.25671386718753
        ]
      ],
      "homography": [
        [
          6.387340684412614,
          -1.7609672055323804,
          58.912396897254055
        ],
        [
          0.7778454191634695,
          -1.2718383203910548,
          192.19383711483937
        ],
        [
          0.005877435002384324,
          -0.03488102070415782,
          1.0
        ]
      ]
    }
  ],
  "ingest_metadata": {
    "original_name": "PC000001_MOV-0263_jpg_rf_c6fdc82192fd9c44447e5345e4abb77c.png",
    "source": "unknown",
    "dhash": "879094a0b1262433",
    "ingested_at": "2026-03-24T14:12:42.679723+00:00"
  }
}
