{
  "image_file": "5d671d9446c2_PC000001_MOV-0133_jpg_rf_c1332c42b1b40c924feb7341e8324092.png",
  "image_sha256": "5d671d9446c2fa92dd24b68dc128a92c07eb3c8065878ebeac5031abef93f967",
  "image_width": 640,
  "image_height": 360,
  "detector_config": {
    "library": "pupil-apriltags",
    "library_version": "1.0.4.post11",
    "family": "tag36h11",
    "nthreads": 4,
    "quad_decimate": 1.0,
    "quad_sigma": 0.0,
    "refine_edges": true,
    "decode_sharpening": 0.25
  },
  "detected_at": "2026-03-24T14:12:36.828302+00:00",
  "num_detections": 2,
  "detections": [
    {
      "tag_id": 8,
      "tag_family": "tag36h11",
      "hamming": 0,
      "decision_margin": 54.179725646972656,
      "center": [
        338.0707524695973,
        126.06846695017467
      ],
      "corners": [
        [
          326.58572387695307,
          145.37449645996097
        ],
        [
          347.7403564453125,
          143.9464263916015
        ],
        [
          349.657684326172,
          106.5911407470703
        ],
        [
          329.1631164550781,
          109.59929656982426
        ]
      ],
      "homography": [
        [
          2.724595645750754,
          -7.317982866009515,
          338.0707524695973
        ],
        [
          -3.98714538002716,
          15.960968087648695,
          126.06846695017467
        ],
        [
          -0.022716483541333442,
          -0.01829972562625853,
          1.0
        ]
      ]
    },
    {
      "tag_id": 9,
      "tag_family": "tag36h11",
      "hamming": 0,
      "decision_margin": 71.76586151123047,
      "center": [
        417.38610844305384,
        128.8640328313416
      ],
      "corners": [
        [
          402.7520751953125,
          146.12922668457028
        ],
        [
          429.32925415039057,
          148.8898620605469
        ],
        [
          431.6949768066406,
          111.98246765136722
        ],
        [
          404.9293823242188,
          107.97705078124999
        ]
      ],
      "homography": [
        [
          20.069355162288844,
          0.9105222371503057,
          417.38610844305384
        ],
        [
          3.7681301137596086,
          19.391605603550943,
          128.8640328313416
        ],
        [
          0.016141595209072317,
          0.004906892879598431,
          1.0
        ]
      ]
    }
  ]
}
