{
  "image_file": "5d7eb94a72ad_FRC_9483___Robot_POV__2024_Milstein_Q92__frame_007378.png",
  "image_sha256": "5d7eb94a72ad2c9ebc5a57a31affa7fe3db39609131499ad38daec48ba3e339c",
  "image_width": 1920,
  "image_height": 1080,
  "detector_config": {
    "library": "pupil-apriltags",
    "library_version": "1.0.4.post11",
    "family": "tag36h11",
    "nthreads": 4,
    "quad_decimate": 1.0,
    "quad_sigma": 0.0,
    "refine_edges": true,
    "decode_sharpening": 0.25
  },
  "detected_at": "2026-04-01T16:12:10.892297+00:00",
  "num_detections": 3,
  "detections": [
    {
      "tag_id": 3,
      "tag_family": "tag36h11",
      "hamming": 0,
      "decision_margin": 68.791748046875,
      "center": [
        1046.3389294887456,
        544.6453220533363
      ],
      "corners": [
        [
          1035.5552978515627,
          555.8800659179688
        ],
        [
          1058.2828369140625,
          556.4771728515625
        ],
        [
          1057.1370849609375,
          533.3954467773439
        ],
        [
          1034.257568359375,
          532.6773071289062
        ]
      ],
      "homography": [
        [
          14.042653471299218,
          3.9559165913626675,
          1046.3389294887456
        ],
        [
          1.7033714493154533,
          13.312204369742176,
          544.6453220533363
        ],
        [
          0.002524123422040738,
          0.003197090629772012,
          1.0
        ]
      ]
    },
    {
      "tag_id": 4,
      "tag_family": "tag36h11",
      "hamming": 0,
      "decision_margin": 70.58946990966797,
      "center": [
        962.4691696999104,
        541.9502827895868
      ],
      "corners": [
        [
          950.0670776367185,
          553.7296142578125
        ],
        [
          974.5018310546874,
          554.1790771484376
        ],
        [
          974.3065185546876,
          530.7073364257814
        ],
        [
          950.25634765625,
          529.5383911132811
        ]
      ],
      "homography": [
        [
          26.905568121964166,
          -7.631685038767724,
          962.4691696999104
        ],
        [
          8.734239608437404,
          7.612488085171209,
          541.9502827895868
        ],
        [
          0.01536460762471488,
          -0.007933916888523768,
          1.0
        ]
      ]
    },
    {
      "tag_id": 5,
      "tag_family": "tag36h11",
      "hamming": 0,
      "decision_margin": 65.10598754882812,
      "center": [
        216.61293231723388,
        382.79008083660386
      ],
      "corners": [
        [
          180.40791320800784,
          392.4142150878906
        ],
        [
          233.48483276367185,
          416.29995727539057
        ],
        [
          250.57809448242188,
          373.76135253906256
        ],
        [
          198.4478302001953,
          346.7117309570313
        ]
      ],
      "homography": [
        [
          33.726717526537584,
          -8.236985824619008,
          216.61293231723388
        ],
        [
          25.888603174139288,
          22.986737226473114,
          382.79008083660386
        ],
        [
          0.034414975281781494,
          0.002494622457286074,
          1.0
        ]
      ]
    }
  ]
}
