{
  "image_file": "5da9a3539ed6_dji_mimo_20260216_125718_20260216135719_1771268187552_video_.png",
  "image_sha256": "5da9a3539ed6f77ab212b7db5e4c5bc86aca405e085ebd830ab8b788af4c9991",
  "image_width": 640,
  "image_height": 360,
  "detector_config": {
    "library": "pupil-apriltags",
    "library_version": "1.0.4.post11",
    "family": "tag36h11",
    "nthreads": 4,
    "quad_decimate": 1.0,
    "quad_sigma": 0.0,
    "refine_edges": true,
    "decode_sharpening": 0.25
  },
  "detected_at": "2026-03-24T14:15:22.182681+00:00",
  "num_detections": 2,
  "detections": [
    {
      "tag_id": 13,
      "tag_family": "tag36h11",
      "hamming": 0,
      "decision_margin": 35.158260345458984,
      "center": [
        232.8184544857126,
        179.23026424066637
      ],
      "corners": [
        [
          225.32510375976562,
          189.77769470214844
        ],
        [
          243.9419708251953,
          186.30908203125
        ],
        [
          240.38726806640625,
          168.5766143798828
        ],
        [
          221.48997497558594,
          172.0210113525391
        ]
      ],
      "homography": [
        [
          9.857450742429592,
          3.49299990295532,
          232.8184544857126
        ],
        [
          -1.3593051101270262,
          10.13892938707724,
          179.23026424066637
        ],
        [
          0.0020594286570057014,
          0.007069522373311242,
          1.0
        ]
      ]
    },
    {
      "tag_id": 14,
      "tag_family": "tag36h11",
      "hamming": 0,
      "decision_margin": 37.164390563964844,
      "center": [
        278.2608226183099,
        170.72484732064353
      ],
      "corners": [
        [
          271.39315795898443,
          180.2248992919922
        ],
        [
          288.1593322753906,
          178.2805633544922
        ],
        [
          284.86920166015614,
          161.58346557617185
        ],
        [
          268.3837585449218,
          163.18550109863278
        ]
      ],
      "homography": [
        [
          10.837708235911066,
          -1.2516924240847502,
          278.2608226183099
        ],
        [
          0.6649712616372475,
          6.6974087510010065,
          170.72484732064353
        ],
        [
          0.00907801847076362,
          -0.010162466587667859,
          1.0
        ]
      ]
    }
  ]
}
