{
  "image_file": "5dc7f61e3f60_Paly_Robotics___FRC__8___2025_Robot_Reveal__Nj_r_r_frame_001.png",
  "image_sha256": "5dc7f61e3f60d07dcbf0d04cc453eb693dcf9859c647050c2805476d32a4c11d",
  "image_width": 1920,
  "image_height": 1080,
  "detector_config": {
    "library": "pupil-apriltags",
    "library_version": "1.0.4.post11",
    "family": "tag36h11",
    "nthreads": 4,
    "quad_decimate": 1.0,
    "quad_sigma": 0.0,
    "refine_edges": true,
    "decode_sharpening": 0.25
  },
  "detected_at": "2026-04-01T01:50:34.767688+00:00",
  "num_detections": 3,
  "detections": [
    {
      "tag_id": 15,
      "tag_family": "tag36h11",
      "hamming": 0,
      "decision_margin": 27.75738525390625,
      "center": [
        1662.1907264876427,
        256.5196102821895
      ],
      "corners": [
        [
          1641.32568359375,
          274.9722900390625
        ],
        [
          1683.8282470703127,
          276.08419799804693
        ],
        [
          1684.396484375,
          236.88122558593756
        ],
        [
          1640.975830078125,
          237.33715820312497
        ]
      ],
      "homography": [
        [
          -12.597671617457083,
          17.628742188726847,
          1662.1907264876427
        ],
        [
          -5.085152537077707,
          21.926910034966596,
          256.5196102821895
        ],
        [
          -0.020495241613997912,
          0.010632923387484223,
          1.0
        ]
      ]
    },
    {
      "tag_id": 17,
      "tag_family": "tag36h11",
      "hamming": 0,
      "decision_margin": 55.55607986450195,
      "center": [
        791.0018873328308,
        664.0438516345598
      ],
      "corners": [
        [
          746.0335693359375,
          716.3260498046875
        ],
        [
          829.455322265625,
          713.1575317382812
        ],
        [
          834.1831054687499,
          613.8394165039062
        ],
        [
          751.3302612304686,
          613.374267578125
        ]
      ],
      "homography": [
        [
          55.74001316748161,
          -4.353018430100853,
          791.0018873328308
        ],
        [
          11.237033813369289,
          48.99679386097034,
          664.0438516345598
        ],
        [
          0.01793316875666048,
          -0.002340333968092171,
          1.0
        ]
      ]
    },
    {
      "tag_id": 18,
      "tag_family": "tag36h11",
      "hamming": 0,
      "decision_margin": 55.3703727722168,
      "center": [
        260.6817380027873,
        648.8004692687136
      ],
      "corners": [
        [
          220.28387451171872,
          697.6127319335938
        ],
        [
          297.64935302734375,
          705.693603515625
        ],
        [
          301.68939208984386,
          599.2514038085938
        ],
        [
          225.02993774414065,
          593.9323730468749
        ]
      ],
      "homography": [
        [
          35.161087905249076,
          -3.5866781585030436,
          260.6817380027873
        ],
        [
          -4.965740761124727,
          49.07218345877584,
          648.8004692687136
        ],
        [
          -0.01280505096187871,
          -0.0053142737500919395,
          1.0
        ]
      ]
    }
  ],
  "ingest_metadata": {
    "original_name": "Paly_Robotics___FRC__8___2025_Robot_Reveal__Nj_r_r_frame_001.png",
    "source": "unknown",
    "dhash": "b6a626e6a2b2d9c3",
    "ingested_at": "2026-04-01T01:50:34.755300+00:00"
  }
}
