{
  "image_file": "5dc7a0da811f_PC000002_MOV-0150_jpg_rf_96917c378c57c46d4ad9f964a5586770.png",
  "image_sha256": "5dc7a0da811f723120391bb203c26ff39f71ec3fa01f26410280c7c89f22461d",
  "image_width": 640,
  "image_height": 360,
  "detector_config": {
    "library": "pupil-apriltags",
    "library_version": "1.0.4.post11",
    "family": "tag36h11",
    "nthreads": 4,
    "quad_decimate": 1.0,
    "quad_sigma": 0.0,
    "refine_edges": true,
    "decode_sharpening": 0.25
  },
  "detected_at": "2026-03-24T14:13:00.588591+00:00",
  "num_detections": 2,
  "detections": [
    {
      "tag_id": 15,
      "tag_family": "tag36h11",
      "hamming": 0,
      "decision_margin": 90.98857116699219,
      "center": [
        235.25050956625012,
        173.69242213966066
      ],
      "corners": [
        [
          215.74673461914062,
          199.1724853515625
        ],
        [
          259.1535339355469,
          190.9396514892578
        ],
        [
          254.38757324218747,
          148.6914367675781
        ],
        [
          210.56996154785153,
          155.88417053222656
        ]
      ],
      "homography": [
        [
          24.800870688202394,
          3.249605000137993,
          235.25050956625012
        ],
        [
          -1.6434347780225123,
          21.946431484524794,
          173.69242213966066
        ],
        [
          0.012747044957817725,
          0.0032567936009693047,
          1.0
        ]
      ]
    },
    {
      "tag_id": 16,
      "tag_family": "tag36h11",
      "hamming": 0,
      "decision_margin": 86.8027572631836,
      "center": [
        343.29345100192904,
        155.37540282690335
      ],
      "corners": [
        [
          326.0586547851562,
          179.10415649414062
        ],
        [
          364.09249877929693,
          171.88395690917966
        ],
        [
          360.25991821289074,
          132.01608276367188
        ],
        [
          321.6328430175781,
          138.18301391601565
        ]
      ],
      "homography": [
        [
          23.98993188696619,
          4.1970139546172645,
          343.29345100192904
        ],
        [
          -1.1636395026222344,
          21.159936828103326,
          155.37540282690335
        ],
        [
          0.014068427207706466,
          0.006222839679101661,
          1.0
        ]
      ]
    }
  ]
}
