{
  "image_file": "5e22779fa4c6_FRC_8810_-_The_Alphabots_-_2026_Reveal_frame_000720.png",
  "image_sha256": "5e22779fa4c61fc0bc0cca6141c0016895a9d70bc968f46f64f63d41f00b4060",
  "image_width": 1920,
  "image_height": 1080,
  "detector_config": {
    "library": "pupil-apriltags",
    "library_version": "1.0.4.post11",
    "family": "tag36h11",
    "nthreads": 4,
    "quad_decimate": 1.0,
    "quad_sigma": 0.0,
    "refine_edges": true,
    "decode_sharpening": 0.25
  },
  "detected_at": "2026-04-01T05:01:43.958809+00:00",
  "num_detections": 2,
  "detections": [
    {
      "tag_id": 25,
      "tag_family": "tag36h11",
      "hamming": 0,
      "decision_margin": 71.50328826904297,
      "center": [
        964.7712363645768,
        441.85362576426235
      ],
      "corners": [
        [
          925.556884765625,
          480.12646484375
        ],
        [
          1004.4873046875001,
          482.7400207519531
        ],
        [
          1003.5610961914065,
          403.99508666992193
        ],
        [
          924.7274169921875,
          400.6298217773438
        ]
      ],
      "homography": [
        [
          44.04743828667438,
          -0.20370908308006536,
          964.7712363645768
        ],
        [
          3.6050229197702444,
          39.26505776498573,
          441.85362576426235
        ],
        [
          0.004775564967623294,
          -0.0006663434160823933,
          1.0
        ]
      ]
    },
    {
      "tag_id": 26,
      "tag_family": "tag36h11",
      "hamming": 0,
      "decision_margin": 73.46018981933594,
      "center": [
        1132.866913161654,
        449.80868656447694
      ],
      "corners": [
        [
          1095.0845947265625,
          487.1610717773438
        ],
        [
          1171.2947998046873,
          490.32916259765625
        ],
        [
          1169.9570312499998,
          413.140625
        ],
        [
          1094.5146484375,
          409.3679504394532
        ]
      ],
      "homography": [
        [
          42.59035235876149,
          -5.316091473911678,
          1132.866913161654
        ],
        [
          3.5944963996487287,
          36.443047111286376,
          449.80868656447694
        ],
        [
          0.004130073719060798,
          -0.00511498866820582,
          1.0
        ]
      ]
    }
  ]
}
