{
  "image_file": "5f061dfe803b_Robot_Reveal_2024_frame_001829.png",
  "image_sha256": "5f061dfe803b340d609e7cac97d9ef7e138add70b66978bf73232fa97b4c3eeb",
  "image_width": 1920,
  "image_height": 1080,
  "detector_config": {
    "library": "pupil-apriltags",
    "library_version": "1.0.4.post11",
    "family": "tag36h11",
    "nthreads": 4,
    "quad_decimate": 1.0,
    "quad_sigma": 0.0,
    "refine_edges": true,
    "decode_sharpening": 0.25
  },
  "detected_at": "2026-04-01T00:50:57.798752+00:00",
  "num_detections": 3,
  "detections": [
    {
      "tag_id": 2,
      "tag_family": "tag36h11",
      "hamming": 0,
      "decision_margin": 62.466156005859375,
      "center": [
        1595.419823024102,
        252.79770053292972
      ],
      "corners": [
        [
          1577.4774169921873,
          269.27090454101557
        ],
        [
          1612.008056640625,
          269.1835021972657
        ],
        [
          1613.4464111328125,
          236.24720764160165
        ],
        [
          1579.0631103515627,
          236.64059448242185
        ]
      ],
      "homography": [
        [
          9.755148945413794,
          -4.495318286597693,
          1595.419823024102
        ],
        [
          -1.3046477886990735,
          15.798759662841121,
          252.79770053292972
        ],
        [
          -0.00468395844475779,
          -0.002343551691460146,
          1.0
        ]
      ]
    },
    {
      "tag_id": 3,
      "tag_family": "tag36h11",
      "hamming": 0,
      "decision_margin": 102.53939819335938,
      "center": [
        860.2944525028641,
        222.15530158426162
      ],
      "corners": [
        [
          842.0070800781249,
          243.30731201171875
        ],
        [
          878.8665161132814,
          243.23423767089844
        ],
        [
          878.448974609375,
          201.15695190429688
        ],
        [
          841.5283813476561,
          200.8561706542969
        ]
      ],
      "homography": [
        [
          22.24778119251664,
          0.8908398011313948,
          860.2944525028641
        ],
        [
          1.038873856679996,
          21.303898186300614,
          222.15530158426162
        ],
        [
          0.004420750301176588,
          0.000775212111211275,
          1.0
        ]
      ]
    },
    {
      "tag_id": 4,
      "tag_family": "tag36h11",
      "hamming": 0,
      "decision_margin": 65.4675521850586,
      "center": [
        724.344456908121,
        220.0351227840002
      ],
      "corners": [
        [
          704.3047485351564,
          242.3333282470703
        ],
        [
          744.8395385742186,
          242.12655639648435
        ],
        [
          744.2243041992185,
          197.91479492187503
        ],
        [
          703.37353515625,
          197.43078613281256
        ]
      ],
      "homography": [
        [
          25.951293409458913,
          3.0911398388477695,
          724.344456908121
        ],
        [
          1.7710885422441975,
          23.09885063785768,
          220.0351227840002
        ],
        [
          0.007740003732544225,
          0.0037354230400065153,
          1.0
        ]
      ]
    }
  ],
  "ingest_metadata": {
    "original_name": "Robot_Reveal_2024_frame_001829.png",
    "source": "unknown",
    "dhash": "1c36b6da909b3938",
    "ingested_at": "2026-04-01T00:50:57.795301+00:00"
  }
}
