{
  "image_file": "5fc19b11bffe_Team_SCREAM_2024_Robot_Reveal_--_Axl_and_Slash_frame_001316.png",
  "image_sha256": "5fc19b11bffe828a49ef39e959aef4654392dd77f236807f745dfb34b6d8eb3d",
  "image_width": 1920,
  "image_height": 1080,
  "detector_config": {
    "library": "pupil-apriltags",
    "library_version": "1.0.4.post11",
    "family": "tag36h11",
    "nthreads": 4,
    "quad_decimate": 1.0,
    "quad_sigma": 0.0,
    "refine_edges": true,
    "decode_sharpening": 0.25
  },
  "detected_at": "2026-04-01T00:47:31.079165+00:00",
  "num_detections": 3,
  "detections": [
    {
      "tag_id": 3,
      "tag_family": "tag36h11",
      "hamming": 0,
      "decision_margin": 102.30911254882812,
      "center": [
        807.279575477704,
        351.9461398714206
      ],
      "corners": [
        [
          790.8186035156249,
          368.798828125
        ],
        [
          823.8884887695312,
          369.0618591308594
        ],
        [
          823.7142333984377,
          335.1203918457032
        ],
        [
          790.6506958007814,
          334.8098449707032
        ]
      ],
      "homography": [
        [
          17.098700864425496,
          0.005133220067138884,
          807.279575477704
        ],
        [
          0.3898714181475477,
          16.94754821743851,
          351.9461398714206
        ],
        [
          0.000700319232075787,
          -9.960590811054311e-05,
          1.0
        ]
      ]
    },
    {
      "tag_id": 4,
      "tag_family": "tag36h11",
      "hamming": 0,
      "decision_margin": 77.79066467285156,
      "center": [
        688.8731162829,
        349.75225942645363
      ],
      "corners": [
        [
          671.7609863281251,
          367.0426330566407
        ],
        [
          706.8333129882812,
          367.57464599609375
        ],
        [
          705.7673339843748,
          332.6820678710937
        ],
        [
          670.903076171875,
          331.9201049804688
        ]
      ],
      "homography": [
        [
          19.78530297118357,
          -1.6314630382933022,
          688.8731162829
        ],
        [
          1.4923589460424844,
          16.430727943592785,
          349.75225942645363
        ],
        [
          0.0033409732032558537,
          -0.0030670143731458617,
          1.0
        ]
      ]
    },
    {
      "tag_id": 13,
      "tag_family": "tag36h11",
      "hamming": 0,
      "decision_margin": 83.12068939208984,
      "center": [
        1836.9082363026057,
        400.34215784426505
      ],
      "corners": [
        [
          1798.9445800781243,
          443.6825866699219
        ],
        [
          1867.6556396484377,
          443.68746948242193
        ],
        [
          1874.5665283203134,
          357.35034179687506
        ],
        [
          1805.622802734375,
          356.2383728027343
        ]
      ],
      "homography": [
        [
          46.087013099395335,
          0.8591525335207336,
          1836.9082363026057
        ],
        [
          2.8223648932146777,
          44.37118712466042,
          400.34215784426505
        ],
        [
          0.006355674972616197,
          0.002317638213819654,
          1.0
        ]
      ]
    }
  ],
  "ingest_metadata": {
    "original_name": "Team_SCREAM_2024_Robot_Reveal_--_Axl_and_Slash_frame_001316.png",
    "source": "unknown",
    "dhash": "e2b391919a98d2b2",
    "ingested_at": "2026-04-01T00:47:31.075302+00:00"
  }
}
