{
  "image_file": "602b8bc56fd3_Half_Hollow_Hills_Invitational_Playoff_Match_9_2025_frame_00.png",
  "image_sha256": "602b8bc56fd353ac172496077a68813a6cba4ae450db6a491775ad98c456167e",
  "image_width": 1920,
  "image_height": 1080,
  "detector_config": {
    "library": "pupil-apriltags",
    "library_version": "1.0.4.post11",
    "family": "tag36h11",
    "nthreads": 4,
    "quad_decimate": 1.0,
    "quad_sigma": 0.0,
    "refine_edges": true,
    "decode_sharpening": 0.25
  },
  "detected_at": "2026-04-01T16:08:23.487500+00:00",
  "num_detections": 3,
  "detections": [
    {
      "tag_id": 13,
      "tag_family": "tag36h11",
      "hamming": 0,
      "decision_margin": 72.99562072753906,
      "center": [
        32.04886151538561,
        365.27050152833635
      ],
      "corners": [
        [
          19.972616195678718,
          379.8323059082031
        ],
        [
          44.6660270690918,
          379.6822204589843
        ],
        [
          43.88603210449217,
          350.9969787597656
        ],
        [
          19.373275756835934,
          350.79205322265625
        ]
      ],
      "homography": [
        [
          12.49812761880905,
          0.22220577214451406,
          32.04886151538561
        ],
        [
          2.2621343839795696,
          13.026559646008309,
          365.27050152833635
        ],
        [
          0.006153637810617168,
          -0.003843877036779119,
          1.0
        ]
      ]
    },
    {
      "tag_id": 15,
      "tag_family": "tag36h11",
      "hamming": 0,
      "decision_margin": 59.58793640136719,
      "center": [
        1599.0493089410609,
        224.94890688385962
      ],
      "corners": [
        [
          1588.2268066406252,
          238.04336547851565
        ],
        [
          1613.6751708984375,
          236.28691101074222
        ],
        [
          1610.4259033203123,
          211.18403625488278
        ],
        [
          1584.5228271484373,
          213.68794250488276
        ]
      ],
      "homography": [
        [
          -9.84748682791883,
          18.972339819531044,
          1599.0493089410609
        ],
        [
          -4.251772843084725,
          14.784276309484824,
          224.94890688385962
        ],
        [
          -0.014184556136551472,
          0.010775562142610514,
          1.0
        ]
      ]
    },
    {
      "tag_id": 17,
      "tag_family": "tag36h11",
      "hamming": 0,
      "decision_margin": 85.3202133178711,
      "center": [
        978.8210215252356,
        545.8986998016525
      ],
      "corners": [
        [
          957.3428344726561,
          570.8070068359375
        ],
        [
          1002.7004394531251,
          566.8199462890625
        ],
        [
          1000.3923950195315,
          520.88232421875
        ],
        [
          954.4436645507812,
          524.5411987304688
        ]
      ],
      "homography": [
        [
          26.815853164825967,
          7.4099607213886465,
          978.8210215252356
        ],
        [
          0.3130509710043693,
          26.456944924136792,
          545.8986998016525
        ],
        [
          0.004076949864443882,
          0.006241581524619908,
          1.0
        ]
      ]
    }
  ],
  "ingest_metadata": {
    "original_name": "Half_Hollow_Hills_Invitational_Playoff_Match_9_2025_frame_00.png",
    "source": "unknown",
    "dhash": "548009dccd6df4f6",
    "ingested_at": "2026-04-01T16:08:23.475301+00:00"
  }
}
