{
  "image_file": "6043cc7da976_PC000001_MOV-0094_jpg_rf_1b94eaba593ed33db48ed6ae6b521847.png",
  "image_sha256": "6043cc7da9761c288d913ea63d2486ecc41044ff72afa49c66e3a5a5ee9d88d4",
  "image_width": 640,
  "image_height": 360,
  "detector_config": {
    "library": "pupil-apriltags",
    "library_version": "1.0.4.post11",
    "family": "tag36h11",
    "nthreads": 4,
    "quad_decimate": 1.0,
    "quad_sigma": 0.0,
    "refine_edges": true,
    "decode_sharpening": 0.25
  },
  "detected_at": "2026-03-24T14:12:35.139626+00:00",
  "num_detections": 2,
  "detections": [
    {
      "tag_id": 15,
      "tag_family": "tag36h11",
      "hamming": 0,
      "decision_margin": 51.17588806152344,
      "center": [
        349.97097694384155,
        209.7556116650962
      ],
      "corners": [
        [
          342.07373046875,
          219.0230712890625
        ],
        [
          356.7450561523438,
          221.80470275878906
        ],
        [
          358.26629638671875,
          200.02101135253906
        ],
        [
          343.51757812499994,
          198.27691650390622
        ]
      ],
      "homography": [
        [
          -1.1934286078233072,
          -0.6812416565486502,
          349.97097694384155
        ],
        [
          -3.9900429246247895,
          10.66181126924809,
          209.7556116650962
        ],
        [
          -0.02441359434878003,
          0.00017009237525624497,
          1.0
        ]
      ]
    },
    {
      "tag_id": 16,
      "tag_family": "tag36h11",
      "hamming": 0,
      "decision_margin": 66.36226654052734,
      "center": [
        392.70476312950007,
        216.340939077125
      ],
      "corners": [
        [
          382.9773864746093,
          226.37525939941403
        ],
        [
          400.8337097167969,
          229.48364257812506
        ],
        [
          402.8104248046875,
          205.91639709472656
        ],
        [
          384.84753417968744,
          203.6375427246093
        ]
      ],
      "homography": [
        [
          1.869313289950071,
          -0.5533526088477172,
          392.70476312950007
        ],
        [
          -2.554961304051234,
          11.797122548534048,
          216.340939077125
        ],
        [
          -0.018035258138661477,
          0.0010382198630931661,
          1.0
        ]
      ]
    }
  ]
}
