{
  "image_file": "6051721bbe86_REEFSCAPE_Week_1_Event_Predictions___FRC_Forecast_frame_1379.png",
  "image_sha256": "6051721bbe860bef10a0a57c18745b6c1183286cf3791a5ee0ec9a2dd9a0798a",
  "image_width": 1920,
  "image_height": 1080,
  "detector_config": {
    "library": "pupil-apriltags",
    "library_version": "1.0.4.post11",
    "family": "tag36h11",
    "nthreads": 4,
    "quad_decimate": 1.0,
    "quad_sigma": 0.0,
    "refine_edges": true,
    "decode_sharpening": 0.25
  },
  "detected_at": "2026-04-01T02:01:59.943459+00:00",
  "num_detections": 2,
  "detections": [
    {
      "tag_id": 12,
      "tag_family": "tag36h11",
      "hamming": 0,
      "decision_margin": 59.43434143066406,
      "center": [
        1126.813775285561,
        340.4432282805617
      ],
      "corners": [
        [
          1114.9212646484377,
          353.3382263183594
        ],
        [
          1138.1865234374998,
          351.9031677246094
        ],
        [
          1139.0429687499998,
          327.18316650390625
        ],
        [
          1115.3541259765627,
          328.8957214355469
        ]
      ],
      "homography": [
        [
          6.017772071574881,
          9.68696644648412,
          1126.813775285561
        ],
        [
          -2.5137389448136123,
          15.313038064098123,
          340.4432282805617
        ],
        [
          -0.005075812818363349,
          0.008881858907397015,
          1.0
        ]
      ]
    },
    {
      "tag_id": 18,
      "tag_family": "tag36h11",
      "hamming": 0,
      "decision_margin": 69.2441177368164,
      "center": [
        410.6796829512613,
        629.8165460109614
      ],
      "corners": [
        [
          392.7364807128907,
          664.6131591796875
        ],
        [
          429.23455810546875,
          648.2229003906251
        ],
        [
          427.5865173339844,
          597.0297241210938
        ],
        [
          390.45663452148443,
          609.7553710937499
        ]
      ],
      "homography": [
        [
          33.32116518490602,
          3.698794032702669,
          410.6796829512613
        ],
        [
          15.629811143356843,
          30.66220649782281,
          629.8165460109614
        ],
        [
          0.03637828031296085,
          0.006640353007015604,
          1.0
        ]
      ]
    }
  ]
}
