{
  "image_file": "6126ab0c045a_PC000002_MOV-0132_jpg_rf_1101af77a022df8d801d86b9bd460095.png",
  "image_sha256": "6126ab0c045a56455b00715df6e303b22b03b19004184cec89c1c0f518d5ac98",
  "image_width": 640,
  "image_height": 360,
  "detector_config": {
    "library": "pupil-apriltags",
    "library_version": "1.0.4.post11",
    "family": "tag36h11",
    "nthreads": 4,
    "quad_decimate": 1.0,
    "quad_sigma": 0.0,
    "refine_edges": true,
    "decode_sharpening": 0.25
  },
  "detected_at": "2026-03-24T14:12:59.648042+00:00",
  "num_detections": 2,
  "detections": [
    {
      "tag_id": 9,
      "tag_family": "tag36h11",
      "hamming": 0,
      "decision_margin": 50.83464431762695,
      "center": [
        283.20390383926343,
        90.73557108476668
      ],
      "corners": [
        [
          264.1813049316406,
          118.10988616943358
        ],
        [
          287.7345581054687,
          114.50869750976562
        ],
        [
          304.85302734375,
          59.5815773010254
        ],
        [
          278.9395141601563,
          68.35958099365234
        ]
      ],
      "homography": [
        [
          -1.1091024153870417,
          -3.0712314367397653,
          283.20390383926343
        ],
        [
          -7.347622812839777,
          27.65406831490411,
          90.73557108476668
        ],
        [
          -0.04742651575545105,
          0.017152126138549068,
          1.0
        ]
      ]
    },
    {
      "tag_id": 10,
      "tag_family": "tag36h11",
      "hamming": 0,
      "decision_margin": 59.04337692260742,
      "center": [
        351.20094002827267,
        73.38585281569863
      ],
      "corners": [
        [
          323.81713867187494,
          108.5628128051758
        ],
        [
          361.0649719238281,
          102.82289886474608
        ],
        [
          381.9513549804688,
          33.88417434692381
        ],
        [
          342.4114379882812,
          47.1555061340332
        ]
      ],
      "homography": [
        [
          -1.1518853024525686,
          -9.783095657737817,
          351.20094002827267
        ],
        [
          -8.974987636251829,
          32.488958998884996,
          73.38585281569863
        ],
        [
          -0.05775783901874687,
          0.00015321250257040503,
          1.0
        ]
      ]
    }
  ]
}
