{
  "image_file": "61b0d4f2a7b2_Robot_reveal__8175_Piece_Of_Mind_2026_frame_003100.png",
  "image_sha256": "61b0d4f2a7b27fe4acaff5b513cdb78d0a94b0c5fcd8a7b63ebc6d9875e576cc",
  "image_width": 1920,
  "image_height": 1080,
  "detector_config": {
    "library": "pupil-apriltags",
    "library_version": "1.0.4.post11",
    "family": "tag36h11",
    "nthreads": 4,
    "quad_decimate": 1.0,
    "quad_sigma": 0.0,
    "refine_edges": true,
    "decode_sharpening": 0.25
  },
  "detected_at": "2026-04-01T04:55:46.336532+00:00",
  "num_detections": 3,
  "detections": [
    {
      "tag_id": 18,
      "tag_family": "tag36h11",
      "hamming": 0,
      "decision_margin": 85.05912780761719,
      "center": [
        1451.8648846080973,
        450.3868630143741
      ],
      "corners": [
        [
          1436.0952148437495,
          470.5032653808593
        ],
        [
          1464.9619140625,
          469.3543395996094
        ],
        [
          1468.2139892578127,
          429.53131103515625
        ],
        [
          1439.2652587890625,
          432.1397399902343
        ]
      ],
      "homography": [
        [
          -12.698949870210754,
          -2.5609166984822895,
          1451.8648846080973
        ],
        [
          -9.361078089648574,
          19.243381826187488,
          450.3868630143741
        ],
        [
          -0.0186985629617272,
          -0.000658183279176032,
          1.0
        ]
      ]
    },
    {
      "tag_id": 26,
      "tag_family": "tag36h11",
      "hamming": 0,
      "decision_margin": 64.83472442626953,
      "center": [
        1243.9284142139218,
        446.92552499925154
      ],
      "corners": [
        [
          1231.4302978515625,
          462.6182861328125
        ],
        [
          1254.29638671875,
          466.27880859374994
        ],
        [
          1257.1549072265623,
          430.3182067871094
        ],
        [
          1233.4478759765625,
          427.3621215820313
        ]
      ],
      "homography": [
        [
          -2.6144429259863977,
          19.754639755526796,
          1243.9284142139218
        ],
        [
          -3.4603449661231624,
          25.331171242791868,
          446.92552499925154
        ],
        [
          -0.011457584669065816,
          0.016856806413161233,
          1.0
        ]
      ]
    },
    {
      "tag_id": 27,
      "tag_family": "tag36h11",
      "hamming": 0,
      "decision_margin": 85.4420166015625,
      "center": [
        1386.0464674562502,
        454.02810229366065
      ],
      "corners": [
        [
          1369.1997070312502,
          475.28048706054693
        ],
        [
          1400.0345458984375,
          473.2564697265624
        ],
        [
          1401.9794921874998,
          433.9284057617187
        ],
        [
          1371.808837890625,
          434.4566955566407
        ]
      ],
      "homography": [
        [
          40.68966543863462,
          -14.323502674019432,
          1386.0464674562502
        ],
        [
          7.704301459962606,
          15.708254502837692,
          454.02810229366065
        ],
        [
          0.018358122849583595,
          -0.00951685221187614,
          1.0
        ]
      ]
    }
  ],
  "ingest_metadata": {
    "original_name": "Robot_reveal__8175_Piece_Of_Mind_2026_frame_003100.png",
    "source": "unknown",
    "dhash": "8bc0cdcdcce6e3c9",
    "ingested_at": "2026-04-01T04:55:46.325302+00:00"
  }
}
