{
  "image_file": "61d4937a30a2_FRC_ROBOT_POV_-_Southern_Cross_2024_frame_008925.png",
  "image_sha256": "61d4937a30a24775a19782318c7fa15df3a702f3ef395da69d173da10520cbc5",
  "image_width": 1920,
  "image_height": 1080,
  "detector_config": {
    "library": "pupil-apriltags",
    "library_version": "1.0.4.post11",
    "family": "tag36h11",
    "nthreads": 4,
    "quad_decimate": 1.0,
    "quad_sigma": 0.0,
    "refine_edges": true,
    "decode_sharpening": 0.25
  },
  "detected_at": "2026-04-01T16:14:14.446475+00:00",
  "num_detections": 2,
  "detections": [
    {
      "tag_id": 3,
      "tag_family": "tag36h11",
      "hamming": 0,
      "decision_margin": 57.74794006347656,
      "center": [
        824.1919484455202,
        753.4723890375961
      ],
      "corners": [
        [
          803.3037719726562,
          772.392822265625
        ],
        [
          842.1438598632812,
          771.0166625976564
        ],
        [
          844.798278808594,
          734.8072509765626
        ],
        [
          806.8783569335939,
          736.5519409179688
        ]
      ],
      "homography": [
        [
          14.526640100768192,
          -11.817874099052231,
          824.1919484455202
        ],
        [
          -5.042747448027513,
          8.631306709965429,
          753.4723890375961
        ],
        [
          -0.005654016987491384,
          -0.012446388587536793,
          1.0
        ]
      ]
    },
    {
      "tag_id": 4,
      "tag_family": "tag36h11",
      "hamming": 0,
      "decision_margin": 38.09608459472656,
      "center": [
        699.486823142599,
        757.4462337578564
      ],
      "corners": [
        [
          679.2012939453126,
          774.652099609375
        ],
        [
          714.2268676757811,
          774.7013549804689
        ],
        [
          719.899230957031,
          740.1327514648438
        ],
        [
          685.6310424804686,
          741.2262573242185
        ]
      ],
      "homography": [
        [
          5.4111001185604,
          -12.756972340941843,
          699.486823142599
        ],
        [
          -13.160867462866804,
          6.46002957657606,
          757.4462337578564
        ],
        [
          -0.017020199903031472,
          -0.01390263114004468,
          1.0
        ]
      ]
    }
  ]
}
