{
  "image_file": "62595dd6b62e_REEFSCAPE_Week_1_Event_Predictions___FRC_Forecast_frame_0857.png",
  "image_sha256": "62595dd6b62ec97984d8e1703812ccc88100b4422eac9cb687cea8493a4e28ab",
  "image_width": 1920,
  "image_height": 1080,
  "detector_config": {
    "library": "pupil-apriltags",
    "library_version": "1.0.4.post11",
    "family": "tag36h11",
    "nthreads": 4,
    "quad_decimate": 1.0,
    "quad_sigma": 0.0,
    "refine_edges": true,
    "decode_sharpening": 0.25
  },
  "detected_at": "2026-04-01T01:58:32.905750+00:00",
  "num_detections": 2,
  "detections": [
    {
      "tag_id": 17,
      "tag_family": "tag36h11",
      "hamming": 0,
      "decision_margin": 79.07982635498047,
      "center": [
        1445.7846330704551,
        649.4491023346629
      ],
      "corners": [
        [
          1421.2500000000002,
          669.2664184570312
        ],
        [
          1468.2154541015623,
          676.0987548828125
        ],
        [
          1470.7636718749998,
          629.2728271484374
        ],
        [
          1423.6639404296875,
          623.1679077148438
        ]
      ],
      "homography": [
        [
          11.994361760994934,
          0.21603670925378685,
          1445.7846330704551
        ],
        [
          -1.940505542933468,
          23.88375417163843,
          649.4491023346629
        ],
        [
          -0.00796826682938685,
          0.0010071477836043712,
          1.0
        ]
      ]
    },
    {
      "tag_id": 22,
      "tag_family": "tag36h11",
      "hamming": 0,
      "decision_margin": 73.67479705810547,
      "center": [
        1666.2052631552178,
        643.706792803443
      ],
      "corners": [
        [
          1652.2854003906255,
          670.1380615234376
        ],
        [
          1676.4144287109377,
          661.8470458984374
        ],
        [
          1679.6966552734373,
          618.0891113281249
        ],
        [
          1655.6539306640625,
          624.9585571289064
        ]
      ],
      "homography": [
        [
          38.79313580837925,
          -0.9539208050509794,
          1666.2052631552178
        ],
        [
          6.546181720164097,
          22.502392307732862,
          643.706792803443
        ],
        [
          0.016056414183825512,
          0.00042522005554001185,
          1.0
        ]
      ]
    }
  ]
}
