{
  "image_file": "63222a81fd83_PC000001_MOV-0442_jpg_rf_97dcbc30abe696326b88acc70947904c.png",
  "image_sha256": "63222a81fd83865cd505ee6f4e9ef28da13e9123e5f4272110aea47120ecc180",
  "image_width": 640,
  "image_height": 360,
  "detector_config": {
    "library": "pupil-apriltags",
    "library_version": "1.0.4.post11",
    "family": "tag36h11",
    "nthreads": 4,
    "quad_decimate": 1.0,
    "quad_sigma": 0.0,
    "refine_edges": true,
    "decode_sharpening": 0.25
  },
  "detected_at": "2026-03-24T14:12:51.769533+00:00",
  "num_detections": 2,
  "detections": [
    {
      "tag_id": 29,
      "tag_family": "tag36h11",
      "hamming": 0,
      "decision_margin": 93.71054077148438,
      "center": [
        186.76227028887354,
        99.13671098315886
      ],
      "corners": [
        [
          153.67936706542963,
          129.7850799560547
        ],
        [
          218.80549621582034,
          136.41598510742188
        ],
        [
          221.11224365234378,
          67.31451416015624
        ],
        [
          154.43193054199216,
          61.52340698242189
        ]
      ],
      "homography": [
        [
          31.607189013042643,
          1.4119356571789619,
          186.76227028887354
        ],
        [
          2.400331424709118,
          35.487374346525016,
          99.13671098315886
        ],
        [
          -0.007164987433297671,
          0.011625107312152239,
          1.0
        ]
      ]
    },
    {
      "tag_id": 30,
      "tag_family": "tag36h11",
      "hamming": 0,
      "decision_margin": 91.58451843261719,
      "center": [
        364.8653186979001,
        116.03482426480447
      ],
      "corners": [
        [
          327.5887145996094,
          147.63931274414065
        ],
        [
          396.70407104492193,
          154.25338745117182
        ],
        [
          404.28955078124994,
          82.60949707031246
        ],
        [
          332.89270019531244,
          77.65557098388678
        ]
      ],
      "homography": [
        [
          30.3875376289119,
          2.2834370662748746,
          364.8653186979001
        ],
        [
          1.4018821701894764,
          37.14028020682616,
          116.03482426480447
        ],
        [
          -0.012951108947168933,
          0.015048950660698302,
          1.0
        ]
      ]
    }
  ]
}
