{
  "image_file": "6395087f3cf0_FRC_948_Robot_Reveal_-_Kirby_frame_001200.png",
  "image_sha256": "6395087f3cf0cd926a0128aad43dcd46da2111560a3f4113ddef7d0a0f3e6445",
  "image_width": 1920,
  "image_height": 1080,
  "detector_config": {
    "library": "pupil-apriltags",
    "library_version": "1.0.4.post11",
    "family": "tag36h11",
    "nthreads": 4,
    "quad_decimate": 1.0,
    "quad_sigma": 0.0,
    "refine_edges": true,
    "decode_sharpening": 0.25
  },
  "detected_at": "2026-04-01T04:07:38.593847+00:00",
  "num_detections": 10,
  "detections": [
    {
      "tag_id": 18,
      "tag_family": "tag36h11",
      "hamming": 0,
      "decision_margin": 97.67521667480469,
      "center": [
        531.854357298504,
        629.8031986237
      ],
      "corners": [
        [
          516.7943115234375,
          654.9220581054688
        ],
        [
          547.8655395507812,
          658.1117553710939
        ],
        [
          546.6621704101562,
          605.1050415039062
        ],
        [
          515.2727050781249,
          600.4860229492185
        ]
      ],
      "homography": [
        [
          22.51239082314214,
          3.0880413955313797,
          531.854357298504
        ],
        [
          10.11968227928423,
          29.707755785689415,
          629.8031986237
        ],
        [
          0.012973939454013999,
          0.004528986490660232,
          1.0
        ]
      ]
    },
    {
      "tag_id": 18,
      "tag_family": "tag36h11",
      "hamming": 0,
      "decision_margin": 89.22500610351562,
      "center": [
        1782.1507439504194,
        635.5793159114643
      ],
      "corners": [
        [
          1767.726440429687,
          660.2630615234375
        ],
        [
          1798.1873779296877,
          663.6571655273439
        ],
        [
          1796.1452636718755,
          611.6310424804688
        ],
        [
          1765.8460693359377,
          607.0321655273438
        ]
      ],
      "homography": [
        [
          36.04889049568783,
          -5.109109180371656,
          1782.1507439504194
        ],
        [
          9.439853006008772,
          24.138302439992458,
          635.5793159114643
        ],
        [
          0.011705540570400418,
          -0.003417668283583178,
          1.0
        ]
      ]
    },
    {
      "tag_id": 25,
      "tag_family": "tag36h11",
      "hamming": 0,
      "decision_margin": 55.24883270263672,
      "center": [
        1040.2240660391108,
        489.4526278380422
      ],
      "corners": [
        [
          1027.16357421875,
          507.289794921875
        ],
        [
          1054.5349121093748,
          508.6479187011718
        ],
        [
          1052.677001953125,
          472.4452209472656
        ],
        [
          1025.803955078125,
          470.1107788085938
        ]
      ],
      "homography": [
        [
          27.92090328913764,
          -9.599622000571113,
          1040.2240660391108
        ],
        [
          7.686357488871179,
          13.443340195171574,
          489.4526278380422
        ],
        [
          0.013808109628649453,
          -0.010005072695258323,
          1.0
        ]
      ]
    },
    {
      "tag_id": 25,
      "tag_family": "tag36h11",
      "hamming": 0,
      "decision_margin": 71.74937438964844,
      "center": [
        1430.634935541713,
        648.4536679032685
      ],
      "corners": [
        [
          1413.4880371093748,
          675.79150390625
        ],
        [
          1447.720458984375,
          672.085693359375
        ],
        [
          1448.2846679687505,
          620.3141479492188
        ],
        [
          1413.76904296875,
          625.1254272460938
        ]
      ],
      "homography": [
        [
          2.2206653428140717,
          5.499590290654169,
          1430.634935541713
        ],
        [
          -8.909571969508082,
          28.19389171352293,
          648.4536679032685
        ],
        [
          -0.010459813498031578,
          0.003990838254175596,
          1.0
        ]
      ]
    },
    {
      "tag_id": 25,
      "tag_family": "tag36h11",
      "hamming": 0,
      "decision_margin": 86.09971618652344,
      "center": [
        173.06607594368737,
        639.4772941683445
      ],
      "corners": [
        [
          155.74902343749994,
          666.795654296875
        ],
        [
          190.1080780029297,
          663.7213134765627
        ],
        [
          191.01509094238287,
          611.1619873046875
        ],
        [
          156.10014343261716,
          615.3414916992185
        ]
      ],
      "homography": [
        [
          15.571409487270131,
          1.0453554683292643,
          173.06607594368737
        ],
        [
          -8.253919843942644,
          31.013315605735215,
          639.4772941683445
        ],
        [
          -0.010078331735338187,
          0.007841514088713081,
          1.0
        ]
      ]
    },
    {
      "tag_id": 26,
      "tag_family": "tag36h11",
      "hamming": 0,
      "decision_margin": 82.8878173828125,
      "center": [
        253.53731455038232,
        630.3567936345089
      ],
      "corners": [
        [
          234.20370483398438,
          659.558837890625
        ],
        [
          273.2142944335937,
          655.4395141601562
        ],
        [
          273.18548583984375,
          600.6796264648439
        ],
        [
          234.2995758056641,
          605.8339843750001
        ]
      ],
      "homography": [
        [
          17.01842467072413,
          -0.4252897174228828,
          253.53731455038232
        ],
        [
          -8.419863825308997,
          26.10445817752202,
          630.3567936345089
        ],
        [
          -0.009678363117356271,
          -0.0016089120828792782,
          1.0
        ]
      ]
    },
    {
      "tag_id": 26,
      "tag_family": "tag36h11",
      "hamming": 0,
      "decision_margin": 37.80797576904297,
      "center": [
        1098.3880585622487,
        493.5048443861474
      ],
      "corners": [
        [
          1086.940673828125,
          510.4315490722656
        ],
        [
          1111.339599609375,
          511.6216735839844
        ],
        [
          1109.6507568359375,
          476.8512268066406
        ],
        [
          1085.1619873046873,
          475.0039978027343
        ]
      ],
      "homography": [
        [
          22.4465845353468,
          2.1598122180423642,
          1098.3880585622487
        ],
        [
          5.353310446995009,
          18.129004497875485,
          493.5048443861474
        ],
        [
          0.009309784347814386,
          0.0011774292009148464,
          1.0
        ]
      ]
    },
    {
      "tag_id": 26,
      "tag_family": "tag36h11",
      "hamming": 0,
      "decision_margin": 68.09386444091797,
      "center": [
        1509.7817658307397,
        638.182123578673
      ],
      "corners": [
        [
          1491.0532226562498,
          667.2366333007812
        ],
        [
          1529.4710693359375,
          662.8468017578124
        ],
        [
          1528.6923828125005,
          608.8451538085939
        ],
        [
          1490.7789306640625,
          614.3773803710939
        ]
      ],
      "homography": [
        [
          2.0347619461297213,
          -9.481034292310596,
          1509.7817658307397
        ],
        [
          -9.688793477474295,
          22.593373654398874,
          638.182123578673
        ],
        [
          -0.01128957718346253,
          -0.006452226761322381,
          1.0
        ]
      ]
    },
    {
      "tag_id": 27,
      "tag_family": "tag36h11",
      "hamming": 0,
      "decision_margin": 87.81817626953125,
      "center": [
        1713.0042517886743,
        626.0593610402708
      ],