{
  "image_file": "63b9e0621878_FRC_TEAM_8806_2026_ROBOT_IN_FIVE_WEEKS_frame_000240.png",
  "image_sha256": "63b9e0621878313a785496cfe525687c286c2a297ec265ed5660f5a433c3c178",
  "image_width": 1920,
  "image_height": 1080,
  "detector_config": {
    "library": "pupil-apriltags",
    "library_version": "1.0.4.post11",
    "family": "tag36h11",
    "nthreads": 4,
    "quad_decimate": 1.0,
    "quad_sigma": 0.0,
    "refine_edges": true,
    "decode_sharpening": 0.25
  },
  "detected_at": "2026-04-01T03:42:48.370107+00:00",
  "num_detections": 3,
  "detections": [
    {
      "tag_id": 25,
      "tag_family": "tag36h11",
      "hamming": 0,
      "decision_margin": 57.349098205566406,
      "center": [
        320.39169143365524,
        392.7494675836984
      ],
      "corners": [
        [
          305.629638671875,
          422.61358642578125
        ],
        [
          336.5174865722656,
          419.7789611816406
        ],
        [
          334.5454406738282,
          364.115966796875
        ],
        [
          304.1482238769531,
          365.5227355957031
        ]
      ],
      "homography": [
        [
          19.27037207344705,
          -1.9212303684398055,
          320.39169143365524
        ],
        [
          3.7909755682988444,
          24.76454615982476,
          392.7494675836984
        ],
        [
          0.01233618779317762,
          -0.008700874279880706,
          1.0
        ]
      ]
    },
    {
      "tag_id": 26,
      "tag_family": "tag36h11",
      "hamming": 0,
      "decision_margin": 59.000492095947266,
      "center": [
        383.04991869020535,
        389.47518318235404
      ],
      "corners": [
        [
          370.16931152343744,
          417.271728515625
        ],
        [
          397.8463439941406,
          414.434783935547
        ],
        [
          395.56793212890625,
          362.46112060546875
        ],
        [
          367.9339904785156,
          363.97662353515614
        ]
      ],
      "homography": [
        [
          18.605565440493706,
          0.44037716334969673,
          383.04991869020535
        ],
        [
          3.7733898438702878,
          25.612914360551883,
          389.47518318235404
        ],
        [
          0.012478710898026053,
          -0.0017974080180108685,
          1.0
        ]
      ]
    },
    {
      "tag_id": 28,
      "tag_family": "tag36h11",
      "hamming": 1,
      "decision_margin": 39.944297790527344,
      "center": [
        633.6301667218739,
        409.3941339987529
      ],
      "corners": [
        [
          628.291748046875,
          425.92263793945307
        ],
        [
          640.6266479492188,
          424.05001831054693
        ],
        [
          639.0789794921874,
          392.5238342285157
        ],
        [
          626.2388916015625,
          393.91125488281256
        ]
      ],
      "homography": [
        [
          11.741812769257079,
          12.833190235268832,
          633.6301667218739
        ],
        [
          2.7021677971289333,
          23.589468017273305,
          409.3941339987529
        ],
        [
          0.008602899275245235,
          0.018836673888708695,
          1.0
        ]
      ]
    }
  ],
  "ingest_metadata": {
    "original_name": "FRC_TEAM_8806_2026_ROBOT_IN_FIVE_WEEKS_frame_000240.png",
    "source": "unknown",
    "dhash": "c09494ccd8d8f0dc",
    "ingested_at": "2026-04-01T03:42:48.365299+00:00"
  }
}
