{
  "image_file": "648ef6329bb7_2025_FIRST_Robotics_Competition_REEFSCAPE_presented_by_Haas_.png",
  "image_sha256": "648ef6329bb791c54330fbcc16a3f84a254e53815242d1eb39ab771919f58894",
  "image_width": 1920,
  "image_height": 1080,
  "detector_config": {
    "library": "pupil-apriltags",
    "library_version": "1.0.4.post11",
    "family": "tag36h11",
    "nthreads": 4,
    "quad_decimate": 1.0,
    "quad_sigma": 0.0,
    "refine_edges": true,
    "decode_sharpening": 0.25
  },
  "detected_at": "2026-04-01T00:00:55.970233+00:00",
  "num_detections": 4,
  "detections": [
    {
      "tag_id": 10,
      "tag_family": "tag36h11",
      "hamming": 0,
      "decision_margin": 90.72087097167969,
      "center": [
        422.02488892169924,
        450.5953631724784
      ],
      "corners": [
        [
          409.82843017578114,
          464.1083984375
        ],
        [
          435.8441467285156,
          465.8823547363281
        ],
        [
          434.408172607422,
          436.8753356933593
        ],
        [
          408.3088989257813,
          435.422607421875
        ]
      ],
      "homography": [
        [
          10.633060783127462,
          1.5516131896157517,
          422.02488892169924
        ],
        [
          -1.7504315279447287,
          15.290184379635491,
          450.5953631724784
        ],
        [
          -0.005675577463573797,
          0.001925191353441385,
          1.0
        ]
      ]
    },
    {
      "tag_id": 14,
      "tag_family": "tag36h11",
      "hamming": 0,
      "decision_margin": 67.1008529663086,
      "center": [
        704.7660678611761,
        218.79736363517577
      ],
      "corners": [
        [
          679.4971923828125,
          239.78363037109372
        ],
        [
          716.8025512695312,
          236.79504394531253
        ],
        [
          730.0615844726562,
          197.7889709472656
        ],
        [
          692.3978881835939,
          200.30371093749997
        ]
      ],
      "homography": [
        [
          23.34488948365015,
          -1.5659756556901783,
          704.7660678611761
        ],
        [
          0.0517400729986522,
          21.164342899431375,
          218.79736363517577
        ],
        [
          0.006532318271600145,
          0.007059193648035196,
          1.0
        ]
      ]
    },
    {
      "tag_id": 15,
      "tag_family": "tag36h11",
      "hamming": 0,
      "decision_margin": 58.714019775390625,
      "center": [
        1457.3162297624904,
        164.49628776095247
      ],
      "corners": [
        [
          1439.1976318359375,
          179.93255615234375
        ],
        [
          1459.4752197265625,
          178.2663116455078
        ],
        [
          1475.1585693359375,
          149.2953796386719
        ],
        [
          1455.1220703125002,
          150.501953125
        ]
      ],
      "homography": [
        [
          21.56249657134026,
          -7.612274948141928,
          1457.3162297624904
        ],
        [
          0.5781295725274997,
          14.632123888535489,
          164.49628776095247
        ],
        [
          0.007880634421792976,
          0.00019845558244520873,
          1.0
        ]
      ]
    },
    {
      "tag_id": 20,
      "tag_family": "tag36h11",
      "hamming": 0,
      "decision_margin": 92.99224853515625,
      "center": [
        1839.425852512552,
        823.1252891950708
      ],
      "corners": [
        [
          1821.4946289062502,
          839.6760864257814
        ],
        [
          1853.1257324218752,
          858.2880249023438
        ],
        [
          1857.8757324218752,
          806.0957641601564
        ],
        [
          1825.9653320312502,
          788.5769042968752
        ]
      ],
      "homography": [
        [
          -5.333866289771549,
          2.70250258764031,
          1839.425852512552
        ],
        [
          -0.46129037348169166,
          28.06009742861977,
          823.1252891950708
        ],
        [
          -0.011534504836417686,
          0.0027216955781322813,
          1.0
        ]
      ]
    }
  ]
}
