{
  "image_file": "653234091726_3015_Ranger_Robotics_2024_Reveal__Cobra_frame_001920.png",
  "image_sha256": "6532340917265a360228cad2e930fa8d7ad0547e2de41a0b1c3427c9c8758da1",
  "image_width": 1920,
  "image_height": 1080,
  "detector_config": {
    "library": "pupil-apriltags",
    "library_version": "1.0.4.post11",
    "family": "tag36h11",
    "nthreads": 4,
    "quad_decimate": 1.0,
    "quad_sigma": 0.0,
    "refine_edges": true,
    "decode_sharpening": 0.25
  },
  "detected_at": "2026-04-01T00:33:34.704217+00:00",
  "num_detections": 3,
  "detections": [
    {
      "tag_id": 7,
      "tag_family": "tag36h11",
      "hamming": 0,
      "decision_margin": 21.19963264465332,
      "center": [
        1712.57847225393,
        304.5351505067509
      ],
      "corners": [
        [
          1702.9350585937505,
          312.7615966796875
        ],
        [
          1721.3975830078125,
          311.42565917968756
        ],
        [
          1722.1279296874993,
          296.38885498046875
        ],
        [
          1704.00634765625,
          297.8376159667969
        ]
      ],
      "homography": [
        [
          1.1760738002258242,
          -16.803838942656967,
          1712.57847225393
        ],
        [
          -2.113822993357019,
          4.581539095857636,
          304.5351505067509
        ],
        [
          -0.004653194608604664,
          -0.009548565715467276,
          1.0
        ]
      ]
    },
    {
      "tag_id": 12,
      "tag_family": "tag36h11",
      "hamming": 0,
      "decision_margin": 28.858844757080078,
      "center": [
        930.8787083545354,
        129.92305547867812
      ],
      "corners": [
        [
          904.4785156249999,
          157.4678955078125
        ],
        [
          958.2859497070314,
          161.166259765625
        ],
        [
          957.0551757812502,
          102.6116409301758
        ],
        [
          902.7382812499999,
          97.84404754638675
        ]
      ],
      "homography": [
        [
          35.152407270716026,
          4.903458663538008,
          930.8787083545354
        ],
        [
          3.24784671854999,
          30.122626068623475,
          129.92305547867812
        ],
        [
          0.008727219146988202,
          0.00447199825323047,
          1.0
        ]
      ]
    },
    {
      "tag_id": 14,
      "tag_family": "tag36h11",
      "hamming": 0,
      "decision_margin": 42.895023345947266,
      "center": [
        1438.5631972838778,
        293.717519802233
      ],
      "corners": [
        [
          1427.5917968750002,
          304.74169921875
        ],
        [
          1448.7359619140623,
          302.99511718750006
        ],
        [
          1449.8015136718748,
          282.42514038085943
        ],
        [
          1428.2016601562498,
          284.2677612304687
        ]
      ],
      "homography": [
        [
          8.65283436227014,
          14.83820662773178,
          1438.5631972838778
        ],
        [
          -1.311759224525362,
          13.374800481184138,
          293.717519802233
        ],
        [
          -0.0014124749503256601,
          0.010605507159052832,
          1.0
        ]
      ]
    }
  ]
}
