{
  "image_file": "663e7dba4ab2_FRC_9483___Robot_POV__2024_Milstein_Q67__frame_000000.png",
  "image_sha256": "663e7dba4ab25b9f275178c5ace1b273037db8f839480ab57e4755a24a3db433",
  "image_width": 1920,
  "image_height": 1080,
  "detector_config": {
    "library": "pupil-apriltags",
    "library_version": "1.0.4.post11",
    "family": "tag36h11",
    "nthreads": 4,
    "quad_decimate": 1.0,
    "quad_sigma": 0.0,
    "refine_edges": true,
    "decode_sharpening": 0.25
  },
  "detected_at": "2026-04-01T16:10:09.654243+00:00",
  "num_detections": 3,
  "detections": [
    {
      "tag_id": 2,
      "tag_family": "tag36h11",
      "hamming": 1,
      "decision_margin": 65.83468627929688,
      "center": [
        1436.048854216072,
        642.7165154799898
      ],
      "corners": [
        [
          1430.4842529296873,
          652.7327270507812
        ],
        [
          1448.8282470703125,
          649.3286743164062
        ],
        [
          1442.0063476562502,
          631.9931030273438
        ],
        [
          1422.8299560546873,
          635.8769531250001
        ]
      ],
      "homography": [
        [
          -2.9707217349557644,
          40.24279002485582,
          1436.048854216072
        ],
        [
          -7.342296918934838,
          24.93146183130125,
          642.7165154799898
        ],
        [
          -0.008596929935726472,
          0.025502091389602223,
          1.0
        ]
      ]
    },
    {
      "tag_id": 3,
      "tag_family": "tag36h11",
      "hamming": 0,
      "decision_margin": 73.68090057373047,
      "center": [
        1073.0886313472347,
        567.1033663309552
      ],
      "corners": [
        [
          1060.9542236328123,
          580.3926391601562
        ],
        [
          1088.7474365234375,
          586.6824951171875
        ],
        [
          1084.31005859375,
          554.8139648437501
        ],
        [
          1057.38427734375,
          547.4672851562501
        ]
      ],
      "homography": [
        [
          35.423572598472674,
          -18.183575659804998,
          1073.0886313472347
        ],
        [
          14.914733569942655,
          5.516436284164685,
          567.1033663309552
        ],
        [
          0.02027117059650758,
          -0.01881886705077993,
          1.0
        ]
      ]
    },
    {
      "tag_id": 4,
      "tag_family": "tag36h11",
      "hamming": 0,
      "decision_margin": 67.80452728271484,
      "center": [
        961.6344143193057,
        539.6320562998552
      ],
      "corners": [
        [
          942.4422607421874,
          553.6925659179689
        ],
        [
          980.0045776367188,
          561.9678955078125
        ],
        [
          978.997741699219,
          526.911376953125
        ],
        [
          943.4978637695312,
          517.5802612304689
        ]
      ],
      "homography": [
        [
          39.22016849333522,
          -27.121223738980685,
          961.6344143193057
        ],
        [
          16.18988239006137,
          2.5498271889403004,
          539.6320562998552
        ],
        [
          0.021814804767719513,
          -0.028213977492179187,
          1.0
        ]
      ]
    }
  ],
  "ingest_metadata": {
    "original_name": "FRC_9483___Robot_POV__2024_Milstein_Q67__frame_000000.png",
    "source": "unknown",
    "dhash": "762cd473ced0d8b8",
    "ingested_at": "2026-04-01T16:10:09.645303+00:00"
  }
}
