{
  "image_file": "67118d161e64_FRC_Team_9032_RoboWhales_2026_Robot_Reveal__CYCLONE_frame_00.png",
  "image_sha256": "67118d161e64b02f6b145228fdf22c963dcaa35588f63dd9f7f0e5b12122f2f4",
  "image_width": 1920,
  "image_height": 1080,
  "detector_config": {
    "library": "pupil-apriltags",
    "library_version": "1.0.4.post11",
    "family": "tag36h11",
    "nthreads": 4,
    "quad_decimate": 1.0,
    "quad_sigma": 0.0,
    "refine_edges": true,
    "decode_sharpening": 0.25
  },
  "detected_at": "2026-04-01T04:43:44.980744+00:00",
  "num_detections": 2,
  "detections": [
    {
      "tag_id": 5,
      "tag_family": "tag36h11",
      "hamming": 0,
      "decision_margin": 77.92167663574219,
      "center": [
        636.581098840275,
        219.71050106735885
      ],
      "corners": [
        [
          605.84912109375,
          268.44052124023443
        ],
        [
          671.7755126953125,
          258.81365966796864
        ],
        [
          668.0409545898436,
          169.8263244628906
        ],
        [
          602.1144409179688,
          181.41592407226568
        ]
      ],
      "homography": [
        [
          25.908789086545767,
          2.267521222938743,
          636.581098840275
        ],
        [
          -7.73623750447519,
          44.135544850868285,
          219.71050106735885
        ],
        [
          -0.011075425871181415,
          0.000628329463343002,
          1.0
        ]
      ]
    },
    {
      "tag_id": 8,
      "tag_family": "tag36h11",
      "hamming": 0,
      "decision_margin": 76.33851623535156,
      "center": [
        783.8168506354349,
        196.11807221296388
      ],
      "corners": [
        [
          749.2247314453124,
          247.41723632812497
        ],
        [
          822.3446655273436,
          237.7085113525391
        ],
        [
          819.214294433594,
          143.6246337890625
        ],
        [
          746.3356323242189,
          155.65742492675776
        ]
      ],
      "homography": [
        [
          26.58796056459539,
          0.6166855035255626,
          783.8168506354349
        ],
        [
          -7.914345846104686,
          46.23168829310265,
          196.11807221296388
        ],
        [
          -0.012637861949238435,
          -0.001131509092436234,
          1.0
        ]
      ]
    }
  ]
}
