{
  "image_file": "672f6d885f1e_FRC_1736_Robot_2025_frame_001776.png",
  "image_sha256": "672f6d885f1e9c98f651f39a7dad37746d1232b78ca1b17f08f290c045869953",
  "image_width": 1920,
  "image_height": 1080,
  "detector_config": {
    "library": "pupil-apriltags",
    "library_version": "1.0.4.post11",
    "family": "tag36h11",
    "nthreads": 4,
    "quad_decimate": 1.0,
    "quad_sigma": 0.0,
    "refine_edges": true,
    "decode_sharpening": 0.25
  },
  "detected_at": "2026-04-01T01:37:56.481342+00:00",
  "num_detections": 3,
  "detections": [
    {
      "tag_id": 2,
      "tag_family": "tag36h11",
      "hamming": 0,
      "decision_margin": 74.4173583984375,
      "center": [
        451.3583656623235,
        359.38396479872966
      ],
      "corners": [
        [
          437.33065795898443,
          375.7484741210938
        ],
        [
          465.9021301269531,
          377.4652404785157
        ],
        [
          465.1336975097655,
          343.31387329101557
        ],
        [
          436.3634643554687,
          340.7418212890624
        ]
      ],
      "homography": [
        [
          19.828426400328908,
          1.830947733250073,
          451.3583656623235
        ],
        [
          5.446236734467445,
          18.39997355531773,
          359.38396479872966
        ],
        [
          0.012175015984831818,
          0.0030977402633750794,
          1.0
        ]
      ]
    },
    {
      "tag_id": 9,
      "tag_family": "tag36h11",
      "hamming": 0,
      "decision_margin": 60.4477653503418,
      "center": [
        1247.4345815588863,
        685.1614055423436
      ],
      "corners": [
        [
          1225.9499511718748,
          717.2425537109375
        ],
        [
          1271.5177001953125,
          725.4441528320312
        ],
        [
          1269.9851074218752,
          651.4886474609376
        ],
        [
          1224.0820312500002,
          646.1006469726565
        ]
      ],
      "homography": [
        [
          -1.8450034665984283,
          6.345167328207253,
          1247.4345815588863
        ],
        [
          -10.166199451424978,
          39.276204093186266,
          685.1614055423436
        ],
        [
          -0.01980340056859257,
          0.004402156235297555,
          1.0
        ]
      ]
    },
    {
      "tag_id": 10,
      "tag_family": "tag36h11",
      "hamming": 0,
      "decision_margin": 70.16744232177734,
      "center": [
        1671.0162839915297,
        702.4274142579715
      ],
      "corners": [
        [
          1629.1760253906252,
          744.0831298828125
        ],
        [
          1712.8062744140623,
          744.0948486328125
        ],
        [
          1712.7028808593745,
          660.9246826171875
        ],
        [
          1629.4534912109375,
          660.9865112304689
        ]
      ],
      "homography": [
        [
          40.9793680473565,
          -3.8580345273705867,
          1671.0162839915297
        ],
        [
          -0.3238103208960914,
          39.96303893591903,
          702.4274142579715
        ],
        [
          -0.0004430334616529111,
          -0.002282702059221432,
          1.0
        ]
      ]
    }
  ]
}
