{
  "image_file": "67b7acc15865_FRC_Team_8169___ARIES___Robot_Reveal_2025_frame_001080.png",
  "image_sha256": "67b7acc1586554c7e19b46960064d30c25e4a37fdf535079d00a06caf7b617e9",
  "image_width": 1920,
  "image_height": 1080,
  "detector_config": {
    "library": "pupil-apriltags",
    "library_version": "1.0.4.post11",
    "family": "tag36h11",
    "nthreads": 4,
    "quad_decimate": 1.0,
    "quad_sigma": 0.0,
    "refine_edges": true,
    "decode_sharpening": 0.25
  },
  "detected_at": "2026-04-01T01:45:46.493983+00:00",
  "num_detections": 3,
  "detections": [
    {
      "tag_id": 13,
      "tag_family": "tag36h11",
      "hamming": 0,
      "decision_margin": 55.41694259643555,
      "center": [
        699.6599466973789,
        505.06852151573264
      ],
      "corners": [
        [
          689.7338256835938,
          513.9697875976561
        ],
        [
          709.0446166992188,
          515.0989990234376
        ],
        [
          709.8128051757811,
          495.9639282226563
        ],
        [
          690.4844360351564,
          495.2615966796875
        ]
      ],
      "homography": [
        [
          1.7658606854205345,
          -0.37159263451940183,
          699.6599466973789
        ],
        [
          -5.239729767244456,
          9.465427223330437,
          505.06852151573264
        ],
        [
          -0.01128076578894919,
          1.1514513710758297e-05,
          1.0
        ]
      ]
    },
    {
      "tag_id": 17,
      "tag_family": "tag36h11",
      "hamming": 0,
      "decision_margin": 70.52684783935547,
      "center": [
        982.6689658479984,
        729.7683159029161
      ],
      "corners": [
        [
          965.678649902344,
          749.620361328125
        ],
        [
          999.8759155273438,
          755.0576171874999
        ],
        [
          1000.4872436523435,
          708.9488525390626
        ],
        [
          966.0830688476561,
          705.3917846679689
        ]
      ],
      "homography": [
        [
          -3.5742221761639716,
          2.4052231852165273,
          982.6689658479984
        ],
        [
          -13.134968018355156,
          24.54764741307838,
          729.7683159029161
        ],
        [
          -0.0210821813231573,
          0.002703952199995385,
          1.0
        ]
      ]
    },
    {
      "tag_id": 22,
      "tag_family": "tag36h11",
      "hamming": 0,
      "decision_margin": 64.88917541503906,
      "center": [
        1216.8535737850734,
        739.6739608652533
      ],
      "corners": [
        [
          1196.4505615234377,
          764.6060180664062
        ],
        [
          1236.9504394531248,
          762.5737304687501
        ],
        [
          1236.7790527343752,
          715.325439453125
        ],
        [
          1196.661987304688,
          716.6662597656249
        ]
      ],
      "homography": [
        [
          28.787654722868183,
          -5.782636862459636,
          1216.8535737850734
        ],
        [
          4.4071713190977535,
          20.28545949804402,
          739.6739608652533
        ],
        [
          0.007096078255885563,
          -0.004745012198911697,
          1.0
        ]
      ]
    }
  ]
}
