{
  "image_file": "68034a40d4fa_IMG_2648_JPEG_rf_85469d9bf945ef2f41c5546610569c58.png",
  "image_sha256": "68034a40d4fa918898d470618d5697da1fa6237fb79a9a38f77bcae49f67dbf7",
  "image_width": 640,
  "image_height": 640,
  "detector_config": {
    "library": "pupil-apriltags",
    "library_version": "1.0.4.post11",
    "family": "tag36h11",
    "nthreads": 4,
    "quad_decimate": 1.0,
    "quad_sigma": 0.0,
    "refine_edges": true,
    "decode_sharpening": 0.25
  },
  "detected_at": "2026-03-24T14:17:55.170334+00:00",
  "num_detections": 4,
  "detections": [
    {
      "tag_id": 0,
      "tag_family": "tag36h11",
      "hamming": 0,
      "decision_margin": 85.89702606201172,
      "center": [
        260.04896881310685,
        164.8556942697556
      ],
      "corners": [
        [
          264.60113525390625,
          139.42086791992188
        ],
        [
          241.14341735839844,
          157.4185943603515
        ],
        [
          255.51713562011722,
          190.17691040039062
        ],
        [
          278.54962158203125,
          172.1335144042969
        ]
      ],
      "homography": [
        [
          -12.73783592693286,
          -8.777941686787983,
          260.04896881310685
        ],
        [
          8.30292141618699,
          -17.443978818669393,
          164.8556942697556
        ],
        [
          -0.004293006965150841,
          -0.006531365466848747,
          1.0
        ]
      ]
    },
    {
      "tag_id": 1,
      "tag_family": "tag36h11",
      "hamming": 0,
      "decision_margin": 75.62818908691406,
      "center": [
        213.2592065919554,
        413.894731924389
      ],
      "corners": [
        [
          218.3620910644531,
          388.8921508789062
        ],
        [
          194.52420043945312,
          408.2218933105468
        ],
        [
          208.07798767089844,
          439.2811279296875
        ],
        [
          231.98391723632812,
          419.564453125
        ]
      ],
      "homography": [
        [
          -12.777313655580343,
          -6.01115594134356,
          213.2592065919554
        ],
        [
          8.127668985962885,
          -13.912704172033102,
          413.894731924389
        ],
        [
          -0.003945942114429434,
          0.003671099990411652,
          1.0
        ]
      ]
    },
    {
      "tag_id": 2,
      "tag_family": "tag36h11",
      "hamming": 0,
      "decision_margin": 86.1381607055664,
      "center": [
        438.2410906916105,
        229.96287261841968
      ],
      "corners": [
        [
          441.5771179199218,
          207.0674285888672
        ],
        [
          420.6990661621094,
          224.41200256347656
        ],
        [
          434.89221191406256,
          252.94651794433594
        ],
        [
          455.8046875,
          235.52056884765625
        ]
      ],
      "homography": [
        [
          -10.73422681739271,
          -6.549279639007068,
          438.2410906916105
        ],
        [
          8.542196435901559,
          -13.955166117038829,
          229.96287261841968
        ],
        [
          -0.0006539881317681073,
          0.0012684845590118245,
          1.0
        ]
      ]
    },
    {
      "tag_id": 4,
      "tag_family": "tag36h11",
      "hamming": 0,
      "decision_margin": 76.60230255126953,
      "center": [
        49.939541302687665,
        84.91266640169725
      ],
      "corners": [
        [
          52.92881393432617,
          55.83874130249025
        ],
        [
          27.46953201293945,
          76.13489532470705
        ],
        [
          47.01690292358398,
          113.33850097656249
        ],
        [
          72.38441467285156,
          93.68061828613281
        ]
      ],
      "homography": [
        [
          -12.439042139272878,
          -10.046340049318786,
          49.939541302687665
        ],
        [
          10.441457590754823,
          -19.261836384677807,
          84.91266640169725
        ],
        [
          0.005355776062554849,
          -0.005915410600056445,
          1.0
        ]
      ]
    }
  ],
  "ingest_metadata": {
    "original_name": "IMG_2648_JPEG_rf_85469d9bf945ef2f41c5546610569c58.png",
    "source": "unknown",
    "dhash": "51606c7ac69cf469",
    "ingested_at": "2026-03-24T14:17:55.154396+00:00"
  }
}
