{
  "image_file": "683f1999d966_PC000001_MOV-0266_jpg_rf_10d00e27db2aa6870a92527ec08fa9ed.png",
  "image_sha256": "683f1999d966b6736c23bd3d3be621003a910e95b9b4e3b93ce800b10c0e27c7",
  "image_width": 640,
  "image_height": 360,
  "detector_config": {
    "library": "pupil-apriltags",
    "library_version": "1.0.4.post11",
    "family": "tag36h11",
    "nthreads": 4,
    "quad_decimate": 1.0,
    "quad_sigma": 0.0,
    "refine_edges": true,
    "decode_sharpening": 0.25
  },
  "detected_at": "2026-03-24T14:12:42.848533+00:00",
  "num_detections": 3,
  "detections": [
    {
      "tag_id": 3,
      "tag_family": "tag36h11",
      "hamming": 0,
      "decision_margin": 57.6580810546875,
      "center": [
        369.357183062262,
        158.4095081676744
      ],
      "corners": [
        [
          358.31555175781256,
          166.62539672851565
        ],
        [
          376.3122253417968,
          169.50778198242185
        ],
        [
          380.59588623046875,
          150.04698181152347
        ],
        [
          362.1532897949219,
          146.91413879394534
        ]
      ],
      "homography": [
        [
          10.720613672413265,
          2.8483204981789654,
          369.357183062262
        ],
        [
          2.1938788885867653,
          11.883586324224837,
          158.4095081676744
        ],
        [
          0.004365220021607913,
          0.013210323491627882,
          1.0
        ]
      ]
    },
    {
      "tag_id": 4,
      "tag_family": "tag36h11",
      "hamming": 0,
      "decision_margin": 59.70622253417969,
      "center": [
        407.7492211076194,
        165.22379403043942
      ],
      "corners": [
        [
          396.8338928222657,
          173.379150390625
        ],
        [
          414.15408325195307,
          176.11000061035156
        ],
        [
          417.97424316406244,
          157.58419799804688
        ],
        [
          400.9402465820312,
          153.65072631835935
        ]
      ],
      "homography": [
        [
          21.472038181703113,
          -2.401301850338368,
          407.7492211076194
        ],
        [
          6.88908585089075,
          9.383007772061092,
          165.22379403043942
        ],
        [
          0.031618003620314465,
          -0.0010354868729770673,
          1.0
        ]
      ]
    },
    {
      "tag_id": 13,
      "tag_family": "tag36h11",
      "hamming": 0,
      "decision_margin": 32.4587287902832,
      "center": [
        56.0931669579502,
        134.12995751528663
      ],
      "corners": [
        [
          49.52005767822265,
          138.52896118164065
        ],
        [
          61.324691772460945,
          140.48538208007807
        ],
        [
          62.95859146118166,
          129.5353240966797
        ],
        [
          51.27356338500976,
          128.27494812011722
        ]
      ],
      "homography": [
        [
          4.107114212023937,
          -1.388833901022522,
          56.0931669579502
        ],
        [
          -3.407158934932483,
          4.005129134584848,
          134.12995751528663
        ],
        [
          -0.03136730220484706,
          -0.009615284594520228,
          1.0
        ]
      ]
    }
  ],
  "ingest_metadata": {
    "original_name": "PC000001_MOV-0266_jpg_rf_10d00e27db2aa6870a92527ec08fa9ed.png",
    "source": "unknown",
    "dhash": "a099bbb432c4d6fa",
    "ingested_at": "2026-03-24T14:12:42.839731+00:00"
  }
}
