{
  "image_file": "68b83387d558_PC000001_MOV-0373_jpg_rf_e0270398cfc501a0d4b0b7ab7944ce74.png",
  "image_sha256": "68b83387d558df97a905b1fc8fbbb8d6a23a90f4d42da062751d7fab962d70fa",
  "image_width": 640,
  "image_height": 360,
  "detector_config": {
    "library": "pupil-apriltags",
    "library_version": "1.0.4.post11",
    "family": "tag36h11",
    "nthreads": 4,
    "quad_decimate": 1.0,
    "quad_sigma": 0.0,
    "refine_edges": true,
    "decode_sharpening": 0.25
  },
  "detected_at": "2026-03-24T14:12:47.806786+00:00",
  "num_detections": 2,
  "detections": [
    {
      "tag_id": 17,
      "tag_family": "tag36h11",
      "hamming": 0,
      "decision_margin": 75.2689437866211,
      "center": [
        47.41570817810492,
        237.97385599937428
      ],
      "corners": [
        [
          37.65825271606445,
          250.87661743164062
        ],
        [
          55.36033248901367,
          251.35589599609375
        ],
        [
          57.259952545166016,
          224.95632934570315
        ],
        [
          39.48548507690429,
          224.61607360839844
        ]
      ],
      "homography": [
        [
          8.742560985338741,
          -0.8481579922788416,
          47.41570817810492
        ],
        [
          -0.4297655109686803,
          13.583782593474098,
          237.97385599937428
        ],
        [
          -0.002667396452130024,
          0.0017602249162867322,
          1.0
        ]
      ]
    },
    {
      "tag_id": 30,
      "tag_family": "tag36h11",
      "hamming": 0,
      "decision_margin": 34.773990631103516,
      "center": [
        377.1309831315155,
        264.05115960625653
      ],
      "corners": [
        [
          371.5881042480469,
          269.9653015136719
        ],
        [
          382.645263671875,
          270.2013549804688
        ],
        [
          382.83419799804693,
          257.96594238281244
        ],
        [
          371.53289794921886,
          257.80749511718744
        ]
      ],
      "homography": [
        [
          4.322579195242041,
          4.077445939142934,
          377.1309831315155
        ],
        [
          -0.7875553077813049,
          8.975492092800323,
          264.05115960625653
        ],
        [
          -0.003357735762791284,
          0.010899301980895783,
          1.0
        ]
      ]
    }
  ]
}
