{
  "image_file": "6919a972b796_PC000001_MOV-0266_jpg_rf_af3ae6b25093d9cc2eccc37aaf255403.png",
  "image_sha256": "6919a972b796c52146f37141383dbbf79502e053a477209b4814d68e16b55ca2",
  "image_width": 640,
  "image_height": 360,
  "detector_config": {
    "library": "pupil-apriltags",
    "library_version": "1.0.4.post11",
    "family": "tag36h11",
    "nthreads": 4,
    "quad_decimate": 1.0,
    "quad_sigma": 0.0,
    "refine_edges": true,
    "decode_sharpening": 0.25
  },
  "detected_at": "2026-03-24T14:12:42.882606+00:00",
  "num_detections": 4,
  "detections": [
    {
      "tag_id": 3,
      "tag_family": "tag36h11",
      "hamming": 0,
      "decision_margin": 67.39456176757812,
      "center": [
        364.2542625841546,
        147.7977356106979
      ],
      "corners": [
        [
          355.3386535644532,
          158.35771179199216
        ],
        [
          373.62304687499994,
          156.92643737792966
        ],
        [
          373.39022827148426,
          136.9767608642578
        ],
        [
          354.565185546875,
          138.3569488525391
        ]
      ],
      "homography": [
        [
          10.11299290554905,
          5.535024388116882,
          364.2542625841546
        ],
        [
          -0.36349939443795315,
          12.129558982179702,
          147.7977356106979
        ],
        [
          0.0022996357110164137,
          0.014506696380486994,
          1.0
        ]
      ]
    },
    {
      "tag_id": 4,
      "tag_family": "tag36h11",
      "hamming": 0,
      "decision_margin": 68.3565444946289,
      "center": [
        403.1783063317926,
        145.77170394112187
      ],
      "corners": [
        [
          394.49615478515625,
          156.2416534423828
        ],
        [
          411.9189758300781,
          154.9027252197265
        ],
        [
          411.4151611328125,
          135.83874511718747
        ],
        [
          393.922119140625,
          136.1021423339844
        ]
      ],
      "homography": [
        [
          19.80252941868855,
          0.7375072545723949,
          403.1783063317926
        ],
        [
          3.6052074675773143,
          9.962982862510529,
          145.77170394112187
        ],
        [
          0.027482097119692624,
          0.0011627769145708807,
          1.0
        ]
      ]
    },
    {
      "tag_id": 13,
      "tag_family": "tag36h11",
      "hamming": 0,
      "decision_margin": 44.865814208984375,
      "center": [
        53.24085640142982,
        194.49331473888424
      ],
      "corners": [
        [
          47.986587524414055,
          200.16079711914062
        ],
        [
          59.97026824951172,
          199.4892425537109
        ],
        [
          58.957832336425774,
          188.32673645019526
        ],
        [
          47.33728027343749,
          190.11048889160156
        ]
      ],
      "homography": [
        [
          3.0197652815480964,
          -0.2106919755116646,
          53.24085640142982
        ],
        [
          -11.077063185873499,
          3.032106089982135,
          194.49331473888424
        ],
        [
          -0.0537729479436626,
          -0.011598421177691888,
          1.0
        ]
      ]
    },
    {
      "tag_id": 14,
      "tag_family": "tag36h11",
      "hamming": 0,
      "decision_margin": 35.50714111328125,
      "center": [
        83.47993112681516,
        192.96593439866015
      ],
      "corners": [
        [
          78.15045928955077,
          198.12245178222656
        ],
        [
          89.72416687011719,
          198.2777557373047
        ],
        [
          89.06378173828126,
          187.56329345703122
        ],
        [
          77.57596588134766,
          187.94357299804688
        ]
      ],
      "homography": [
        [
          3.6194640592918006,
          0.11160228905971836,
          83.47993112681516
        ],
        [
          -5.008242394678519,
          4.766313781653905,
          192.96593439866015
        ],
        [
          -0.025659481287995098,
          -0.0023504683456250326,
          1.0
        ]
      ]
    }
  ],
  "ingest_metadata": {
    "original_name": "PC000001_MOV-0266_jpg_rf_af3ae6b25093d9cc2eccc37aaf255403.png",
    "source": "unknown",
    "dhash": "838a94b0b3b6c649",
    "ingested_at": "2026-03-24T14:12:42.869733+00:00"
  }
}
