{
  "image_file": "69193c0a6984_PC000002_MOV-0000_jpg_rf_4ddb98f1188af34e52ac8eb5c965d569.png",
  "image_sha256": "69193c0a69848ef25d1cf3370a36bc14a50b8b483719bfc343cc06109b329dff",
  "image_width": 640,
  "image_height": 360,
  "detector_config": {
    "library": "pupil-apriltags",
    "library_version": "1.0.4.post11",
    "family": "tag36h11",
    "nthreads": 4,
    "quad_decimate": 1.0,
    "quad_sigma": 0.0,
    "refine_edges": true,
    "decode_sharpening": 0.25
  },
  "detected_at": "2026-03-24T14:12:52.566481+00:00",
  "num_detections": 2,
  "detections": [
    {
      "tag_id": 2,
      "tag_family": "tag36h11",
      "hamming": 0,
      "decision_margin": 91.7730941772461,
      "center": [
        39.02133719796163,
        86.00001230462134
      ],
      "corners": [
        [
          28.235662460327145,
          98.11511230468749
        ],
        [
          52.154945373535156,
          97.74431610107423
        ],
        [
          49.595191955566406,
          74.12284088134767
        ],
        [
          25.344192504882805,
          73.76966857910153
        ]
      ],
      "homography": [
        [
          12.628317023980735,
          1.562632492132147,
          39.02133719796163
        ],
        [
          1.29188913344653,
          12.433992929002486,
          86.00001230462134
        ],
        [
          0.015094981709479923,
          0.0051780975348111906,
          1.0
        ]
      ]
    },
    {
      "tag_id": 12,
      "tag_family": "tag36h11",
      "hamming": 0,
      "decision_margin": 92.59210205078125,
      "center": [
        381.1517528187267,
        132.74927101289694
      ],
      "corners": [
        [
          362.87457275390625,
          153.16510009765625
        ],
        [
          400.2340087890625,
          155.45069885253903
        ],
        [
          400.5185852050782,
          111.11628723144533
        ],
        [
          363.1085510253906,
          111.28396606445315
        ]
      ],
      "homography": [
        [
          7.826988296665377,
          0.05365983742848453,
          381.1517528187267
        ],
        [
          -3.249326471684955,
          21.600055149893194,
          132.74927101289694
        ],
        [
          -0.02846693915056355,
          0.0004792929479502081,
          1.0
        ]
      ]
    }
  ]
}
