{
  "image_file": "6944b577195d_Team_340_G_R_R__Robot_Reveal_2024_-_Mushu_frame_000960.png",
  "image_sha256": "6944b577195d51ff89451bff360f5439f42a58d8625df8e9b25158b4b3e75d9c",
  "image_width": 1920,
  "image_height": 1080,
  "detector_config": {
    "library": "pupil-apriltags",
    "library_version": "1.0.4.post11",
    "family": "tag36h11",
    "nthreads": 4,
    "quad_decimate": 1.0,
    "quad_sigma": 0.0,
    "refine_edges": true,
    "decode_sharpening": 0.25
  },
  "detected_at": "2026-04-01T00:26:44.759198+00:00",
  "num_detections": 3,
  "detections": [
    {
      "tag_id": 6,
      "tag_family": "tag36h11",
      "hamming": 0,
      "decision_margin": 50.25807189941406,
      "center": [
        1576.4599016051986,
        611.6753991511157
      ],
      "corners": [
        [
          1570.7567138671873,
          637.2914428710939
        ],
        [
          1592.1749267578125,
          625.3505249023435
        ],
        [
          1582.3668212890627,
          585.1442871093749
        ],
        [
          1561.3822021484375,
          598.554870605469
        ]
      ],
      "homography": [
        [
          -19.549409338080977,
          2.3107415002978064,
          1576.4599016051986
        ],
        [
          -18.03352118798819,
          18.765590957936748,
          611.6753991511157
        ],
        [
          -0.01912254528359402,
          -0.0015747364262125659,
          1.0
        ]
      ]
    },
    {
      "tag_id": 7,
      "tag_family": "tag36h11",
      "hamming": 0,
      "decision_margin": 69.60563659667969,
      "center": [
        957.438429866309,
        694.4592251710038
      ],
      "corners": [
        [
          944.445739746094,
          707.4108886718751
        ],
        [
          969.9663696289062,
          707.2366333007811
        ],
        [
          970.3854980468749,
          681.5530395507812
        ],
        [
          945.0164794921876,
          681.7899169921877
        ]
      ],
      "homography": [
        [
          11.53059160297471,
          -3.1231566520527836,
          957.438429866309
        ],
        [
          -0.96724549304122,
          10.740248478726926,
          694.4592251710038
        ],
        [
          -0.0012446626817277722,
          -0.003003427706449048,
          1.0
        ]
      ]
    },
    {
      "tag_id": 8,
      "tag_family": "tag36h11",
      "hamming": 0,
      "decision_margin": 66.2606430053711,
      "center": [
        871.5146452326313,
        694.9639569854878
      ],
      "corners": [
        [
          858.3829345703124,
          707.6160278320312
        ],
        [
          883.1285400390625,
          707.5070190429689
        ],
        [
          884.5346679687501,
          682.4194946289062
        ],
        [
          860.2073974609375,
          682.7520751953125
        ]
      ],
      "homography": [
        [
          8.298378220292877,
          -8.499284843234589,
          871.5146452326313
        ],
        [
          -3.276111015197672,
          6.353897565321063,
          694.9639569854878
        ],
        [
          -0.004553791424604767,
          -0.008824557132503737,
          1.0
        ]
      ]
    }
  ]
}
