{
  "image_file": "696014e46d76_O_R_C_A__3136_Teaser__Deuce__frame_002596.png",
  "image_sha256": "696014e46d765cb4645406a79638006c6e7da25552916be7b47de21233e80b4e",
  "image_width": 1920,
  "image_height": 1080,
  "detector_config": {
    "library": "pupil-apriltags",
    "library_version": "1.0.4.post11",
    "family": "tag36h11",
    "nthreads": 4,
    "quad_decimate": 1.0,
    "quad_sigma": 0.0,
    "refine_edges": true,
    "decode_sharpening": 0.25
  },
  "detected_at": "2026-04-01T03:54:11.161325+00:00",
  "num_detections": 2,
  "detections": [
    {
      "tag_id": 25,
      "tag_family": "tag36h11",
      "hamming": 0,
      "decision_margin": 73.48074340820312,
      "center": [
        50.64606964844126,
        40.68868946250741
      ],
      "corners": [
        [
          35.521976470947266,
          73.94816589355469
        ],
        [
          80.12155151367186,
          69.11789703369139
        ],
        [
          65.13895416259766,
          8.817307472229015
        ],
        [
          20.448200225830078,
          11.56273651123047
        ]
      ],
      "homography": [
        [
          23.163280324817293,
          7.2821288302737015,
          50.64606964844126
        ],
        [
          -1.208768062204488,
          30.4746960074229,
          40.68868946250741
        ],
        [
          0.016709045320473993,
          -0.004603347520864167,
          1.0
        ]
      ]
    },
    {
      "tag_id": 26,
      "tag_family": "tag36h11",
      "hamming": 0,
      "decision_margin": 74.73023223876953,
      "center": [
        142.80651688754813,
        32.873784192235625
      ],
      "corners": [
        [
          129.93397521972656,
          63.492584228515625
        ],
        [
          167.3023986816406,
          59.47565841674805
        ],
        [
          155.36497497558594,
          3.002067565917971
        ],
        [
          117.41220855712888,
          5.296242713928225
        ]
      ],
      "homography": [
        [
          20.992978938438142,
          6.515697839830099,
          142.80651688754813
        ],
        [
          -1.080861591977662,
          28.75377823292014,
          32.873784192235625
        ],
        [
          0.015179251031552602,
          0.002828828995493447,
          1.0
        ]
      ]
    }
  ]
}
