{
  "image_file": "69c55e14dcaf_WPI_District_Event_Qual_Match_10_POV_frame_003776.png",
  "image_sha256": "69c55e14dcaf1b85de0fc60136353af2c94e00a55b2fb51314f1503067b9b615",
  "image_width": 1920,
  "image_height": 1080,
  "detector_config": {
    "library": "pupil-apriltags",
    "library_version": "1.0.4.post11",
    "family": "tag36h11",
    "nthreads": 4,
    "quad_decimate": 1.0,
    "quad_sigma": 0.0,
    "refine_edges": true,
    "decode_sharpening": 0.25
  },
  "detected_at": "2026-04-01T14:54:33.871229+00:00",
  "num_detections": 3,
  "detections": [
    {
      "tag_id": 15,
      "tag_family": "tag36h11",
      "hamming": 0,
      "decision_margin": 17.843521118164062,
      "center": [
        1070.5417699470424,
        466.67324878067564
      ],
      "corners": [
        [
          1063.2978515625002,
          473.01388549804693
        ],
        [
          1078.044677734375,
          473.31652832031244
        ],
        [
          1078.1649169921873,
          460.00067138671875
        ],
        [
          1063.1258544921875,
          460.1069946289063
        ]
      ],
      "homography": [
        [
          -9.330935437153359,
          10.54771599389255,
          1070.5417699470424
        ],
        [
          -7.261455647736172,
          11.144805122491844,
          466.67324878067564
        ],
        [
          -0.0156695076489743,
          0.009838462460936063,
          1.0
        ]
      ]
    },
    {
      "tag_id": 17,
      "tag_family": "tag36h11",
      "hamming": 0,
      "decision_margin": 59.234375,
      "center": [
        800.9040834861183,
        675.1871291124771
      ],
      "corners": [
        [
          789.9490356445312,
          690.0888671875
        ],
        [
          812.0568237304686,
          686.0743408203124
        ],
        [
          811.6397094726564,
          660.5838623046875
        ],
        [
          789.4381713867189,
          663.9942016601562
        ]
      ],
      "homography": [
        [
          20.671199619661024,
          1.7250638031728183,
          800.9040834861183
        ],
        [
          6.232791961298856,
          14.153622915274696,
          675.1871291124771
        ],
        [
          0.011980844165326096,
          0.00186489033245503,
          1.0
        ]
      ]
    },
    {
      "tag_id": 18,
      "tag_family": "tag36h11",
      "hamming": 0,
      "decision_margin": 54.508846282958984,
      "center": [
        650.6397392438574,
        680.1714286894093
      ],
      "corners": [
        [
          638.4308471679688,
          692.2606201171876
        ],
        [
          664.3600463867189,
          694.8126831054688
        ],
        [
          663.095458984375,
          667.8378295898436
        ],
        [
          637.1600341796874,
          665.7869262695312
        ]
      ],
      "homography": [
        [
          6.8317439824135135,
          1.0118596154835595,
          650.6397392438574
        ],
        [
          -5.26085795314839,
          13.75603513277622,
          680.1714286894093
        ],
        [
          -0.009426510646467176,
          0.0005808499585222071,
          1.0
        ]
      ]
    }
  ]
}
