{
  "image_file": "69ff10a703f7_WALL_E___FRC9501_-_2026_Robot_Reveal_frame_003360.png",
  "image_sha256": "69ff10a703f7ac4ad4de6904cba6679a237bff9b10023743b1fbe5ad08c7141e",
  "image_width": 1920,
  "image_height": 1080,
  "detector_config": {
    "library": "pupil-apriltags",
    "library_version": "1.0.4.post11",
    "family": "tag36h11",
    "nthreads": 4,
    "quad_decimate": 1.0,
    "quad_sigma": 0.0,
    "refine_edges": true,
    "decode_sharpening": 0.25
  },
  "detected_at": "2026-04-01T03:47:15.378663+00:00",
  "num_detections": 6,
  "detections": [
    {
      "tag_id": 5,
      "tag_family": "tag36h11",
      "hamming": 0,
      "decision_margin": 74.5378189086914,
      "center": [
        495.37161713284763,
        444.7425347263096
      ],
      "corners": [
        [
          483.72854614257807,
          461.9421081542968
        ],
        [
          506.8864135742188,
          460.50134277343744
        ],
        [
          507.44409179687506,
          426.9086303710938
        ],
        [
          483.9047241210937,
          429.04928588867193
        ]
      ],
      "homography": [
        [
          6.671355771147488,
          3.7868778928828997,
          495.37161713284763
        ],
        [
          -5.382380496266538,
          20.18131160714148,
          444.7425347263096
        ],
        [
          -0.010095419537670429,
          0.00801100230129079,
          1.0
        ]
      ]
    },
    {
      "tag_id": 8,
      "tag_family": "tag36h11",
      "hamming": 0,
      "decision_margin": 76.90518188476562,
      "center": [
        548.3627129257823,
        441.23045891516745
      ],
      "corners": [
        [
          535.3075561523438,
          459.20831298828125
        ],
        [
          560.5199584960938,
          457.5613708496094
        ],
        [
          561.6190795898439,
          422.9755249023437
        ],
        [
          536.2849731445314,
          425.00634765625
        ]
      ],
      "homography": [
        [
          9.639968418629905,
          0.6784239013933314,
          548.3627129257823
        ],
        [
          -3.3298461403931605,
          18.159672874852845,
          441.23045891516745
        ],
        [
          -0.005463918000039847,
          0.0021832975289651966,
          1.0
        ]
      ]
    },
    {
      "tag_id": 9,
      "tag_family": "tag36h11",
      "hamming": 0,
      "decision_margin": 72.49539184570312,
      "center": [
        620.1163076611649,
        442.5366636113741
      ],
      "corners": [
        [
          609.6143188476561,
          458.3377380371094
        ],
        [
          629.790771484375,
          460.65924072265614
        ],
        [
          630.2537231445315,
          427.2841186523437
        ],
        [
          610.3448486328126,
          424.232391357422
        ]
      ],
      "homography": [
        [
          17.043004679530895,
          -4.227178754707209,
          620.1163076611649
        ],
        [
          6.357649563871801,
          14.062670775932816,
          442.5366636113741
        ],
        [
          0.011325945968988005,
          -0.006338000378407888,
          1.0
        ]
      ]
    },
    {
      "tag_id": 10,
      "tag_family": "tag36h11",
      "hamming": 0,
      "decision_margin": 65.07929229736328,
      "center": [
        662.4604480519532,
        449.1659404863623
      ],
      "corners": [
        [
          653.1370849609377,
          464.1729431152344
        ],
        [
          671.2561645507811,
          465.7884521484375
        ],
        [
          671.5449218749998,
          434.54345703125
        ],
        [
          653.2484130859375,
          431.7566528320312
        ]
      ],
      "homography": [
        [
          21.056945394909008,
          3.2574402760085404,
          662.4604480519532
        ],
        [
          9.203922615504835,
          18.18708142668686,
          449.1659404863623
        ],
        [
          0.018048216444643887,
          0.0050706314581906164,
          1.0
        ]
      ]
    },
    {
      "tag_id": 19,
      "tag_family": "tag36h11",
      "hamming": 0,
      "decision_margin": 50.400630950927734,
      "center": [
        30.794544898965295,
        486.5741720833469
      ],
      "corners": [
        [
          22.410865783691406,
          495.4565734863282
        ],
        [
          38.29939270019532,
          495.59136962890614
        ],
        [
          38.860599517822266,
          478.0282897949219
        ],
        [
          23.253707885742184,
          477.51373291015636
        ]
      ],
      "homography": [
        [
          8.206432827119173,
          -0.6099730467674068,
          30.794544898965295
        ],
        [
          5.44345836213938,
          4.7591915628548245,
          486.5741720833469
        ],
        [
          0.010850394086270478,
          -0.008458398478432019,
          1.0
        ]
      ]
    },
    {
      "tag_id": 20,
      "tag_family": "tag36h11",
      "hamming": 0,
      "decision_margin": 50.401363372802734,
      "center": [
        64.50618990620926,
        487.98710204673944
      ],
      "corners": [
        [
          56.41763305664064,
          496.3877258300781
        ],
        [
          71.90557861328126,
          496.7912292480468
        ],
        [
          72.41173553466795,
          479.77655029296875
        ],
        [
          56.95150756835938,
          478.99819946289074
        ]
      ],
      "homography": [
        [
          8.44010902037909,
          -0.29400202218107446,
          64.50618990620926
        ],
        [
          5.621205287404336,
          8.341952755523721,
          487.98710204673944
        ],
        [
          0.010913562451982871,
          -0.0005288564872066711,
          1.0
        ]
      ]
    }
  ],
  "ingest_metadata": {
    "original_name": "WALL_E___FRC9501_-_2026_Robot_Reveal_frame_003360.png",
    "source": "unknown",
    "dhash": "6988d863868c9c0c",
    "ingested_at": "2026-04-01T03:47:15.375301+00:00"
  }
}
