{
  "image_file": "6a0f8bcba501_KRYPTON_FRC__9487_-_ROBOT_REVEAL_26_frame_002400.png",
  "image_sha256": "6a0f8bcba50128ba08e48e203312f32fee37a1e228f6a1b0dd4428c2762c686b",
  "image_width": 1920,
  "image_height": 1080,
  "detector_config": {
    "library": "pupil-apriltags",
    "library_version": "1.0.4.post11",
    "family": "tag36h11",
    "nthreads": 4,
    "quad_decimate": 1.0,
    "quad_sigma": 0.0,
    "refine_edges": true,
    "decode_sharpening": 0.25
  },
  "detected_at": "2026-04-01T04:10:24.672802+00:00",
  "num_detections": 2,
  "detections": [
    {
      "tag_id": 31,
      "tag_family": "tag36h11",
      "hamming": 0,
      "decision_margin": 64.6897201538086,
      "center": [
        1356.8625116385147,
        565.1577624628792
      ],
      "corners": [
        [
          1339.8420410156252,
          593.23291015625
        ],
        [
          1371.27587890625,
          597.5324707031249
        ],
        [
          1375.4661865234373,
          534.4711303710938
        ],
        [
          1342.9782714843748,
          533.9715576171875
        ]
      ],
      "homography": [
        [
          -26.876140817046693,
          15.648497630027801,
          1356.8625116385147
        ],
        [
          -16.61894067691242,
          37.82059718917583,
          565.1577624628792
        ],
        [
          -0.031570269680771736,
          0.012871617681433788,
          1.0
        ]
      ]
    },
    {
      "tag_id": 32,
      "tag_family": "tag36h11",
      "hamming": 0,
      "decision_margin": 77.03694152832031,
      "center": [
        1469.538891849646,
        575.5066574342598
      ],
      "corners": [
        [
          1444.4194335937502,
          610.3348999023438
        ],
        [
          1492.7110595703125,
          617.9367065429686
        ],
        [
          1498.72998046875,
          535.0330810546876
        ],
        [
          1446.8828125000002,
          534.0216064453126
        ]
      ],
      "homography": [
        [
          -38.4028108060054,
          44.76502247585403,
          1469.538891849646
        ],
        [
          -22.55672806494966,
          58.02796969877829,
          575.5066574342598
        ],
        [
          -0.043115391320897936,
          0.03185403170073368,
          1.0
        ]
      ]
    }
  ]
}
