{
  "image_file": "6ac655432a33_658848981_18386988748093310_1887770706999551877_n.png",
  "image_sha256": "6ac655432a33ecd731371beee99802aec97f634be056797a52ffcd81e66c5ad4",
  "image_width": 1440,
  "image_height": 1080,
  "detector_config": {
    "library": "pupil-apriltags",
    "library_version": "1.0.4.post11",
    "family": "tag36h11",
    "nthreads": 4,
    "quad_decimate": 1.0,
    "quad_sigma": 0.0,
    "refine_edges": true,
    "decode_sharpening": 0.25
  },
  "detected_at": "2026-04-09T01:44:04.488446+00:00",
  "num_detections": 5,
  "detections": [
    {
      "tag_id": 5,
      "tag_family": "tag36h11",
      "hamming": 0,
      "decision_margin": 66.0023422241211,
      "center": [
        1143.3612199278912,
        212.65177230723359
      ],
      "corners": [
        [
          1119.3961181640623,
          251.71311950683594
        ],
        [
          1165.35546875,
          248.37072753906253
        ],
        [
          1168.1070556640625,
          172.31788635253903
        ],
        [
          1121.70947265625,
          177.4890441894531
        ]
      ],
      "homography": [
        [
          9.436466865691955,
          3.4129327007035513,
          1143.3612199278912
        ],
        [
          -4.662927215831705,
          38.432852367325694,
          212.65177230723359
        ],
        [
          -0.011937580170447345,
          0.004090318540034731,
          1.0
        ]
      ]
    },
    {
      "tag_id": 8,
      "tag_family": "tag36h11",
      "hamming": 0,
      "decision_margin": 67.4978256225586,
      "center": [
        1249.8471379526825,
        201.80023893529454
      ],
      "corners": [
        [
          1222.8608398437498,
          243.32951354980466
        ],
        [
          1274.77734375,
          239.68354797363276
        ],
        [
          1277.6677246093752,
          158.98707580566403
        ],
        [
          1225.590576171875,
          164.94058227539065
        ]
      ],
      "homography": [
        [
          7.9214130267882865,
          -0.4500924598514748,
          1249.8471379526825
        ],
        [
          -5.316313198339122,
          39.917003843592084,
          201.80023893529454
        ],
        [
          -0.014458983071301031,
          0.0007633480523869715,
          1.0
        ]
      ]
    },
    {
      "tag_id": 19,
      "tag_family": "tag36h11",
      "hamming": 0,
      "decision_margin": 57.89158248901367,
      "center": [
        280.5043273257061,
        302.85892205955673
      ],
      "corners": [
        [
          263.3172912597656,
          319.85003662109375
        ],
        [
          297.07379150390625,
          320.9792785644532
        ],
        [
          297.442626953125,
          286.11370849609375
        ],
        [
          263.8035583496093,
          284.59497070312494
        ]
      ],
      "homography": [
        [
          18.424115827317223,
          -0.682215797138324,
          280.5043273257061
        ],
        [
          2.363690547725239,
          17.02344756057721,
          302.85892205955673
        ],
        [
          0.005617761540651037,
          -0.0016711466405503652,
          1.0
        ]
      ]
    },
    {
      "tag_id": 20,
      "tag_family": "tag36h11",
      "hamming": 0,
      "decision_margin": 56.8662109375,
      "center": [
        353.1580751479838,
        305.73609610780545
      ],
      "corners": [
        [
          336.6946105957031,
          322.3146667480469
        ],
        [
          369.2248229980469,
          323.5686645507812
        ],
        [
          369.64077758789057,
          289.1381530761718
        ],
        [
          336.90579223632807,
          287.6976013183594
        ]
      ],
      "homography": [
        [
          17.226616372899457,
          0.9597541472106194,
          353.1580751479838
        ],
        [
          1.4616574299614036,
          18.22843367665797,
          305.73609610780545
        ],
        [
          0.0025784091709903038,
          0.0031623280114017292,
          1.0
        ]
      ]
    },
    {
      "tag_id": 22,
      "tag_family": "tag36h11",
      "hamming": 0,
      "decision_margin": 42.40452575683594,
      "center": [
        896.2478804355891,
        376.13691692679805
      ],
      "corners": [
        [
          883.4457397460939,
          390.2760314941406
        ],
        [
          907.7155151367188,
          390.89874267578125
        ],
        [
          909.0292968749998,
          362.0206909179687
        ],
        [
          884.4697265624999,
          360.975372314453
        ]
      ],
      "homography": [
        [
          18.555379878871463,
          5.037593966381226,
          896.2478804355891
        ],
        [
          3.0802582640491756,
          16.90322531375415,
          376.13691692679805
        ],
        [
          0.007084072134370697,
          0.006274010813343001,
          1.0
        ]
      ]
    }
  ],
  "ingest_metadata": {
    "original_name": "658848981_18386988748093310_1887770706999551877_n.jpg",
    "source": "658848981_18386988748093310_1887770706999551877_n.jpg",
    "dhash": "2eb2f2e8c95c36e9",
    "ingested_at": "2026-04-09T01:44:04.488495+00:00"
  }
}
