{
  "image_file": "6b8eddda4c8b_FRC_1736_Robot_2025_frame_001920.png",
  "image_sha256": "6b8eddda4c8b9886065029a831c46452700fcbfa11194c46123b31a0796ac8bc",
  "image_width": 1920,
  "image_height": 1080,
  "detector_config": {
    "library": "pupil-apriltags",
    "library_version": "1.0.4.post11",
    "family": "tag36h11",
    "nthreads": 4,
    "quad_decimate": 1.0,
    "quad_sigma": 0.0,
    "refine_edges": true,
    "decode_sharpening": 0.25
  },
  "detected_at": "2026-04-01T01:37:59.619887+00:00",
  "num_detections": 3,
  "detections": [
    {
      "tag_id": 1,
      "tag_family": "tag36h11",
      "hamming": 0,
      "decision_margin": 79.07991790771484,
      "center": [
        1551.7963814330499,
        599.227470126932
      ],
      "corners": [
        [
          1536.6728515625005,
          615.6115112304688
        ],
        [
          1567.3690185546873,
          614.4130859375
        ],
        [
          1567.147338867187,
          582.5970458984374
        ],
        [
          1536.3438720703125,
          584.1589965820311
        ]
      ],
      "homography": [
        [
          6.579692085568695,
          2.9241734457918946,
          1551.7963814330499
        ],
        [
          -4.085819103238807,
          16.892459295116737,
          599.227470126932
        ],
        [
          -0.005667416078828597,
          0.0017954679170147092,
          1.0
        ]
      ]
    },
    {
      "tag_id": 9,
      "tag_family": "tag36h11",
      "hamming": 0,
      "decision_margin": 66.34362030029297,
      "center": [
        816.869471445902,
        920.4554993532342
      ],
      "corners": [
        [
          793.4053344726562,
          953.4935913085939
        ],
        [
          837.9161987304688,
          963.0238037109374
        ],
        [
          841.060546875,
          886.3938598632811
        ],
        [
          796.539306640625,
          879.3364868164062
        ]
      ],
      "homography": [
        [
          8.948590312053511,
          -2.412844362082068,
          816.869471445902
        ],
        [
          -10.84604148426684,
          36.736758678011256,
          920.4554993532342
        ],
        [
          -0.01628603066666746,
          -0.0010319079966271964,
          1.0
        ]
      ]
    },
    {
      "tag_id": 10,
      "tag_family": "tag36h11",
      "hamming": 0,
      "decision_margin": 72.8752670288086,
      "center": [
        1210.6312918008318,
        949.5804595773648
      ],
      "corners": [
        [
          1171.7459716796873,
          989.7563476562501
        ],
        [
          1246.7673339843748,
          991.0839233398439
        ],
        [
          1248.8079833984377,
          910.13671875
        ],
        [
          1174.1832275390627,
          907.7186279296875
        ]
      ],
      "homography": [
        [
          45.577893067215655,
          -4.082290042246536,
          1210.6312918008318
        ],
        [
          7.34468974376784,
          38.41921174539118,
          949.5804595773648
        ],
        [
          0.006747164036155913,
          -0.00244839818359043,
          1.0
        ]
      ]
    }
  ],
  "ingest_metadata": {
    "original_name": "FRC_1736_Robot_2025_frame_001920.png",
    "source": "unknown",
    "dhash": "ca4046c64f56f4a1",
    "ingested_at": "2026-04-01T01:37:59.615302+00:00"
  }
}
