{
  "image_file": "6baa471b2aed_WPI_2025_District_Event_Qual_Match_31_POV_frame_002618.png",
  "image_sha256": "6baa471b2aedde5c288fa8a7f76f2c57d638370d53d55d8c9d167473cda6ea3c",
  "image_width": 1920,
  "image_height": 1080,
  "detector_config": {
    "library": "pupil-apriltags",
    "library_version": "1.0.4.post11",
    "family": "tag36h11",
    "nthreads": 4,
    "quad_decimate": 1.0,
    "quad_sigma": 0.0,
    "refine_edges": true,
    "decode_sharpening": 0.25
  },
  "detected_at": "2026-04-01T14:59:12.275501+00:00",
  "num_detections": 4,
  "detections": [
    {
      "tag_id": 14,
      "tag_family": "tag36h11",
      "hamming": 0,
      "decision_margin": 31.067922592163086,
      "center": [
        849.5001910280973,
        510.1326574677435
      ],
      "corners": [
        [
          842.5482788085936,
          516.7724609375
        ],
        [
          857.3829345703126,
          516.3132324218751
        ],
        [
          856.4158325195312,
          503.52749633789057
        ],
        [
          841.3612670898438,
          503.75122070312494
        ]
      ],
      "homography": [
        [
          15.373788914085253,
          6.218183084067961,
          849.5001910280973
        ],
        [
          4.574024097713049,
          9.862203928919428,
          510.1326574677435
        ],
        [
          0.00930256575947962,
          0.006687055567434856,
          1.0
        ]
      ]
    },
    {
      "tag_id": 16,
      "tag_family": "tag36h11",
      "hamming": 0,
      "decision_margin": 50.914676666259766,
      "center": [
        1524.6736720870042,
        564.1744782071045
      ],
      "corners": [
        [
          1517.585205078125,
          572.5606689453126
        ],
        [
          1531.3612060546875,
          572.6790161132815
        ],
        [
          1531.986572265625,
          555.5227661132811
        ],
        [
          1518.0882568359375,
          555.7998046874998
        ]
      ],
      "homography": [
        [
          -10.828095728305016,
          5.73372362062264,
          1524.6736720870042
        ],
        [
          -6.6052879477683755,
          10.703778245776675,
          564.1744782071045
        ],
        [
          -0.011638952213446541,
          0.00394520495853212,
          1.0
        ]
      ]
    },
    {
      "tag_id": 18,
      "tag_family": "tag36h11",
      "hamming": 0,
      "decision_margin": 66.97823333740234,
      "center": [
        1169.545004392632,
        743.8228389514361
      ],
      "corners": [
        [
          1153.3221435546875,
          758.8238525390625
        ],
        [
          1184.4263916015625,
          757.4144897460935
        ],
        [
          1185.509765625,
          729.0604858398439
        ],
        [
          1154.5045166015623,
          730.085876464844
        ]
      ],
      "homography": [
        [
          23.325053180020177,
          -2.145834421262859,
          1169.545004392632
        ],
        [
          4.351332374824095,
          13.267642450809262,
          743.8228389514361
        ],
        [
          0.006667898862201409,
          -0.0013506992502347267,
          1.0
        ]
      ]
    },
    {
      "tag_id": 19,
      "tag_family": "tag36h11",
      "hamming": 0,
      "decision_margin": 67.10752868652344,
      "center": [
        1019.1309173685742,
        730.2242558411962
      ],
      "corners": [
        [
          1010.1236572265624,
          740.4633178710938
        ],
        [
          1027.76708984375,
          746.2708740234373
        ],
        [
          1028.651123046875,
          719.4020996093751
        ],
        [
          1010.8123779296876,
          714.7678222656251
        ]
      ],
      "homography": [
        [
          -14.788464422960715,
          4.170238297923786,
          1019.1309173685742
        ],
        [
          -14.336733582031686,
          16.402560771674644,
          730.2242558411962
        ],
        [
          -0.02320994338516286,
          0.0044757391179879626,
          1.0
        ]
      ]
    }
  ]
}
