{
  "image_file": "6c76a7ce972d_Poi_Pounder_XXVII_-_Team_359_2026_Robot_Reveal_frame_000708.png",
  "image_sha256": "6c76a7ce972d4626fc5ba4583659b56505ca9d382f869aaa8c1a875c4939341c",
  "image_width": 1920,
  "image_height": 1080,
  "detector_config": {
    "library": "pupil-apriltags",
    "library_version": "1.0.4.post11",
    "family": "tag36h11",
    "nthreads": 4,
    "quad_decimate": 1.0,
    "quad_sigma": 0.0,
    "refine_edges": true,
    "decode_sharpening": 0.25
  },
  "detected_at": "2026-04-01T03:35:15.497616+00:00",
  "num_detections": 3,
  "detections": [
    {
      "tag_id": 2,
      "tag_family": "tag36h11",
      "hamming": 0,
      "decision_margin": 50.44089126586914,
      "center": [
        1261.8021395763897,
        553.1462993585541
      ],
      "corners": [
        [
          1243.868041992188,
          579.8204345703125
        ],
        [
          1278.9150390624998,
          580.9086303710938
        ],
        [
          1279.409790039062,
          526.9577026367188
        ],
        [
          1244.2105712890625,
          524.6074218750001
        ]
      ],
      "homography": [
        [
          32.05575015482691,
          2.696858794714903,
          1261.8021395763897
        ],
        [
          7.213045292318721,
          28.561592364185003,
          553.1462993585541
        ],
        [
          0.011488803098315053,
          0.002303910979363087,
          1.0
        ]
      ]
    },
    {
      "tag_id": 10,
      "tag_family": "tag36h11",
      "hamming": 0,
      "decision_margin": 70.81426239013672,
      "center": [
        968.4729365108619,
        552.3802766344285
      ],
      "corners": [
        [
          950.3383789062501,
          579.796875
        ],
        [
          985.9381713867188,
          578.6280517578125
        ],
        [
          987.0954589843749,
          524.2259521484376
        ],
        [
          950.9942626953125,
          526.1123046875001
        ]
      ],
      "homography": [
        [
          11.68142514462852,
          6.162987794647394,
          968.4729365108619
        ],
        [
          -4.321662633271334,
          30.791970031470214,
          552.3802766344285
        ],
        [
          -0.0064454059977862065,
          0.006829992044278194,
          1.0
        ]
      ]
    },
    {
      "tag_id": 11,
      "tag_family": "tag36h11",
      "hamming": 0,
      "decision_margin": 48.54652404785156,
      "center": [
        1179.5671202374504,
        546.8118394780073
      ],
      "corners": [
        [
          1160.4027099609375,
          574.48779296875
        ],
        [
          1198.1306152343752,
          576.0343627929689
        ],
        [
          1198.3104248046875,
          519.7440185546875
        ],
        [
          1160.7130126953125,
          517.1318359374999
        ]
      ],
      "homography": [
        [
          29.962020237105435,
          -2.0929641148352367,
          1179.5671202374504
        ],
        [
          6.20114596347673,
          27.495282704634292,
          546.8118394780073
        ],
        [
          0.009437720383155187,
          -0.0016709869343774662,
          1.0
        ]
      ]
    }
  ],
  "ingest_metadata": {
    "original_name": "Poi_Pounder_XXVII_-_Team_359_2026_Robot_Reveal_frame_000708.png",
    "source": "unknown",
    "dhash": "1332a783e3343238",
    "ingested_at": "2026-04-01T03:35:15.485297+00:00"
  }
}
