{
  "image_file": "6e478b50db43_Team_4201__The_Vitruvian_Bots___Robot_Reveal__LOCHNESS___REE.png",
  "image_sha256": "6e478b50db43a9e99917f58b4e17798b8c5d4119c39e829e1ad9f2d2f148bb51",
  "image_width": 1280,
  "image_height": 720,
  "detector_config": {
    "library": "pupil-apriltags",
    "library_version": "1.0.4.post11",
    "family": "tag36h11",
    "nthreads": 4,
    "quad_decimate": 1.0,
    "quad_sigma": 0.0,
    "refine_edges": true,
    "decode_sharpening": 0.25
  },
  "detected_at": "2026-04-01T02:24:40.704468+00:00",
  "num_detections": 3,
  "detections": [
    {
      "tag_id": 7,
      "tag_family": "tag36h11",
      "hamming": 0,
      "decision_margin": 52.37727737426758,
      "center": [
        320.87378589155594,
        541.9877241586763
      ],
      "corners": [
        [
          309.6354064941407,
          579.0548095703125
        ],
        [
          332.6087341308594,
          588.4717407226561
        ],
        [
          332.5220336914062,
          503.5687866210938
        ],
        [
          309.7051696777344,
          497.7470397949221
        ]
      ],
      "homography": [
        [
          4.601913024401938,
          -1.091316871377159,
          320.87378589155594
        ],
        [
          -7.752090607877226,
          39.68507981782409,
          541.9877241586763
        ],
        [
          -0.021317724434532823,
          -0.0034090828989237505,
          1.0
        ]
      ]
    },
    {
      "tag_id": 8,
      "tag_family": "tag36h11",
      "hamming": 0,
      "decision_margin": 96.18511199951172,
      "center": [
        673.6438009547876,
        567.2029857792206
      ],
      "corners": [
        [
          626.5057373046876,
          612.5372314453125
        ],
        [
          719.8589477539062,
          615.1766967773438
        ],
        [
          721.1207885742185,
          521.5427856445312
        ],
        [
          627.7809448242188,
          519.594970703125
        ]
      ],
      "homography": [
        [
          44.17739982277715,
          -0.7164351507342362,
          673.6438009547876
        ],
        [
          -0.9541969163616443,
          46.5742403403799,
          567.2029857792206
        ],
        [
          -0.003704069182140103,
          -0.00012193330858294078,
          1.0
        ]
      ]
    },
    {
      "tag_id": 9,
      "tag_family": "tag36h11",
      "hamming": 0,
      "decision_margin": 64.68806457519531,
      "center": [
        1076.5513377424375,
        553.3429517284068
      ],
      "corners": [
        [
          1057.5668945312502,
          600.4727783203125
        ],
        [
          1094.3974609375,
          592.0205688476564
        ],
        [
          1095.1390380859373,
          507.19805908203125
        ],
        [
          1057.947265625,
          513.0226440429686
        ]
      ],
      "homography": [
        [
          35.37747331120727,
          5.225657605102474,
          1076.5513377424375
        ],
        [
          5.099506732634945,
          45.88864393341407,
          553.3429517284068
        ],
        [
          0.015676796423739463,
          0.005117301272496773,
          1.0
        ]
      ]
    }
  ],
  "ingest_metadata": {
    "original_name": "Team_4201__The_Vitruvian_Bots___Robot_Reveal__LOCHNESS___REE.png",
    "source": "unknown",
    "dhash": "5e2dade4ed131313",
    "ingested_at": "2026-04-01T02:24:40.695301+00:00"
  }
}
