{
  "image_file": "6e68596c8972_Elysium_1937____TEMPEST_for_the_2024_Season_-_Crescendo_fram.png",
  "image_sha256": "6e68596c8972ad5ddacc06bb0b3e246f82eccff76acf45c16eda7f94a53f4166",
  "image_width": 1920,
  "image_height": 1080,
  "detector_config": {
    "library": "pupil-apriltags",
    "library_version": "1.0.4.post11",
    "family": "tag36h11",
    "nthreads": 4,
    "quad_decimate": 1.0,
    "quad_sigma": 0.0,
    "refine_edges": true,
    "decode_sharpening": 0.25
  },
  "detected_at": "2026-04-01T00:50:25.208584+00:00",
  "num_detections": 2,
  "detections": [
    {
      "tag_id": 3,
      "tag_family": "tag36h11",
      "hamming": 0,
      "decision_margin": 61.52996063232422,
      "center": [
        1258.9906232307656,
        378.2867489491538
      ],
      "corners": [
        [
          1230.790771484375,
          408.239501953125
        ],
        [
          1289.3717041015627,
          407.11901855468756
        ],
        [
          1287.059814453125,
          348.47277832031256
        ],
        [
          1228.5400390624998,
          349.3885192871094
        ]
      ],
      "homography": [
        [
          31.456042675057915,
          0.3982115017863673,
          1258.9906232307656
        ],
        [
          0.14631535027558226,
          29.15110861579751,
          378.2867489491538
        ],
        [
          0.0017323094678198324,
          -0.0005897581760853107,
          1.0
        ]
      ]
    },
    {
      "tag_id": 4,
      "tag_family": "tag36h11",
      "hamming": 0,
      "decision_margin": 59.11195755004883,
      "center": [
        1065.1170654406687,
        382.0648525417761
      ],
      "corners": [
        [
          1036.5267333984377,
          411.8295288085938
        ],
        [
          1095.2121582031248,
          411.17968749999994
        ],
        [
          1093.6295166015627,
          352.3812561035157
        ],
        [
          1034.8759765625002,
          352.8087768554688
        ]
      ],
      "homography": [
        [
          31.37460563665718,
          1.3705839106921796,
          1065.1170654406687
        ],
        [
          0.45338868993729514,
          29.656382235437377,
          382.0648525417761
        ],
        [
          0.0018917913937189746,
          0.0005279194952114962,
          1.0
        ]
      ]
    }
  ]
}
