{
  "image_file": "6efa25e5443c_Q66_-_WPI_-_190_POV_frame_004602.png",
  "image_sha256": "6efa25e5443cb654993bcccda09e7b590c3525df7d3957c95fdeb7d85703e392",
  "image_width": 1920,
  "image_height": 1080,
  "detector_config": {
    "library": "pupil-apriltags",
    "library_version": "1.0.4.post11",
    "family": "tag36h11",
    "nthreads": 4,
    "quad_decimate": 1.0,
    "quad_sigma": 0.0,
    "refine_edges": true,
    "decode_sharpening": 0.25
  },
  "detected_at": "2026-04-01T15:05:39.382203+00:00",
  "num_detections": 2,
  "detections": [
    {
      "tag_id": 21,
      "tag_family": "tag36h11",
      "hamming": 0,
      "decision_margin": 68.73928833007812,
      "center": [
        1473.0408721579495,
        622.2136101094214
      ],
      "corners": [
        [
          1461.4855957031252,
          636.1201171875001
        ],
        [
          1482.6141357421875,
          634.9171752929686
        ],
        [
          1484.229858398437,
          608.7479248046875
        ],
        [
          1463.2290039062498,
          609.1934204101565
        ]
      ],
      "homography": [
        [
          31.45716968439592,
          -3.6349379823895975,
          1473.0408721579495
        ],
        [
          8.428284909870511,
          12.090249124991944,
          622.2136101094214
        ],
        [
          0.014206686605452835,
          -0.0018980435958992953,
          1.0
        ]
      ]
    },
    {
      "tag_id": 22,
      "tag_family": "tag36h11",
      "hamming": 0,
      "decision_margin": 59.478031158447266,
      "center": [
        1331.1169015054293,
        614.416206934658
      ],
      "corners": [
        [
          1318.69580078125,
          625.0709228515625
        ],
        [
          1342.4482421875,
          628.7633056640624
        ],
        [
          1344.0440673828125,
          603.3273925781251
        ],
        [
          1320.1126708984375,
          600.4832763671877
        ]
      ],
      "homography": [
        [
          -11.117568802902042,
          2.788416381457863,
          1331.1169015054293
        ],
        [
          -8.997617525160992,
          14.136319054381145,
          614.416206934658
        ],
        [
          -0.017304869891032647,
          0.002659617667767413,
          1.0
        ]
      ]
    }
  ]
}
