{
  "image_file": "6f3347186ef2_IMG_2659_JPEG_rf_fabb40cf012543e3be464a7b4a7b8b82.png",
  "image_sha256": "6f3347186ef24d841bf311c61d59f654ca31c8ac59af6fdc6f80d14252a69390",
  "image_width": 640,
  "image_height": 640,
  "detector_config": {
    "library": "pupil-apriltags",
    "library_version": "1.0.4.post11",
    "family": "tag36h11",
    "nthreads": 4,
    "quad_decimate": 1.0,
    "quad_sigma": 0.0,
    "refine_edges": true,
    "decode_sharpening": 0.25
  },
  "detected_at": "2026-03-24T14:17:56.210155+00:00",
  "num_detections": 2,
  "detections": [
    {
      "tag_id": 1,
      "tag_family": "tag36h11",
      "hamming": 0,
      "decision_margin": 87.55242919921875,
      "center": [
        362.3529239808215,
        460.337146271358
      ],
      "corners": [
        [
          382.1159362792969,
          448.0983276367188
        ],
        [
          341.18045043945307,
          442.743133544922
        ],
        [
          343.0767517089844,
          472.27447509765625
        ],
        [
          383.6167602539063,
          478.00708007812494
        ]
      ],
      "homography": [
        [
          -17.71787522074675,
          -2.7200580626060287,
          362.3529239808215
        ],
        [
          0.5930180091403372,
          -17.233832347070006,
          460.337146271358
        ],
        [
          0.007311742875661912,
          -0.005158805164636627,
          1.0
        ]
      ]
    },
    {
      "tag_id": 4,
      "tag_family": "tag36h11",
      "hamming": 0,
      "decision_margin": 89.1620101928711,
      "center": [
        340.828082535049,
        107.11152267767227
      ],
      "corners": [
        [
          363.3141479492187,
          83.69644165039064
        ],
        [
          316.3481750488281,
          89.25975799560547
        ],
        [
          319.2557067871094,
          129.57516479492185
        ],
        [
          365.8226623535156,
          125.33860778808595
        ]
      ],
      "homography": [
        [
          -18.07030785868585,
          -3.1186983585366193,
          340.828082535049
        ],
        [
          4.113786928456619,
          -21.037001759357395,
          107.11152267767227
        ],
        [
          0.015570456104317572,
          -0.005167673573675491,
          1.0
        ]
      ]
    }
  ]
}
