{
  "image_file": "6f44148c1f37_FRC_Team_2530_Robot_Reveal_2026_-_Dread_Pirate_Lobberts_fram.png",
  "image_sha256": "6f44148c1f377f1ed84df6d5d3695f05a372b15dc1552fb6fb319ee1ff12f513",
  "image_width": 1920,
  "image_height": 1080,
  "detector_config": {
    "library": "pupil-apriltags",
    "library_version": "1.0.4.post11",
    "family": "tag36h11",
    "nthreads": 4,
    "quad_decimate": 1.0,
    "quad_sigma": 0.0,
    "refine_edges": true,
    "decode_sharpening": 0.25
  },
  "detected_at": "2026-04-01T04:52:54.833858+00:00",
  "num_detections": 4,
  "detections": [
    {
      "tag_id": 24,
      "tag_family": "tag36h11",
      "hamming": 0,
      "decision_margin": 74.92061614990234,
      "center": [
        118.28959421579158,
        456.28118885005944
      ],
      "corners": [
        [
          84.96626281738281,
          501.45562744140625
        ],
        [
          152.3799285888672,
          500.0072937011718
        ],
        [
          152.021240234375,
          410.55322265624994
        ],
        [
          84.59861755371094,
          413.06732177734375
        ]
      ],
      "homography": [
        [
          32.99924213160331,
          0.19329167442125034,
          118.28959421579158
        ],
        [
          -3.7238970181036333,
          44.504030992528214,
          456.28118885005944
        ],
        [
          -0.005990553640991904,
          9.869783448747029e-05,
          1.0
        ]
      ]
    },
    {
      "tag_id": 25,
      "tag_family": "tag36h11",
      "hamming": 0,
      "decision_margin": 79.62053680419922,
      "center": [
        306.914825858413,
        456.43581000092195
      ],
      "corners": [
        [
          279.66473388671875,
          499.9648132324219
        ],
        [
          334.9447937011719,
          499.7259216308593
        ],
        [
          333.7150268554688,
          413.625457763672
        ],
        [
          278.0548400878906,
          411.8638000488282
        ]
      ],
      "homography": [
        [
          31.24733645770391,
          1.669437682574941,
          306.914825858413
        ],
        [
          5.606770375825187,
          44.97428539411396,
          456.43581000092195
        ],
        [
          0.011456724004573541,
          0.0031331618196552232,
          1.0
        ]
      ]
    },
    {
      "tag_id": 26,
      "tag_family": "tag36h11",
      "hamming": 0,
      "decision_margin": 83.32539367675781,
      "center": [
        423.42346688359606,
        459.0454431297718
      ],
      "corners": [
        [
          398.8408813476562,
          500.2134704589844
        ],
        [
          448.8872375488282,
          500.13720703125
        ],
        [
          447.49349975585943,
          418.73577880859375
        ],
        [
          397.2245788574218,
          416.7673950195312
        ]
      ],
      "homography": [
        [
          30.317710541336737,
          1.5333582186096388,
          423.42346688359606
        ],
        [
          6.155000622703023,
          42.05330650466482,
          459.0454431297718
        ],
        [
          0.012382063429788575,
          0.0018471183344167508,
          1.0
        ]
      ]
    },
    {
      "tag_id": 28,
      "tag_family": "tag36h11",
      "hamming": 0,
      "decision_margin": 59.00645065307617,
      "center": [
        969.4577348246357,
        548.7595509369013
      ],
      "corners": [
        [
          956.6192016601562,
          575.6148681640625
        ],
        [
          979.6096801757814,
          573.8530883789062
        ],
        [
          982.3082885742186,
          521.8790893554688
        ],
        [
          959.0706176757812,
          523.0847167968751
        ]
      ],
      "homography": [
        [
          16.879680142434268,
          4.488773729489369,
          969.4577348246357
        ],
        [
          2.2697399940154774,
          29.394402236543442,
          548.7595509369013
        ],
        [
          0.0054910257371853545,
          0.005958951481052633,
          1.0
        ]
      ]
    }
  ],
  "ingest_metadata": {
    "original_name": "FRC_Team_2530_Robot_Reveal_2026_-_Dread_Pirate_Lobberts_fram.png",
    "source": "unknown",
    "dhash": "2422a28233329e98",
    "ingested_at": "2026-04-01T04:52:54.825302+00:00"
  }
}
