{
  "image_file": "6fbe64a4f4be_Byting_Bulldogs_2026_Reveal_Video_-_Frozone_-_FRC_3539_frame.png",
  "image_sha256": "6fbe64a4f4bee7815467035e6ec6fb5f917497717ce9214b7834e903ce0a36b4",
  "image_width": 1920,
  "image_height": 1080,
  "detector_config": {
    "library": "pupil-apriltags",
    "library_version": "1.0.4.post11",
    "family": "tag36h11",
    "nthreads": 4,
    "quad_decimate": 1.0,
    "quad_sigma": 0.0,
    "refine_edges": true,
    "decode_sharpening": 0.25
  },
  "detected_at": "2026-04-01T04:26:27.492209+00:00",
  "num_detections": 2,
  "detections": [
    {
      "tag_id": 19,
      "tag_family": "tag36h11",
      "hamming": 0,
      "decision_margin": 89.27207946777344,
      "center": [
        377.7236032997963,
        269.9691851227233
      ],
      "corners": [
        [
          362.44241333007807,
          288.18402099609375
        ],
        [
          402.4783935546875,
          285.5985717773438
        ],
        [
          393.2733764648438,
          251.4342041015625
        ],
        [
          351.84875488281244,
          253.63262939453114
        ]
      ],
      "homography": [
        [
          22.89121587261718,
          10.767434287110522,
          377.7236032997963
        ],
        [
          0.6111097288903666,
          21.336453784039804,
          269.9691851227233
        ],
        [
          0.006705551311945422,
          0.015417027309474786,
          1.0
        ]
      ]
    },
    {
      "tag_id": 22,
      "tag_family": "tag36h11",
      "hamming": 0,
      "decision_margin": 57.301727294921875,
      "center": [
        1225.258158268829,
        201.52665805525672
      ],
      "corners": [
        [
          1207.416015625,
          217.4957275390625
        ],
        [
          1239.1336669921875,
          215.2370300292969
        ],
        [
          1243.4149169921875,
          185.2760009765625
        ],
        [
          1211.3375244140627,
          187.77169799804688
        ]
      ],
      "homography": [
        [
          11.588482086326621,
          4.298675174152324,
          1225.258158268829
        ],
        [
          -1.9050505508084277,
          15.964845083629996,
          201.52665805525672
        ],
        [
          -0.0035580854135446134,
          0.005181516840441022,
          1.0
        ]
      ]
    }
  ]
}
