{
  "image_file": "6ff1b2003775_Half_Hollow_Hills_Invitational_Qualification_Match_20_2025_f.png",
  "image_sha256": "6ff1b20037758a97d4d8c8821887aa3a2c6c4146e29f4f00f4225827be36ef18",
  "image_width": 1920,
  "image_height": 1080,
  "detector_config": {
    "library": "pupil-apriltags",
    "library_version": "1.0.4.post11",
    "family": "tag36h11",
    "nthreads": 4,
    "quad_decimate": 1.0,
    "quad_sigma": 0.0,
    "refine_edges": true,
    "decode_sharpening": 0.25
  },
  "detected_at": "2026-04-01T16:04:11.458959+00:00",
  "num_detections": 4,
  "detections": [
    {
      "tag_id": 3,
      "tag_family": "tag36h11",
      "hamming": 0,
      "decision_margin": 86.86176300048828,
      "center": [
        1182.195404001044,
        647.8180998019199
      ],
      "corners": [
        [
          1169.47265625,
          661.5013427734375
        ],
        [
          1195.5716552734375,
          661.8628540039064
        ],
        [
          1194.821533203125,
          634.23876953125
        ],
        [
          1168.9406738281248,
          633.9009399414061
        ]
      ],
      "homography": [
        [
          12.55046714314176,
          -4.629785818396384,
          1182.195404001044
        ],
        [
          -0.06866013225021697,
          11.09323643035134,
          647.8180998019199
        ],
        [
          -0.0003757980775787582,
          -0.004187349537693692,
          1.0
        ]
      ]
    },
    {
      "tag_id": 4,
      "tag_family": "tag36h11",
      "hamming": 0,
      "decision_margin": 68.34662628173828,
      "center": [
        649.8626276197573,
        574.9812825091389
      ],
      "corners": [
        [
          634.7581787109374,
          588.6820068359375
        ],
        [
          657.5228881835938,
          586.7093505859374
        ],
        [
          665.3557128906251,
          560.9280395507814
        ],
        [
          641.9263916015624,
          562.8306884765626
        ]
      ],
      "homography": [
        [
          13.168483539030717,
          6.126452598457378,
          649.8626276197573
        ],
        [
          0.4659078291617762,
          21.643810944166148,
          574.9812825091389
        ],
        [
          0.0024965749340991193,
          0.015198133163123764,
          1.0
        ]
      ]
    },
    {
      "tag_id": 21,
      "tag_family": "tag36h11",
      "hamming": 0,
      "decision_margin": 69.47396087646484,
      "center": [
        137.737123333932,
        801.5775674749692
      ],
      "corners": [
        [
          128.88560485839844,
          813.6072998046875
        ],
        [
          149.6692352294922,
          810.5124511718751
        ],
        [
          146.6917877197266,
          789.4076538085938
        ],
        [
          125.81465148925784,
          792.64990234375
        ]
      ],
      "homography": [
        [
          9.98827527149004,
          1.8833526911122376,
          137.737123333932
        ],
        [
          -4.067687681438317,
          12.675029243963309,
          801.5775674749692
        ],
        [
          -0.00309840964631605,
          0.0026942923080724044,
          1.0
        ]
      ]
    },
    {
      "tag_id": 22,
      "tag_family": "tag36h11",
      "hamming": 1,
      "decision_margin": 37.503746032714844,
      "center": [
        38.350603056643465,
        806.0192495556535
      ],
      "corners": [
        [
          33.76975631713867,
          815.5337524414062
        ],
        [
          45.9699592590332,
          817.4920043945309
        ],
        [
          43.28668975830078,
          795.7669067382812
        ],
        [
          30.480384826660153,
          794.1687622070316
        ]
      ],
      "homography": [
        [
          5.842091326902576,
          2.5217732051681176,
          38.350603056643465
        ],
        [
          -7.621785297575688,
          32.334264872552694,
          806.0192495556535
        ],
        [
          -0.01056580273053759,
          0.02676134307212827,
          1.0
        ]
      ]
    }
  ]
}
