{
  "image_file": "7188c45f193a_2024_Season_FRC_Robot_Reveal_-_180_S_P_A_M__frame_003009.png",
  "image_sha256": "7188c45f193a1e79ca510757f51d3f87a54f8db2a57b3ae55cf9b4f8b5fab326",
  "image_width": 1920,
  "image_height": 1080,
  "detector_config": {
    "library": "pupil-apriltags",
    "library_version": "1.0.4.post11",
    "family": "tag36h11",
    "nthreads": 4,
    "quad_decimate": 1.0,
    "quad_sigma": 0.0,
    "refine_edges": true,
    "decode_sharpening": 0.25
  },
  "detected_at": "2026-04-01T00:25:40.403584+00:00",
  "num_detections": 2,
  "detections": [
    {
      "tag_id": 1,
      "tag_family": "tag36h11",
      "hamming": 0,
      "decision_margin": 32.43733215332031,
      "center": [
        1513.5217461424286,
        210.39182830913862
      ],
      "corners": [
        [
          1495.328247070313,
          241.4057159423828
        ],
        [
          1531.5330810546875,
          241.3289489746094
        ],
        [
          1532.1232910156248,
          178.68235778808594
        ],
        [
          1495.5899658203123,
          179.59135437011713
        ]
      ],
      "homography": [
        [
          8.116143022253027,
          6.505377574828345,
          1513.5217461424286
        ],
        [
          -1.6440136847949742,
          32.04698961906769,
          210.39182830913862
        ],
        [
          -0.006651520866492454,
          0.004438173758871884,
          1.0
        ]
      ]
    },
    {
      "tag_id": 2,
      "tag_family": "tag36h11",
      "hamming": 0,
      "decision_margin": 31.542451858520508,
      "center": [
        1247.4979661849052,
        211.51606246315728
      ],
      "corners": [
        [
          1230.2308349609375,
          240.1072998046875
        ],
        [
          1264.951416015625,
          240.14424133300784
        ],
        [
          1265.2489013671875,
          182.1237335205078
        ],
        [
          1229.843994140625,
          182.55897521972656
        ]
      ],
      "homography": [
        [
          12.474451340417998,
          12.203990940301084,
          1247.4979661849052
        ],
        [
          -0.9543580710936264,
          30.954163003869837,
          211.51606246315728
        ],
        [
          -0.004052081444682105,
          0.009763757291298223,
          1.0
        ]
      ]
    }
  ]
}
