{
  "image_file": "71e1ecddc98f_FRC_TEAM_5484_s_Robot_Reveal_-_RAIJU_2024_frame_001947.png",
  "image_sha256": "71e1ecddc98fad2d9caa338623c1ffbd981d7c86a1a874eec940161ce81fa836",
  "image_width": 1920,
  "image_height": 1080,
  "detector_config": {
    "library": "pupil-apriltags",
    "library_version": "1.0.4.post11",
    "family": "tag36h11",
    "nthreads": 4,
    "quad_decimate": 1.0,
    "quad_sigma": 0.0,
    "refine_edges": true,
    "decode_sharpening": 0.25
  },
  "detected_at": "2026-04-01T00:38:38.873912+00:00",
  "num_detections": 2,
  "detections": [
    {
      "tag_id": 7,
      "tag_family": "tag36h11",
      "hamming": 0,
      "decision_margin": 54.71723175048828,
      "center": [
        1411.5019023672294,
        382.3374177491453
      ],
      "corners": [
        [
          1388.8736572265625,
          409.21594238281256
        ],
        [
          1433.5401611328125,
          406.8678894042969
        ],
        [
          1434.2740478515627,
          355.2879638671875
        ],
        [
          1389.9163818359375,
          358.3108825683593
        ]
      ],
      "homography": [
        [
          12.693361286872005,
          -5.53273237816529,
          1411.5019023672294
        ],
        [
          -3.933835760583921,
          24.241733104024377,
          382.3374177491453
        ],
        [
          -0.006773914009271308,
          -0.003604330186635881,
          1.0
        ]
      ]
    },
    {
      "tag_id": 8,
      "tag_family": "tag36h11",
      "hamming": 0,
      "decision_margin": 64.35540771484375,
      "center": [
        1575.3597035847824,
        350.5674208478063
      ],
      "corners": [
        [
          1550.6802978515625,
          380.23815917968756
        ],
        [
          1600.78759765625,
          375.5049133300781
        ],
        [
          1600.0382080078123,
          320.8977661132812
        ],
        [
          1550.563110351562,
          326.2490539550781
        ]
      ],
      "homography": [
        [
          15.007192247766172,
          -9.700529999451645,
          1575.3597035847824
        ],
        [
          -4.723121215984864,
          24.940673699402396,
          350.5674208478063
        ],
        [
          -0.006275660913415323,
          -0.006293921617467065,
          1.0
        ]
      ]
    }
  ]
}
