{
  "image_file": "7248c2e85a82_PC000001_MOV-0269_jpg_rf_cf5d6eef9dc4fe8dbfac5807e64505ec.png",
  "image_sha256": "7248c2e85a829a24c9fa49378466b6a3aa771eca07596695bf2a7ffa76ec5e4b",
  "image_width": 640,
  "image_height": 360,
  "detector_config": {
    "library": "pupil-apriltags",
    "library_version": "1.0.4.post11",
    "family": "tag36h11",
    "nthreads": 4,
    "quad_decimate": 1.0,
    "quad_sigma": 0.0,
    "refine_edges": true,
    "decode_sharpening": 0.25
  },
  "detected_at": "2026-03-24T14:12:43.070236+00:00",
  "num_detections": 3,
  "detections": [
    {
      "tag_id": 1,
      "tag_family": "tag36h11",
      "hamming": 0,
      "decision_margin": 49.60795593261719,
      "center": [
        36.89879173309376,
        228.23208985848885
      ],
      "corners": [
        [
          27.945209503173828,
          240.6667022705078
        ],
        [
          49.63592529296874,
          235.01051330566406
        ],
        [
          45.594741821289055,
          216.1552734375
        ],
        [
          23.856800079345703,
          221.2914276123047
        ]
      ],
      "homography": [
        [
          11.342809128386499,
          1.9813076377473222,
          36.89879173309376
        ],
        [
          0.3180150655824139,
          9.239589464457282,
          228.23208985848885
        ],
        [
          0.013211441061773115,
          -0.001385667636693458,
          1.0
        ]
      ]
    },
    {
      "tag_id": 3,
      "tag_family": "tag36h11",
      "hamming": 0,
      "decision_margin": 39.835750579833984,
      "center": [
        391.59711059624306,
        117.51896062711018
      ],
      "corners": [
        [
          384.8360595703125,
          128.51109313964844
        ],
        [
          400.7229614257813,
          124.0507583618164
        ],
        [
          398.36743164062494,
          106.51175689697266
        ],
        [
          382.00567626953125,
          110.65392303466797
        ]
      ],
      "homography": [
        [
          12.79552575134909,
          6.298116679423346,
          391.59711059624306
        ],
        [
          -0.7313357439684166,
          10.348836636103186,
          117.51896062711018
        ],
        [
          0.0120947223454971,
          0.012779798360200947,
          1.0
        ]
      ]
    },
    {
      "tag_id": 4,
      "tag_family": "tag36h11",
      "hamming": 0,
      "decision_margin": 44.49583435058594,
      "center": [
        425.0372178322242,
        109.02776853430773
      ],
      "corners": [
        [
          418.74694824218756,
          119.3172607421875
        ],
        [
          433.8759765625,
          116.13929748535156
        ],
        [
          431.5830383300781,
          98.32025146484375
        ],
        [
          416.1828002929688,
          101.90364074707031
        ]
      ],
      "homography": [
        [
          3.588137880730698,
          5.634609622071537,
          425.0372178322242
        ],
        [
          -2.7253194603386404,
          9.939633973830084,
          109.02776853430773
        ],
        [
          -0.009511880719257014,
          0.010396900386786648,
          1.0
        ]
      ]
    }
  ]
}
