{
  "image_file": "72b68ce5bb68_PC000001_MOV-0240_jpg_rf_1efeca3cd5191fcee1ed9369f60bbfc9.png",
  "image_sha256": "72b68ce5bb68497a6d804c43b151e769100f71dc531fafaebb4009394366c485",
  "image_width": 640,
  "image_height": 360,
  "detector_config": {
    "library": "pupil-apriltags",
    "library_version": "1.0.4.post11",
    "family": "tag36h11",
    "nthreads": 4,
    "quad_decimate": 1.0,
    "quad_sigma": 0.0,
    "refine_edges": true,
    "decode_sharpening": 0.25
  },
  "detected_at": "2026-03-24T14:12:41.336607+00:00",
  "num_detections": 4,
  "detections": [
    {
      "tag_id": 3,
      "tag_family": "tag36h11",
      "hamming": 0,
      "decision_margin": 70.60478210449219,
      "center": [
        164.06855849007744,
        170.92102313459264
      ],
      "corners": [
        [
          156.7217712402344,
          186.86363220214844
        ],
        [
          169.82090759277344,
          186.9020538330078
        ],
        [
          171.80114746093744,
          154.1412200927734
        ],
        [
          158.47579956054682,
          155.38336181640625
        ]
      ],
      "homography": [
        [
          3.3503019103379756,
          0.013198362284839915,
          164.06855849007744
        ],
        [
          -3.6857802314233674,
          17.037683816068125,
          170.92102313459264
        ],
        [
          -0.019825798991103073,
          0.0057589278152546585,
          1.0
        ]
      ]
    },
    {
      "tag_id": 4,
      "tag_family": "tag36h11",
      "hamming": 0,
      "decision_margin": 68.67422485351562,
      "center": [
        195.35162105150982,
        169.29197154720498
      ],
      "corners": [
        [
          186.61390686035153,
          186.84475708007812
        ],
        [
          202.56460571289065,
          187.44873046874997
        ],
        [
          204.61611938476565,
          150.6809539794922
        ],
        [
          188.5684356689453,
          152.21711730957034
        ]
      ],
      "homography": [
        [
          2.134771400825059,
          -1.142211411032889,
          195.35162105150982
        ],
        [
          -5.309877133849911,
          17.710394961042738,
          169.29197154720498
        ],
        [
          -0.0299852690695825,
          -0.0007230802478954666,
          1.0
        ]
      ]
    },
    {
      "tag_id": 5,
      "tag_family": "tag36h11",
      "hamming": 0,
      "decision_margin": 79.63941192626953,
      "center": [
        383.48959323435986,
        179.42314324871748
      ],
      "corners": [
        [
          369.3363647460938,
          197.0176696777344
        ],
        [
          395.3085632324219,
          198.78289794921872
        ],
        [
          397.2071838378906,
          162.37017822265625
        ],
        [
          371.20339965820307,
          159.2980651855469
        ]
      ],
      "homography": [
        [
          19.703652577857838,
          -0.22252833652464446,
          383.48959323435986
        ],
        [
          4.348843634615233,
          18.863863839175252,
          179.42314324871748
        ],
        [
          0.01750666345804455,
          0.0018760541350630476,
          1.0
        ]
      ]
    },
    {
      "tag_id": 8,
      "tag_family": "tag36h11",
      "hamming": 0,
      "decision_margin": 73.9574966430664,
      "center": [
        436.01335373990173,
        183.99267897392141
      ],
      "corners": [
        [
          424.1187438964844,
          200.55453491210938
        ],
        [
          446.0210266113281,
          201.80531311035153
        ],
        [
          447.22314453125,
          168.38435363769528
        ],
        [
          425.82098388671875,
          165.85130310058594
        ]
      ],
      "homography": [
        [
          19.27569686655329,
          -5.1898773031531364,
          436.01335373990173
        ],
        [
          4.520220252154756,
          15.137599696111266,
          183.99267897392141
        ],
        [
          0.019391797721259204,
          -0.010248402121823649,
          1.0
        ]
      ]
    }
  ]
}
