{
  "image_file": "730ad9cdda56_PC000001_MOV-0379_jpg_rf_27511613befd816d8d10b1ac63519b7b.png",
  "image_sha256": "730ad9cdda566301524f8ce0e3c767f5a55815a82adef12dfafd1e3cc0542da2",
  "image_width": 640,
  "image_height": 360,
  "detector_config": {
    "library": "pupil-apriltags",
    "library_version": "1.0.4.post11",
    "family": "tag36h11",
    "nthreads": 4,
    "quad_decimate": 1.0,
    "quad_sigma": 0.0,
    "refine_edges": true,
    "decode_sharpening": 0.25
  },
  "detected_at": "2026-03-24T14:12:48.048426+00:00",
  "num_detections": 2,
  "detections": [
    {
      "tag_id": 20,
      "tag_family": "tag36h11",
      "hamming": 0,
      "decision_margin": 83.36893463134766,
      "center": [
        268.0696368908069,
        138.37688755465408
      ],
      "corners": [
        [
          255.96788024902335,
          168.59776306152344
        ],
        [
          284.7729187011719,
          163.33522033691406
        ],
        [
          281.1134033203126,
          105.80359649658202
        ],
        [
          252.48446655273438,
          115.08925628662105
        ]
      ],
      "homography": [
        [
          4.6772659480709535,
          2.1646615324493728,
          268.0696368908069
        ],
        [
          -8.617357733541699,
          27.919582169432715,
          138.37688755465408
        ],
        [
          -0.03604558045106255,
          0.0014167457471814993,
          1.0
        ]
      ]
    },
    {
      "tag_id": 21,
      "tag_family": "tag36h11",
      "hamming": 0,
      "decision_margin": 80.21533966064453,
      "center": [
        576.742916426074,
        84.71268974364276
      ],
      "corners": [
        [
          563.020263671875,
          118.055908203125
        ],
        [
          593.2842407226562,
          113.0546188354492
        ],
        [
          589.4298706054686,
          53.886005401611314
        ],
        [
          559.3873291015624,
          54.975601196289055
        ]
      ],
      "homography": [
        [
          33.29775886239929,
          -2.504710760604435,
          576.742916426074
        ],
        [
          1.1721237040726713,
          29.8855748148533,
          84.71268974364276
        ],
        [
          0.03161924124030405,
          -0.0075974944501767845,
          1.0
        ]
      ]
    }
  ]
}
