{
  "image_file": "73583915f3dc_2026_FIRST_Robotics_Competition_REBUILT_Presented_by_Haas_Ga_frame_001180.png",
  "image_sha256": "73583915f3dc722ff584a56226dd351a4ae0b1b092a81bdb274f378f37c191dd",
  "image_width": 1920,
  "image_height": 1080,
  "detector_config": {
    "library": "pupil-apriltags",
    "library_version": "1.0.4.post11",
    "family": "tag36h11",
    "nthreads": 4,
    "quad_decimate": 1.0,
    "quad_sigma": 0.0,
    "refine_edges": true,
    "decode_sharpening": 0.25
  },
  "detected_at": "2026-04-09T23:14:28.046570+00:00",
  "num_detections": 4,
  "detections": [
    {
      "tag_id": 2,
      "tag_family": "tag36h11",
      "hamming": 0,
      "decision_margin": 84.231689453125,
      "center": [
        1051.4317421903195,
        561.853561550787
      ],
      "corners": [
        [
          1019.9290161132812,
          597.1495971679688
        ],
        [
          1082.261962890625,
          590.3935546875001
        ],
        [
          1083.425048828125,
          526.0078735351562
        ],
        [
          1019.8564453124998,
          532.623840332031
        ]
      ],
      "homography": [
        [
          33.68711320616353,
          10.064522741920886,
          1051.4317421903195
        ],
        [
          -2.160424818020606,
          37.74928462593573,
          561.853561550787
        ],
        [
          0.0021065534129319488,
          0.009832714242069942,
          1.0
        ]
      ]
    },
    {
      "tag_id": 9,
      "tag_family": "tag36h11",
      "hamming": 0,
      "decision_margin": 69.73959350585938,
      "center": [
        697.7731094994768,
        480.70404242019066
      ],
      "corners": [
        [
          692.0712280273436,
          501.1761169433594
        ],
        [
          705.4439086914062,
          517.2371215820312
        ],
        [
          703.7220458984375,
          459.34494018554676
        ],
        [
          690.1549682617186,
          444.4217529296875
        ]
      ],
      "homography": [
        [
          -1.8661650862910628,
          7.107284263107658,
          697.7731094994768
        ],
        [
          1.8260664472212471,
          32.92555187570787,
          480.70404242019066
        ],
        [
          -0.01232456439932002,
          0.008880378426235538,
          1.0
        ]
      ]
    },
    {
      "tag_id": 10,
      "tag_family": "tag36h11",
      "hamming": 0,
      "decision_margin": 84.58325958251953,
      "center": [
        730.2514541476033,
        517.1608312770396
      ],
      "corners": [
        [
          723.8511352539062,
          538.044921875
        ],
        [
          738.4202270507814,
          555.3085327148439
        ],
        [
          737.0408935546876,
          495.0070495605469
        ],
        [
          721.8760986328126,
          478.0484008789062
        ]
      ],
      "homography": [
        [
          1.217359525289792,
          16.171891792829683,
          730.2514541476033
        ],
        [
          4.16218401502328,
          40.91952349677479,
          517.1608312770396
        ],
        [
          -0.008507476844160044,
          0.020994239905577937,
          1.0
        ]
      ]
    },
    {
      "tag_id": 11,
      "tag_family": "tag36h11",
      "hamming": 0,
      "decision_margin": 93.20643615722656,
      "center": [
        902.5673838613459,
        577.3783059499794
      ],
      "corners": [
        [
          870.1600341796874,
          613.4675292968749
        ],
        [
          935.2811889648438,
          606.39599609375
        ],
        [
          935.1951904296876,
          541.0435791015625
        ],
        [
          869.0736694335939,
          547.6688232421875
        ]
      ],
      "homography": [
        [
          36.59443682109065,
          7.136765176863041,
          902.5673838613459
        ],
        [
          -1.0039335318326765,
          37.16482878119086,
          577.3783059499794
        ],
        [
          0.004194979298283516,
          0.007584790277377166,
          1.0
        ]
      ]
    }
  ],
  "ingest_metadata": {
    "original_name": "2026 FIRST Robotics Competition REBUILT Presented by Haas Ga_frame_001180.png",
    "source": "2026 FIRST Robotics Competition REBUILT Presented by Haas Ga.mp4",
    "dhash": "9692e9b3d751161c",
    "ingested_at": "2026-04-09T23:14:28.046599+00:00"
  }
}
