{
  "image_file": "73a92d003ecb_dji_mimo_20260216_125718_20260216135719_1771268187552_video_.png",
  "image_sha256": "73a92d003ecb24bad67e2c61a9bf767bb3f1f42552ad37929880510f5c304b47",
  "image_width": 640,
  "image_height": 360,
  "detector_config": {
    "library": "pupil-apriltags",
    "library_version": "1.0.4.post11",
    "family": "tag36h11",
    "nthreads": 4,
    "quad_decimate": 1.0,
    "quad_sigma": 0.0,
    "refine_edges": true,
    "decode_sharpening": 0.25
  },
  "detected_at": "2026-03-24T14:15:01.088844+00:00",
  "num_detections": 2,
  "detections": [
    {
      "tag_id": 17,
      "tag_family": "tag36h11",
      "hamming": 0,
      "decision_margin": 46.28667068481445,
      "center": [
        295.5475073085097,
        120.52561475102263
      ],
      "corners": [
        [
          291.23828125,
          128.87840270996094
        ],
        [
          301.1161499023437,
          126.75453948974608
        ],
        [
          300.0331726074219,
          111.83082580566406
        ],
        [
          289.8640747070313,
          114.16828918457034
        ]
      ],
      "homography": [
        [
          3.553531664962804,
          5.086999851506334,
          295.5475073085097
        ],
        [
          -1.7081282412548984,
          9.230161522574107,
          120.52561475102263
        ],
        [
          -0.004929942777450498,
          0.015131617193224499,
          1.0
        ]
      ]
    },
    {
      "tag_id": 31,
      "tag_family": "tag36h11",
      "hamming": 1,
      "decision_margin": 41.0961799621582,
      "center": [
        593.6057615484775,
        155.58414566748993
      ],
      "corners": [
        [
          586.6920776367188,
          159.3405303955078
        ],
        [
          599.8169555664064,
          159.9398193359375
        ],
        [
          600.7026977539064,
          151.72819519042972
        ],
        [
          587.7684936523438,
          151.49069213867188
        ]
      ],
      "homography": [
        [
          -6.58210070790028,
          -5.822129349178113,
          593.6057615484775
        ],
        [
          -3.224285095653699,
          2.616198510596916,
          155.58414566748993
        ],
        [
          -0.022057351250358098,
          -0.008977823567980742,
          1.0
        ]
      ]
    }
  ]
}
