{
  "image_file": "741ed240a9e2_38_Robot_Reveals____FRC_Premiere_Night___REEFSCAPE_25___Bonu.png",
  "image_sha256": "741ed240a9e24b5b5f9a6884e302800cfe134861a92a683e45fb93f4d5ac3495",
  "image_width": 1920,
  "image_height": 1080,
  "detector_config": {
    "library": "pupil-apriltags",
    "library_version": "1.0.4.post11",
    "family": "tag36h11",
    "nthreads": 4,
    "quad_decimate": 1.0,
    "quad_sigma": 0.0,
    "refine_edges": true,
    "decode_sharpening": 0.25
  },
  "detected_at": "2026-04-01T01:01:47.607546+00:00",
  "num_detections": 2,
  "detections": [
    {
      "tag_id": 2,
      "tag_family": "tag36h11",
      "hamming": 0,
      "decision_margin": 68.12117767333984,
      "center": [
        1006.7766999927567,
        188.77984130513175
      ],
      "corners": [
        [
          988.5965576171875,
          205.4731292724609
        ],
        [
          1022.1895141601562,
          208.28164672851568
        ],
        [
          1024.87158203125,
          172.16484069824224
        ],
        [
          991.6802368164061,
          169.67831420898435
        ]
      ],
      "homography": [
        [
          12.658723935302875,
          -7.845002699574591,
          1006.7766999927567
        ],
        [
          0.5658921873083195,
          16.77623883220454,
          188.77984130513175
        ],
        [
          -0.004009311443012238,
          -0.006359698202307447,
          1.0
        ]
      ]
    },
    {
      "tag_id": 6,
      "tag_family": "tag36h11",
      "hamming": 0,
      "decision_margin": 56.33903503417969,
      "center": [
        109.41858341120208,
        879.9242547301554
      ],
      "corners": [
        [
          56.12106704711915,
          942.3466796875001
        ],
        [
          161.63275146484375,
          916.1579589843751
        ],
        [
          160.99636840820312,
          819.5159912109375
        ],
        [
          55.10143661499024,
          842.2312011718749
        ]
      ],
      "homography": [
        [
          54.81132877205118,
          0.5935465483952451,
          109.41858341120208
        ],
        [
          3.674574543685929,
          50.644522867429146,
          879.9242547301554
        ],
        [
          0.018069171519996863,
          0.0016713033397579955,
          1.0
        ]
      ]
    }
  ]
}
