{
  "image_file": "7532ee10617f_PC000002_MOV-0496_jpg_rf_266296f4299449f11c2f812543524746.png",
  "image_sha256": "7532ee10617fdefed4af4e38b1d61cd2b6e0c81329e71bd4edb0f1fe5d0d84b2",
  "image_width": 640,
  "image_height": 360,
  "detector_config": {
    "library": "pupil-apriltags",
    "library_version": "1.0.4.post11",
    "family": "tag36h11",
    "nthreads": 4,
    "quad_decimate": 1.0,
    "quad_sigma": 0.0,
    "refine_edges": true,
    "decode_sharpening": 0.25
  },
  "detected_at": "2026-03-24T14:15:43.242706+00:00",
  "num_detections": 2,
  "detections": [
    {
      "tag_id": 25,
      "tag_family": "tag36h11",
      "hamming": 0,
      "decision_margin": 74.74358367919922,
      "center": [
        205.5054641842305,
        254.43035786124983
      ],
      "corners": [
        [
          195.8291931152344,
          265.8645324707032
        ],
        [
          213.19920349121094,
          266.1921997070312
        ],
        [
          215.09523010253906,
          243.098403930664
        ],
        [
          197.9435577392578,
          242.87005615234378
        ]
      ],
      "homography": [
        [
          8.203456164366116,
          -2.35209453388748,
          205.5054641842305
        ],
        [
          -0.38945646824515856,
          9.850977494960432,
          254.43035786124983
        ],
        [
          -0.0020757725755679566,
          -0.006565806034165136,
          1.0
        ]
      ]
    },
    {
      "tag_id": 26,
      "tag_family": "tag36h11",
      "hamming": 0,
      "decision_margin": 74.1608657836914,
      "center": [
        244.87250187690643,
        253.72540983840943
      ],
      "corners": [
        [
          234.79322814941406,
          265.77331542968756
        ],
        [
          253.45802307128906,
          265.5364379882812
        ],
        [
          255.06056213378906,
          241.5474700927734
        ],
        [
          236.45767211914065,
          242.14920043945318
        ]
      ],
      "homography": [
        [
          7.429843520967523,
          -1.3891588538938882,
          244.87250187690643
        ],
        [
          -2.164773157563674,
          11.30969187228834,
          253.72540983840943
        ],
        [
          -0.0077040225555942395,
          -0.0023364429087529585,
          1.0
        ]
      ]
    }
  ]
}
