{
  "image_file": "755bee8bd3ef_PC000001_MOV-0032_jpg_rf_0c8e7601f85355060d158784522005b2.png",
  "image_sha256": "755bee8bd3ef735ac0175e01d2dad1e088ed1611fb1b681c5b029662679fcfa9",
  "image_width": 640,
  "image_height": 360,
  "detector_config": {
    "library": "pupil-apriltags",
    "library_version": "1.0.4.post11",
    "family": "tag36h11",
    "nthreads": 4,
    "quad_decimate": 1.0,
    "quad_sigma": 0.0,
    "refine_edges": true,
    "decode_sharpening": 0.25
  },
  "detected_at": "2026-03-24T14:12:32.109564+00:00",
  "num_detections": 2,
  "detections": [
    {
      "tag_id": 13,
      "tag_family": "tag36h11",
      "hamming": 0,
      "decision_margin": 97.19278717041016,
      "center": [
        282.1130615065532,
        101.23580766004837
      ],
      "corners": [
        [
          268.65960693359375,
          130.76025390625
        ],
        [
          311.8635559082032,
          123.2797546386719
        ],
        [
          296.5893249511718,
          69.4667434692383
        ],
        [
          253.07261657714835,
          79.71797943115233
        ]
      ],
      "homography": [
        [
          14.799437304296758,
          11.184514908969847,
          282.1130615065532
        ],
        [
          -6.8789803946775585,
          27.434012147320715,
          101.23580766004837
        ],
        [
          -0.024349170728574565,
          0.012271638368583063,
          1.0
        ]
      ]
    },
    {
      "tag_id": 14,
      "tag_family": "tag36h11",
      "hamming": 0,
      "decision_margin": 95.98466491699219,
      "center": [
        416.2188642228084,
        73.5845759933927
      ],
      "corners": [
        [
          394.06256103515614,
          109.07883453369139
        ],
        [
          453.01959228515625,
          98.98098754882811
        ],
        [
          440.5012817382813,
          34.684295654296875
        ],
        [
          380.6973876953125,
          49.07098388671876
        ]
      ],
      "homography": [
        [
          16.451231901817664,
          12.336383008968768,
          416.2188642228084
        ],
        [
          -8.421312884182445,
          32.06692631390942,
          73.5845759933927
        ],
        [
          -0.031735724980937276,
          0.014047498493555006,
          1.0
        ]
      ]
    }
  ]
}
