{
  "image_file": "75f5902f561b_3015_Ranger_Robotics_2024_Reveal__Cobra_frame_001200.png",
  "image_sha256": "75f5902f561b6b6ee87293f92ed098ca220239f0d1857da98e4a2821bbb5badb",
  "image_width": 1920,
  "image_height": 1080,
  "detector_config": {
    "library": "pupil-apriltags",
    "library_version": "1.0.4.post11",
    "family": "tag36h11",
    "nthreads": 4,
    "quad_decimate": 1.0,
    "quad_sigma": 0.0,
    "refine_edges": true,
    "decode_sharpening": 0.25
  },
  "detected_at": "2026-04-01T00:33:32.731690+00:00",
  "num_detections": 3,
  "detections": [
    {
      "tag_id": 1,
      "tag_family": "tag36h11",
      "hamming": 0,
      "decision_margin": 42.728275299072266,
      "center": [
        931.6180213369937,
        313.57884637474234
      ],
      "corners": [
        [
          920.2447509765627,
          325.3233337402344
        ],
        [
          942.7850952148436,
          325.338623046875
        ],
        [
          942.6976318359374,
          302.13760375976557
        ],
        [
          920.2148437500001,
          301.57043457031244
        ]
      ],
      "homography": [
        [
          22.21924499181955,
          -1.189850428160864,
          931.6180213369937
        ],
        [
          3.8367437518119787,
          11.326347045939656,
          313.57884637474234
        ],
        [
          0.01176988777595959,
          -0.0013090513288567876,
          1.0
        ]
      ]
    },
    {
      "tag_id": 2,
      "tag_family": "tag36h11",
      "hamming": 0,
      "decision_margin": 44.85124588012695,
      "center": [
        751.2905599238467,
        310.57085069276866
      ],
      "corners": [
        [
          739.1585693359376,
          322.4974975585938
        ],
        [
          763.4901123046875,
          323.1364135742188
        ],
        [
          763.2415161132811,
          298.82217407226557
        ],
        [
          738.9077758789062,
          297.8165588378905
        ]
      ],
      "homography": [
        [
          17.7893921700163,
          0.1010579911719582,
          751.2905599238467
        ],
        [
          2.735880266154594,
          12.238274775327454,
          310.57085069276866
        ],
        [
          0.00748545679434643,
          -3.166310582209389e-05,
          1.0
        ]
      ]
    },
    {
      "tag_id": 12,
      "tag_family": "tag36h11",
      "hamming": 0,
      "decision_margin": 27.88854217529297,
      "center": [
        1613.7653712572699,
        48.49077648521814
      ],
      "corners": [
        [
          1567.085693359375,
          97.93209838867188
        ],
        [
          1655.1468505859375,
          78.39392852783203
        ],
        [
          1661.7291259765623,
          -2.3105902671814076
        ],
        [
          1573.1397705078123,
          19.13383865356446
        ]
      ],
      "homography": [
        [
          25.771904824531248,
          0.35369600421813946,
          1613.7653712572699
        ],
        [
          -10.79472051818009,
          39.97529725073705,
          48.49077648521814
        ],
        [
          -0.011392378634456319,
          0.0021751430190681932,
          1.0
        ]
      ]
    }
  ],
  "ingest_metadata": {
    "original_name": "3015_Ranger_Robotics_2024_Reveal__Cobra_frame_001200.png",
    "source": "unknown",
    "dhash": "717071270f950f07",
    "ingested_at": "2026-04-01T00:33:32.725302+00:00"
  }
}
