{
  "image_file": "760a6edd6942_FRC_Team_3536_REBUILT_ROBOT_REVEAL_frame_002940.png",
  "image_sha256": "760a6edd69424c582612558b9e239a25ca3d85c26f5c266d869ce76e5777b59f",
  "image_width": 1920,
  "image_height": 1080,
  "detector_config": {
    "library": "pupil-apriltags",
    "library_version": "1.0.4.post11",
    "family": "tag36h11",
    "nthreads": 4,
    "quad_decimate": 1.0,
    "quad_sigma": 0.0,
    "refine_edges": true,
    "decode_sharpening": 0.25
  },
  "detected_at": "2026-04-01T04:28:00.519545+00:00",
  "num_detections": 2,
  "detections": [
    {
      "tag_id": 31,
      "tag_family": "tag36h11",
      "hamming": 0,
      "decision_margin": 88.1072998046875,
      "center": [
        390.50119685383163,
        450.35212926236693
      ],
      "corners": [
        [
          372.96145629882824,
          472.14251708984375
        ],
        [
          408.9742126464843,
          474.921112060547
        ],
        [
          408.26339721679676,
          428.2853698730468
        ],
        [
          372.3013000488281,
          426.1463928222655
        ]
      ],
      "homography": [
        [
          15.30834179894157,
          0.11886674741725943,
          390.50119685383163
        ],
        [
          -1.866807609874573,
          22.89884817599676,
          450.35212926236693
        ],
        [
          -0.006874531058999586,
          -0.0005728999821517934,
          1.0
        ]
      ]
    },
    {
      "tag_id": 32,
      "tag_family": "tag36h11",
      "hamming": 0,
      "decision_margin": 86.57514953613281,
      "center": [
        489.16930017289053,
        454.3481237924721
      ],
      "corners": [
        [
          470.45837402343756,
          477.0676574707031
        ],
        [
          509.2018737792969,
          479.14788818359375
        ],
        [
          508.0511474609375,
          431.4210510253906
        ],
        [
          469.4172668457031,
          429.89566040039057
        ]
      ],
      "homography": [
        [
          16.506932477991313,
          -0.06498466530706334,
          489.16930017289053
        ],
        [
          -1.7337645802268213,
          23.154828194875734,
          454.3481237924721
        ],
        [
          -0.005799063388242563,
          -0.0012524145787814974,
          1.0
        ]
      ]
    }
  ]
}
