{
  "image_file": "763aaada95e8_Apriltags_based_localisation_demo_frame_001020.png",
  "image_sha256": "763aaada95e8c390ca8470be8a725a1744b62a3e38a8faf64b1a7e72d9a7cb40",
  "image_width": 1920,
  "image_height": 712,
  "detector_config": {
    "library": "pupil-apriltags",
    "library_version": "1.0.4.post11",
    "family": "tag36h11",
    "nthreads": 4,
    "quad_decimate": 1.0,
    "quad_sigma": 0.0,
    "refine_edges": true,
    "decode_sharpening": 0.25
  },
  "detected_at": "2026-04-11T20:34:46.610709+00:00",
  "num_detections": 5,
  "detections": [
    {
      "tag_id": 40,
      "tag_family": "tag36h11",
      "hamming": 0,
      "decision_margin": 92.24911499023438,
      "center": [
        1210.4107338729211,
        546.4021126428634
      ],
      "corners": [
        [
          1176.8624267578123,
          530.1008300781252
        ],
        [
          1172.4942626953125,
          574.3997192382812
        ],
        [
          1245.98974609375,
          563.6901245117186
        ],
        [
          1244.8558349609373,
          520.9677734375001
        ]
      ],
      "homography": [
        [
          -47.593793367854225,
          -46.5702327799329,
          1210.4107338729211
        ],
        [
          0.585529792617308,
          -0.1433499576168059,
          546.4021126428634
        ],
        [
          -0.0386744332343037,
          -0.009298129838949587,
          1.0
        ]
      ]
    },
    {
      "tag_id": 41,
      "tag_family": "tag36h11",
      "hamming": 0,
      "decision_margin": 39.211788177490234,
      "center": [
        1816.675125238663,
        637.7592718344715
      ],
      "corners": [
        [
          1774.8225097656252,
          637.7471313476562
        ],
        [
          1839.2114257812502,
          719.3789672851564
        ],
        [
          1868.0341796875,
          637.774169921875
        ],
        [
          1795.8073730468752,
          562.1825561523438
        ]
      ],
      "homography": [
        [
          -93.66221813970583,
          45.495139667459156,
          1816.675125238663
        ],
        [
          -5.532510958986116,
          59.497678460195516,
          637.7592718344715
        ],
        [
          -0.0702149363505345,
          0.031772711588473376,
          1.0
        ]
      ]
    },
    {
      "tag_id": 42,
      "tag_family": "tag36h11",
      "hamming": 0,
      "decision_margin": 93.07849884033203,
      "center": [
        1430.7572540753786,
        521.9179637751167
      ],
      "corners": [
        [
          1396.6815185546875,
          505.86331176757824
        ],
        [
          1404.9345703125002,
          544.8381958007811
        ],
        [
          1467.2518310546875,
          539.1122436523438
        ],
        [
          1454.1232910156245,
          501.17825317382824
        ]
      ],
      "homography": [
        [
          -54.893070366295426,
          -41.09667606518315,
          1430.7572540753786
        ],
        [
          -2.7874557390025525,
          -1.5033273507892777,
          521.9179637751167
        ],
        [
          -0.04210945957380841,
          -0.007833836115038559,
          1.0
        ]
      ]
    },
    {
      "tag_id": 50,
      "tag_family": "tag36h11",
      "hamming": 0,
      "decision_margin": 89.72428894042969,
      "center": [
        1792.252336377234,
        491.98538161133933
      ],
      "corners": [
        [
          1752.7100830078125,
          478.8345642089844
        ],
        [
          1786.5986328125002,
          510.5345458984375
        ],
        [
          1834.5062255859377,
          506.03802490234375
        ],
        [
          1797.5687255859375,
          474.5429077148437
        ]
      ],
      "homography": [
        [
          -39.57555010963892,
          -21.013456169338504,
          1792.252336377234
        ],
        [
          0.06393723692963198,
          2.787034232871747,
          491.98538161133933
        ],
        [
          -0.03194984373629581,
          0.0012013019511926332,
          1.0
        ]
      ]
    },
    {
      "tag_id": 60,
      "tag_family": "tag36h11",
      "hamming": 0,
      "decision_margin": 48.45988082885742,
      "center": [
        1309.2837173847345,
        90.52822774209984
      ],
      "corners": [
        [
          1291.8050537109373,
          106.77394866943361
        ],
        [
          1325.92919921875,
          108.57847595214842
        ],
        [
          1326.542114257813,
          74.48723602294922
        ],
        [
          1292.158203125,
          71.95743560791017
        ]
      ],
      "homography": [
        [
          30.581328265173852,
          4.911362222846268,
          1309.2837173847345
        ],
        [
          2.0124747572309167,
          17.58114484309229,
          90.52822774209984
        ],
        [
          0.010277657118092596,
          0.003936683033032771,
          1.0
        ]
      ]
    }
  ],
  "ingest_metadata": {
    "original_name": "Apriltags based localisation demo_frame_001020.png",
    "source": "Apriltags based localisation demo.mp4",
    "dhash": "126a6265ce5d5ddc",
    "ingested_at": "2026-04-11T20:34:46.610739+00:00"
  }
}
