{
  "image_file": "764a0ab614ab_PC000001_MOV-0127_jpg_rf_b84fd803cae6039691304c149dd28e1f.png",
  "image_sha256": "764a0ab614abceaaa81224ddd5557d6d11c95ad9296f3bfc191431097bbad04f",
  "image_width": 640,
  "image_height": 360,
  "detector_config": {
    "library": "pupil-apriltags",
    "library_version": "1.0.4.post11",
    "family": "tag36h11",
    "nthreads": 4,
    "quad_decimate": 1.0,
    "quad_sigma": 0.0,
    "refine_edges": true,
    "decode_sharpening": 0.25
  },
  "detected_at": "2026-03-24T14:12:36.474810+00:00",
  "num_detections": 3,
  "detections": [
    {
      "tag_id": 5,
      "tag_family": "tag36h11",
      "hamming": 1,
      "decision_margin": 48.741207122802734,
      "center": [
        291.8721424438456,
        121.9959124936729
      ],
      "corners": [
        [
          282.41064453125,
          130.86505126953125
        ],
        [
          293.59933471679693,
          133.1464233398438
        ],
        [
          301.9227905273437,
          112.5745086669922
        ],
        [
          290.10546874999994,
          110.59051513671872
        ]
      ],
      "homography": [
        [
          2.9896555894085277,
          2.055270969404831,
          291.8721424438456
        ],
        [
          -0.0826937958463263,
          12.737787253488733,
          121.9959124936729
        ],
        [
          -0.00944690588758909,
          0.020747116390662238,
          1.0
        ]
      ]
    },
    {
      "tag_id": 9,
      "tag_family": "tag36h11",
      "hamming": 0,
      "decision_margin": 58.029972076416016,
      "center": [
        364.0513719199817,
        137.6559934618981
      ],
      "corners": [
        [
          351.7868347167968,
          146.92695617675778
        ],
        [
          367.45672607421875,
          150.60603332519528
        ],
        [
          375.3627624511719,
          129.10552978515625
        ],
        [
          360.61611938476557,
          124.59225463867189
        ]
      ],
      "homography": [
        [
          15.749132350426523,
          -10.73772749217511,
          364.0513719199817
        ],
        [
          5.138707925972311,
          8.46958883857937,
          137.6559934618981
        ],
        [
          0.022399764673165196,
          -0.01802904401396589,
          1.0
        ]
      ]
    },
    {
      "tag_id": 10,
      "tag_family": "tag36h11",
      "hamming": 0,
      "decision_margin": 57.1288948059082,
      "center": [
        394.5183935374655,
        146.62186916155764
      ],
      "corners": [
        [
          383.18246459960943,
          155.41271972656253
        ],
        [
          397.3085632324218,
          158.78965759277347
        ],
        [
          405.0866394042968,
          138.4263458251953
        ],
        [
          391.6785888671875,
          134.23762512207028
        ]
      ],
      "homography": [
        [
          15.52918816908158,
          -9.236267049021363,
          394.5183935374655
        ],
        [
          5.111830803801239,
          8.455878874768814,
          146.62186916155764
        ],
        [
          0.021931769795209697,
          -0.013115570625964001,
          1.0
        ]
      ]
    }
  ]
}
