{
  "image_file": "77c919cdfa94_PC000008_MOV-0000_jpg_rf_1a84f38369d659a518133e3715620c5b.png",
  "image_sha256": "77c919cdfa944fa9129cdd5d3dfc209180c8a0109b2ae8bc51cdd86b361576ed",
  "image_width": 640,
  "image_height": 360,
  "detector_config": {
    "library": "pupil-apriltags",
    "library_version": "1.0.4.post11",
    "family": "tag36h11",
    "nthreads": 4,
    "quad_decimate": 1.0,
    "quad_sigma": 0.0,
    "refine_edges": true,
    "decode_sharpening": 0.25
  },
  "detected_at": "2026-03-24T14:13:42.962395+00:00",
  "num_detections": 2,
  "detections": [
    {
      "tag_id": 5,
      "tag_family": "tag36h11",
      "hamming": 0,
      "decision_margin": 85.55303192138672,
      "center": [
        81.7187956862979,
        77.88625390280342
      ],
      "corners": [
        [
          5.150414466857921,
          141.28652954101562
        ],
        [
          140.92874145507812,
          146.18785095214844
        ],
        [
          155.35079956054688,
          16.91736221313476
        ],
        [
          26.486253738403317,
          14.172788619995137
        ]
      ],
      "homography": [
        [
          65.4905465105808,
          -11.178523933786215,
          81.7187956862979
        ],
        [
          1.2913668915123462,
          61.92952867584785,
          77.88625390280342
        ],
        [
          -0.007602437860953744,
          -0.027152170329078937,
          1.0
        ]
      ]
    },
    {
      "tag_id": 8,
      "tag_family": "tag36h11",
      "hamming": 0,
      "decision_margin": 88.23253631591797,
      "center": [
        375.88243084500226,
        88.50564907517773
      ],
      "corners": [
        [
          303.4386596679687,
          152.7774658203125
        ],
        [
          444.7925415039062,
          158.41395568847653
        ],
        [
          446.4601745605468,
          25.88936424255371
        ],
        [
          310.4759216308594,
          22.15169525146487
        ]
      ],
      "homography": [
        [
          66.85532240360732,
          -9.547467612256971,
          375.88243084500226
        ],
        [
          1.7488165329294454,
          64.02731816787596,
          88.50564907517773
        ],
        [
          -0.006518732819170193,
          -0.019565912908756707,
          1.0
        ]
      ]
    }
  ]
}
