{
  "image_file": "7816a3babd5b_Team_59_2026_Robot_Reveal___RICO_frame_001200.png",
  "image_sha256": "7816a3babd5b2c10b1ae7fe95f4522efaa4468bbe2fb921a306eefe4fa77cae3",
  "image_width": 1920,
  "image_height": 1080,
  "detector_config": {
    "library": "pupil-apriltags",
    "library_version": "1.0.4.post11",
    "family": "tag36h11",
    "nthreads": 4,
    "quad_decimate": 1.0,
    "quad_sigma": 0.0,
    "refine_edges": true,
    "decode_sharpening": 0.25
  },
  "detected_at": "2026-04-01T04:49:09.931328+00:00",
  "num_detections": 5,
  "detections": [
    {
      "tag_id": 1,
      "tag_family": "tag36h11",
      "hamming": 0,
      "decision_margin": 39.67409133911133,
      "center": [
        1023.190529357525,
        500.2463153728069
      ],
      "corners": [
        [
          1012.6787719726562,
          511.5369262695313
        ],
        [
          1034.4871826171877,
          511.2115478515625
        ],
        [
          1033.7360839843748,
          488.9194030761718
        ],
        [
          1011.9635620117185,
          489.3487243652344
        ]
      ],
      "homography": [
        [
          8.491222569512274,
          -0.395173065168591,
          1023.190529357525
        ],
        [
          -1.3640203621748141,
          10.747613525036058,
          500.2463153728069
        ],
        [
          -0.0023494579496066504,
          -0.0007444457826963154,
          1.0
        ]
      ]
    },
    {
      "tag_id": 3,
      "tag_family": "tag36h11",
      "hamming": 0,
      "decision_margin": 44.23152160644531,
      "center": [
        1469.5350204220078,
        456.067162106286
      ],
      "corners": [
        [
          1456.3546142578123,
          469.3226013183593
        ],
        [
          1483.0686035156252,
          467.9575500488282
        ],
        [
          1482.8850097656252,
          442.6411743164063
        ],
        [
          1455.6878662109373,
          443.90127563476557
        ]
      ],
      "homography": [
        [
          17.194698883992487,
          13.32336034295122,
          1469.5350204220078
        ],
        [
          0.4970954605205386,
          16.752460507946694,
          456.067162106286
        ],
        [
          0.0025301094553355583,
          0.008922143052110617,
          1.0
        ]
      ]
    },
    {
      "tag_id": 4,
      "tag_family": "tag36h11",
      "hamming": 0,
      "decision_margin": 42.86700439453125,
      "center": [
        1530.8167014458281,
        453.31467760357924
      ],
      "corners": [
        [
          1517.6964111328125,
          466.62475585937494
        ],
        [
          1544.6439208984373,
          465.5928649902344
        ],
        [
          1544.1248779296875,
          439.8139953613282
        ],
        [
          1517.0029296875,
          441.0484313964843
        ]
      ],
      "homography": [
        [
          7.703180485351367,
          5.372550025957481,
          1530.8167014458281
        ],
        [
          -2.2878762961932484,
          14.33954682387872,
          453.31467760357924
        ],
        [
          -0.0037978736734285965,
          0.0033113609366527655,
          1.0
        ]
      ]
    },
    {
      "tag_id": 21,
      "tag_family": "tag36h11",
      "hamming": 0,
      "decision_margin": 15.636061668395996,
      "center": [
        1720.3383241197005,
        495.99675437193775
      ],
      "corners": [
        [
          1710.3515625000002,
          533.3502197265624
        ],
        [
          1731.2016601562498,
          539.2817993164062
        ],
        [
          1730.3728027343748,
          458.46481323242193
        ],
        [
          1710.5163574218755,
          456.86105346679676
        ]
      ],
      "homography": [
        [
          -35.190432743946296,
          -41.10088160996089,
          1720.3383241197005
        ],
        [
          -11.244432960485714,
          27.380175912536117,
          495.99675437193775
        ],
        [
          -0.02636338032457128,
          -0.023980061688180974,
          1.0
        ]
      ]
    },
    {
      "tag_id": 24,
      "tag_family": "tag36h11",
      "hamming": 0,
      "decision_margin": 18.836219787597656,
      "center": [
        1768.7951620143426,
        501.89424504123093
      ],
      "corners": [
        [
          1757.348388671875,
          542.8350830078125
        ],
        [
          1782.3007812499998,
          548.5234985351562
        ],
        [
          1781.185546875,
          457.5784606933594
        ],
        [
          1755.8244628906252,
          457.111846923828
        ]
      ],
      "homography": [
        [
          -40.31132345759238,
          17.80783748172257,
          1768.7951620143426
        ],
        [
          -13.4411636148559,
          48.988202155200554,
          501.89424504123093
        ],
        [
          -0.02989472919195602,
          0.009691009600769802,
          1.0
        ]
      ]
    }
  ]
}
