{
  "image_file": "78232f48a736_2026_FIRST_Robotics_Competition_KitBot_Overview_frame_004183.png",
  "image_sha256": "78232f48a736c370950e3eb78bb195c77323a60ad5b967fea15b829f7bf0afa7",
  "image_width": 1920,
  "image_height": 1080,
  "detector_config": {
    "library": "pupil-apriltags",
    "library_version": "1.0.4.post11",
    "family": "tag36h11",
    "nthreads": 4,
    "quad_decimate": 1.0,
    "quad_sigma": 0.0,
    "refine_edges": true,
    "decode_sharpening": 0.25
  },
  "detected_at": "2026-04-01T00:15:14.491374+00:00",
  "num_detections": 6,
  "detections": [
    {
      "tag_id": 3,
      "tag_family": "tag36h11",
      "hamming": 0,
      "decision_margin": 54.06890106201172,
      "center": [
        900.6553226824473,
        125.47864186400669
      ],
      "corners": [
        [
          890.7401733398438,
          136.6576995849609
        ],
        [
          910.7281494140624,
          136.35389709472653
        ],
        [
          910.6402587890625,
          114.22090148925783
        ],
        [
          890.0457763671875,
          114.02391052246092
        ]
      ],
      "homography": [
        [
          20.249100616650708,
          13.457650136109693,
          900.6553226824473
        ],
        [
          1.3777105966696281,
          13.03600739705712,
          125.47864186400669
        ],
        [
          0.011221861423918667,
          0.014728718929121445,
          1.0
        ]
      ]
    },
    {
      "tag_id": 4,
      "tag_family": "tag36h11",
      "hamming": 0,
      "decision_margin": 61.55569076538086,
      "center": [
        945.3498788198772,
        125.19837449954252
      ],
      "corners": [
        [
          935.0496826171876,
          136.27333068847656
        ],
        [
          955.4304199218749,
          136.21693420410156
        ],
        [
          955.6016235351561,
          114.17551422119142
        ],
        [
          934.760009765625,
          113.6230926513672
        ]
      ],
      "homography": [
        [
          23.06367682387338,
          10.559087950607367,
          945.3498788198772
        ],
        [
          1.8106573326033397,
          12.564347243446264,
          125.19837449954252
        ],
        [
          0.013498975790237408,
          0.01114146184038359,
          1.0
        ]
      ]
    },
    {
      "tag_id": 6,
      "tag_family": "tag36h11",
      "hamming": 0,
      "decision_margin": 54.80078125,
      "center": [
        1412.6730100826596,
        156.6234364682428
      ],
      "corners": [
        [
          1400.2679443359373,
          167.7261047363281
        ],
        [
          1423.1796875,
          168.32324218750003
        ],
        [
          1425.50146484375,
          145.14183044433594
        ],
        [
          1402.2952880859375,
          145.06723022460932
        ]
      ],
      "homography": [
        [
          -4.685430586076337,
          6.404364981548269,
          1412.6730100826596
        ],
        [
          -1.628230239825372,
          12.288686248049373,
          156.6234364682428
        ],
        [
          -0.011476778696433997,
          0.00530205381871648,
          1.0
        ]
      ]
    },
    {
      "tag_id": 25,
      "tag_family": "tag36h11",
      "hamming": 0,
      "decision_margin": 52.34468078613281,
      "center": [
        113.73896252311008,
        234.89955993585343
      ],
      "corners": [
        [
          96.95475769042967,
          262.49911499023443
        ],
        [
          141.8553009033203,
          264.3186950683593
        ],
        [
          131.05715942382812,
          206.42192077636716
        ],
        [
          85.62432861328125,
          205.4822082519532
        ]
      ],
      "homography": [
        [
          21.689039168143054,
          6.422999301377604,
          113.73896252311008
        ],
        [
          -1.1493856653345385,
          30.560508782955225,
          234.89955993585343
        ],
        [
          -0.007844400263841065,
          0.00781408831453638,
          1.0
        ]
      ]
    },
    {
      "tag_id": 26,
      "tag_family": "tag36h11",
      "hamming": 0,
      "decision_margin": 53.660396575927734,
      "center": [
        214.61727298026764,
        237.93991010496677
      ],
      "corners": [
        [
          196.21218872070312,
          266.30261230468756
        ],
        [
          243.19097900390625,
          268.00701904296875
        ],
        [
          233.5606231689453,
          208.74772644042966
        ],
        [
          186.08949279785156,
          207.92112731933597
        ]
      ],
      "homography": [
        [
          21.977691973589515,
          6.400419311092949,
          214.61727298026764
        ],
        [
          -1.1745512434467325,
          31.026106285729213,
          237.93991010496677
        ],
        [
          -0.00760814616529014,
          0.006803861648827847,
          1.0
        ]
      ]
    },
    {
      "tag_id": 28,
      "tag_family": "tag36h11",
      "hamming": 0,
      "decision_margin": 50.10813522338867,
      "center": [
        1467.6449545734524,
        336.8705219136532
      ],
      "corners": [
        [
          1431.0976562499998,
          366.24734497070307
        ],
        [
          1497.47705078125,
          369.58001708984386
        ],
        [
          1505.1289062500002,
          306.74081420898443
        ],
        [
          1437.7698974609377,
          304.11392211914057
        ]
      ],
      "homography": [
        [
          24.675214581353657,
          6.234356691277301,
          1467.6449545734524
        ],
        [
          -0.5176079390162768,
          33.49302589022858,
          336.8705219136532
        ],
        [
          -0.005966303926190746,
          0.006685830856016648,
          1.0
        ]
      ]
    }
  ]
}
