{
  "image_file": "784058df624f_FRC_3940_CyberTooth_2026_Robot_Reveal__Whiplash_frame_002040.png",
  "image_sha256": "784058df624fe986d1da84ba402c201e8bda079b8b2c9b028844cdedfcd206de",
  "image_width": 1920,
  "image_height": 1080,
  "detector_config": {
    "library": "pupil-apriltags",
    "library_version": "1.0.4.post11",
    "family": "tag36h11",
    "nthreads": 4,
    "quad_decimate": 1.0,
    "quad_sigma": 0.0,
    "refine_edges": true,
    "decode_sharpening": 0.25
  },
  "detected_at": "2026-04-01T03:48:35.266996+00:00",
  "num_detections": 6,
  "detections": [
    {
      "tag_id": 2,
      "tag_family": "tag36h11",
      "hamming": 0,
      "decision_margin": 55.53877639770508,
      "center": [
        588.4172466553788,
        125.0501370477538
      ],
      "corners": [
        [
          579.003173828125,
          143.0447540283203
        ],
        [
          600.8673095703125,
          145.59542846679685
        ],
        [
          597.573974609375,
          107.54742431640625
        ],
        [
          575.1098022460936,
          103.08998107910159
        ]
      ],
      "homography": [
        [
          24.944270285201583,
          7.506660931995159,
          588.4172466553788
        ],
        [
          4.689651625150785,
          20.702025915744002,
          125.0501370477538
        ],
        [
          0.023572082088477702,
          0.009714582011397912,
          1.0
        ]
      ]
    },
    {
      "tag_id": 9,
      "tag_family": "tag36h11",
      "hamming": 0,
      "decision_margin": 69.80271911621094,
      "center": [
        305.6444217891071,
        113.197577691377
      ],
      "corners": [
        [
          294.5851745605469,
          134.00506591796878
        ],
        [
          324.3611145019532,
          134.02137756347656
        ],
        [
          317.1302795410157,
          91.58744049072263
        ],
        [
          286.92010498046875,
          92.36529541015625
        ]
      ],
      "homography": [
        [
          12.133845682180038,
          6.648896537340422,
          305.6444217891071
        ],
        [
          -1.24605655232165,
          22.097147136766566,
          113.197577691377
        ],
        [
          -0.009359452400178657,
          0.009563081946759325,
          1.0
        ]
      ]
    },
    {
      "tag_id": 11,
      "tag_family": "tag36h11",
      "hamming": 0,
      "decision_margin": 63.2041015625,
      "center": [
        536.1230569160875,
        115.25037482530408
      ],
      "corners": [
        [
          525.2988891601562,
          134.24270629882812
        ],
        [
          550.8802490234374,
          138.1772003173828
        ],
        [
          546.67138671875,
          96.74203491210938
        ],
        [
          520.7142333984376,
          91.31117248535156
        ]
      ],
      "homography": [
        [
          22.130410854653746,
          4.526625038499222,
          536.1230569160875
        ],
        [
          4.325947233629901,
          21.58571407612672,
          115.25037482530408
        ],
        [
          0.017253858979364937,
          0.0043476484388049325,
          1.0
        ]
      ]
    },
    {
      "tag_id": 12,
      "tag_family": "tag36h11",
      "hamming": 0,
      "decision_margin": 78.37763977050781,
      "center": [
        1210.8018557015023,
        176.98074764923368
      ],
      "corners": [
        [
          1187.42724609375,
          199.59130859375
        ],
        [
          1230.4666748046875,
          199.69847106933594
        ],
        [
          1234.7579345703127,
          153.8077239990234
        ],
        [
          1191.11376953125,
          154.23614501953125
        ]
      ],
      "homography": [
        [
          14.589546489568193,
          5.802775461181001,
          1210.8018557015023
        ],
        [
          -1.113398153967583,
          23.94919157899716,
          176.98074764923368
        ],
        [
          -0.005847003456359351,
          0.006438244862941467,
          1.0
        ]
      ]
    },
    {
      "tag_id": 19,
      "tag_family": "tag36h11",
      "hamming": 0,
      "decision_margin": 49.34415054321289,
      "center": [
        889.0947885681418,
        187.48844269285905
      ],
      "corners": [
        [
          882.1968994140625,
          195.19644165039062
        ],
        [
          895.8894042968751,
          195.2275085449219
        ],
        [
          896.1636962890626,
          179.58934020996097
        ],
        [
          882.2827148437499,
          179.7294921875
        ]
      ],
      "homography": [
        [
          2.019888677491621,
          5.924193523940744,
          889.0947885681418
        ],
        [
          -1.0542799544176102,
          9.043831496504964,
          187.48844269285905
        ],
        [
          -0.005480803454973494,
          0.00676384851297504,
          1.0
        ]
      ]
    },
    {
      "tag_id": 20,
      "tag_family": "tag36h11",
      "hamming": 0,
      "decision_margin": 44.66097640991211,
      "center": [
        918.907004931078,
        187.6591669195508
      ],
      "corners": [
        [
          911.79443359375,
          195.3711395263672
        ],
        [
          925.9802856445312,
          195.8847351074219
        ],
        [
          926.098388671875,
          179.8617401123047
        ],
        [
          912.0943603515625,
          179.7366943359375
        ]
      ],
      "homography": [
        [
          -4.109226992383582,
          -6.197963286272739,
          918.907004931078
        ],
        [
          -2.1197926927730473,
          6.6686422624266015,
          187.6591669195508
        ],
        [
          -0.012139819853407093,
          -0.006629986870946549,
          1.0
        ]
      ]
    }
  ]
}
