{
  "image_file": "78f150886d4a_Tiger_shark_2025_Reefscape_Reveal_frame_003840.png",
  "image_sha256": "78f150886d4aa316e833ce11bfea64d471d82af19f8fca3fa63a512f12f7b454",
  "image_width": 1920,
  "image_height": 1080,
  "detector_config": {
    "library": "pupil-apriltags",
    "library_version": "1.0.4.post11",
    "family": "tag36h11",
    "nthreads": 4,
    "quad_decimate": 1.0,
    "quad_sigma": 0.0,
    "refine_edges": true,
    "decode_sharpening": 0.25
  },
  "detected_at": "2026-04-01T01:20:09.907542+00:00",
  "num_detections": 3,
  "detections": [
    {
      "tag_id": 19,
      "tag_family": "tag36h11",
      "hamming": 0,
      "decision_margin": 52.1051025390625,
      "center": [
        1119.1922626057033,
        924.6495324649401
      ],
      "corners": [
        [
          1097.6331787109375,
          974.1495971679688
        ],
        [
          1140.5311279296875,
          955.09228515625
        ],
        [
          1140.119384765625,
          876.6004638671875
        ],
        [
          1097.1402587890623,
          893.1893920898436
        ]
      ],
      "homography": [
        [
          38.98479569491474,
          1.0989499577806376,
          1119.1922626057033
        ],
        [
          5.564921734403692,
          40.574983055356256,
          924.6495324649401
        ],
        [
          0.015654867943351268,
          0.0007803523410236246,
          1.0
        ]
      ]
    },
    {
      "tag_id": 20,
      "tag_family": "tag36h11",
      "hamming": 0,
      "decision_margin": 59.12994384765625,
      "center": [
        719.0344614766915,
        981.4623028231454
      ],
      "corners": [
        [
          676.9828491210939,
          1024.7734375000002
        ],
        [
          764.8266601562499,
          1025.5943603515625
        ],
        [
          761.4793090820311,
          937.7461547851562
        ],
        [
          673.56298828125,
          937.6393432617189
        ]
      ],
      "homography": [
        [
          41.0027066444278,
          2.101682134383173,
          719.0344614766915
        ],
        [
          -3.7762274239544293,
          44.304066088791956,
          981.4623028231454
        ],
        [
          -0.00408406992507726,
          0.00056979663837149,
          1.0
        ]
      ]
    },
    {
      "tag_id": 21,
      "tag_family": "tag36h11",
      "hamming": 2,
      "decision_margin": 59.099510192871094,
      "center": [
        428.637705071594,
        914.0692051115858
      ],
      "corners": [
        [
          423.613250732422,
          944.493408203125
        ],
        [
          434.8558044433593,
          962.3369140625001
        ],
        [
          433.32135009765614,
          885.7086791992189
        ],
        [
          423.22772216796875,
          872.0744628906249
        ]
      ],
      "homography": [
        [
          -2.053690158445872,
          -21.94937063312284,
          428.637705071594
        ],
        [
          -7.939460191228021,
          -10.672329104866892,
          914.0692051115858
        ],
        [
          -0.01719565027890098,
          -0.05230131826684234,
          1.0
        ]
      ]
    }
  ],
  "ingest_metadata": {
    "original_name": "Tiger_shark_2025_Reefscape_Reveal_frame_003840.png",
    "source": "unknown",
    "dhash": "84a6a6a830589c0c",
    "ingested_at": "2026-04-01T01:20:09.905297+00:00"
  }
}
