{
  "image_file": "7970875c5233_2026_FIRST_Robotics_Competition_Field_Tour__Depot_and_Outpos.png",
  "image_sha256": "7970875c5233e8acaca4e1f572daa8ee1fad8d810837e17cf9763e893a01eea9",
  "image_width": 1920,
  "image_height": 1080,
  "detector_config": {
    "library": "pupil-apriltags",
    "library_version": "1.0.4.post11",
    "family": "tag36h11",
    "nthreads": 4,
    "quad_decimate": 1.0,
    "quad_sigma": 0.0,
    "refine_edges": true,
    "decode_sharpening": 0.25
  },
  "detected_at": "2026-04-01T00:06:10.568358+00:00",
  "num_detections": 2,
  "detections": [
    {
      "tag_id": 13,
      "tag_family": "tag36h11",
      "hamming": 0,
      "decision_margin": 72.41112518310547,
      "center": [
        617.6879874675145,
        592.9759998583382
      ],
      "corners": [
        [
          479.02972412109386,
          731.9863891601562
        ],
        [
          756.7153930664062,
          730.394714355469
        ],
        [
          756.1788940429686,
          454.13339233398426
        ],
        [
          477.9278564453126,
          454.83303833007784
        ]
      ],
      "homography": [
        [
          139.9818871726378,
          1.0343613043468338,
          617.6879874675145
        ],
        [
          0.3850005902965961,
          138.9533792647121,
          592.9759998583382
        ],
        [
          0.0016160541722481916,
          0.001012203289297128,
          1.0
        ]
      ]
    },
    {
      "tag_id": 14,
      "tag_family": "tag36h11",
      "hamming": 0,
      "decision_margin": 73.4769515991211,
      "center": [
        1338.276022573047,
        593.1733293211996
      ],
      "corners": [
        [
          1199.8713378906252,
          730.997802734375
        ],
        [
          1473.4781494140625,
          730.2373657226564
        ],
        [
          1476.5371093749995,
          455.49185180664057
        ],
        [
          1202.3782958984375,
          455.4041137695311
        ]
      ],
      "homography": [
        [
          139.00514773525515,
          -0.02230636324609921,
          1338.276022573047
        ],
        [
          0.7463238969333874,
          138.1913874014059,
          593.1733293211996
        ],
        [
          0.0015424368990006522,
          0.001023406736004675,
          1.0
        ]
      ]
    }
  ]
}
