{
  "image_file": "799c6098b2a6_Roman_II_Teaser_frame_000413.png",
  "image_sha256": "799c6098b2a679d7b8c888e5a00d5251ec3fc715a3034837f2bb7003d0913fd3",
  "image_width": 1920,
  "image_height": 1080,
  "detector_config": {
    "library": "pupil-apriltags",
    "library_version": "1.0.4.post11",
    "family": "tag36h11",
    "nthreads": 4,
    "quad_decimate": 1.0,
    "quad_sigma": 0.0,
    "refine_edges": true,
    "decode_sharpening": 0.25
  },
  "detected_at": "2026-04-01T04:57:55.504452+00:00",
  "num_detections": 4,
  "detections": [
    {
      "tag_id": 21,
      "tag_family": "tag36h11",
      "hamming": 0,
      "decision_margin": 60.23828125,
      "center": [
        628.4226666320773,
        476.9569667098463
      ],
      "corners": [
        [
          618.7526245117188,
          497.78045654296875
        ],
        [
          638.25,
          500.3846130371094
        ],
        [
          638.2372436523438,
          455.8222351074218
        ],
        [
          619.003662109375,
          454.50274658203125
        ]
      ],
      "homography": [
        [
          0.6832342927519909,
          -4.396964525761064,
          628.4226666320773
        ],
        [
          -5.852224859385902,
          18.663749181066237,
          476.9569667098463
        ],
        [
          -0.014316910636866175,
          -0.00689901353223977,
          1.0
        ]
      ]
    },
    {
      "tag_id": 24,
      "tag_family": "tag36h11",
      "hamming": 0,
      "decision_margin": 64.73767852783203,
      "center": [
        672.282520137656,
        479.8373013108049
      ],
      "corners": [
        [
          661.3860473632814,
          502.2155151367188
        ],
        [
          684.2051391601562,
          505.4088134765624
        ],
        [
          683.59765625,
          456.5992736816406
        ],
        [
          661.1425170898438,
          455.94433593750006
        ]
      ],
      "homography": [
        [
          -6.432679568320622,
          -4.862784341723796,
          672.282520137656
        ],
        [
          -11.71181338140349,
          20.132586573551748,
          479.8373013108049
        ],
        [
          -0.026391620407541727,
          -0.007542767985162103,
          1.0
        ]
      ]
    },
    {
      "tag_id": 25,
      "tag_family": "tag36h11",
      "hamming": 0,
      "decision_margin": 76.5219497680664,
      "center": [
        771.7981004435278,
        485.9359714712095
      ],
      "corners": [
        [
          750.7438354492189,
          509.5771789550782
        ],
        [
          791.5673828125,
          509.4795227050781
        ],
        [
          792.3948974609374,
          462.8084411621094
        ],
        [
          751.0319213867188,
          461.2052001953125
        ]
      ],
      "homography": [
        [
          34.268200159826506,
          4.968256736573385,
          771.7981004435278
        ],
        [
          9.014468573761857,
          27.058814180132856,
          485.9359714712095
        ],
        [
          0.0177882721458727,
          0.006804927308934773,
          1.0
        ]
      ]
    },
    {
      "tag_id": 26,
      "tag_family": "tag36h11",
      "hamming": 0,
      "decision_margin": 72.24324798583984,
      "center": [
        854.2409009773502,
        486.99369094454306
      ],
      "corners": [
        [
          835.564208984375,
          508.8228454589843
        ],
        [
          870.1816406249999,
          508.61447143554693
        ],
        [
          872.3358154296875,
          465.84451293945324
        ],
        [
          837.4537353515626,
          464.2248840332031
        ]
      ],
      "homography": [
        [
          35.1711484062489,
          3.274677960818285,
          854.2409009773502
        ],
        [
          10.497977644615613,
          24.276852819433373,
          486.99369094454306
        ],
        [
          0.020841947819853934,
          0.005020568313275869,
          1.0
        ]
      ]
    }
  ]
}
