{
  "image_file": "79e715ed6a05_PC000001_MOV-0149_jpg_rf_0d18af5031155a0f8109d0a5b8cdf4ba.png",
  "image_sha256": "79e715ed6a054ee6e87a1caed4b377186c5d81fa64d81f1975acd7024531e662",
  "image_width": 640,
  "image_height": 360,
  "detector_config": {
    "library": "pupil-apriltags",
    "library_version": "1.0.4.post11",
    "family": "tag36h11",
    "nthreads": 4,
    "quad_decimate": 1.0,
    "quad_sigma": 0.0,
    "refine_edges": true,
    "decode_sharpening": 0.25
  },
  "detected_at": "2026-03-24T14:12:37.406364+00:00",
  "num_detections": 3,
  "detections": [
    {
      "tag_id": 9,
      "tag_family": "tag36h11",
      "hamming": 0,
      "decision_margin": 88.26976776123047,
      "center": [
        140.1905034914396,
        165.05120036826952
      ],
      "corners": [
        [
          116.26096343994135,
          194.99339294433597
        ],
        [
          159.30702209472656,
          197.12420654296872
        ],
        [
          165.62379455566412,
          133.22741699218747
        ],
        [
          122.15957641601561,
          134.799560546875
        ]
      ],
      "homography": [
        [
          17.424404829794355,
          -2.9634513765555517,
          140.1905034914396
        ],
        [
          -4.78502147910169,
          31.09729862789112,
          165.05120036826952
        ],
        [
          -0.029843539300624947,
          0.0006196853308992011,
          1.0
        ]
      ]
    },
    {
      "tag_id": 10,
      "tag_family": "tag36h11",
      "hamming": 0,
      "decision_margin": 89.84506225585938,
      "center": [
        248.45392708954182,
        165.05121436153698
      ],
      "corners": [
        [
          218.11756896972648,
          199.09992980957028
        ],
        [
          274.95196533203125,
          201.7362213134766
        ],
        [
          280.67285156250006,
          128.88955688476565
        ],
        [
          223.83938598632812,
          130.97380065917966
        ]
      ],
      "homography": [
        [
          20.06914869584662,
          -3.703082793052059,
          248.45392708954182
        ],
        [
          -5.39474203560042,
          34.64577479574112,
          165.05121436153698
        ],
        [
          -0.03347220744538087,
          -0.003377764976018423,
          1.0
        ]
      ]
    },
    {
      "tag_id": 11,
      "tag_family": "tag36h11",
      "hamming": 0,
      "decision_margin": 56.54353332519531,
      "center": [
        547.4784306985581,
        182.0982880918999
      ],
      "corners": [
        [
          539.0765991210938,
          218.95758056640625
        ],
        [
          551.4883422851562,
          222.4244995117187
        ],
        [
          554.9683837890625,
          149.23945617675784
        ],
        [
          542.904296875,
          136.09790039062509
        ]
      ],
      "homography": [
        [
          39.796550237961924,
          0.46223600781764196,
          547.4784306985581
        ],
        [
          15.325296370819553,
          39.620694264137256,
          182.0982880918999
        ],
        [
          0.06155483632692668,
          0.004174340302591782,
          1.0
        ]
      ]
    }
  ],
  "ingest_metadata": {
    "original_name": "PC000001_MOV-0149_jpg_rf_0d18af5031155a0f8109d0a5b8cdf4ba.png",
    "source": "unknown",
    "dhash": "7c62bcd2f23e123a",
    "ingested_at": "2026-03-24T14:12:37.389448+00:00"
  }
}
