{
  "image_file": "7a3292f6d465_38_Robot_Reveals____FRC_Premiere_Night___REEFSCAPE_25___Bonu.png",
  "image_sha256": "7a3292f6d465c77476628faa6245a3194f08a19b7e1535ba82748a36c8c9d6ea",
  "image_width": 1920,
  "image_height": 1080,
  "detector_config": {
    "library": "pupil-apriltags",
    "library_version": "1.0.4.post11",
    "family": "tag36h11",
    "nthreads": 4,
    "quad_decimate": 1.0,
    "quad_sigma": 0.0,
    "refine_edges": true,
    "decode_sharpening": 0.25
  },
  "detected_at": "2026-04-01T01:08:18.518709+00:00",
  "num_detections": 2,
  "detections": [
    {
      "tag_id": 12,
      "tag_family": "tag36h11",
      "hamming": 0,
      "decision_margin": 74.60787963867188,
      "center": [
        403.0759513698245,
        219.25591097850298
      ],
      "corners": [
        [
          383.70648193359375,
          241.60740661621094
        ],
        [
          425.19824218750006,
          241.7199554443359
        ],
        [
          422.41735839843744,
          196.93679809570312
        ],
        [
          380.8315124511719,
          196.66783142089847
        ]
      ],
      "homography": [
        [
          21.470275467184933,
          1.8226483480250435,
          403.0759513698245
        ],
        [
          0.4765930152761627,
          22.65294186874368,
          219.25591097850298
        ],
        [
          0.0017390347233113995,
          0.0010141116479246955,
          1.0
        ]
      ]
    },
    {
      "tag_id": 21,
      "tag_family": "tag36h11",
      "hamming": 0,
      "decision_margin": 71.22952270507812,
      "center": [
        1438.3205398881728,
        755.7293683130408
      ],
      "corners": [
        [
          1374.63525390625,
          822.24560546875
        ],
        [
          1509.4136962890625,
          818.8604125976562
        ],
        [
          1502.974365234375,
          688.2015380859376
        ],
        [
          1367.8167724609375,
          693.1217041015626
        ]
      ],
      "homography": [
        [
          59.06080393669322,
          5.749505597015521,
          1438.3205398881728
        ],
        [
          -6.499454657092209,
          66.2220400211371,
          755.7293683130408
        ],
        [
          -0.00585458106910022,
          0.001692139133779539,
          1.0
        ]
      ]
    }
  ],
  "ingest_metadata": {
    "original_name": "38_Robot_Reveals____FRC_Premiere_Night___REEFSCAPE_25___Bonu.png",
    "source": "unknown",
    "dhash": "f4c5250d4b393919",
    "ingested_at": "2026-04-01T01:08:18.515297+00:00"
  }
}
