{
  "image_file": "7b947692221d_FRC_1736_Robot_2025_frame_000912.png",
  "image_sha256": "7b947692221dd51db8bc82838c26b2ac4349d858fade974d3542064bf54ba3a7",
  "image_width": 1920,
  "image_height": 1080,
  "detector_config": {
    "library": "pupil-apriltags",
    "library_version": "1.0.4.post11",
    "family": "tag36h11",
    "nthreads": 4,
    "quad_decimate": 1.0,
    "quad_sigma": 0.0,
    "refine_edges": true,
    "decode_sharpening": 0.25
  },
  "detected_at": "2026-04-01T01:37:36.760080+00:00",
  "num_detections": 3,
  "detections": [
    {
      "tag_id": 2,
      "tag_family": "tag36h11",
      "hamming": 0,
      "decision_margin": 68.18115997314453,
      "center": [
        1243.6801695863207,
        253.67828134662656
      ],
      "corners": [
        [
          1227.7930908203125,
          267.85678100585943
        ],
        [
          1257.091552734375,
          269.78320312499994
        ],
        [
          1259.61181640625,
          239.46000671386716
        ],
        [
          1230.4093017578125,
          237.74209594726568
        ]
      ],
      "homography": [
        [
          10.479277258212733,
          -3.688048511159194,
          1243.6801695863207
        ],
        [
          0.06524692524902596,
          14.618929915654064,
          253.67828134662656
        ],
        [
          -0.003333466577855293,
          -0.001932780249275927,
          1.0
        ]
      ]
    },
    {
      "tag_id": 6,
      "tag_family": "tag36h11",
      "hamming": 0,
      "decision_margin": 52.08427810668945,
      "center": [
        666.1964277575372,
        684.3089236582459
      ],
      "corners": [
        [
          638.4185791015625,
          718.2003784179689
        ],
        [
          690.9952392578125,
          710.1662597656249
        ],
        [
          693.7794189453127,
          650.6552124023438
        ],
        [
          640.7409057617189,
          657.7668457031251
        ]
      ],
      "homography": [
        [
          31.926746211632008,
          1.901810475218444,
          666.1964277575372
        ],
        [
          1.8870245743166794,
          33.25057860505319,
          684.3089236582459
        ],
        [
          0.008293754724797677,
          0.004773983912987814,
          1.0
        ]
      ]
    },
    {
      "tag_id": 11,
      "tag_family": "tag36h11",
      "hamming": 0,
      "decision_margin": 60.79417419433594,
      "center": [
        323.07302960061793,
        681.789105216932
      ],
      "corners": [
        [
          297.744842529297,
          706.3252563476562
        ],
        [
          349.07546997070307,
          716.5614013671874
        ],
        [
          348.91662597656244,
          656.7536621093751
        ],
        [
          297.0650939941406,
          647.0094604492189
        ]
      ],
      "homography": [
        [
          24.184291086107294,
          1.8550313904837055,
          323.07302960061793
        ],
        [
          1.5988242053803066,
          33.2491813435488,
          681.789105216932
        ],
        [
          -0.004983241120982791,
          0.005088897661412068,
          1.0
        ]
      ]
    }
  ]
}
