{
  "image_file": "7c1908f1784b_FRC_ROBOT_POV_-_Southern_Cross_2024_frame_001547.png",
  "image_sha256": "7c1908f1784be317eb85e3106bf446232bd2e4c66ad2c2acdeff9d9bd3d69499",
  "image_width": 1920,
  "image_height": 1080,
  "detector_config": {
    "library": "pupil-apriltags",
    "library_version": "1.0.4.post11",
    "family": "tag36h11",
    "nthreads": 4,
    "quad_decimate": 1.0,
    "quad_sigma": 0.0,
    "refine_edges": true,
    "decode_sharpening": 0.25
  },
  "detected_at": "2026-04-01T16:13:19.722789+00:00",
  "num_detections": 2,
  "detections": [
    {
      "tag_id": 1,
      "tag_family": "tag36h11",
      "hamming": 0,
      "decision_margin": 57.99349594116211,
      "center": [
        870.2929312755683,
        508.8851354802277
      ],
      "corners": [
        [
          863.930480957031,
          518.1445922851561
        ],
        [
          877.1893920898438,
          517.0953369140625
        ],
        [
          876.99658203125,
          499.1291198730469
        ],
        [
          863.4420166015624,
          500.72915649414057
        ]
      ],
      "homography": [
        [
          -6.103728144300022,
          10.093991253485797,
          870.2929312755683
        ],
        [
          -8.146477267640309,
          14.643501028553315,
          508.8851354802277
        ],
        [
          -0.0147132438098215,
          0.011400164865528889,
          1.0
        ]
      ]
    },
    {
      "tag_id": 2,
      "tag_family": "tag36h11",
      "hamming": 2,
      "decision_margin": 47.980934143066406,
      "center": [
        776.9121820245509,
        519.1494874943
      ],
      "corners": [
        [
          771.8156738281251,
          526.98095703125
        ],
        [
          781.8334350585938,
          526.1782836914062
        ],
        [
          782.7117309570311,
          510.2377014160157
        ],
        [
          771.4573974609376,
          511.3586730957031
        ]
      ],
      "homography": [
        [
          0.20992082557870068,
          44.91288164872765,
          776.9121820245509
        ],
        [
          -3.8744643645009136,
          37.95912865022092,
          519.1494874943
        ],
        [
          -0.0065514533005111225,
          0.057971036599926674,
          1.0
        ]
      ]
    }
  ]
}
