{
  "image_file": "7c60f8f8bdc9_FRC_Team_8169___ARIES___Robot_Reveal_2025_frame_000540.png",
  "image_sha256": "7c60f8f8bdc9275b134111dd9a1f83a9461448181ea16860cc695da47a7d435d",
  "image_width": 1920,
  "image_height": 1080,
  "detector_config": {
    "library": "pupil-apriltags",
    "library_version": "1.0.4.post11",
    "family": "tag36h11",
    "nthreads": 4,
    "quad_decimate": 1.0,
    "quad_sigma": 0.0,
    "refine_edges": true,
    "decode_sharpening": 0.25
  },
  "detected_at": "2026-04-01T01:45:39.449350+00:00",
  "num_detections": 4,
  "detections": [
    {
      "tag_id": 3,
      "tag_family": "tag36h11",
      "hamming": 0,
      "decision_margin": 86.65426635742188,
      "center": [
        1415.1818375871737,
        553.3741486733119
      ],
      "corners": [
        [
          1405.4285888671875,
          565.2835693359375
        ],
        [
          1423.8120117187502,
          566.2679443359376
        ],
        [
          1425.01806640625,
          541.3634033203126
        ],
        [
          1406.4024658203125,
          540.2574462890626
        ]
      ],
      "homography": [
        [
          12.315992565284203,
          8.516072786085262,
          1415.1818375871737
        ],
        [
          1.7213530867866191,
          16.025288177065704,
          553.3741486733119
        ],
        [
          0.002166961270049974,
          0.006402913909654211,
          1.0
        ]
      ]
    },
    {
      "tag_id": 14,
      "tag_family": "tag36h11",
      "hamming": 0,
      "decision_margin": 65.99617767333984,
      "center": [
        1192.8089718712556,
        406.8133414814012
      ],
      "corners": [
        [
          1188.4715576171877,
          424.249755859375
        ],
        [
          1210.5479736328125,
          422.42492675781256
        ],
        [
          1197.2215576171875,
          389.07473754882807
        ],
        [
          1175.455322265625,
          391.5408935546874
        ]
      ],
      "homography": [
        [
          -0.7133973526038069,
          5.159380396061351,
          1192.8089718712556
        ],
        [
          -5.054107803834201,
          16.027047953665374,
          406.8133414814012
        ],
        [
          -0.009786010276795699,
          -0.0011949826352054818,
          1.0
        ]
      ]
    },
    {
      "tag_id": 17,
      "tag_family": "tag36h11",
      "hamming": 0,
      "decision_margin": 57.73569107055664,
      "center": [
        205.45264802579104,
        1000.3778758583569
      ],
      "corners": [
        [
          155.3603515625,
          1046.5350341796877
        ],
        [
          251.0039367675781,
          1050.53955078125
        ],
        [
          256.0661926269531,
          953.7404174804689
        ],
        [
          160.15652465820312,
          950.4971923828126
        ]
      ],
      "homography": [
        [
          47.06722361354747,
          -2.2209358394671255,
          205.45264802579104
        ],
        [
          -2.1814850670873573,
          49.392483560547475,
          1000.3778758583569
        ],
        [
          -0.003992336079520706,
          0.0011836113368504369,
          1.0
        ]
      ]
    },
    {
      "tag_id": 22,
      "tag_family": "tag36h11",
      "hamming": 0,
      "decision_margin": 58.25554656982422,
      "center": [
        669.7187710861998,
        960.722518953844
      ],
      "corners": [
        [
          639.6669921874999,
          1011.2990112304688
        ],
        [
          695.0023193359375,
          994.8052978515624
        ],
        [
          698.4758300781251,
          912.3250122070311
        ],
        [
          643.5532836914062,
          925.4508666992189
        ]
      ],
      "homography": [
        [
          40.665897066167076,
          -3.468622083786608,
          669.7187710861998
        ],
        [
          11.411863870088036,
          39.723863112915865,
          960.722518953844
        ],
        [
          0.019578866310688166,
          -0.0024368706637871666,
          1.0
        ]
      ]
    }
  ],
  "ingest_metadata": {
    "original_name": "FRC_Team_8169___ARIES___Robot_Reveal_2025_frame_000540.png",
    "source": "unknown",
    "dhash": "7d2ee8f8dc9d49cc",
    "ingested_at": "2026-04-01T01:45:39.445296+00:00"
  }
}
