{
  "image_file": "7c669318c4dc_FRC_5026_Robot_Reveal__The_Grim_Reefer_frame_002065.png",
  "image_sha256": "7c669318c4dcf5ed047556db77ae20c97bbf2a8ed6ad0e8247875d4451fd4b95",
  "image_width": 1920,
  "image_height": 1080,
  "detector_config": {
    "library": "pupil-apriltags",
    "library_version": "1.0.4.post11",
    "family": "tag36h11",
    "nthreads": 4,
    "quad_decimate": 1.0,
    "quad_sigma": 0.0,
    "refine_edges": true,
    "decode_sharpening": 0.25
  },
  "detected_at": "2026-04-01T02:30:12.563210+00:00",
  "num_detections": 3,
  "detections": [
    {
      "tag_id": 4,
      "tag_family": "tag36h11",
      "hamming": 0,
      "decision_margin": 47.10437774658203,
      "center": [
        612.6073227064406,
        133.2589419643792
      ],
      "corners": [
        [
          588.7406005859376,
          152.63551330566406
        ],
        [
          622.7951660156249,
          155.7344970703125
        ],
        [
          636.5827636718748,
          113.79410552978518
        ],
        [
          601.9832153320311,
          109.82093811035158
        ]
      ],
      "homography": [
        [
          22.88591672079974,
          0.3570772111810384,
          612.6073227064406
        ],
        [
          3.008331782842558,
          22.731759445658156,
          133.2589419643792
        ],
        [
          0.00934487083859199,
          0.011617319196243488,
          1.0
        ]
      ]
    },
    {
      "tag_id": 6,
      "tag_family": "tag36h11",
      "hamming": 0,
      "decision_margin": 62.01799774169922,
      "center": [
        1241.7775397454996,
        760.7173086345653
      ],
      "corners": [
        [
          1186.9339599609377,
          816.2222290039064
        ],
        [
          1299.53173828125,
          815.9761352539064
        ],
        [
          1297.4167480468748,
          704.4071655273436
        ],
        [
          1183.8825683593748,
          705.3237915039061
        ]
      ],
      "homography": [
        [
          52.81602936124091,
          6.520011803153472,
          1241.7775397454996
        ],
        [
          -2.5653904166936243,
          58.81745621340781,
          760.7173086345653
        ],
        [
          -0.0029920696561248953,
          0.004209310129786601,
          1.0
        ]
      ]
    },
    {
      "tag_id": 11,
      "tag_family": "tag36h11",
      "hamming": 0,
      "decision_margin": 23.14509391784668,
      "center": [
        797.8586965133172,
        726.3880829041807
      ],
      "corners": [
        [
          783.3568115234375,
          766.6554565429688
        ],
        [
          817.5986938476562,
          780.0305786132812
        ],
        [
          813.8226318359376,
          682.0610351562501
        ],
        [
          778.0682373046875,
          672.6084594726562
        ]
      ],
      "homography": [
        [
          -1.1538039105395255,
          21.937491758908436,
          797.8586965133172
        ],
        [
          -11.210414668271492,
          65.84864400767015,
          726.3880829041807
        ],
        [
          -0.023356662283097327,
          0.02463319381608972,
          1.0
        ]
      ]
    }
  ],
  "ingest_metadata": {
    "original_name": "FRC_5026_Robot_Reveal__The_Grim_Reefer_frame_002065.png",
    "source": "unknown",
    "dhash": "f9db5b0b383edbcd",
    "ingested_at": "2026-04-01T02:30:12.555299+00:00"
  }
}
