{
  "image_file": "7cf1fc07837e_PC000015_MOV-0027_jpg_rf_c997454fb3533dc62c34faca990debd7.png",
  "image_sha256": "7cf1fc07837ec081b4d50bace2baa914e08304dabb39d2f3dd09a236cb6d6f38",
  "image_width": 640,
  "image_height": 360,
  "detector_config": {
    "library": "pupil-apriltags",
    "library_version": "1.0.4.post11",
    "family": "tag36h11",
    "nthreads": 4,
    "quad_decimate": 1.0,
    "quad_sigma": 0.0,
    "refine_edges": true,
    "decode_sharpening": 0.25
  },
  "detected_at": "2026-03-24T14:14:23.137444+00:00",
  "num_detections": 2,
  "detections": [
    {
      "tag_id": 31,
      "tag_family": "tag36h11",
      "hamming": 0,
      "decision_margin": 73.06814575195312,
      "center": [
        203.2600976475323,
        173.07886167790528
      ],
      "corners": [
        [
          184.4240417480469,
          207.43412780761716
        ],
        [
          239.83074951171872,
          195.70655822753906
        ],
        [
          221.33996582031244,
          140.10281372070312
        ],
        [
          164.40635681152344,
          149.03852844238278
        ]
      ],
      "homography": [
        [
          33.22205639475257,
          10.608248742223058,
          203.2600976475323
        ],
        [
          -0.7772298436507619,
          29.328944722191295,
          173.07886167790528
        ],
        [
          0.025376977224945182,
          0.004892924727033054,
          1.0
        ]
      ]
    },
    {
      "tag_id": 32,
      "tag_family": "tag36h11",
      "hamming": 0,
      "decision_margin": 72.63138580322266,
      "center": [
        335.02520692149324,
        149.5070797407137
      ],
      "corners": [
        [
          321.1199340820312,
          179.1556854248047
        ],
        [
          363.4355163574219,
          170.19723510742185
        ],
        [
          348.42507934570324,
          120.93608093261719
        ],
        [
          305.01025390625006,
          127.64832305908207
        ]
      ],
      "homography": [
        [
          29.120510098355453,
          9.271516891776631,
          335.02520692149324
        ],
        [
          -0.4839733404378453,
          25.848577551264725,
          149.5070797407137
        ],
        [
          0.02298712010177417,
          0.004477772857082589,
          1.0
        ]
      ]
    }
  ]
}
