{
  "image_file": "7e493577f6e0_Ri3D_Robot_Reveal_-_REBUILT___Georgia_Tech_RoboJackets_Ri3D_.png",
  "image_sha256": "7e493577f6e068b5ca4c25ab0e47c0f21bddc3389bf595effb03d0345be37e26",
  "image_width": 1920,
  "image_height": 1080,
  "detector_config": {
    "library": "pupil-apriltags",
    "library_version": "1.0.4.post11",
    "family": "tag36h11",
    "nthreads": 4,
    "quad_decimate": 1.0,
    "quad_sigma": 0.0,
    "refine_edges": true,
    "decode_sharpening": 0.25
  },
  "detected_at": "2026-04-01T03:29:14.964321+00:00",
  "num_detections": 2,
  "detections": [
    {
      "tag_id": 9,
      "tag_family": "tag36h11",
      "hamming": 0,
      "decision_margin": 41.833187103271484,
      "center": [
        1037.7495944763868,
        611.6381017450984
      ],
      "corners": [
        [
          1018.7183837890624,
          630.526611328125
        ],
        [
          1056.4632568359375,
          630.3632202148439
        ],
        [
          1056.585205078125,
          592.9437255859375
        ],
        [
          1018.8757934570311,
          592.7527465820311
        ]
      ],
      "homography": [
        [
          23.75401076610683,
          -0.5393633739251953,
          1037.7495944763868
        ],
        [
          2.889597266978169,
          18.521137953704283,
          611.6381017450984
        ],
        [
          0.004712950775145453,
          -0.0004525233504271883,
          1.0
        ]
      ]
    },
    {
      "tag_id": 10,
      "tag_family": "tag36h11",
      "hamming": 0,
      "decision_margin": 39.21114730834961,
      "center": [
        1101.6978833545832,
        611.2147960539603
      ],
      "corners": [
        [
          1082.728271484375,
          630.4597167968749
        ],
        [
          1120.7890625,
          630.3115234375001
        ],
        [
          1120.3675537109373,
          592.274169921875
        ],
        [
          1082.9857177734375,
          592.4971923828124
        ]
      ],
      "homography": [
        [
          17.725966560503366,
          -9.871736432342912,
          1101.6978833545832
        ],
        [
          -0.7218081448947958,
          13.499078379149296,
          611.2147960539603
        ],
        [
          -0.0010285420873250917,
          -0.008997384639860839,
          1.0
        ]
      ]
    }
  ]
}
