{
  "image_file": "7e5d3250befe_Team_6036___Peninsula_Robotics___2025_Robot_frame_000624.png",
  "image_sha256": "7e5d3250befe2492de3cd396f97d92d16222ada3911e6dbfaed6201b9e5f4469",
  "image_width": 1920,
  "image_height": 1080,
  "detector_config": {
    "library": "pupil-apriltags",
    "library_version": "1.0.4.post11",
    "family": "tag36h11",
    "nthreads": 4,
    "quad_decimate": 1.0,
    "quad_sigma": 0.0,
    "refine_edges": true,
    "decode_sharpening": 0.25
  },
  "detected_at": "2026-04-01T02:11:26.134669+00:00",
  "num_detections": 2,
  "detections": [
    {
      "tag_id": 20,
      "tag_family": "tag36h11",
      "hamming": 0,
      "decision_margin": 66.80464172363281,
      "center": [
        968.9619932652258,
        850.1600797342048
      ],
      "corners": [
        [
          948.5937499999998,
          900.6627807617188
        ],
        [
          988.4669189453126,
          886.5277099609375
        ],
        [
          988.7442626953127,
          801.1102905273436
        ],
        [
          948.7462158203126,
          812.4670410156251
        ]
      ],
      "homography": [
        [
          35.70360405962629,
          1.491175991713594,
          968.9619932652258
        ],
        [
          7.437556652798998,
          44.79559803885218,
          850.1600797342048
        ],
        [
          0.016245341507980435,
          0.001650911803286847,
          1.0
        ]
      ]
    },
    {
      "tag_id": 21,
      "tag_family": "tag36h11",
      "hamming": 0,
      "decision_margin": 76.5533676147461,
      "center": [
        535.3465328379343,
        906.3222546429473
      ],
      "corners": [
        [
          483.6307373046874,
          958.4952392578125
        ],
        [
          586.5864868164062,
          953.0779418945311
        ],
        [
          586.4259643554689,
          854.7912597656251
        ],
        [
          483.72540283203136,
          859.2187500000001
        ]
      ],
      "homography": [
        [
          54.06172404848667,
          -0.6480353772772038,
          535.3465328379343
        ],
        [
          2.0241087331503365,
          48.26343380958258,
          906.3222546429473
        ],
        [
          0.00494816745833762,
          -0.0012424314047590065,
          1.0
        ]
      ]
    }
  ]
}
