{
  "image_file": "7e8e804164c9_FRC_27_Team_RUSH_-_Robot_Reveal_2024_frame_001175.png",
  "image_sha256": "7e8e804164c906fc2c28ad98d411c1e27a3015400e6e921e20b046735aef858d",
  "image_width": 1920,
  "image_height": 1080,
  "detector_config": {
    "library": "pupil-apriltags",
    "library_version": "1.0.4.post11",
    "family": "tag36h11",
    "nthreads": 4,
    "quad_decimate": 1.0,
    "quad_sigma": 0.0,
    "refine_edges": true,
    "decode_sharpening": 0.25
  },
  "detected_at": "2026-04-01T00:23:24.311777+00:00",
  "num_detections": 4,
  "detections": [
    {
      "tag_id": 7,
      "tag_family": "tag36h11",
      "hamming": 0,
      "decision_margin": 86.84684753417969,
      "center": [
        1311.2838127342272,
        381.36378608346314
      ],
      "corners": [
        [
          1300.4847412109373,
          392.75927734375006
        ],
        [
          1322.7698974609375,
          392.2544860839844
        ],
        [
          1322.6608886718752,
          369.3583679199218
        ],
        [
          1299.9661865234375,
          370.6328125
        ]
      ],
      "homography": [
        [
          -10.691362866101146,
          12.405711122319415,
          1311.2838127342272
        ],
        [
          -6.8197380046347025,
          14.812725050893505,
          381.36378608346314
        ],
        [
          -0.016725784171782648,
          0.009338455136514375,
          1.0
        ]
      ]
    },
    {
      "tag_id": 8,
      "tag_family": "tag36h11",
      "hamming": 0,
      "decision_margin": 83.08783721923828,
      "center": [
        1234.581615700318,
        383.7460759933591
      ],
      "corners": [
        [
          1223.9483642578127,
          395.1686401367188
        ],
        [
          1245.7928466796877,
          394.57568359374994
        ],
        [
          1245.2640380859375,
          372.2706909179688
        ],
        [
          1223.7174072265625,
          373.251678466797
        ]
      ],
      "homography": [
        [
          -0.2812950679472114,
          -8.091145482704178,
          1234.581615700318
        ],
        [
          -3.853599751374589,
          8.480538423437338,
          383.7460759933591
        ],
        [
          -0.009013321683087177,
          -0.006706524182311556,
          1.0
        ]
      ]
    },
    {
      "tag_id": 10,
      "tag_family": "tag36h11",
      "hamming": 0,
      "decision_margin": 68.77362823486328,
      "center": [
        603.4240619830543,
        412.1411274177628
      ],
      "corners": [
        [
          594.1320190429686,
          422.3008422851562
        ],
        [
          613.4345703125001,
          422.2154235839843
        ],
        [
          612.8184814453126,
          401.8694763183594
        ],
        [
          593.7842407226561,
          402.4398803710938
        ]
      ],
      "homography": [
        [
          2.237790354471827,
          -3.799213268310495,
          603.4240619830543
        ],
        [
          -5.181898678708422,
          7.2914532277773665,
          412.1411274177628
        ],
        [
          -0.012171405997122168,
          -0.006692759479220913,
          1.0
        ]
      ]
    },
    {
      "tag_id": 14,
      "tag_family": "tag36h11",
      "hamming": 0,
      "decision_margin": 111.66181182861328,
      "center": [
        694.8989001800919,
        382.33412536328996
      ],
      "corners": [
        [
          679.9696044921875,
          402.04125976562494
        ],
        [
          711.0731811523438,
          400.7943420410157
        ],
        [
          710.0491943359375,
          362.33526611328125
        ],
        [
          678.7706298828126,
          363.92642211914057
        ]
      ],
      "homography": [
        [
          12.54746348300921,
          2.613988603168083,
          694.8989001800919
        ],
        [
          -2.385821335942526,
          20.27515994126429,
          382.33412536328996
        ],
        [
          -0.004385745156213078,
          0.0029613785608744968,
          1.0
        ]
      ]
    }
  ]
}
