{
  "image_file": "7ea93fd5e571_SingTown_-_OpenMV_Cam_video_tutorial_11_-_Apriltag_frame_029000.png",
  "image_sha256": "7ea93fd5e5714b40210c59aa29a3db07fc3344a891d8ce0ac4affdc3e37581d4",
  "image_width": 1920,
  "image_height": 1080,
  "detector_config": {
    "library": "pupil-apriltags",
    "library_version": "1.0.4.post11",
    "family": "tag36h11",
    "nthreads": 4,
    "quad_decimate": 1.0,
    "quad_sigma": 0.0,
    "refine_edges": true,
    "decode_sharpening": 0.25
  },
  "detected_at": "2026-04-11T20:47:42.634382+00:00",
  "num_detections": 3,
  "detections": [
    {
      "tag_id": 6,
      "tag_family": "tag36h11",
      "hamming": 0,
      "decision_margin": 29.87914276123047,
      "center": [
        684.8928527810014,
        242.92691211112648
      ],
      "corners": [
        [
          633.9345703125,
          267.3348083496094
        ],
        [
          719.1082763671875,
          273.6647033691407
        ],
        [
          732.5911865234376,
          220.0804595947266
        ],
        [
          647.8480224609375,
          209.6472930908203
        ]
      ],
      "homography": [
        [
          67.33671527856939,
          -4.56891237842182,
          684.8928527810014
        ],
        [
          13.014735007109945,
          28.588983778414104,
          242.92691211112648
        ],
        [
          0.03637432215203487,
          0.0033309353902689267,
          1.0
        ]
      ]
    },
    {
      "tag_id": 7,
      "tag_family": "tag36h11",
      "hamming": 2,
      "decision_margin": 64.38919830322266,
      "center": [
        1440.2754694224097,
        396.33459988163906
      ],
      "corners": [
        [
          1469.6700439453127,
          366.914794921875
        ],
        [
          1410.9154052734377,
          366.9434509277344
        ],
        [
          1410.9698486328125,
          425.66537475585943
        ],
        [
          1469.5728759765623,
          425.6630249023437
        ]
      ],
      "homography": [
        [
          -29.017323261930642,
          -1.8498731368340486,
          1440.2754694224097
        ],
        [
          0.096354136355842,
          -29.87947011158326,
          396.33459988163906
        ],
        [
          0.000223598065974136,
          -0.0012917926892376164,
          1.0
        ]
      ]
    },
    {
      "tag_id": 7,
      "tag_family": "tag36h11",
      "hamming": 0,
      "decision_margin": 77.13427734375,
      "center": [
        999.1718234049147,
        186.64521911003243
      ],
      "corners": [
        [
          954.962158203125,
          216.42010498046875
        ],
        [
          1040.6038818359377,
          222.78216552734378
        ],
        [
          1045.8232421875,
          155.225830078125
        ],
        [
          957.5958862304688,
          150.38278198242185
        ]
      ],
      "homography": [
        [
          30.891128810302916,
          12.344620672739783,
          999.1718234049147
        ],
        [
          0.4661250085620976,
          36.05697237889777,
          186.64521911003243
        ],
        [
          -0.01257008438577011,
          0.014303396247760756,
          1.0
        ]
      ]
    }
  ],
  "ingest_metadata": {
    "original_name": "SingTown - OpenMV Cam video tutorial 11 - Apriltag_frame_029000.png",
    "source": "SingTown - OpenMV Cam video tutorial 11 - Apriltag.mp4",
    "dhash": "90d2ecccb4c48cf0",
    "ingested_at": "2026-04-11T20:47:42.634410+00:00"
  }
}
