{
  "image_file": "7edbece4302c_SF7_-_WPI_-_190_POV_frame_003840.png",
  "image_sha256": "7edbece4302ce9883778964f72058366831e4bffd9930e00054b6bbc966d927a",
  "image_width": 1920,
  "image_height": 1080,
  "detector_config": {
    "library": "pupil-apriltags",
    "library_version": "1.0.4.post11",
    "family": "tag36h11",
    "nthreads": 4,
    "quad_decimate": 1.0,
    "quad_sigma": 0.0,
    "refine_edges": true,
    "decode_sharpening": 0.25
  },
  "detected_at": "2026-04-01T15:09:50.191511+00:00",
  "num_detections": 2,
  "detections": [
    {
      "tag_id": 2,
      "tag_family": "tag36h11",
      "hamming": 0,
      "decision_margin": 54.34109115600586,
      "center": [
        1578.6920733716029,
        268.5582581464654
      ],
      "corners": [
        [
          1561.5230712890625,
          281.7593688964844
        ],
        [
          1588.5823974609375,
          281.97982788085943
        ],
        [
          1596.7984619140627,
          254.63639831542974
        ],
        [
          1567.9375,
          253.96386718749997
        ]
      ],
      "homography": [
        [
          26.033290239161026,
          50.35923854395264,
          1578.6920733716029
        ],
        [
          2.2687854252141593,
          22.957195753761937,
          268.5582581464654
        ],
        [
          0.007644613370858606,
          0.03421799621116291,
          1.0
        ]
      ]
    },
    {
      "tag_id": 6,
      "tag_family": "tag36h11",
      "hamming": 0,
      "decision_margin": 67.85101318359375,
      "center": [
        624.2819401499175,
        726.8748497433755
      ],
      "corners": [
        [
          585.8956298828125,
          772.6511840820312
        ],
        [
          678.7778930664064,
          766.2319335937501
        ],
        [
          664.1591796874999,
          679.320556640625
        ],
        [
          567.0054321289061,
          685.5096435546874
        ]
      ],
      "homography": [
        [
          49.3033966497926,
          22.078462862760723,
          624.2819401499175
        ],
        [
          -1.0384233619742036,
          59.45700139734015,
          726.8748497433755
        ],
        [
          0.0029134071549359953,
          0.021963517636738962,
          1.0
        ]
      ]
    }
  ]
}
