{
  "image_file": "8060b679bceb_GreenBlitz_4590_2026_Robot_Reveal_-_Whopper_frame_001711.png",
  "image_sha256": "8060b679bcebbfb328470cba7c5fb32ca3daa2f35338150bce1767e3fd20f5e6",
  "image_width": 1920,
  "image_height": 1080,
  "detector_config": {
    "library": "pupil-apriltags",
    "library_version": "1.0.4.post11",
    "family": "tag36h11",
    "nthreads": 4,
    "quad_decimate": 1.0,
    "quad_sigma": 0.0,
    "refine_edges": true,
    "decode_sharpening": 0.25
  },
  "detected_at": "2026-04-01T04:56:48.260082+00:00",
  "num_detections": 5,
  "detections": [
    {
      "tag_id": 2,
      "tag_family": "tag36h11",
      "hamming": 0,
      "decision_margin": 58.0258903503418,
      "center": [
        597.238644501783,
        625.6430458881396
      ],
      "corners": [
        [
          595.8626708984375,
          651.8886718750001
        ],
        [
          607.1062622070312,
          630.1771850585934
        ],
        [
          598.6437988281251,
          598.8408203125
        ],
        [
          586.3220214843751,
          620.6268920898442
        ]
      ],
      "homography": [
        [
          17.816466182843097,
          22.69252556145739,
          597.238644501783
        ],
        [
          1.6272117871745835,
          34.7127182971484,
          625.6430458881396
        ],
        [
          0.019989390856787737,
          0.03048179672026139,
          1.0
        ]
      ]
    },
    {
      "tag_id": 9,
      "tag_family": "tag36h11",
      "hamming": 0,
      "decision_margin": 51.52309799194336,
      "center": [
        313.483865715849,
        722.0886894399875
      ],
      "corners": [
        [
          303.6914978027343,
          737.9692993164062
        ],
        [
          340.141845703125,
          738.6592407226562
        ],
        [
          323.544921875,
          705.7723388671874
        ],
        [
          286.7784423828125,
          705.4886474609375
        ]
      ],
      "homography": [
        [
          16.321358240330767,
          10.639028756041684,
          313.483865715849
        ],
        [
          -4.320362213179695,
          21.54762696568514,
          722.0886894399875
        ],
        [
          -0.006322267905706548,
          0.007211329374962998,
          1.0
        ]
      ]
    },
    {
      "tag_id": 10,
      "tag_family": "tag36h11",
      "hamming": 0,
      "decision_margin": 59.44908905029297,
      "center": [
        396.1226189894699,
        721.8663632609841
      ],
      "corners": [
        [
          384.4857482910156,
          738.6387329101562
        ],
        [
          423.35140991210943,
          738.1111450195314
        ],
        [
          407.8804321289062,
          704.9196777343749
        ],
        [
          368.63336181640614,
          705.4661865234373
        ]
      ],
      "homography": [
        [
          19.44661012655149,
          9.797398045043225,
          396.1226189894699
        ],
        [
          -0.4162868169086121,
          20.174590147046274,
          721.8663632609841
        ],
        [
          -0.00020475120713818676,
          0.00496490365206234,
          1.0
        ]
      ]
    },
    {
      "tag_id": 11,
      "tag_family": "tag36h11",
      "hamming": 0,
      "decision_margin": 61.10382843017578,
      "center": [
        569.0690767741859,
        676.5697569017887
      ],
      "corners": [
        [
          567.6572265624999,
          706.046142578125
        ],
        [
          580.7477416992189,
          679.519958496094
        ],
        [
          570.4652099609377,
          647.4215087890627
        ],
        [
          556.3768920898438,
          673.363525390625
        ]
      ],
      "homography": [
        [
          20.209809522131646,
          15.620631841582965,
          569.0690767741859
        ],
        [
          2.8425983824129126,
          28.367057265387075,
          676.5697569017887
        ],
        [
          0.02359232159820953,
          0.017995057403929385,
          1.0
        ]
      ]
    },
    {
      "tag_id": 12,
      "tag_family": "tag36h11",
      "hamming": 0,
      "decision_margin": 65.10260772705078,
      "center": [
        1231.019788206349,
        640.2949536226499
      ],
      "corners": [
        [
          1211.4470214843748,
          656.3145751953125
        ],
        [
          1245.3397216796875,
          654.0211181640623
        ],
        [
          1250.6949462890623,
          624.1915283203126
        ],
        [
          1216.3563232421873,
          626.2395019531252
        ]
      ],
      "homography": [
        [
          22.746435679339356,
          6.334134373327745,
          1231.019788206349
        ],
        [
          1.873120909325164,
          19.604958930673433,
          640.2949536226499
        ],
        [
          0.00462193187117136,
          0.007230766892359413,
          1.0
        ]
      ]
    }
  ]
}
