{
  "image_file": "80afd34319dc_f_x__Robot_Reveal_2026__frame_000480.png",
  "image_sha256": "80afd34319dc73266fb7e81e2948cb3c44203726d714c929d32b311d6612f498",
  "image_width": 1920,
  "image_height": 1080,
  "detector_config": {
    "library": "pupil-apriltags",
    "library_version": "1.0.4.post11",
    "family": "tag36h11",
    "nthreads": 4,
    "quad_decimate": 1.0,
    "quad_sigma": 0.0,
    "refine_edges": true,
    "decode_sharpening": 0.25
  },
  "detected_at": "2026-04-01T03:43:36.641854+00:00",
  "num_detections": 2,
  "detections": [
    {
      "tag_id": 9,
      "tag_family": "tag36h11",
      "hamming": 0,
      "decision_margin": 60.96950912475586,
      "center": [
        823.2317672874974,
        251.89770129310267
      ],
      "corners": [
        [
          766.22216796875,
          295.76019287109375
        ],
        [
          874.99462890625,
          307.91326904296875
        ],
        [
          878.9003906250001,
          209.06694030761722
        ],
        [
          772.1625366210938,
          196.6327514648437
        ]
      ],
      "homography": [
        [
          55.9945692248084,
          -10.13378879745516,
          823.2317672874974
        ],
        [
          6.7979690554818095,
          47.1406383865565,
          251.89770129310267
        ],
        [
          0.0025778279864259353,
          -0.009323105038899979,
          1.0
        ]
      ]
    },
    {
      "tag_id": 10,
      "tag_family": "tag36h11",
      "hamming": 0,
      "decision_margin": 63.77872848510742,
      "center": [
        1050.1450394382287,
        275.200784606883
      ],
      "corners": [
        [
          998.9506225585938,
          318.9197082519531
        ],
        [
          1101.8165283203125,
          329.35186767578136
        ],
        [
          1099.6336669921875,
          232.93856811523438
        ],
        [
          999.1385498046875,
          221.74661254882804
        ]
      ],
      "homography": [
        [
          56.32716294597435,
          -11.791645904760792,
          1050.1450394382287
        ],
        [
          6.851143561897851,
          45.16687506926206,
          275.200784606883
        ],
        [
          0.0052328094418435545,
          -0.01170936126100071,
          1.0
        ]
      ]
    }
  ]
}
