{
  "image_file": "80dfbf839333_2025_Field_Tour_Video__Reef_frame_000649.png",
  "image_sha256": "80dfbf8393337c6fc53740c8740635a318062014223cbbac5bde17acb6abb54f",
  "image_width": 1920,
  "image_height": 1080,
  "detector_config": {
    "library": "pupil-apriltags",
    "library_version": "1.0.4.post11",
    "family": "tag36h11",
    "nthreads": 4,
    "quad_decimate": 1.0,
    "quad_sigma": 0.0,
    "refine_edges": true,
    "decode_sharpening": 0.25
  },
  "detected_at": "2026-04-01T00:11:19.907287+00:00",
  "num_detections": 4,
  "detections": [
    {
      "tag_id": 5,
      "tag_family": "tag36h11",
      "hamming": 0,
      "decision_margin": 51.13161087036133,
      "center": [
        573.2884927122228,
        296.51182298598184
      ],
      "corners": [
        [
          561.7269897460938,
          308.30987548828125
        ],
        [
          591.4865112304689,
          308.5504455566406
        ],
        [
          584.9417114257814,
          284.6201782226563
        ],
        [
          555.3108520507812,
          284.61898803710943
        ]
      ],
      "homography": [
        [
          11.968503946779492,
          2.62624838006832,
          573.2884927122228
        ],
        [
          -1.4285703141125068,
          11.587539895724717,
          296.51182298598184
        ],
        [
          -0.00502132013635041,
          -0.001070562134814705,
          1.0
        ]
      ]
    },
    {
      "tag_id": 6,
      "tag_family": "tag36h11",
      "hamming": 0,
      "decision_margin": 45.156761169433594,
      "center": [
        735.6536680841375,
        990.308765715727
      ],
      "corners": [
        [
          727.0137939453126,
          999.5423583984377
        ],
        [
          747.1840820312501,
          1028.1893310546875
        ],
        [
          745.1480102539062,
          980.1619873046876
        ],
        [
          724.288330078125,
          952.9705200195314
        ]
      ],
      "homography": [
        [
          -9.736534332650992,
          15.879830365104906,
          735.6536680841375
        ],
        [
          -12.931851991638956,
          43.399281400391146,
          990.308765715727
        ],
        [
          -0.02716449910871522,
          0.019954605262993145,
          1.0
        ]
      ]
    },
    {
      "tag_id": 8,
      "tag_family": "tag36h11",
      "hamming": 0,
      "decision_margin": 34.797203063964844,
      "center": [
        1222.2581515361828,
        982.8225349017548
      ],
      "corners": [
        [
          1211.7611083984373,
          1021.9299926757812
        ],
        [
          1230.4794921875002,
          992.1924438476562
        ],
        [
          1231.9620361328127,
          946.6700439453124
        ],
        [
          1214.1444091796873,
          973.5752563476561
        ]
      ],
      "homography": [
        [
          29.095615064067037,
          -28.979375262827485,
          1222.2581515361828
        ],
        [
          1.9257263495720733,
          0.9086654494535653,
          982.8225349017548
        ],
        [
          0.016338262975615237,
          -0.02292520806615784,
          1.0
        ]
      ]
    },
    {
      "tag_id": 21,
      "tag_family": "tag36h11",
      "hamming": 0,
      "decision_margin": 59.848358154296875,
      "center": [
        954.6721869863434,
        424.52924135452156
      ],
      "corners": [
        [
          945.4732666015625,
          433.6658935546875
        ],
        [
          964.04052734375,
          433.5771789550781
        ],
        [
          963.9531249999999,
          415.3111267089844
        ],
        [
          945.2591552734375,
          415.4381408691406
        ]
      ],
      "homography": [
        [
          8.332517377416934,
          3.329812884559261,
          954.6721869863434
        ],
        [
          -0.4908481321081139,
          10.570507577507897,
          424.52924135452156
        ],
        [
          -0.0010293299246969204,
          0.003408887463517715,
          1.0
        ]
      ]
    }
  ]
}
