{
  "image_file": "8137211ee2ad_Half_Hollow_Hills_Invitational_Playoff_Match_4_2025_frame_00.png",
  "image_sha256": "8137211ee2ad7ec1c4d3cc483c5aabc525eee15904a5ec23864d9ec0a14314f4",
  "image_width": 1920,
  "image_height": 1080,
  "detector_config": {
    "library": "pupil-apriltags",
    "library_version": "1.0.4.post11",
    "family": "tag36h11",
    "nthreads": 4,
    "quad_decimate": 1.0,
    "quad_sigma": 0.0,
    "refine_edges": true,
    "decode_sharpening": 0.25
  },
  "detected_at": "2026-04-01T16:04:59.862031+00:00",
  "num_detections": 4,
  "detections": [
    {
      "tag_id": 12,
      "tag_family": "tag36h11",
      "hamming": 0,
      "decision_margin": 62.836544036865234,
      "center": [
        1564.965217328855,
        380.14687058469997
      ],
      "corners": [
        [
          1554.3048095703123,
          394.1414489746094
        ],
        [
          1577.1295166015625,
          391.8372497558594
        ],
        [
          1575.5609130859377,
          366.23724365234375
        ],
        [
          1553.0882568359373,
          368.7326354980469
        ]
      ],
      "homography": [
        [
          4.353464685983683,
          -11.03886277892866,
          1564.965217328855
        ],
        [
          -2.8937384355164695,
          9.900917212073466,
          380.14687058469997
        ],
        [
          -0.00445375286535165,
          -0.007498149097823996,
          1.0
        ]
      ]
    },
    {
      "tag_id": 14,
      "tag_family": "tag36h11",
      "hamming": 0,
      "decision_margin": 56.15134048461914,
      "center": [
        22.58039679605831,
        347.1083647815109
      ],
      "corners": [
        [
          7.657326698303226,
          359.49169921874994
        ],
        [
          34.115047454833984,
          361.2095031738281
        ],
        [
          37.600181579589844,
          334.64477539062506
        ],
        [
          10.548284530639647,
          332.3990783691407
        ]
      ],
      "homography": [
        [
          13.576554504977857,
          -1.3217826156295855,
          22.58039679605831
        ],
        [
          4.090642557023612,
          17.63512635249947,
          347.1083647815109
        ],
        [
          0.008939317262758992,
          0.012169292699633301,
          1.0
        ]
      ]
    },
    {
      "tag_id": 16,
      "tag_family": "tag36h11",
      "hamming": 0,
      "decision_margin": 55.10969161987305,
      "center": [
        905.6765026970647,
        452.4657641794895
      ],
      "corners": [
        [
          897.3447265625001,
          462.4088134765625
        ],
        [
          913.7194213867188,
          461.5245056152345
        ],
        [
          913.80859375,
          442.7610168457031
        ],
        [
          897.87109375,
          443.67453002929676
        ]
      ],
      "homography": [
        [
          6.782460892600172,
          -12.43292800029758,
          905.6765026970647
        ],
        [
          -1.0962489373282556,
          3.2383888842596207,
          452.4657641794895
        ],
        [
          -0.0014288683374232595,
          -0.01355755471197351,
          1.0
        ]
      ]
    },
    {
      "tag_id": 19,
      "tag_family": "tag36h11",
      "hamming": 0,
      "decision_margin": 85.16144561767578,
      "center": [
        665.737791460668,
        642.0622552960612
      ],
      "corners": [
        [
          644.4281616210938,
          665.6291503906249
        ],
        [
          689.4368896484375,
          665.1657714843751
        ],
        [
          687.0600585937498,
          618.4813842773439
        ],
        [
          642.26220703125,
          619.1766357421876
        ]
      ],
      "homography": [
        [
          20.775573885358313,
          -0.3430293191991015,
          665.737791460668
        ],
        [
          -1.906123558397442,
          21.858082740643,
          642.0622552960612
        ],
        [
          -0.0025172152533715617,
          -0.0022207871231418493,
          1.0
        ]
      ]
    }
  ]
}
