{
  "image_file": "814023bd0c33_PC000001_MOV-0112_jpg_rf_a75ff584e791cd91d9aa7bbed679fecb.png",
  "image_sha256": "814023bd0c3383dd234529ea36eb0cdb33ed541db398493c6ca7f2c23aa61f37",
  "image_width": 640,
  "image_height": 360,
  "detector_config": {
    "library": "pupil-apriltags",
    "library_version": "1.0.4.post11",
    "family": "tag36h11",
    "nthreads": 4,
    "quad_decimate": 1.0,
    "quad_sigma": 0.0,
    "refine_edges": true,
    "decode_sharpening": 0.25
  },
  "detected_at": "2026-03-24T14:12:24.581897+00:00",
  "num_detections": 5,
  "detections": [
    {
      "tag_id": 5,
      "tag_family": "tag36h11",
      "hamming": 0,
      "decision_margin": 79.84034729003906,
      "center": [
        471.6948091909001,
        155.75777089402138
      ],
      "corners": [
        [
          462.8489074707031,
          166.73895263671875
        ],
        [
          479.3170166015625,
          166.89970397949213
        ],
        [
          480.4617309570312,
          144.87463378906247
        ],
        [
          464.2755737304688,
          144.91253662109384
        ]
      ],
      "homography": [
        [
          6.037819826419423,
          -4.883602918549513,
          471.6948091909001
        ],
        [
          -0.6718638035066261,
          9.561622100959,
          155.75777089402138
        ],
        [
          -0.004504975347211595,
          -0.008989205495045118,
          1.0
        ]
      ]
    },
    {
      "tag_id": 7,
      "tag_family": "tag36h11",
      "hamming": 0,
      "decision_margin": 85.02481079101562,
      "center": [
        45.191856772533896,
        170.79687713862285
      ],
      "corners": [
        [
          24.77228355407716,
          187.62841796874997
        ],
        [
          63.358482360839844,
          188.10232543945318
        ],
        [
          64.80592346191405,
          154.62930297851562
        ],
        [
          26.211698532104492,
          152.71646118164057
        ]
      ],
      "homography": [
        [
          20.23610856915353,
          -0.6819013687442326,
          45.191856772533896
        ],
        [
          4.1843314607017685,
          17.24064935176881,
          170.79687713862285
        ],
        [
          0.02101061430807852,
          0.0008898725785987788,
          1.0
        ]
      ]
    },
    {
      "tag_id": 8,
      "tag_family": "tag36h11",
      "hamming": 0,
      "decision_margin": 80.30441284179688,
      "center": [
        510.8562517175713,
        155.9535610879275
      ],
      "corners": [
        [
          500.36193847656256,
          168.06216430664065
        ],
        [
          519.9197998046876,
          167.95701599121094
        ],
        [
          521.3257446289062,
          143.87359619140625
        ],
        [
          501.7308654785156,
          143.86820983886722
        ]
      ],
      "homography": [
        [
          10.958938462280742,
          -0.12778381833595498,
          510.8562517175713
        ],
        [
          0.3324227908388749,
          12.242046955200948,
          155.9535610879275
        ],
        [
          0.002291864382846532,
          0.0011079033457388572,
          1.0
        ]
      ]
    },
    {
      "tag_id": 9,
      "tag_family": "tag36h11",
      "hamming": 0,
      "decision_margin": 81.99344635009766,
      "center": [
        567.3354799443563,
        158.2975763234868
      ],
      "corners": [
        [
          558.4013061523438,
          170.15765380859372
        ],
        [
          574.6875610351562,
          171.2567443847656
        ],
        [
          576.0554199218748,
          146.72189331054688
        ],
        [
          559.9160156249999,
          145.21963500976562
        ]
      ],
      "homography": [
        [
          12.842019049344003,
          -2.8683907745142943,
          567.3354799443563
        ],
        [
          1.9725925562856603,
          11.767795887037437,
          158.2975763234868
        ],
        [
          0.008348377992438892,
          -0.0037866868026945185,
          1.0
        ]
      ]
    },
    {
      "tag_id": 10,
      "tag_family": "tag36h11",
      "hamming": 0,
      "decision_margin": 80.99528503417969,
      "center": [
        600.4976040752548,
        160.9940205281795
      ],
      "corners": [
        [
          592.5601806640627,
          171.86053466796875
        ],
        [
          606.8824462890624,
          173.24107360839838
        ],
        [
          608.6751098632811,
          149.79882812500003
        ],
        [
          593.9493408203126,
          148.43350219726568
        ]
      ],
      "homography": [
        [
          6.581356173320272,
          7.471973818496054,
          600.4976040752548
        ],
        [
          0.5045946749682441,
          13.931510113268473,
          160.9940205281795
        ],
        [
          -0.0011311320019186575,
          0.013767002136076591,
          1.0
        ]
      ]
    }
  ]
}
