{
  "image_file": "832a7a882bf7_Team_THRUST_1501_2026_REBUILT_Robot_Promo_Reveal_FRC_frame_0.png",
  "image_sha256": "832a7a882bf7bb63774bcf09493c6e6bccf342f98091845cf065f6dae52e49fd",
  "image_width": 1920,
  "image_height": 1080,
  "detector_config": {
    "library": "pupil-apriltags",
    "library_version": "1.0.4.post11",
    "family": "tag36h11",
    "nthreads": 4,
    "quad_decimate": 1.0,
    "quad_sigma": 0.0,
    "refine_edges": true,
    "decode_sharpening": 0.25
  },
  "detected_at": "2026-04-01T04:01:26.312505+00:00",
  "num_detections": 3,
  "detections": [
    {
      "tag_id": 9,
      "tag_family": "tag36h11",
      "hamming": 0,
      "decision_margin": 63.06177520751953,
      "center": [
        184.7818628070787,
        622.9143707340277
      ],
      "corners": [
        [
          147.33485412597653,
          665.6375732421874
        ],
        [
          225.4058380126953,
          650.9237670898438
        ],
        [
          219.584228515625,
          583.2084350585936
        ],
        [
          140.65199279785156,
          592.4877319335936
        ]
      ],
      "homography": [
        [
          46.39406723109167,
          3.55395874990831,
          184.7818628070787
        ],
        [
          18.288650060753067,
          36.646607261040685,
          622.9143707340277
        ],
        [
          0.038984992718662244,
          0.002380620779148852,
          1.0
        ]
      ]
    },
    {
      "tag_id": 10,
      "tag_family": "tag36h11",
      "hamming": 0,
      "decision_margin": 59.98340606689453,
      "center": [
        331.6813279425426,
        600.3625849448578
      ],
      "corners": [
        [
          304.66418457031256,
          636.4354248046875
        ],
        [
          362.49157714843744,
          624.9054565429686
        ],
        [
          356.9341430664062,
          566.6454467773436
        ],
        [
          298.8889465332032,
          574.2407836914062
        ]
      ],
      "homography": [
        [
          39.703937492428565,
          2.4031122010114863,
          331.6813279425426
        ],
        [
          14.713559864724626,
          29.304060144584472,
          600.3625849448578
        ],
        [
          0.032459233022962504,
          -0.0012949213542275233,
          1.0
        ]
      ]
    },
    {
      "tag_id": 12,
      "tag_family": "tag36h11",
      "hamming": 0,
      "decision_margin": 47.69548416137695,
      "center": [
        769.1305124124469,
        558.6095080771057
      ],
      "corners": [
        [
          764.1599731445311,
          572.4429321289062
        ],
        [
          776.4786987304688,
          569.0534057617189
        ],
        [
          774.0320434570314,
          544.9681396484375
        ],
        [
          761.5946044921875,
          547.8988037109374
        ]
      ],
      "homography": [
        [
          13.726760302440198,
          3.414553033960603,
          769.1305124124469
        ],
        [
          3.8945118314437632,
          13.72641761460352,
          558.6095080771057
        ],
        [
          0.009801238588500526,
          0.0028109902265211297,
          1.0
        ]
      ]
    }
  ]
}
