{
  "image_file": "83b66f4ef305_FRC_1318_Robot_Reveal__2026_-_AUREUS_frame_002520.png",
  "image_sha256": "83b66f4ef3056ac9e22f796a0c0118c4422364883828977a95b452f20b23f010",
  "image_width": 1920,
  "image_height": 1080,
  "detector_config": {
    "library": "pupil-apriltags",
    "library_version": "1.0.4.post11",
    "family": "tag36h11",
    "nthreads": 4,
    "quad_decimate": 1.0,
    "quad_sigma": 0.0,
    "refine_edges": true,
    "decode_sharpening": 0.25
  },
  "detected_at": "2026-04-01T04:06:11.897087+00:00",
  "num_detections": 3,
  "detections": [
    {
      "tag_id": 24,
      "tag_family": "tag36h11",
      "hamming": 0,
      "decision_margin": 30.628189086914062,
      "center": [
        1404.7557947203993,
        142.97657925054148
      ],
      "corners": [
        [
          1361.177734375,
          182.64651489257812
        ],
        [
          1448.2287597656248,
          184.9596405029297
        ],
        [
          1447.9542236328123,
          103.65222930908202
        ],
        [
          1359.9013671875,
          99.65940093994136
        ]
      ],
      "homography": [
        [
          57.82829560944856,
          8.295329064577125,
          1404.7557947203993
        ],
        [
          3.0024930198996973,
          41.8733832203466,
          142.97657925054148
        ],
        [
          0.010007534414603336,
          0.005632715425805737,
          1.0
        ]
      ]
    },
    {
      "tag_id": 31,
      "tag_family": "tag36h11",
      "hamming": 0,
      "decision_margin": 19.64680290222168,
      "center": [
        248.0586850665206,
        431.3634713274009
      ],
      "corners": [
        [
          231.90576171875,
          455.8532409667968
        ],
        [
          263.42028808593756,
          456.5472106933595
        ],
        [
          264.59863281249994,
          406.2869262695313
        ],
        [
          232.85969543457034,
          406.44631958007807
        ]
      ],
      "homography": [
        [
          13.683759305826555,
          0.2761802752613408,
          248.0586850665206
        ],
        [
          -3.5659010209315656,
          26.32034559813343,
          431.3634713274009
        ],
        [
          -0.008579602426603767,
          0.0032585869174577187,
          1.0
        ]
      ]
    },
    {
      "tag_id": 32,
      "tag_family": "tag36h11",
      "hamming": 0,
      "decision_margin": 29.67711639404297,
      "center": [
        338.28345822768887,
        432.03210767106737
      ],
      "corners": [
        [
          319.1495971679688,
          458.4512939453125
        ],
        [
          356.18609619140625,
          459.5013122558593
        ],
        [
          357.71859741210926,
          405.19692993164057
        ],
        [
          320.9508056640625,
          405.43746948242193
        ]
      ],
      "homography": [
        [
          14.390815052225548,
          -2.2500388897315116,
          338.28345822768887
        ],
        [
          -4.982138190058268,
          25.0181973292282,
          432.03210767106737
        ],
        [
          -0.011993977510108823,
          -0.004182571386193534,
          1.0
        ]
      ]
    }
  ]
}
