{
  "image_file": "840fe3e1456f_PC000001_MOV-0084_jpg_rf_21784a8c9394b9eebb86c0035eb3e53b.png",
  "image_sha256": "840fe3e1456f585730b177270cca3f6479c2c072c4484e5c9bed74fb96211aca",
  "image_width": 640,
  "image_height": 360,
  "detector_config": {
    "library": "pupil-apriltags",
    "library_version": "1.0.4.post11",
    "family": "tag36h11",
    "nthreads": 4,
    "quad_decimate": 1.0,
    "quad_sigma": 0.0,
    "refine_edges": true,
    "decode_sharpening": 0.25
  },
  "detected_at": "2026-03-24T14:12:34.573743+00:00",
  "num_detections": 2,
  "detections": [
    {
      "tag_id": 15,
      "tag_family": "tag36h11",
      "hamming": 0,
      "decision_margin": 78.92630767822266,
      "center": [
        408.10861724763987,
        153.15681045997874
      ],
      "corners": [
        [
          389.38418579101557,
          173.87574768066406
        ],
        [
          427.5813903808594,
          177.16658020019534
        ],
        [
          428.37371826171875,
          130.73309326171875
        ],
        [
          389.45593261718744,
          130.15820312499997
        ]
      ],
      "homography": [
        [
          6.806659919337449,
          3.4687264068276145,
          408.10861724763987
        ],
        [
          -3.6953793579833163,
          23.894249924283997,
          153.15681045997874
        ],
        [
          -0.030512606601185818,
          0.0090023467677023,
          1.0
        ]
      ]
    },
    {
      "tag_id": 16,
      "tag_family": "tag36h11",
      "hamming": 0,
      "decision_margin": 72.61077880859375,
      "center": [
        529.2685043272025,
        159.17722118149072
      ],
      "corners": [
        [
          502.1161193847656,
          183.55108642578122
        ],
        [
          555.8574218750001,
          188.08055114746097
        ],
        [
          558.7425537109376,
          132.71926879882815
        ],
        [
          503.94308471679693,
          131.64736938476562
        ]
      ],
      "homography": [
        [
          9.813091289511476,
          3.247295519605133,
          529.2685043272025
        ],
        [
          -3.786798068040813,
          28.112598945771822,
          159.17722118149072
        ],
        [
          -0.032668894490456186,
          0.008330763512467471,
          1.0
        ]
      ]
    }
  ]
}
