{
  "image_file": "845d830e75fc_FRC_2026_ROBOT_REVEAL-_y_team_3211_frame_001003.png",
  "image_sha256": "845d830e75fcd08f9d3c519323202dfe6f4b4bd2a60ef6793f0f36d3d5543291",
  "image_width": 1920,
  "image_height": 1080,
  "detector_config": {
    "library": "pupil-apriltags",
    "library_version": "1.0.4.post11",
    "family": "tag36h11",
    "nthreads": 4,
    "quad_decimate": 1.0,
    "quad_sigma": 0.0,
    "refine_edges": true,
    "decode_sharpening": 0.25
  },
  "detected_at": "2026-04-01T04:32:33.646318+00:00",
  "num_detections": 4,
  "detections": [
    {
      "tag_id": 18,
      "tag_family": "tag36h11",
      "hamming": 0,
      "decision_margin": 83.26033020019531,
      "center": [
        1399.0544154337742,
        400.5900583392086
      ],
      "corners": [
        [
          1377.3746337890625,
          427.2104797363281
        ],
        [
          1421.561767578125,
          429.7338562011719
        ],
        [
          1420.232055664063,
          374.5862121582031
        ],
        [
          1376.5413818359377,
          371.4389038085937
        ]
      ],
      "homography": [
        [
          30.252309573398406,
          -7.565560097672456,
          1399.0544154337742
        ],
        [
          3.791521779232991,
          25.40650735762972,
          400.5900583392086
        ],
        [
          0.005921377037983443,
          -0.005795179685559739,
          1.0
        ]
      ]
    },
    {
      "tag_id": 25,
      "tag_family": "tag36h11",
      "hamming": 0,
      "decision_margin": 23.444507598876953,
      "center": [
        1063.837407106284,
        428.88933842287344
      ],
      "corners": [
        [
          1052.8482666015625,
          456.13235473632807
        ],
        [
          1075.170654296875,
          451.5096130371093
        ],
        [
          1075.4051513671875,
          400.21191406250006
        ],
        [
          1052.736572265625,
          406.73294067382824
        ]
      ],
      "homography": [
        [
          -7.9113144418902275,
          8.10602081788488,
          1063.837407106284
        ],
        [
          -10.500239193029135,
          28.442969611934075,
          428.88933842287344
        ],
        [
          -0.018005330189345466,
          0.007645541471078498,
          1.0
        ]
      ]
    },
    {
      "tag_id": 26,
      "tag_family": "tag36h11",
      "hamming": 0,
      "decision_margin": 18.004703521728516,
      "center": [
        1114.4338283527813,
        417.8753366842595
      ],
      "corners": [
        [
          1102.4239501953123,
          447.268798828125
        ],
        [
          1127.1162109375,
          442.66491699218744
        ],
        [
          1126.6257324218752,
          388.03637695312506
        ],
        [
          1102.5126953125002,
          394.5737304687501
        ]
      ],
      "homography": [
        [
          -9.23650493270952,
          -12.954856348355863,
          1114.4338283527813
        ],
        [
          -10.832112176278432,
          21.925338209686913,
          417.8753366842595
        ],
        [
          -0.019230929816627353,
          -0.011709751833916057,
          1.0
        ]
      ]
    },
    {
      "tag_id": 27,
      "tag_family": "tag36h11",
      "hamming": 0,
      "decision_margin": 77.97821044921875,
      "center": [
        1295.480709091485,
        394.3550329285472
      ],
      "corners": [
        [
          1271.7366943359377,
          421.7049255371094
        ],
        [
          1319.2003173828123,
          424.3825378417969
        ],
        [
          1319.0209960937498,
          367.23980712890625
        ],
        [
          1271.3804931640625,
          363.845703125
        ]
      ],
      "homography": [
        [
          31.721386042099994,
          2.498003930528061,
          1295.480709091485
        ],
        [
          3.9361520304822726,
          29.469099187085646,
          394.3550329285472
        ],
        [
          0.006133886262683878,
          0.0018253156439162032,
          1.0
        ]
      ]
    }
  ]
}
