{
  "image_file": "845fc48514e0_RI3D_2026___Robot_Reveal_-_Daedalus_frame_001062.png",
  "image_sha256": "845fc48514e08e2f730fe4a97e8e5a0844def271e99ac1004871674f2d127abf",
  "image_width": 1920,
  "image_height": 1080,
  "detector_config": {
    "library": "pupil-apriltags",
    "library_version": "1.0.4.post11",
    "family": "tag36h11",
    "nthreads": 4,
    "quad_decimate": 1.0,
    "quad_sigma": 0.0,
    "refine_edges": true,
    "decode_sharpening": 0.25
  },
  "detected_at": "2026-04-01T03:20:39.681677+00:00",
  "num_detections": 3,
  "detections": [
    {
      "tag_id": 3,
      "tag_family": "tag36h11",
      "hamming": 0,
      "decision_margin": 75.2092514038086,
      "center": [
        555.8239550612756,
        446.12632743663306
      ],
      "corners": [
        [
          529.1629028320312,
          473.3439025878906
        ],
        [
          582.8687744140625,
          472.3992309570313
        ],
        [
          582.4378051757812,
          418.95693969726557
        ],
        [
          528.7976074218751,
          419.87136840820307
        ]
      ],
      "homography": [
        [
          26.987798303448244,
          -0.14209773321772115,
          555.8239550612756
        ],
        [
          -0.3433321865554749,
          26.454855369083816,
          446.12632743663306
        ],
        [
          0.0002721959013221123,
          -0.0006138144461765908,
          1.0
        ]
      ]
    },
    {
      "tag_id": 4,
      "tag_family": "tag36h11",
      "hamming": 0,
      "decision_margin": 75.85526275634766,
      "center": [
        691.864644631225,
        441.4268929222551
      ],
      "corners": [
        [
          665.4281616210939,
          469.02838134765625
        ],
        [
          719.4314575195312,
          467.49688720703125
        ],
        [
          717.9750976562498,
          414.16580200195307
        ],
        [
          664.5426025390625,
          415.58837890625
        ]
      ],
      "homography": [
        [
          27.461875796395248,
          -3.1032881605658496,
          691.864644631225
        ],
        [
          -0.3530679341311641,
          24.33831140169525,
          441.4268929222551
        ],
        [
          0.0008725791185278468,
          -0.0053319688476594585,
          1.0
        ]
      ]
    },
    {
      "tag_id": 15,
      "tag_family": "tag36h11",
      "hamming": 0,
      "decision_margin": 42.14103698730469,
      "center": [
        430.93107967774984,
        672.641389380304
      ],
      "corners": [
        [
          417.9311828613282,
          686.1151733398438
        ],
        [
          444.18463134765625,
          685.2825927734376
        ],
        [
          443.94799804687506,
          659.1499633789064
        ],
        [
          417.6331787109375,
          659.9578857421874
        ]
      ],
      "homography": [
        [
          13.360972279657176,
          0.63450776479789,
          430.93107967774984
        ],
        [
          -0.06841739551021134,
          13.854258770872775,
          672.641389380304
        ],
        [
          0.0005080316501599105,
          0.0011622836245888226,
          1.0
        ]
      ]
    }
  ],
  "ingest_metadata": {
    "original_name": "RI3D_2026___Robot_Reveal_-_Daedalus_frame_001062.png",
    "source": "unknown",
    "dhash": "b0ea96e69ed28387",
    "ingested_at": "2026-04-01T03:20:39.675298+00:00"
  }
}
