{
  "image_file": "847ab85820ea_FRC_team_1690_Orbit_2025_robot_reveal_-__WHISPER__frame_0004.png",
  "image_sha256": "847ab85820ea60f461ecd4d1d58cc4db3380821dcc78d840c2da3a2d05701819",
  "image_width": 1920,
  "image_height": 1080,
  "detector_config": {
    "library": "pupil-apriltags",
    "library_version": "1.0.4.post11",
    "family": "tag36h11",
    "nthreads": 4,
    "quad_decimate": 1.0,
    "quad_sigma": 0.0,
    "refine_edges": true,
    "decode_sharpening": 0.25
  },
  "detected_at": "2026-04-01T01:38:40.802830+00:00",
  "num_detections": 5,
  "detections": [
    {
      "tag_id": 10,
      "tag_family": "tag36h11",
      "hamming": 0,
      "decision_margin": 59.53239440917969,
      "center": [
        1294.8658792792166,
        563.1704856837828
      ],
      "corners": [
        [
          1286.8150634765623,
          570.962890625
        ],
        [
          1302.8665771484375,
          572.0462646484374
        ],
        [
          1303.6362304687505,
          554.6816406249999
        ],
        [
          1286.8571777343752,
          554.2858276367188
        ]
      ],
      "homography": [
        [
          -19.170706665564243,
          27.822754481821217,
          1294.8658792792166
        ],
        [
          -11.526957727532023,
          20.68872323195683,
          563.1704856837828
        ],
        [
          -0.021137828300705937,
          0.021637764332883325,
          1.0
        ]
      ]
    },
    {
      "tag_id": 11,
      "tag_family": "tag36h11",
      "hamming": 0,
      "decision_margin": 61.28187942504883,
      "center": [
        1393.2068383130315,
        567.6959611225225
      ],
      "corners": [
        [
          1385.3048095703125,
          576.2016601562501
        ],
        [
          1400.654296875,
          577.0006713867186
        ],
        [
          1401.6257324218752,
          558.6339111328125
        ],
        [
          1385.8240966796873,
          558.4721069335939
        ]
      ],
      "homography": [
        [
          -17.31691319533798,
          18.652111439537745,
          1393.2068383130315
        ],
        [
          -9.983300625939366,
          16.770060304533104,
          567.6959611225225
        ],
        [
          -0.018016370955062474,
          0.01365251019983846,
          1.0
        ]
      ]
    },
    {
      "tag_id": 17,
      "tag_family": "tag36h11",
      "hamming": 0,
      "decision_margin": 85.54008483886719,
      "center": [
        794.6371383019464,
        568.9267215997423
      ],
      "corners": [
        [
          772.6526489257814,
          589.0050048828126
        ],
        [
          814.7648925781251,
          590.1656494140625
        ],
        [
          816.4346923828125,
          549.0191650390624
        ],
        [
          774.3777465820314,
          547.5488891601562
        ]
      ],
      "homography": [
        [
          24.03342954034713,
          -1.250039044775346,
          794.6371383019464
        ],
        [
          2.799543466400789,
          20.3629641294026,
          568.9267215997423
        ],
        [
          0.0037645345727720515,
          -0.0005051449702205267,
          1.0
        ]
      ]
    },
    {
      "tag_id": 18,
      "tag_family": "tag36h11",
      "hamming": 0,
      "decision_margin": 59.50627517700195,
      "center": [
        617.1915557443104,
        560.2381475940559
      ],
      "corners": [
        [
          609.3714599609375,
          578.2485351562501
        ],
        [
          623.6677856445312,
          581.0480957031248
        ],
        [
          625.1891479492189,
          541.8189697265624
        ],
        [
          611.0896606445312,
          540.6310424804688
        ]
      ],
      "homography": [
        [
          -5.551253714688641,
          -6.533355626325716,
          617.1915557443104
        ],
        [
          -10.490817478121928,
          14.00832152640612,
          560.2381475940559
        ],
        [
          -0.02049108381530017,
          -0.009269695350250922,
          1.0
        ]
      ]
    },
    {
      "tag_id": 22,
      "tag_family": "tag36h11",
      "hamming": 0,
      "decision_margin": 51.58772659301758,
      "center": [
        957.5329982824095,
        567.859984625687
      ],
      "corners": [
        [
          951.7734374999998,
          586.4703979492188
        ],
        [
          962.4418334960938,
          584.4024658203125
        ],
        [
          962.9783935546877,
          550.2647094726562
        ],
        [
          952.2940063476562,
          550.2048950195312
        ]
      ],
      "homography": [
        [
          34.33353834020215,
          1.888073029267052,
          957.5329982824095
        ],
        [
          16.69447283994452,
          18.861379303705124,
          567.859984625687
        ],
        [
          0.030286402798052905,
          0.002248317811545368,
          1.0
        ]
      ]
    }
  ],
  "ingest_metadata": {
    "original_name": "FRC_team_1690_Orbit_2025_robot_reveal_-__WHISPER__frame_0004.png",
    "source": "unknown",
    "dhash": "4e4290e8cab8f060",
    "ingested_at": "2026-04-01T01:38:40.795301+00:00"
  }
}
