{
  "image_file": "8542fc8f7c54_EINSTEIN_Match_6___Onboard_360_Video___FRC_7028_Binary_Batta.png",
  "image_sha256": "8542fc8f7c54bc8e33e1c1f56c33516b485ef8329e9d3505913d3fb743e1e0e9",
  "image_width": 1920,
  "image_height": 1080,
  "detector_config": {
    "library": "pupil-apriltags",
    "library_version": "1.0.4.post11",
    "family": "tag36h11",
    "nthreads": 4,
    "quad_decimate": 1.0,
    "quad_sigma": 0.0,
    "refine_edges": true,
    "decode_sharpening": 0.25
  },
  "detected_at": "2026-04-01T16:08:56.555683+00:00",
  "num_detections": 5,
  "detections": [
    {
      "tag_id": 1,
      "tag_family": "tag36h11",
      "hamming": 0,
      "decision_margin": 52.82548141479492,
      "center": [
        1329.3163177050533,
        471.2709659050539
      ],
      "corners": [
        [
          1322.2105712890627,
          479.16302490234375
        ],
        [
          1337.43212890625,
          478.5580139160156
        ],
        [
          1336.4508056640623,
          463.34698486328125
        ],
        [
          1321.3424072265625,
          464.111328125
        ]
      ],
      "homography": [
        [
          0.3788136212729119,
          -4.05827081813527,
          1329.3163177050533
        ],
        [
          -2.896343769657279,
          5.96282604409987,
          471.2709659050539
        ],
        [
          -0.005418836680389867,
          -0.0034005031149725046,
          1.0
        ]
      ]
    },
    {
      "tag_id": 2,
      "tag_family": "tag36h11",
      "hamming": 2,
      "decision_margin": 54.98854064941406,
      "center": [
        1218.8003433288425,
        479.2679625447475
      ],
      "corners": [
        [
          1213.0120849609375,
          486.1183776855469
        ],
        [
          1225.10302734375,
          485.38922119140625
        ],
        [
          1225.5113525390627,
          471.32546997070307
        ],
        [
          1212.271728515625,
          472.92727661132807
        ]
      ],
      "homography": [
        [
          -27.94379165476267,
          55.81783089155556,
          1218.8003433288425
        ],
        [
          -14.034959916367317,
          28.70284939936971,
          479.2679625447475
        ],
        [
          -0.02810830217450133,
          0.045716090858736264,
          1.0
        ]
      ]
    },
    {
      "tag_id": 3,
      "tag_family": "tag36h11",
      "hamming": 0,
      "decision_margin": 58.88419723510742,
      "center": [
        858.2156109236676,
        452.8187379901182
      ],
      "corners": [
        [
          849.6972656250001,
          460.53634643554693
        ],
        [
          865.8537597656249,
          461.05911254882807
        ],
        [
          866.5592651367188,
          445.25939941406244
        ],
        [
          850.6829223632814,
          444.692138671875
        ]
      ],
      "homography": [
        [
          9.470201257815463,
          -7.851046547999203,
          858.2156109236676
        ],
        [
          1.0444425244069744,
          3.9908733720262717,
          452.8187379901182
        ],
        [
          0.0017042660838775593,
          -0.008655779620956127,
          1.0
        ]
      ]
    },
    {
      "tag_id": 4,
      "tag_family": "tag36h11",
      "hamming": 0,
      "decision_margin": 66.13764190673828,
      "center": [
        802.7393826306302,
        451.1658238844209
      ],
      "corners": [
        [
          794.3950195312499,
          458.6890258789062
        ],
        [
          810.1937866210939,
          459.0710754394531
        ],
        [
          811.348388671875,
          443.4040222167969
        ],
        [
          795.2187499999999,
          443.1903381347656
        ]
      ],
      "homography": [
        [
          3.4906932019787282,
          7.546876166777565,
          802.7393826306302
        ],
        [
          -2.3739100284107635,
          12.30945064619965,
          451.1658238844209
        ],
        [
          -0.005593723613753828,
          0.010016326498967524,
          1.0
        ]
      ]
    },
    {
      "tag_id": 5,
      "tag_family": "tag36h11",
      "hamming": 0,
      "decision_margin": 59.802001953125,
      "center": [
        440.6011774886335,
        421.1136792197251
      ],
      "corners": [
        [
          431.00866699218744,
          429.6233215332031
        ],
        [
          446.2383728027344,
          433.14822387695307
        ],
        [
          449.45111083984386,
          413.2627868652345
        ],
        [
          434.46551513671875,
          408.0149841308594
        ]
      ],
      "homography": [
        [
          25.738989879843643,
          -1.2079009878115667,
          440.6011774886335
        ],
        [
          19.581577161739006,
          10.792619448771008,
          421.1136792197251
        ],
        [
          0.04130246726025068,
          0.001037893249900797,
          1.0
        ]
      ]
    }
  ],
  "ingest_metadata": {
    "original_name": "EINSTEIN_Match_6___Onboard_360_Video___FRC_7028_Binary_Batta.png",
    "source": "unknown",
    "dhash": "de3c357836272637",
    "ingested_at": "2026-04-01T16:08:56.545302+00:00"
  }
}
