{
  "image_file": "860db394a855_38_Robot_Reveals____FRC_Premiere_Night___REEFSCAPE_25___Bonu.png",
  "image_sha256": "860db394a8559fd64554339698b7737d664ee2857dbec4aadfe8825b9ee6ef89",
  "image_width": 1920,
  "image_height": 1080,
  "detector_config": {
    "library": "pupil-apriltags",
    "library_version": "1.0.4.post11",
    "family": "tag36h11",
    "nthreads": 4,
    "quad_decimate": 1.0,
    "quad_sigma": 0.0,
    "refine_edges": true,
    "decode_sharpening": 0.25
  },
  "detected_at": "2026-04-01T01:01:46.328591+00:00",
  "num_detections": 2,
  "detections": [
    {
      "tag_id": 2,
      "tag_family": "tag36h11",
      "hamming": 0,
      "decision_margin": 53.865238189697266,
      "center": [
        1380.1373233302631,
        119.75435960859734
      ],
      "corners": [
        [
          1359.747436523438,
          135.87655639648443
        ],
        [
          1393.9182128906248,
          140.6631469726562
        ],
        [
          1400.996215820312,
          103.26132202148436
        ],
        [
          1366.2607421875002,
          98.70038604736332
        ]
      ],
      "homography": [
        [
          11.76650379929174,
          6.837178161767044,
          1380.1373233302631
        ],
        [
          1.8641643709746039,
          19.531300869880965,
          119.75435960859734
        ],
        [
          -0.003955144657933308,
          0.0074150265621203675,
          1.0
        ]
      ]
    },
    {
      "tag_id": 6,
      "tag_family": "tag36h11",
      "hamming": 0,
      "decision_margin": 60.65086364746094,
      "center": [
        474.0300520260584,
        750.7562098678469
      ],
      "corners": [
        [
          424.44628906250006,
          803.2046508789062
        ],
        [
          516.6163330078125,
          788.1058349609377
        ],
        [
          522.9168090820311,
          699.0450439453126
        ],
        [
          429.6053771972656,
          711.7942504882812
        ]
      ],
      "homography": [
        [
          53.044818656506095,
          0.45668879338581486,
          474.0300520260584
        ],
        [
          3.618931519313599,
          50.382032526565126,
          750.7562098678469
        ],
        [
          0.01410331183398307,
          0.007024991262025989,
          1.0
        ]
      ]
    }
  ]
}
