{
  "image_file": "865e76a700c0_April_Tags___Enhancing_Scanning_Accuracy_and_User_Experience_frame_003850.png",
  "image_sha256": "865e76a700c0d12f7cb62269735daa2a4410fcf1c4fcb8d27c96917a8968370a",
  "image_width": 1920,
  "image_height": 1080,
  "detector_config": {
    "library": "pupil-apriltags",
    "library_version": "1.0.4.post11",
    "family": "tag36h11",
    "nthreads": 4,
    "quad_decimate": 1.0,
    "quad_sigma": 0.0,
    "refine_edges": true,
    "decode_sharpening": 0.25
  },
  "detected_at": "2026-04-11T20:38:37.170500+00:00",
  "num_detections": 3,
  "detections": [
    {
      "tag_id": 57,
      "tag_family": "tag36h11",
      "hamming": 0,
      "decision_margin": 25.46784782409668,
      "center": [
        1405.0943855777457,
        621.0465273589913
      ],
      "corners": [
        [
          1397.6516113281248,
          631.0512084960938
        ],
        [
          1414.4107666015627,
          631.9275512695314
        ],
        [
          1412.8291015625,
          610.6494140625
        ],
        [
          1396.5587158203123,
          611.0773315429688
        ]
      ],
      "homography": [
        [
          -35.990180549387105,
          -16.54887645521467,
          1405.0943855777457
        ],
        [
          -19.448843044607884,
          2.694220784325237,
          621.0465273589913
        ],
        [
          -0.03148374002087979,
          -0.01224856143567668,
          1.0
        ]
      ]
    },
    {
      "tag_id": 58,
      "tag_family": "tag36h11",
      "hamming": 2,
      "decision_margin": 35.44501876831055,
      "center": [
        1643.763525051799,
        633.6838430079705
      ],
      "corners": [
        [
          1631.7766113281252,
          648.5882568359375
        ],
        [
          1658.33251953125,
          647.7175903320312
        ],
        [
          1654.9086914062495,
          619.8260498046873
        ],
        [
          1629.834106445312,
          620.2661743164061
        ]
      ],
      "homography": [
        [
          24.358535125798888,
          -47.00668202352131,
          1643.763525051799
        ],
        [
          4.097119468305324,
          -4.599779558291629,
          633.6838430079705
        ],
        [
          0.006973118465311436,
          -0.02941562679150258,
          1.0
        ]
      ]
    },
    {
      "tag_id": 60,
      "tag_family": "tag36h11",
      "hamming": 0,
      "decision_margin": 56.85749816894531,
      "center": [
        397.2257981748331,
        630.1670511003476
      ],
      "corners": [
        [
          381.59704589843756,
          647.564208984375
        ],
        [
          414.9869689941406,
          644.8574829101562
        ],
        [
          412.8010864257812,
          612.8294067382812
        ],
        [
          380.0608825683593,
          615.9697875976564
        ]
      ],
      "homography": [
        [
          13.479558426625658,
          -2.803010273149253,
          397.2257981748331
        ],
        [
          -6.303081305440288,
          9.98456035046786,
          630.1670511003476
        ],
        [
          -0.007679273652546015,
          -0.00939264232352211,
          1.0
        ]
      ]
    }
  ],
  "ingest_metadata": {
    "original_name": "April Tags \uff5c Enhancing Scanning Accuracy and User Experience_frame_003850.png",
    "source": "April Tags \uff5c Enhancing Scanning Accuracy and User Experience.mp4",
    "dhash": "414103072d8f132d",
    "ingested_at": "2026-04-11T20:38:37.170550+00:00"
  }
}
