{
  "image_file": "86b08958dd41_WPI_2025_District_Event_Qual_Match_44_POV_frame_004046.png",
  "image_sha256": "86b08958dd418f7b9c67bfb38921cebcd9a395f307ba7d49fc5c26028d08de0a",
  "image_width": 1920,
  "image_height": 1080,
  "detector_config": {
    "library": "pupil-apriltags",
    "library_version": "1.0.4.post11",
    "family": "tag36h11",
    "nthreads": 4,
    "quad_decimate": 1.0,
    "quad_sigma": 0.0,
    "refine_edges": true,
    "decode_sharpening": 0.25
  },
  "detected_at": "2026-04-01T15:01:42.022087+00:00",
  "num_detections": 4,
  "detections": [
    {
      "tag_id": 14,
      "tag_family": "tag36h11",
      "hamming": 2,
      "decision_margin": 15.78132152557373,
      "center": [
        569.1127235859699,
        543.2590154255086
      ],
      "corners": [
        [
          564.1127929687501,
          549.1923217773438
        ],
        [
          577.9820556640625,
          549.5886230468752
        ],
        [
          574.5511474609374,
          536.8053588867188
        ],
        [
          560.6457519531249,
          537.2165527343748
        ]
      ],
      "homography": [
        [
          -11.621191990821217,
          7.076066111800285,
          569.1127235859699
        ],
        [
          -17.71479057215504,
          11.288926972015018,
          543.2590154255086
        ],
        [
          -0.032608508156216756,
          0.009399382845741202,
          1.0
        ]
      ]
    },
    {
      "tag_id": 15,
      "tag_family": "tag36h11",
      "hamming": 0,
      "decision_margin": 23.197362899780273,
      "center": [
        941.3583640207939,
        540.0961470755117
      ],
      "corners": [
        [
          934.0643920898436,
          546.8745727539062
        ],
        [
          949.3074951171874,
          546.6259155273436
        ],
        [
          948.7340087890626,
          533.2418212890625
        ],
        [
          933.7882080078125,
          533.8776855468751
        ]
      ],
      "homography": [
        [
          -6.569505989029834,
          -8.663090568064604,
          941.3583640207939
        ],
        [
          -8.320884362422134,
          1.5022560436912034,
          540.0961470755117
        ],
        [
          -0.014993551017114484,
          -0.009426068308261476,
          1.0
        ]
      ]
    },
    {
      "tag_id": 17,
      "tag_family": "tag36h11",
      "hamming": 0,
      "decision_margin": 79.08666229248047,
      "center": [
        667.9028046144344,
        754.0830549092155
      ],
      "corners": [
        [
          656.7371215820314,
          768.9996948242189
        ],
        [
          680.4104614257812,
          764.7129516601561
        ],
        [
          679.1000366210938,
          739.124267578125
        ],
        [
          655.1615600585939,
          743.254638671875
        ]
      ],
      "homography": [
        [
          14.52079221048939,
          4.281615517070124,
          667.9028046144344
        ],
        [
          0.8515203859411692,
          16.853043534307176,
          754.0830549092155
        ],
        [
          0.003920315158866108,
          0.005331087153529643,
          1.0
        ]
      ]
    },
    {
      "tag_id": 18,
      "tag_family": "tag36h11",
      "hamming": 0,
      "decision_margin": 61.955787658691406,
      "center": [
        501.8537095066947,
        762.1473526749306
      ],
      "corners": [
        [
          488.12020874023426,
          774.8472900390625
        ],
        [
          517.7396240234375,
          776.7003173828125
        ],
        [
          515.8075561523439,
          749.2436523437499
        ],
        [
          486.0213317871095,
          747.6434326171875
        ]
      ],
      "homography": [
        [
          12.430447253114153,
          2.5815828493853146,
          501.8537095066947
        ],
        [
          -2.812233191496377,
          16.054217880842998,
          762.1473526749306
        ],
        [
          -0.004823122005891326,
          0.003135238031602812,
          1.0
        ]
      ]
    }
  ]
}
