{
  "image_file": "86ea1560edc1_2026_Robot_Reveal____STROMBOLI_frame_000840.png",
  "image_sha256": "86ea1560edc1eeae6bd1ef02496580b37166958f129937c770f95b06d69ec120",
  "image_width": 1920,
  "image_height": 1080,
  "detector_config": {
    "library": "pupil-apriltags",
    "library_version": "1.0.4.post11",
    "family": "tag36h11",
    "nthreads": 4,
    "quad_decimate": 1.0,
    "quad_sigma": 0.0,
    "refine_edges": true,
    "decode_sharpening": 0.25
  },
  "detected_at": "2026-04-01T03:59:47.702093+00:00",
  "num_detections": 3,
  "detections": [
    {
      "tag_id": 25,
      "tag_family": "tag36h11",
      "hamming": 0,
      "decision_margin": 62.715538024902344,
      "center": [
        90.30171760965646,
        193.8718307471572
      ],
      "corners": [
        [
          54.23494720458984,
          229.8548583984375
        ],
        [
          123.70899200439455,
          229.30448913574222
        ],
        [
          126.4813232421875,
          157.7762298583984
        ],
        [
          57.2808723449707,
          158.8490295410156
        ]
      ],
      "homography": [
        [
          34.33484680788787,
          -1.64721882802652,
          90.30171760965646
        ],
        [
          -1.1216406526023988,
          35.220376980648666,
          193.8718307471572
        ],
        [
          -0.0036895319315234476,
          -0.002127720341061175,
          1.0
        ]
      ]
    },
    {
      "tag_id": 26,
      "tag_family": "tag36h11",
      "hamming": 0,
      "decision_margin": 58.458560943603516,
      "center": [
        243.89554890676325,
        190.99613694381094
      ],
      "corners": [
        [
          207.307373046875,
          227.47862243652344
        ],
        [
          278.0989074707031,
          226.75831604003906
        ],
        [
          279.8231811523437,
          155.17228698730466
        ],
        [
          209.9703216552735,
          155.52476501464844
        ]
      ],
      "homography": [
        [
          35.772282555894805,
          -2.7042479268345927,
          243.89554890676325
        ],
        [
          0.21302931134740818,
          34.6234210721191,
          190.99613694381094
        ],
        [
          0.002513256838255992,
          -0.006595703422478063,
          1.0
        ]
      ]
    },
    {
      "tag_id": 27,
      "tag_family": "tag36h11",
      "hamming": 0,
      "decision_margin": 48.50794219970703,
      "center": [
        561.3570810498021,
        218.89843609913905
      ],
      "corners": [
        [
          546.7073364257812,
          243.56222534179688
        ],
        [
          575.1260986328124,
          262.21978759765625
        ],
        [
          574.5114746093749,
          196.75216674804685
        ],
        [
          547.2882080078125,
          174.6336517333984
        ]
      ],
      "homography": [
        [
          32.00826046607142,
          -12.04427996005813,
          561.3570810498021
        ],
        [
          17.290612764273416,
          28.85523559798688,
          218.89843609913905
        ],
        [
          0.03227654364997203,
          -0.021505057296406175,
          1.0
        ]
      ]
    }
  ]
}
