{
  "image_file": "891617e724ac_FRC_5660_Symmetrical_Chaos_2025_frame_000944.png",
  "image_sha256": "891617e724ac746df12e59145df8b615c33cda1a243ff8d8a1e8350ae100ae46",
  "image_width": 1920,
  "image_height": 1080,
  "detector_config": {
    "library": "pupil-apriltags",
    "library_version": "1.0.4.post11",
    "family": "tag36h11",
    "nthreads": 4,
    "quad_decimate": 1.0,
    "quad_sigma": 0.0,
    "refine_edges": true,
    "decode_sharpening": 0.25
  },
  "detected_at": "2026-04-01T02:48:42.568205+00:00",
  "num_detections": 5,
  "detections": [
    {
      "tag_id": 7,
      "tag_family": "tag36h11",
      "hamming": 0,
      "decision_margin": 75.86603546142578,
      "center": [
        211.96543906874237,
        648.03443144093
      ],
      "corners": [
        [
          187.4940032958985,
          674.2052001953125
        ],
        [
          238.3469696044922,
          678.597900390625
        ],
        [
          236.49972534179685,
          621.7964477539062
        ],
        [
          185.75111389160156,
          617.6646728515624
        ]
      ],
      "homography": [
        [
          24.927391751170177,
          0.6964195691411165,
          211.96543906874237
        ],
        [
          0.6853598856346218,
          27.72080591254371,
          648.03443144093
        ],
        [
          -0.002230786537662627,
          -0.0009482730354289954,
          1.0
        ]
      ]
    },
    {
      "tag_id": 8,
      "tag_family": "tag36h11",
      "hamming": 0,
      "decision_margin": 74.8934555053711,
      "center": [
        517.0205306105036,
        642.8774044889041
      ],
      "corners": [
        [
          492.23297119140614,
          673.0509643554689
        ],
        [
          540.1558837890625,
          666.134338378906
        ],
        [
          541.2236938476564,
          613.4152221679686
        ],
        [
          493.0774841308594,
          618.8085327148439
        ]
      ],
      "homography": [
        [
          31.53085932250883,
          0.8715949479666317,
          517.0205306105036
        ],
        [
          6.2702178062381755,
          28.415147097513454,
          642.8774044889041
        ],
        [
          0.014542528465391974,
          0.002613817267454808,
          1.0
        ]
      ]
    },
    {
      "tag_id": 12,
      "tag_family": "tag36h11",
      "hamming": 0,
      "decision_margin": 52.117210388183594,
      "center": [
        758.3240672461943,
        314.8626622677493
      ],
      "corners": [
        [
          751.9650268554688,
          321.7015075683594
        ],
        [
          764.3574829101561,
          322.17776489257807
        ],
        [
          764.7108154296876,
          307.9940185546875
        ],
        [
          752.1341552734375,
          307.3578186035157
        ]
      ],
      "homography": [
        [
          10.271954915027209,
          5.547594953160229,
          758.3240672461943
        ],
        [
          1.950893438978311,
          9.489078655110063,
          314.8626622677493
        ],
        [
          0.005314603615543544,
          0.007488481881790134,
          1.0
        ]
      ]
    },
    {
      "tag_id": 20,
      "tag_family": "tag36h11",
      "hamming": 0,
      "decision_margin": 56.7140998840332,
      "center": [
        1035.3760356861005,
        461.45122947112293
      ],
      "corners": [
        [
          1028.032958984375,
          471.7236938476563
        ],
        [
          1041.438720703125,
          471.15585327148426
        ],
        [
          1042.3876953125002,
          451.64239501953125
        ],
        [
          1029.1776123046875,
          451.52932739257824
        ]
      ],
      "homography": [
        [
          24.335010127939313,
          -6.74292793364543,
          1035.3760356861005
        ],
        [
          7.769573940193935,
          7.151048513544425,
          461.45122947112293
        ],
        [
          0.017079145088004483,
          -0.006008501229587799,
          1.0
        ]
      ]
    },
    {
      "tag_id": 21,
      "tag_family": "tag36h11",
      "hamming": 0,
      "decision_margin": 78.81438446044922,
      "center": [
        937.6057986108812,
        459.487341691206
      ],
      "corners": [
        [
          927.5498657226561,
          468.95596313476557
        ],
        [
          947.0780029296875,
          469.94979858398443
        ],
        [
          947.53369140625,
          450.13928222656244
        ],
        [
          928.1561279296875,
          449.04977416992176
        ]
      ],
      "homography": [
        [
          12.171633967081675,
          -3.8272836537039425,
          937.6057986108812
        ],
        [
          1.7194354700258703,
          8.183368721450563,
          459.487341691206
        ],
        [
          0.0026081543039597225,
          -0.003799031931715597,
          1.0
        ]
      ]
    }
  ],
  "ingest_metadata": {
    "original_name": "FRC_5660_Symmetrical_Chaos_2025_frame_000944.png",
    "source": "unknown",
    "dhash": "cfe379659a9b4f1e",
    "ingested_at": "2026-04-01T02:48:42.565298+00:00"
  }
}
