{
  "image_file": "89b4528739b1_FRC_Team_1108_Robot_Reveal_2025_frame_001560.png",
  "image_sha256": "89b4528739b1aaf8156a171fd1d1092e905666e3e24b7c019a34950830954372",
  "image_width": 1920,
  "image_height": 1080,
  "detector_config": {
    "library": "pupil-apriltags",
    "library_version": "1.0.4.post11",
    "family": "tag36h11",
    "nthreads": 4,
    "quad_decimate": 1.0,
    "quad_sigma": 0.0,
    "refine_edges": true,
    "decode_sharpening": 0.25
  },
  "detected_at": "2026-04-01T01:49:33.282456+00:00",
  "num_detections": 2,
  "detections": [
    {
      "tag_id": 16,
      "tag_family": "tag36h11",
      "hamming": 0,
      "decision_margin": 57.013404846191406,
      "center": [
        1053.2774604364686,
        411.98642611049416
      ],
      "corners": [
        [
          1043.6605224609373,
          427.9894104003906
        ],
        [
          1062.15869140625,
          429.22302246093744
        ],
        [
          1062.9079589843752,
          395.96087646484375
        ],
        [
          1044.4880371093748,
          394.9280090332031
        ]
      ],
      "homography": [
        [
          6.122219153069636,
          -2.7594191355292415,
          1053.2774604364686
        ],
        [
          -0.6489727862793889,
          15.655546794743884,
          411.98642611049416
        ],
        [
          -0.0029500127306385506,
          -0.002245473590652007,
          1.0
        ]
      ]
    },
    {
      "tag_id": 18,
      "tag_family": "tag36h11",
      "hamming": 0,
      "decision_margin": 65.66535949707031,
      "center": [
        349.97208955506045,
        890.9319316410806
      ],
      "corners": [
        [
          314.2408447265626,
          932.9799194335936
        ],
        [
          388.07104492187494,
          919.2093505859376
        ],
        [
          385.20892333984364,
          849.4657592773438
        ],
        [
          309.70062255859375,
          861.042053222656
        ]
      ],
      "homography": [
        [
          43.38857739159374,
          5.46812091956736,
          349.97208955506045
        ],
        [
          9.10532767397171,
          44.65355409848178,
          890.9319316410806
        ],
        [
          0.017343866875193716,
          0.010377198855212119,
          1.0
        ]
      ]
    }
  ]
}
