{
  "image_file": "89bc77a72052_2025_________________frame_000864.png",
  "image_sha256": "89bc77a720526713002973f3d2e2836423282037459b5b8ba865a76cbedc7d01",
  "image_width": 1920,
  "image_height": 1080,
  "detector_config": {
    "library": "pupil-apriltags",
    "library_version": "1.0.4.post11",
    "family": "tag36h11",
    "nthreads": 4,
    "quad_decimate": 1.0,
    "quad_sigma": 0.0,
    "refine_edges": true,
    "decode_sharpening": 0.25
  },
  "detected_at": "2026-04-01T01:22:47.685210+00:00",
  "num_detections": 3,
  "detections": [
    {
      "tag_id": 2,
      "tag_family": "tag36h11",
      "hamming": 1,
      "decision_margin": 33.77371597290039,
      "center": [
        1205.9349552025187,
        377.86186840491257
      ],
      "corners": [
        [
          1198.88427734375,
          385.6616516113282
        ],
        [
          1212.811767578125,
          385.8050842285156
        ],
        [
          1213.2658691406252,
          369.7520751953124
        ],
        [
          1198.9510498046877,
          369.7949523925781
        ]
      ],
      "homography": [
        [
          -0.03151786310854931,
          16.27896166651908,
          1205.9349552025187
        ],
        [
          -2.19530039604547,
          13.11938872099114,
          377.86186840491257
        ],
        [
          -0.005879689623895623,
          0.013606058775570808,
          1.0
        ]
      ]
    },
    {
      "tag_id": 3,
      "tag_family": "tag36h11",
      "hamming": 0,
      "decision_margin": 74.41024780273438,
      "center": [
        756.3761074172078,
        356.12127047835196
      ],
      "corners": [
        [
          746.5839233398436,
          366.51071166992193
        ],
        [
          766.0966186523438,
          368.4133911132812
        ],
        [
          765.9111938476564,
          346.0046081542968
        ],
        [
          746.4000854492188,
          343.5060424804688
        ]
      ],
      "homography": [
        [
          19.69104362220901,
          -0.03244295532249211,
          756.3761074172078
        ],
        [
          5.778659713539467,
          11.292656051083668,
          356.12127047835196
        ],
        [
          0.013137348259926278,
          -0.00016497742603227724,
          1.0
        ]
      ]
    },
    {
      "tag_id": 10,
      "tag_family": "tag36h11",
      "hamming": 0,
      "decision_margin": 71.62641906738281,
      "center": [
        1346.9086537630233,
        504.1373195804357
      ],
      "corners": [
        [
          1328.2399902343748,
          521.415771484375
        ],
        [
          1364.9547119140625,
          523.4827880859375
        ],
        [
          1366.1215820312502,
          486.3551330566407
        ],
        [
          1329.4437255859377,
          485.41482543945324
        ]
      ],
      "homography": [
        [
          -2.3530014862942603,
          -1.9381429639404362,
          1346.9086537630233
        ],
        [
          -6.995562899185417,
          17.774343445232375,
          504.1373195804357
        ],
        [
          -0.015366159766854418,
          -0.000998634175613264,
          1.0
        ]
      ]
    }
  ],
  "ingest_metadata": {
    "original_name": "2025_________________frame_000864.png",
    "source": "unknown",
    "dhash": "f6cccc4b2b2c4f4b",
    "ingested_at": "2026-04-01T01:22:47.675297+00:00"
  }
}
