{
  "image_file": "89ed53191f21_2026_Robot_Reveal-_FRC_3990_Tech_For_Kids_frame_002100.png",
  "image_sha256": "89ed53191f218884cc148451c16380924fba4ae816ae9ba1c574cb039733a67a",
  "image_width": 1920,
  "image_height": 1080,
  "detector_config": {
    "library": "pupil-apriltags",
    "library_version": "1.0.4.post11",
    "family": "tag36h11",
    "nthreads": 4,
    "quad_decimate": 1.0,
    "quad_sigma": 0.0,
    "refine_edges": true,
    "decode_sharpening": 0.25
  },
  "detected_at": "2026-04-01T03:46:26.595124+00:00",
  "num_detections": 3,
  "detections": [
    {
      "tag_id": 17,
      "tag_family": "tag36h11",
      "hamming": 0,
      "decision_margin": 66.82514953613281,
      "center": [
        969.9718345185984,
        273.2836387875768
      ],
      "corners": [
        [
          951.8560180664064,
          299.26559448242193
        ],
        [
          990.8231201171874,
          297.5271911621093
        ],
        [
          988.5576782226562,
          246.62756347656253
        ],
        [
          949.3421020507811,
          249.2976837158204
        ]
      ],
      "homography": [
        [
          10.742453355587031,
          4.816773982721657,
          969.9718345185984
        ],
        [
          -3.5800615858511295,
          26.234499619308053,
          273.2836387875768
        ],
        [
          -0.009073887693635608,
          0.003732815051270846,
          1.0
        ]
      ]
    },
    {
      "tag_id": 29,
      "tag_family": "tag36h11",
      "hamming": 0,
      "decision_margin": 87.1349868774414,
      "center": [
        1480.1811557084181,
        339.36503226531966
      ],
      "corners": [
        [
          1465.693359375,
          353.9821472167968
        ],
        [
          1494.349609375,
          353.426025390625
        ],
        [
          1494.9458007812495,
          324.4685974121093
        ],
        [
          1465.9786376953125,
          325.2702331542969
        ]
      ],
      "homography": [
        [
          8.289487885441075,
          7.673195583925691,
          1480.1811557084181
        ],
        [
          -1.740951336780997,
          16.226294630117593,
          339.36503226531966
        ],
        [
          -0.0041317240830155855,
          0.005332400144044911,
          1.0
        ]
      ]
    },
    {
      "tag_id": 30,
      "tag_family": "tag36h11",
      "hamming": 0,
      "decision_margin": 88.3100814819336,
      "center": [
        1560.9463807961845,
        337.1235779443144
      ],
      "corners": [
        [
          1545.4536132812498,
          352.603271484375
        ],
        [
          1576.159423828125,
          351.6701354980469
        ],
        [
          1576.3011474609375,
          321.7817687988281
        ],
        [
          1545.8502197265625,
          322.6887817382813
        ]
      ],
      "homography": [
        [
          15.770722177496964,
          -6.635852817369594,
          1560.9463807961845
        ],
        [
          -0.3559335721751057,
          13.54633886971277,
          337.1235779443144
        ],
        [
          0.0003086618722308439,
          -0.004164980960214178,
          1.0
        ]
      ]
    }
  ],
  "ingest_metadata": {
    "original_name": "2026_Robot_Reveal-_FRC_3990_Tech_For_Kids_frame_002100.png",
    "source": "unknown",
    "dhash": "9ddc705c9cb20c99",
    "ingested_at": "2026-04-01T03:46:26.585300+00:00"
  }
}
