{
  "image_file": "8a2bd5771bed_PC000001_MOV-0180_jpg_rf_52b627131434cd2fa5713dd4252a751f.png",
  "image_sha256": "8a2bd5771bed10deae8c3d6df9cb2ee81f00d2e25de08b031521a9d270fad9bc",
  "image_width": 640,
  "image_height": 360,
  "detector_config": {
    "library": "pupil-apriltags",
    "library_version": "1.0.4.post11",
    "family": "tag36h11",
    "nthreads": 4,
    "quad_decimate": 1.0,
    "quad_sigma": 0.0,
    "refine_edges": true,
    "decode_sharpening": 0.25
  },
  "detected_at": "2026-03-24T14:12:38.712656+00:00",
  "num_detections": 3,
  "detections": [
    {
      "tag_id": 2,
      "tag_family": "tag36h11",
      "hamming": 0,
      "decision_margin": 76.57953643798828,
      "center": [
        26.21562678634538,
        148.94811745408492
      ],
      "corners": [
        [
          13.612022399902344,
          162.85093688964844
        ],
        [
          37.65134048461913,
          164.47187805175778
        ],
        [
          38.1682243347168,
          135.76341247558597
        ],
        [
          14.11290454864502,
          132.51890563964847
        ]
      ],
      "homography": [
        [
          12.733555397883052,
          -0.23091585575075357,
          26.21562678634538
        ],
        [
          5.299451835522715,
          14.884947534176206,
          148.94811745408492
        ],
        [
          0.027423943877953535,
          0.0009130510371248422,
          1.0
        ]
      ]
    },
    {
      "tag_id": 12,
      "tag_family": "tag36h11",
      "hamming": 0,
      "decision_margin": 78.6860122680664,
      "center": [
        587.4513177307758,
        193.42500637804974
      ],
      "corners": [
        [
          566.0502319335939,
          213.82470703125
        ],
        [
          609.5631713867188,
          214.42022705078122
        ],
        [
          609.0178833007811,
          172.86756896972662
        ],
        [
          565.8184814453125,
          172.88461303710943
        ]
      ],
      "homography": [
        [
          17.32901621349322,
          -1.8920606512373275,
          587.4513177307758
        ],
        [
          -1.2879703402824443,
          19.93522572906602,
          193.42500637804974
        ],
        [
          -0.007400780813956767,
          -0.0035495167220673807,
          1.0
        ]
      ]
    },
    {
      "tag_id": 19,
      "tag_family": "tag36h11",
      "hamming": 2,
      "decision_margin": 44.59695053100586,
      "center": [
        281.03314593481497,
        179.49965098609752
      ],
      "corners": [
        [
          276.4054870605468,
          184.52975463867188
        ],
        [
          285.0995483398438,
          183.92053222656247
        ],
        [
          285.54022216796875,
          174.6006164550781
        ],
        [
          277.04275512695307,
          175.16140747070312
        ]
      ],
      "homography": [
        [
          4.826487474739338,
          -3.4498490301666034,
          281.03314593481497
        ],
        [
          0.0457303293031256,
          2.6399576355091483,
          179.49965098609752
        ],
        [
          0.0018829900352491005,
          -0.011317462927678405,
          1.0
        ]
      ]
    }
  ],
  "ingest_metadata": {
    "original_name": "PC000001_MOV-0180_jpg_rf_52b627131434cd2fa5713dd4252a751f.png",
    "source": "unknown",
    "dhash": "9626623636690a0a",
    "ingested_at": "2026-03-24T14:12:38.699516+00:00"
  }
}
