{
  "image_file": "8a55331dae5b_FRC_8810_-_The_Alphabots_-_2026_Reveal_frame_001152.png",
  "image_sha256": "8a55331dae5b4f1fa7ed52b3c91a1ee5648a24b77dea4d579265426dc21e2d2e",
  "image_width": 1920,
  "image_height": 1080,
  "detector_config": {
    "library": "pupil-apriltags",
    "library_version": "1.0.4.post11",
    "family": "tag36h11",
    "nthreads": 4,
    "quad_decimate": 1.0,
    "quad_sigma": 0.0,
    "refine_edges": true,
    "decode_sharpening": 0.25
  },
  "detected_at": "2026-04-01T05:01:48.735933+00:00",
  "num_detections": 2,
  "detections": [
    {
      "tag_id": 31,
      "tag_family": "tag36h11",
      "hamming": 0,
      "decision_margin": 64.68804168701172,
      "center": [
        1304.6448364901114,
        544.2683930838349
      ],
      "corners": [
        [
          1292.865966796875,
          565.4231567382812
        ],
        [
          1315.1486816406252,
          577.2014160156249
        ],
        [
          1316.7205810546875,
          522.5804443359374
        ],
        [
          1294.4130859375,
          512.1884765625001
        ]
      ],
      "homography": [
        [
          -5.5323722355065,
          -1.221297509428951,
          1304.6448364901114
        ],
        [
          -1.4163135663094442,
          26.775240752409445,
          544.2683930838349
        ],
        [
          -0.01278363887320848,
          -0.0003384629365433116,
          1.0
        ]
      ]
    },
    {
      "tag_id": 32,
      "tag_family": "tag36h11",
      "hamming": 0,
      "decision_margin": 70.72185516357422,
      "center": [
        1369.856968041795,
        576.5603336368697
      ],
      "corners": [
        [
          1355.2968749999998,
          598.8128662109374
        ],
        [
          1382.0628662109377,
          612.741943359375
        ],
        [
          1385.1146240234377,
          553.2416992187501
        ],
        [
          1357.7614746093752,
          540.7059936523439
        ]
      ],
      "homography": [
        [
          -5.609515842366365,
          11.536502524461184,
          1369.856968041795
        ],
        [
          -1.431728616827631,
          34.829563070626705,
          576.5603336368697
        ],
        [
          -0.013968681631642766,
          0.009425537003018113,
          1.0
        ]
      ]
    }
  ]
}
