{
  "image_file": "8b8542822f67_PC000002_MOV-0407_jpg_rf_0360cadd610f76ba7d55d4ae392a98d5.png",
  "image_sha256": "8b8542822f6792451ab85928f4b6b04b28cdf65c10421d013b8d41da313dacb6",
  "image_width": 640,
  "image_height": 360,
  "detector_config": {
    "library": "pupil-apriltags",
    "library_version": "1.0.4.post11",
    "family": "tag36h11",
    "nthreads": 4,
    "quad_decimate": 1.0,
    "quad_sigma": 0.0,
    "refine_edges": true,
    "decode_sharpening": 0.25
  },
  "detected_at": "2026-03-24T14:13:17.031866+00:00",
  "num_detections": 3,
  "detections": [
    {
      "tag_id": 17,
      "tag_family": "tag36h11",
      "hamming": 0,
      "decision_margin": 97.56087493896484,
      "center": [
        185.88775257916544,
        262.02827479887515
      ],
      "corners": [
        [
          162.06216430664065,
          284.29986572265625
        ],
        [
          204.8831024169922,
          285.44940185546875
        ],
        [
          209.33796691894526,
          240.10757446289065
        ],
        [
          167.00782775878906,
          238.74946594238287
        ]
      ],
      "homography": [
        [
          21.74167186007665,
          -3.3707039147952544,
          185.88775257916544
        ],
        [
          1.2684967705643517,
          21.282722345091713,
          262.02827479887515
        ],
        [
          0.0024462913827351883,
          -0.0054937944963622505,
          1.0
        ]
      ]
    },
    {
      "tag_id": 29,
      "tag_family": "tag36h11",
      "hamming": 0,
      "decision_margin": 61.76788330078125,
      "center": [
        334.43116390653256,
        312.6379123739382
      ],
      "corners": [
        [
          327.4697875976563,
          319.36495971679693
        ],
        [
          340.96691894531244,
          320.1057434082031
        ],
        [
          341.52673339843744,
          305.7811889648437
        ],
        [
          327.8157043457031,
          305.0790100097656
        ]
      ],
      "homography": [
        [
          6.218722965976269,
          2.383503203921806,
          334.43116390653256
        ],
        [
          -0.18398074554363691,
          9.59185124083399,
          312.6379123739382
        ],
        [
          -0.0017428881245725137,
          0.007803508719409766,
          1.0
        ]
      ]
    },
    {
      "tag_id": 30,
      "tag_family": "tag36h11",
      "hamming": 0,
      "decision_margin": 66.9919662475586,
      "center": [
        370.5363986192484,
        314.59955803943956
      ],
      "corners": [
        [
          363.50228881835943,
          321.4906311035156
        ],
        [
          377.2109375,
          322.19741821289057
        ],
        [
          377.44586181640614,
          307.8305969238281
        ],
        [
          363.74047851562494,
          306.8635253906251
        ]
      ],
      "homography": [
        [
          10.178571770652354,
          -0.10501546016746363,
          370.5363986192484
        ],
        [
          3.242001141257446,
          7.25915406276431,
          314.59955803943956
        ],
        [
          0.00897513926224733,
          3.578033690483205e-05,
          1.0
        ]
      ]
    }
  ]
}
