{
  "image_file": "8cd73bf727bd_2026_Robot_Reveal_frame_002618.png",
  "image_sha256": "8cd73bf727bdf3954b363a8f46114f06614dc9ce2b0141c92c1fd111c183550d",
  "image_width": 1920,
  "image_height": 1080,
  "detector_config": {
    "library": "pupil-apriltags",
    "library_version": "1.0.4.post11",
    "family": "tag36h11",
    "nthreads": 4,
    "quad_decimate": 1.0,
    "quad_sigma": 0.0,
    "refine_edges": true,
    "decode_sharpening": 0.25
  },
  "detected_at": "2026-04-01T04:30:22.414550+00:00",
  "num_detections": 3,
  "detections": [
    {
      "tag_id": 5,
      "tag_family": "tag36h11",
      "hamming": 0,
      "decision_margin": 75.03875732421875,
      "center": [
        241.47644003426683,
        293.88603776857565
      ],
      "corners": [
        [
          223.54829406738278,
          321.7376403808594
        ],
        [
          261.29797363281256,
          324.2846374511718
        ],
        [
          260.0353698730469,
          265.05450439453125
        ],
        [
          221.62843322753903,
          263.4468383789063
        ]
      ],
      "homography": [
        [
          17.02969045663903,
          2.9662186346115527,
          241.47644003426683
        ],
        [
          -1.399376314707244,
          32.0143852279071,
          293.88603776857565
        ],
        [
          -0.00831026393931332,
          0.00897760739506448,
          1.0
        ]
      ]
    },
    {
      "tag_id": 8,
      "tag_family": "tag36h11",
      "hamming": 0,
      "decision_margin": 78.9168930053711,
      "center": [
        327.1566785345147,
        297.7881691894205
      ],
      "corners": [
        [
          307.0580749511718,
          326.33792114257807
        ],
        [
          347.81005859375,
          330.2194213867187
        ],
        [
          347.58895874023443,
          268.7644348144531
        ],
        [
          306.998291015625,
          266.1341857910157
        ]
      ],
      "homography": [
        [
          17.002803782528133,
          -0.567897822252403,
          327.1566785345147
        ],
        [
          -1.405124505570999,
          29.831253671851925,
          297.7881691894205
        ],
        [
          -0.010180661488730052,
          -0.0019480104536960302,
          1.0
        ]
      ]
    },
    {
      "tag_id": 9,
      "tag_family": "tag36h11",
      "hamming": 0,
      "decision_margin": 82.99183654785156,
      "center": [
        458.2075775445294,
        301.13363011569237
      ],
      "corners": [
        [
          435.6305541992188,
          330.40850830078125
        ],
        [
          479.995361328125,
          331.12951660156244
        ],
        [
          480.2533264160157,
          272.5476379394531
        ],
        [
          435.68127441406256,
          270.1210021972656
        ]
      ],
      "homography": [
        [
          28.77538872067447,
          1.0117895091320896,
          458.2075775445294
        ],
        [
          5.086640689352802,
          30.427706659867795,
          301.13363011569237
        ],
        [
          0.014285735429365577,
          0.0023798307212676457,
          1.0
        ]
      ]
    }
  ],
  "ingest_metadata": {
    "original_name": "2026_Robot_Reveal_frame_002618.png",
    "source": "unknown",
    "dhash": "edc484b1a42673f8",
    "ingested_at": "2026-04-01T04:30:22.405299+00:00"
  }
}
