{
  "image_file": "8fdd60666530_FRC_9483___Robot_POV__2024_Milstein_Q92__frame_007140.png",
  "image_sha256": "8fdd60666530fe7d9422ec5086f0e9fc981be296b66791073cd8c9393ac529e3",
  "image_width": 1920,
  "image_height": 1080,
  "detector_config": {
    "library": "pupil-apriltags",
    "library_version": "1.0.4.post11",
    "family": "tag36h11",
    "nthreads": 4,
    "quad_decimate": 1.0,
    "quad_sigma": 0.0,
    "refine_edges": true,
    "decode_sharpening": 0.25
  },
  "detected_at": "2026-04-01T16:12:09.128868+00:00",
  "num_detections": 3,
  "detections": [
    {
      "tag_id": 2,
      "tag_family": "tag36h11",
      "hamming": 2,
      "decision_margin": 25.805315017700195,
      "center": [
        1303.158515177664,
        619.7441607100346
      ],
      "corners": [
        [
          1298.1979980468752,
          626.8358154296875
        ],
        [
          1311.2633056640625,
          625.7774047851565
        ],
        [
          1309.1406249999998,
          611.1920166015625
        ],
        [
          1293.9300537109375,
          612.8744506835935
        ]
      ],
      "homography": [
        [
          -11.563633122851128,
          104.67431449043443,
          1303.158515177664
        ],
        [
          -9.505802306879339,
          56.10661626464844,
          619.7441607100346
        ],
        [
          -0.014265761015893573,
          0.07909323732366326,
          1.0
        ]
      ]
    },
    {
      "tag_id": 3,
      "tag_family": "tag36h11",
      "hamming": 0,
      "decision_margin": 69.77297973632812,
      "center": [
        1037.4908578076572,
        557.3304318604544
      ],
      "corners": [
        [
          1028.6878662109377,
          567.9299926757811
        ],
        [
          1046.996337890625,
          571.9895629882812
        ],
        [
          1046.0922851562498,
          546.9735717773438
        ],
        [
          1027.3356933593752,
          541.6693725585938
        ]
      ],
      "homography": [
        [
          32.409914960889864,
          11.693472133101299,
          1037.4908578076572
        ],
        [
          14.769117491998484,
          18.79136122928276,
          557.3304318604544
        ],
        [
          0.022313063964399374,
          0.010731852965040518,
          1.0
        ]
      ]
    },
    {
      "tag_id": 4,
      "tag_family": "tag36h11",
      "hamming": 0,
      "decision_margin": 69.9053955078125,
      "center": [
        963.0658291275593,
        537.594526665946
      ],
      "corners": [
        [
          950.6566162109374,
          549.1076049804688
        ],
        [
          975.15966796875,
          554.9923706054688
        ],
        [
          974.4417724609375,
          527.0401000976561
        ],
        [
          951.0284423828125,
          520.2778930664061
        ]
      ],
      "homography": [
        [
          31.760000521170927,
          -21.947430297210868,
          963.0658291275593
        ],
        [
          14.220320459644654,
          1.8791856594656355,
          537.594526665946
        ],
        [
          0.020551201431315832,
          -0.022890581014130804,
          1.0
        ]
      ]
    }
  ]
}
