{
  "image_file": "90578a9c28dc_PC000006_MOV-0022_jpg_rf_86bca71e96007eea2d9486509b50298d.png",
  "image_sha256": "90578a9c28dc8010b769dab14a6bb5177a34bb320a55cdb90edd86f7f07cf2a4",
  "image_width": 640,
  "image_height": 360,
  "detector_config": {
    "library": "pupil-apriltags",
    "library_version": "1.0.4.post11",
    "family": "tag36h11",
    "nthreads": 4,
    "quad_decimate": 1.0,
    "quad_sigma": 0.0,
    "refine_edges": true,
    "decode_sharpening": 0.25
  },
  "detected_at": "2026-03-24T14:13:40.412452+00:00",
  "num_detections": 2,
  "detections": [
    {
      "tag_id": 9,
      "tag_family": "tag36h11",
      "hamming": 0,
      "decision_margin": 74.3821029663086,
      "center": [
        103.75230406773537,
        97.94738003336687
      ],
      "corners": [
        [
          -1.9163832664489844,
          177.44168090820315
        ],
        [
          178.33575439453125,
          183.40867614746094
        ],
        [
          200.45336914062503,
          25.199399948120103
        ],
        [
          37.59674453735349,
          22.14316558837892
        ]
      ],
      "homography": [
        [
          84.74395787930885,
          -20.839808655017965,
          103.75230406773537
        ],
        [
          1.4234474922352458,
          73.05476514518597,
          97.94738003336687
        ],
        [
          -0.007785030997234613,
          -0.0520980874428245,
          1.0
        ]
      ]
    },
    {
      "tag_id": 10,
      "tag_family": "tag36h11",
      "hamming": 0,
      "decision_margin": 71.15856170654297,
      "center": [
        485.9683788076409,
        108.13184067374533
      ],
      "corners": [
        [
          393.62918090820307,
          190.4279022216797
        ],
        [
          589.6253662109375,
          198.2267303466797
        ],
        [
          570.2149047851564,
          33.048263549804695
        ],
        [
          395.3403930664062,
          29.361286163330067
        ]
      ],
      "homography": [
        [
          87.24730472977114,
          -23.131357233051734,
          485.9683788076409
        ],
        [
          1.6162631711542212,
          75.18528550195565,
          108.13184067374533
        ],
        [
          -0.01061635987019155,
          -0.05644493391483787,
          1.0
        ]
      ]
    }
  ]
}
