{
  "image_file": "907a50371109_SingTown_-_OpenMV_Cam_video_tutorial_11_-_Apriltag_frame_020350.png",
  "image_sha256": "907a503711096635462da9e15f064c506b5225c71d1dafcfc5ee8132ae3c4c34",
  "image_width": 1920,
  "image_height": 1080,
  "detector_config": {
    "library": "pupil-apriltags",
    "library_version": "1.0.4.post11",
    "family": "tag36h11",
    "nthreads": 4,
    "quad_decimate": 1.0,
    "quad_sigma": 0.0,
    "refine_edges": true,
    "decode_sharpening": 0.25
  },
  "detected_at": "2026-04-11T20:47:10.946767+00:00",
  "num_detections": 4,
  "detections": [
    {
      "tag_id": 6,
      "tag_family": "tag36h11",
      "hamming": 0,
      "decision_margin": 29.97511863708496,
      "center": [
        683.8292154417743,
        226.1370183752223
      ],
      "corners": [
        [
          635.57763671875,
          255.00207519531256
        ],
        [
          725.6316528320314,
          255.43721008300778
        ],
        [
          728.1956787109376,
          199.59611511230466
        ],
        [
          639.023193359375,
          194.7315521240235
        ]
      ],
      "homography": [
        [
          70.93999036787557,
          -3.972619461299578,
          683.8292154417743
        ],
        [
          9.995231055511166,
          28.163532882751184,
          226.1370183752223
        ],
        [
          0.03831387786508633,
          -0.0036338395590064187,
          1.0
        ]
      ]
    },
    {
      "tag_id": 7,
      "tag_family": "tag36h11",
      "hamming": 0,
      "decision_margin": 84.11085510253906,
      "center": [
        900.8047348364037,
        278.283887598184
      ],
      "corners": [
        [
          853.1320190429689,
          314.995849609375
        ],
        [
          947.3767700195312,
          309.75616455078125
        ],
        [
          951.3595581054686,
          239.3524627685546
        ],
        [
          854.157470703125,
          246.76077270507807
        ]
      ],
      "homography": [
        [
          34.98871613853987,
          12.347862012928775,
          900.8047348364037
        ],
        [
          -7.116022155929277,
          38.83827557512569,
          278.283887598184
        ],
        [
          -0.014267062222775033,
          0.015074072688447822,
          1.0
        ]
      ]
    },
    {
      "tag_id": 7,
      "tag_family": "tag36h11",
      "hamming": 0,
      "decision_margin": 62.7014274597168,
      "center": [
        1446.4599695300462,
        416.35091497179354
      ],
      "corners": [
        [
          1531.5526123046877,
          327.33026123046875
        ],
        [
          1350.5057373046875,
          326.8221740722658
        ],
        [
          1370.2850341796873,
          496.042205810547
        ],
        [
          1531.6867675781248,
          495.8705749511717
        ]
      ],
      "homography": [
        [
          -88.1584822963182,
          -87.75699852725484,
          1446.4599695300462
        ],
        [
          -0.8790620295106351,
          -108.00028833914627,
          416.35091497179354
        ],
        [
          -0.0019553950044581495,
          -0.05725297885835819,
          1.0
        ]
      ]
    },
    {
      "tag_id": 8,
      "tag_family": "tag36h11",
      "hamming": 2,
      "decision_margin": 15.614046096801758,
      "center": [
        519.6226735824781,
        436.84278219161394
      ],
      "corners": [
        [
          465.5483703613282,
          472.5084228515625
        ],
        [
          563.9736328125,
          470.5979919433594
        ],
        [
          571.8402709960935,
          402.40176391601557
        ],
        [
          477.04153442382807,
          404.4345703125
        ]
      ],
      "homography": [
        [
          47.537857658870166,
          -14.668639621996698,
          519.6226735824781
        ],
        [
          -1.6186990135183268,
          25.79316946267761,
          436.84278219161394
        ],
        [
          -0.0014453296967124978,
          -0.01891331922786532,
          1.0
        ]
      ]
    }
  ],
  "ingest_metadata": {
    "original_name": "SingTown - OpenMV Cam video tutorial 11 - Apriltag_frame_020350.png",
    "source": "SingTown - OpenMV Cam video tutorial 11 - Apriltag.mp4",
    "dhash": "d8e4e4f4b4a4a4b0",
    "ingested_at": "2026-04-11T20:47:10.946797+00:00"
  }
}
