{
  "image_file": "908bd73402d5_SingTown_-_OpenMV_Cam_video_tutorial_11_-_Apriltag_frame_024400.png",
  "image_sha256": "908bd73402d5bf7fb59a102426c6c5aea824beb22b3ba33e970c11eba9dccfba",
  "image_width": 1920,
  "image_height": 1080,
  "detector_config": {
    "library": "pupil-apriltags",
    "library_version": "1.0.4.post11",
    "family": "tag36h11",
    "nthreads": 4,
    "quad_decimate": 1.0,
    "quad_sigma": 0.0,
    "refine_edges": true,
    "decode_sharpening": 0.25
  },
  "detected_at": "2026-04-11T20:47:29.708669+00:00",
  "num_detections": 3,
  "detections": [
    {
      "tag_id": 6,
      "tag_family": "tag36h11",
      "hamming": 0,
      "decision_margin": 28.92683219909668,
      "center": [
        684.7317778332227,
        242.9589059303251
      ],
      "corners": [
        [
          633.8084716796875,
          267.3563232421875
        ],
        [
          719.1572875976562,
          273.8106689453125
        ],
        [
          732.3873901367188,
          220.1270446777344
        ],
        [
          647.6889038085936,
          209.76148986816406
        ]
      ],
      "homography": [
        [
          66.34788529735386,
          -5.584903181890232,
          684.7317778332227
        ],
        [
          12.672177597261278,
          28.207267883204793,
          242.9589059303251
        ],
        [
          0.03488534286712016,
          0.001737344276898547,
          1.0
        ]
      ]
    },
    {
      "tag_id": 7,
      "tag_family": "tag36h11",
      "hamming": 0,
      "decision_margin": 83.1397933959961,
      "center": [
        863.0615916095805,
        175.68823774749592
      ],
      "corners": [
        [
          820.8584594726565,
          211.71716308593753
        ],
        [
          905.5345458984375,
          205.24412536621094
        ],
        [
          907.3858032226561,
          137.84854125976562
        ],
        [
          820.1130371093751,
          145.80139160156253
        ]
      ],
      "homography": [
        [
          34.79789330841243,
          12.71679376552311,
          863.0615916095805
        ],
        [
          -5.2601052110515285,
          35.958727847983795,
          175.68823774749592
        ],
        [
          -0.009472857081843644,
          0.015040543933675925,
          1.0
        ]
      ]
    },
    {
      "tag_id": 7,
      "tag_family": "tag36h11",
      "hamming": 2,
      "decision_margin": 62.7801513671875,
      "center": [
        1440.3312855015743,
        396.4256024851948
      ],
      "corners": [
        [
          1469.69287109375,
          366.8911437988282
        ],
        [
          1410.9108886718752,
          367.1021423339844
        ],
        [
          1411.0703125,
          425.8588562011719
        ],
        [
          1469.5123291015625,
          425.51049804687506
        ]
      ],
      "homography": [
        [
          -31.011171004957532,
          -4.171986527581794,
          1440.3312855015743
        ],
        [
          -0.32935789989704745,
          -30.493503678261163,
          396.4256024851948
        ],
        [
          -0.0011840739982344004,
          -0.00290035170795939,
          1.0
        ]
      ]
    }
  ],
  "ingest_metadata": {
    "original_name": "SingTown - OpenMV Cam video tutorial 11 - Apriltag_frame_024400.png",
    "source": "SingTown - OpenMV Cam video tutorial 11 - Apriltag.mp4",
    "dhash": "b4e4ecccb4c4a4b0",
    "ingested_at": "2026-04-11T20:47:29.708699+00:00"
  }
}
