{
  "image_file": "9138d8b2c268_PC000001_MOV-0038_jpg_rf_77372d99cbd76746a75eecc61ca35edb.png",
  "image_sha256": "9138d8b2c268b6a22b42bc96b1872c1e44aabd973049222ee5185224755b1794",
  "image_width": 640,
  "image_height": 360,
  "detector_config": {
    "library": "pupil-apriltags",
    "library_version": "1.0.4.post11",
    "family": "tag36h11",
    "nthreads": 4,
    "quad_decimate": 1.0,
    "quad_sigma": 0.0,
    "refine_edges": true,
    "decode_sharpening": 0.25
  },
  "detected_at": "2026-03-24T14:12:24.060712+00:00",
  "num_detections": 2,
  "detections": [
    {
      "tag_id": 13,
      "tag_family": "tag36h11",
      "hamming": 0,
      "decision_margin": 99.2051773071289,
      "center": [
        150.21729150324362,
        142.31429307661816
      ],
      "corners": [
        [
          127.27963256835938,
          176.41558837890625
        ],
        [
          182.49502563476562,
          181.45539855957028
        ],
        [
          175.0577850341797,
          105.38406372070312
        ],
        [
          118.89202117919925,
          104.32817840576175
        ]
      ],
      "homography": [
        [
          23.706703892889976,
          5.838141934853101,
          150.21729150324362
        ],
        [
          -2.351758817365384,
          38.775544556088136,
          142.31429307661816
        ],
        [
          -0.027400798444826083,
          0.012425659838865543,
          1.0
        ]
      ]
    },
    {
      "tag_id": 14,
      "tag_family": "tag36h11",
      "hamming": 0,
      "decision_margin": 97.50616455078125,
      "center": [
        327.62349975241926,
        153.89501105094044
      ],
      "corners": [
        [
          292.04074096679693,
          192.38562011718753
        ],
        [
          367.79193115234375,
          200.5220489501953
        ],
        [
          367.9529724121093,
          110.26978302001956
        ],
        [
          288.3652038574219,
          108.32444763183595
        ]
      ],
      "homography": [
        [
          26.637862982949287,
          9.31611181819699,
          327.62349975241926
        ],
        [
          -3.0954948975069443,
          47.424789423896385,
          153.89501105094044
        ],
        [
          -0.03699388981137394,
          0.025535083236760597,
          1.0
        ]
      ]
    }
  ]
}
