{
  "image_file": "914819f0d39c_WPI_2025_District_Event_Qual_Match_25_POV_frame_000357.png",
  "image_sha256": "914819f0d39c43f2269eb6155e25b828122611861c873a37731ed75e12df02ae",
  "image_width": 1920,
  "image_height": 1080,
  "detector_config": {
    "library": "pupil-apriltags",
    "library_version": "1.0.4.post11",
    "family": "tag36h11",
    "nthreads": 4,
    "quad_decimate": 1.0,
    "quad_sigma": 0.0,
    "refine_edges": true,
    "decode_sharpening": 0.25
  },
  "detected_at": "2026-04-01T14:57:09.165442+00:00",
  "num_detections": 3,
  "detections": [
    {
      "tag_id": 4,
      "tag_family": "tag36h11",
      "hamming": 0,
      "decision_margin": 41.25649642944336,
      "center": [
        1172.6939950545764,
        440.75154017389
      ],
      "corners": [
        [
          1164.4709472656248,
          447.1383666992187
        ],
        [
          1179.374755859375,
          447.1941223144532
        ],
        [
          1180.813232421875,
          434.4453430175781
        ],
        [
          1165.7806396484373,
          434.0846557617187
        ]
      ],
      "homography": [
        [
          21.239934098745607,
          5.619865704509723,
          1172.6939950545764
        ],
        [
          5.273780836505465,
          8.820268820409979,
          440.75154017389
        ],
        [
          0.011731102566332308,
          0.005378843952535443,
          1.0
        ]
      ]
    },
    {
      "tag_id": 7,
      "tag_family": "tag36h11",
      "hamming": 0,
      "decision_margin": 86.27266693115234,
      "center": [
        919.4763086640032,
        672.2939126266122
      ],
      "corners": [
        [
          903.5792236328125,
          686.3340454101561
        ],
        [
          935.0821533203125,
          687.1317749023439
        ],
        [
          935.5151977539062,
          658.1285400390624
        ],
        [
          903.5817871093751,
          657.1815795898436
        ]
      ],
      "homography": [
        [
          18.030059447160284,
          6.145101955698694,
          919.4763086640032
        ],
        [
          2.023633671766104,
          19.11126871413012,
          672.2939126266122
        ],
        [
          0.0023619892448541427,
          0.006802250192420509,
          1.0
        ]
      ]
    },
    {
      "tag_id": 8,
      "tag_family": "tag36h11",
      "hamming": 0,
      "decision_margin": 62.870628356933594,
      "center": [
        1057.7776236337388,
        657.3323324481181
      ],
      "corners": [
        [
          1050.5406494140623,
          673.84716796875
        ],
        [
          1064.3438720703125,
          667.8734130859375
        ],
        [
          1064.6809082031252,
          641.5789794921875
        ],
        [
          1051.0583496093752,
          646.5455932617188
        ]
      ],
      "homography": [
        [
          25.426905195903146,
          -6.601308501621585,
          1057.7776236337388
        ],
        [
          8.810388589405305,
          9.423405820663449,
          657.3323324481181
        ],
        [
          0.01755838728512109,
          -0.006040165985212139,
          1.0
        ]
      ]
    }
  ]
}
