{
  "image_file": "91bfdb89ee0c_Half_Hollow_Hills_Invitational_Playoff_Match_9_2025_frame_00.png",
  "image_sha256": "91bfdb89ee0ce26b884f9ba9f926d073a71ea6e1aea4513e8c697231445b0518",
  "image_width": 1920,
  "image_height": 1080,
  "detector_config": {
    "library": "pupil-apriltags",
    "library_version": "1.0.4.post11",
    "family": "tag36h11",
    "nthreads": 4,
    "quad_decimate": 1.0,
    "quad_sigma": 0.0,
    "refine_edges": true,
    "decode_sharpening": 0.25
  },
  "detected_at": "2026-04-01T16:07:39.366647+00:00",
  "num_detections": 5,
  "detections": [
    {
      "tag_id": 12,
      "tag_family": "tag36h11",
      "hamming": 0,
      "decision_margin": 69.46539306640625,
      "center": [
        1685.4566794991333,
        345.39492772584174
      ],
      "corners": [
        [
          1674.7862548828125,
          359.6095581054688
        ],
        [
          1697.4749755859375,
          357.6616821289062
        ],
        [
          1696.2757568359377,
          330.9822692871093
        ],
        [
          1673.791137695313,
          333.4882202148438
        ]
      ],
      "homography": [
        [
          -7.089625390286073,
          -6.174786953051126,
          1685.4566794991333
        ],
        [
          -4.881290862489893,
          11.82092341930877,
          345.39492772584174
        ],
        [
          -0.010905880876494635,
          -0.003988423189115639,
          1.0
        ]
      ]
    },
    {
      "tag_id": 14,
      "tag_family": "tag36h11",
      "hamming": 0,
      "decision_margin": 56.643253326416016,
      "center": [
        176.021397333868,
        308.2819718644592
      ],
      "corners": [
        [
          161.58518981933597,
          320.329345703125
        ],
        [
          187.01382446289062,
          321.2270202636719
        ],
        [
          190.24983215332034,
          296.4079895019532
        ],
        [
          164.75056457519534,
          295.0090637207031
        ]
      ],
      "homography": [
        [
          14.4692529989548,
          -1.1381880506956161,
          176.021397333868
        ],
        [
          3.6182720064339815,
          13.343771715487378,
          308.2819718644592
        ],
        [
          0.009876778342487043,
          0.0026283817757727047,
          1.0
        ]
      ]
    },
    {
      "tag_id": 16,
      "tag_family": "tag36h11",
      "hamming": 0,
      "decision_margin": 43.68564224243164,
      "center": [
        1027.745019290085,
        404.83385473092335
      ],
      "corners": [
        [
          1019.5639038085936,
          414.77490234375
        ],
        [
          1035.3251953125002,
          413.30987548828125
        ],
        [
          1035.7747802734373,
          395.07672119140625
        ],
        [
          1019.9655151367185,
          396.13494873046875
        ]
      ],
      "homography": [
        [
          19.35817179502976,
          1.6577941492487323,
          1027.745019290085
        ],
        [
          3.8856165701556606,
          9.954076089358523,
          404.83385473092335
        ],
        [
          0.011156981928547749,
          0.0018203801434804074,
          1.0
        ]
      ]
    },
    {
      "tag_id": 18,
      "tag_family": "tag36h11",
      "hamming": 0,
      "decision_margin": 78.52006530761719,
      "center": [
        991.1102915647838,
        572.2067218134725
      ],
      "corners": [
        [
          979.8497314453126,
          594.6716918945312
        ],
        [
          1002.9398193359374,
          590.39111328125
        ],
        [
          1001.9800415039062,
          550.5214233398439
        ],
        [
          978.9505004882812,
          553.5146484374999
        ]
      ],
      "homography": [
        [
          27.10065687299175,
          -1.4635582448514664,
          991.1102915647838
        ],
        [
          7.174498839866598,
          19.13786498757213,
          572.2067218134725
        ],
        [
          0.015713298357170967,
          -0.0019462002813075178,
          1.0
        ]
      ]
    },
    {
      "tag_id": 19,
      "tag_family": "tag36h11",
      "hamming": 0,
      "decision_margin": 90.09898376464844,
      "center": [
        785.3015726110791,
        583.8102063850713
      ],
      "corners": [
        [
          764.9047241210936,
          605.3730468749999
        ],
        [
          807.1389160156251,
          605.877868652344
        ],
        [
          806.0836181640626,
          561.8401489257811
        ],
        [
          763.4126586914062,
          561.6904296874997
        ]
      ],
      "homography": [
        [
          18.015514243854682,
          4.773764501721759,
          785.3015726110791
        ],
        [
          -2.2217054977834354,
          25.003936898168263,
          583.8102063850713
        ],
        [
          -0.004087420296108467,
          0.005266814972962406,
          1.0
        ]
      ]
    }
  ]
}
