{
  "image_file": "9208c2a1b9e7_PC000011_MOV-0048_jpg_rf_c8ac5e9db5d562c3916b57a1cd27c215.png",
  "image_sha256": "9208c2a1b9e7c52b7f5173c980d0009a1be4184f9cbd7064323e9557a16cf259",
  "image_width": 640,
  "image_height": 360,
  "detector_config": {
    "library": "pupil-apriltags",
    "library_version": "1.0.4.post11",
    "family": "tag36h11",
    "nthreads": 4,
    "quad_decimate": 1.0,
    "quad_sigma": 0.0,
    "refine_edges": true,
    "decode_sharpening": 0.25
  },
  "detected_at": "2026-03-24T14:14:00.771917+00:00",
  "num_detections": 2,
  "detections": [
    {
      "tag_id": 6,
      "tag_family": "tag36h11",
      "hamming": 2,
      "decision_margin": 35.501556396484375,
      "center": [
        16.867297010459747,
        180.1348290042809
      ],
      "corners": [
        [
          10.090122222900392,
          186.1704406738281
        ],
        [
          24.37229347229004,
          186.19129943847653
        ],
        [
          24.298995971679684,
          173.51631164550778
        ],
        [
          9.382980346679686,
          174.0950469970703
        ]
      ],
      "homography": [
        [
          6.891875133110087,
          0.5794964319151115,
          16.867297010459747
        ],
        [
          -4.405929654835917,
          10.205523844014095,
          180.1348290042809
        ],
        [
          -0.023722050785413618,
          0.022342414648858607,
          1.0
        ]
      ]
    },
    {
      "tag_id": 28,
      "tag_family": "tag36h11",
      "hamming": 0,
      "decision_margin": 86.08529663085938,
      "center": [
        419.6552349451632,
        181.3626757994808
      ],
      "corners": [
        [
          379.13922119140625,
          241.36064147949216
        ],
        [
          460.3001098632813,
          230.92063903808594
        ],
        [
          456.0777282714843,
          127.42658233642581
        ],
        [
          374.4433593749999,
          126.23620605468751
        ]
      ],
      "homography": [
        [
          62.908945353585295,
          2.220794061809905,
          419.6552349451632
        ],
        [
          7.342517537748755,
          54.49886783202109,
          181.3626757994808
        ],
        [
          0.05319917768726316,
          -5.915351197998259e-06,
          1.0
        ]
      ]
    }
  ]
}
