{
  "image_file": "930278fe5f50_FRC_9483___Robot_POV__2024_Milstein_Q92__frame_004046.png",
  "image_sha256": "930278fe5f5033eabe9879bcaca6650e757bd05edebd697e42eef29a6a281556",
  "image_width": 1920,
  "image_height": 1080,
  "detector_config": {
    "library": "pupil-apriltags",
    "library_version": "1.0.4.post11",
    "family": "tag36h11",
    "nthreads": 4,
    "quad_decimate": 1.0,
    "quad_sigma": 0.0,
    "refine_edges": true,
    "decode_sharpening": 0.25
  },
  "detected_at": "2026-04-01T16:11:48.662089+00:00",
  "num_detections": 3,
  "detections": [
    {
      "tag_id": 3,
      "tag_family": "tag36h11",
      "hamming": 0,
      "decision_margin": 62.92552947998047,
      "center": [
        1020.2687532779275,
        550.8500267458617
      ],
      "corners": [
        [
          1011.0357055664061,
          560.344482421875
        ],
        [
          1029.6324462890625,
          561.5716552734376
        ],
        [
          1029.502197265625,
          541.3551635742188
        ],
        [
          1010.4752807617186,
          539.6362915039062
        ]
      ],
      "homography": [
        [
          20.837115179997,
          11.625763487937322,
          1020.2687532779275
        ],
        [
          6.906835589264345,
          16.41331581073041,
          550.8500267458617
        ],
        [
          0.011206470158013447,
          0.011227929360039843,
          1.0
        ]
      ]
    },
    {
      "tag_id": 4,
      "tag_family": "tag36h11",
      "hamming": 0,
      "decision_margin": 65.10320281982422,
      "center": [
        950.3777131867055,
        544.4678990782495
      ],
      "corners": [
        [
          939.4041137695312,
          554.568359375
        ],
        [
          961.0206298828125,
          556.2135620117186
        ],
        [
          960.7575683593749,
          534.9139404296874
        ],
        [
          939.818908691406,
          532.8150634765625
        ]
      ],
      "homography": [
        [
          21.962278258099563,
          -15.131955807114078,
          950.3777131867055
        ],
        [
          7.4293216534456405,
          2.109711620217923,
          544.4678990782495
        ],
        [
          0.011919150589308728,
          -0.015886385138255393,
          1.0
        ]
      ]
    },
    {
      "tag_id": 5,
      "tag_family": "tag36h11",
      "hamming": 0,
      "decision_margin": 90.1751937866211,
      "center": [
        226.21407737271275,
        321.7665506809412
      ],
      "corners": [
        [
          185.08631896972656,
          330.4075622558594
        ],
        [
          243.5238494873047,
          365.2039794921875
        ],
        [
          263.2613830566406,
          313.9828491210937
        ],
        [
          207.43951416015625,
          274.65335083007807
        ]
      ],
      "homography": [
        [
          38.991928259857815,
          -11.796659748088496,
          226.21407737271275
        ],
        [
          33.43370452078358,
          24.828648547801553,
          321.7665506809412
        ],
        [
          0.04639494577426961,
          -0.005801400550713472,
          1.0
        ]
      ]
    }
  ],
  "ingest_metadata": {
    "original_name": "FRC_9483___Robot_POV__2024_Milstein_Q92__frame_004046.png",
    "source": "unknown",
    "dhash": "765f36b3ebcbcbe9",
    "ingested_at": "2026-04-01T16:11:48.655302+00:00"
  }
}
