{
  "image_file": "93892bb441e2_2026_Robot_Build_-_Update_15__Sponsor_Social_frame_009758.png",
  "image_sha256": "93892bb441e2e13c51cac98ae106a4559ec51758ba5f302ed53e7b799c0f5b62",
  "image_width": 1920,
  "image_height": 1080,
  "detector_config": {
    "library": "pupil-apriltags",
    "library_version": "1.0.4.post11",
    "family": "tag36h11",
    "nthreads": 4,
    "quad_decimate": 1.0,
    "quad_sigma": 0.0,
    "refine_edges": true,
    "decode_sharpening": 0.25
  },
  "detected_at": "2026-04-01T03:41:44.270848+00:00",
  "num_detections": 3,
  "detections": [
    {
      "tag_id": 8,
      "tag_family": "tag36h11",
      "hamming": 0,
      "decision_margin": 58.4047966003418,
      "center": [
        101.59211367514294,
        554.17660516554
      ],
      "corners": [
        [
          67.44834899902347,
          590.8777465820312
        ],
        [
          142.93853759765625,
          590.5496826171875
        ],
        [
          135.59358215332028,
          517.6284179687501
        ],
        [
          60.031997680664055,
          517.6155395507812
        ]
      ],
      "homography": [
        [
          37.999727246924806,
          3.7151215585175708,
          101.59211367514294
        ],
        [
          1.2139557527065064,
          36.681266820465,
          554.17660516554
        ],
        [
          0.0023328184831078896,
          0.00024468712959200363,
          1.0
        ]
      ]
    },
    {
      "tag_id": 9,
      "tag_family": "tag36h11",
      "hamming": 0,
      "decision_margin": 56.700016021728516,
      "center": [
        263.7459135316167,
        535.3209490014817
      ],
      "corners": [
        [
          250.24162292480474,
          575.6004638671875
        ],
        [
          282.19689941406256,
          562.5929565429688
        ],
        [
          276.65896606445307,
          496.804931640625
        ],
        [
          244.23193359374994,
          506.4777526855469
        ]
      ],
      "homography": [
        [
          22.728590673101678,
          3.6237226583169813,
          263.7459135316167
        ],
        [
          7.81352716331548,
          35.210712877400056,
          535.3209490014817
        ],
        [
          0.025190010358832594,
          0.0028093314673131365,
          1.0
        ]
      ]
    },
    {
      "tag_id": 10,
      "tag_family": "tag36h11",
      "hamming": 0,
      "decision_margin": 46.0229606628418,
      "center": [
        327.61722191286407,
        511.4488981490431
      ],
      "corners": [
        [
          315.6037292480469,
          547.9943237304688
        ],
        [
          342.9906005859375,
          537.4981079101562
        ],
        [
          338.51385498046875,
          478.3009948730469
        ],
        [
          312.1443176269532,
          485.2310485839845
        ]
      ],
      "homography": [
        [
          21.93954439249893,
          -5.459505647409569,
          327.61722191286407
        ],
        [
          8.976265235448635,
          18.807183580006267,
          511.4488981490431
        ],
        [
          0.02598805418747495,
          -0.022761551565754688,
          1.0
        ]
      ]
    }
  ]
}
