{
  "image_file": "93b48ce2e8eb_SF7_-_WPI_-_190_360_POV_frame_002950.png",
  "image_sha256": "93b48ce2e8ebb1c38ffef63ab0c9bbe9620f34b5834eef04ca53cd68db0931cb",
  "image_width": 1920,
  "image_height": 1080,
  "detector_config": {
    "library": "pupil-apriltags",
    "library_version": "1.0.4.post11",
    "family": "tag36h11",
    "nthreads": 4,
    "quad_decimate": 1.0,
    "quad_sigma": 0.0,
    "refine_edges": true,
    "decode_sharpening": 0.25
  },
  "detected_at": "2026-04-01T15:13:36.427159+00:00",
  "num_detections": 3,
  "detections": [
    {
      "tag_id": 3,
      "tag_family": "tag36h11",
      "hamming": 0,
      "decision_margin": 45.86556625366211,
      "center": [
        1555.9436051453108,
        510.7498908274844
      ],
      "corners": [
        [
          1549.3306884765627,
          517.76904296875
        ],
        [
          1562.173828125,
          517.7532958984376
        ],
        [
          1562.7075195312495,
          503.5704650878906
        ],
        [
          1549.1604003906248,
          503.1248779296874
        ]
      ],
      "homography": [
        [
          30.868002327916425,
          41.74393605856472,
          1555.9436051453108
        ],
        [
          8.070326025261577,
          20.9340569909632,
          510.7498908274844
        ],
        [
          0.015602582351297313,
          0.026890585957934088,
          1.0
        ]
      ]
    },
    {
      "tag_id": 4,
      "tag_family": "tag36h11",
      "hamming": 1,
      "decision_margin": 35.74388885498047,
      "center": [
        1299.817595154613,
        442.02953549307153
      ],
      "corners": [
        [
          1290.730224609375,
          448.9083251953125
        ],
        [
          1303.158203125,
          450.708251953125
        ],
        [
          1308.1688232421875,
          435.7079772949219
        ],
        [
          1295.9401855468748,
          431.9562377929687
        ]
      ],
      "homography": [
        [
          81.91476931725038,
          18.341293567630384,
          1299.817595154613
        ],
        [
          27.13444927851071,
          15.063294393286018,
          442.02953549307153
        ],
        [
          0.05829153625572236,
          0.01607814095007534,
          1.0
        ]
      ]
    },
    {
      "tag_id": 5,
      "tag_family": "tag36h11",
      "hamming": 2,
      "decision_margin": 29.3192195892334,
      "center": [
        875.2191027572413,
        439.77680559937295
      ],
      "corners": [
        [
          871.3060302734374,
          448.98205566406244
        ],
        [
          883.092529296875,
          445.9930114746095
        ],
        [
          878.8760375976564,
          431.1741027832031
        ],
        [
          867.3778076171876,
          433.585968017578
        ]
      ],
      "homography": [
        [
          19.731124393038613,
          -13.66332950907565,
          875.2191027572413
        ],
        [
          5.6453690016100495,
          -0.341071078270317,
          439.77680559937295
        ],
        [
          0.015895591379992365,
          -0.017940260082046047,
          1.0
        ]
      ]
    }
  ]
}
