{
  "image_file": "9407e4141830_PC000002_MOV-0046_jpg_rf_cfe697dcf931a4b34b96746a15c628ba.png",
  "image_sha256": "9407e4141830254d48812ffe84c325bc7d5270a851af408015b7b8783e5babe6",
  "image_width": 640,
  "image_height": 360,
  "detector_config": {
    "library": "pupil-apriltags",
    "library_version": "1.0.4.post11",
    "family": "tag36h11",
    "nthreads": 4,
    "quad_decimate": 1.0,
    "quad_sigma": 0.0,
    "refine_edges": true,
    "decode_sharpening": 0.25
  },
  "detected_at": "2026-03-24T14:12:26.854884+00:00",
  "num_detections": 2,
  "detections": [
    {
      "tag_id": 13,
      "tag_family": "tag36h11",
      "hamming": 0,
      "decision_margin": 90.23590087890625,
      "center": [
        280.5581335113133,
        217.4831735722372
      ],
      "corners": [
        [
          257.68716430664057,
          238.35972595214844
        ],
        [
          301.362060546875,
          240.53367614746094
        ],
        [
          303.3394775390625,
          196.6884307861328
        ],
        [
          259.92520141601557,
          194.62213134765628
        ]
      ],
      "homography": [
        [
          21.468589260398005,
          -1.908274521277403,
          280.5581335113133
        ],
        [
          0.8246526848278367,
          21.23325434992759,
          217.4831735722372
        ],
        [
          -0.0010817131898352666,
          -0.003044925359769652,
          1.0
        ]
      ]
    },
    {
      "tag_id": 14,
      "tag_family": "tag36h11",
      "hamming": 0,
      "decision_margin": 89.6480484008789,
      "center": [
        396.62018330928413,
        224.20563082852297
      ],
      "corners": [
        [
          372.96185302734375,
          244.85247802734372
        ],
        [
          418.0157775878906,
          248.0206451416016
        ],
        [
          420.5048217773437,
          203.3612823486328
        ],
        [
          375.4671020507812,
          200.66055297851562
        ]
      ],
      "homography": [
        [
          20.4480246536001,
          -1.4349785364603325,
          396.62018330928413
        ],
        [
          0.2945084675626192,
          22.106872284845736,
          224.20563082852297
        ],
        [
          -0.005229868861659525,
          -0.00046979198658632045,
          1.0
        ]
      ]
    }
  ],
  "ingest_metadata": {
    "original_name": "PC000002_MOV-0046_jpg_rf_cfe697dcf931a4b34b96746a15c628ba.png",
    "source": "unknown",
    "dhash": "60b9b8c6c444e62e",
    "ingested_at": "2026-03-24T14:12:26.838907+00:00"
  }
}
