{
  "image_file": "9423b048182d_FRC_Team_8806_-_2025_Robot_Reveal_frame_000480.png",
  "image_sha256": "9423b048182d03978f1f46d83f44480b5e2980a7b9f69c45635860eaa93aab52",
  "image_width": 1920,
  "image_height": 1080,
  "detector_config": {
    "library": "pupil-apriltags",
    "library_version": "1.0.4.post11",
    "family": "tag36h11",
    "nthreads": 4,
    "quad_decimate": 1.0,
    "quad_sigma": 0.0,
    "refine_edges": true,
    "decode_sharpening": 0.25
  },
  "detected_at": "2026-04-01T02:27:02.076589+00:00",
  "num_detections": 3,
  "detections": [
    {
      "tag_id": 16,
      "tag_family": "tag36h11",
      "hamming": 0,
      "decision_margin": 96.26261901855469,
      "center": [
        1247.680323752321,
        450.6462510223252
      ],
      "corners": [
        [
          1237.0727539062498,
          471.7164306640625
        ],
        [
          1258.37109375,
          468.63293457031244
        ],
        [
          1258.7164306640627,
          428.72485351562494
        ],
        [
          1237.25146484375,
          433.1002197265625
        ]
      ],
      "homography": [
        [
          -9.400355042514548,
          4.485673584159712,
          1247.680323752321
        ],
        [
          -9.117487843760332,
          21.292508562349667,
          450.6462510223252
        ],
        [
          -0.01610047689755814,
          0.00369916576323382,
          1.0
        ]
      ]
    },
    {
      "tag_id": 17,
      "tag_family": "tag36h11",
      "hamming": 0,
      "decision_margin": 52.434288024902344,
      "center": [
        466.50845282626904,
        768.1729247320941
      ],
      "corners": [
        [
          450.03186035156244,
          809.7882690429688
        ],
        [
          481.3779602050781,
          800.3298950195314
        ],
        [
          482.39926147460943,
          728.037109375
        ],
        [
          451.11367797851557,
          734.8800048828124
        ]
      ],
      "homography": [
        [
          23.922781108219,
          -0.6984685214216568,
          466.50845282626904
        ],
        [
          9.543840117805638,
          36.50367134058433,
          768.1729247320941
        ],
        [
          0.017726988077923122,
          -0.00037096869467402604,
          1.0
        ]
      ]
    },
    {
      "tag_id": 18,
      "tag_family": "tag36h11",
      "hamming": 0,
      "decision_margin": 75.31572723388672,
      "center": [
        81.641637099873,
        805.7601567682578
      ],
      "corners": [
        [
          29.924322128295884,
          852.5415649414062
        ],
        [
          130.4239654541016,
          848.3508911132812
        ],
        [
          132.45619201660156,
          759.7953491210936
        ],
        [
          32.45315551757811,
          762.8148193359375
        ]
      ],
      "homography": [
        [
          50.651905082331595,
          -1.3288838970371808,
          81.641637099873
        ],
        [
          3.416325155633439,
          42.691379735839746,
          805.7601567682578
        ],
        [
          0.006475166539357125,
          -0.0023295110290122148,
          1.0
        ]
      ]
    }
  ],
  "ingest_metadata": {
    "original_name": "FRC_Team_8806_-_2025_Robot_Reveal_frame_000480.png",
    "source": "unknown",
    "dhash": "73e69cd969b91834",
    "ingested_at": "2026-04-01T02:27:02.065299+00:00"
  }
}
