{
  "image_file": "950288ee34bc_FRC_ROBOT_POV_-_Southern_Cross_2024_frame_021301.png",
  "image_sha256": "950288ee34bc56b34b93eb5af97cda10f100b475b4a022f2c21dcdf585e495a7",
  "image_width": 1920,
  "image_height": 1080,
  "detector_config": {
    "library": "pupil-apriltags",
    "library_version": "1.0.4.post11",
    "family": "tag36h11",
    "nthreads": 4,
    "quad_decimate": 1.0,
    "quad_sigma": 0.0,
    "refine_edges": true,
    "decode_sharpening": 0.25
  },
  "detected_at": "2026-04-01T16:15:52.441479+00:00",
  "num_detections": 4,
  "detections": [
    {
      "tag_id": 1,
      "tag_family": "tag36h11",
      "hamming": 0,
      "decision_margin": 52.611385345458984,
      "center": [
        1880.7438508354364,
        626.808193380229
      ],
      "corners": [
        [
          1871.841796875,
          641.8488159179688
        ],
        [
          1894.8399658203127,
          638.2489013671874
        ],
        [
          1889.56787109375,
          611.8994140624999
        ],
        [
          1867.0538330078123,
          615.6970825195314
        ]
      ],
      "homography": [
        [
          1.7725548858845759,
          -15.36971873040875,
          1880.7438508354364
        ],
        [
          -5.051220547098297,
          7.163855922674883,
          626.808193380229
        ],
        [
          -0.0051064514712518844,
          -0.009508650241262082,
          1.0
        ]
      ]
    },
    {
      "tag_id": 2,
      "tag_family": "tag36h11",
      "hamming": 0,
      "decision_margin": 57.417232513427734,
      "center": [
        1692.174862257447,
        657.0054203150298
      ],
      "corners": [
        [
          1682.0616455078123,
          671.9503784179686
        ],
        [
          1706.9194335937498,
          668.4183959960939
        ],
        [
          1701.9656982421875,
          642.5368652343751
        ],
        [
          1678.0668945312498,
          646.0852050781248
        ]
      ],
      "homography": [
        [
          7.220081179206776,
          -30.137050521570472,
          1692.174862257447
        ],
        [
          -3.698293970169857,
          0.3632586345831892,
          657.0054203150298
        ],
        [
          -0.0029336506464663886,
          -0.01913039053641118,
          1.0
        ]
      ]
    },
    {
      "tag_id": 3,
      "tag_family": "tag36h11",
      "hamming": 0,
      "decision_margin": 66.40338134765625,
      "center": [
        1168.3423184106198,
        566.6778424324635
      ],
      "corners": [
        [
          1152.3378906249998,
          586.196533203125
        ],
        [
          1186.873046875,
          592.2119750976562
        ],
        [
          1183.9697265625002,
          547.6189575195314
        ],
        [
          1149.51953125,
          540.7412719726561
        ]
      ],
      "homography": [
        [
          28.7748778503435,
          -0.9642572828413414,
          1168.3423184106198
        ],
        [
          8.816342951938962,
          21.34816129811111,
          566.6778424324635
        ],
        [
          0.009868883534270614,
          -0.0020501095486656676,
          1.0
        ]
      ]
    },
    {
      "tag_id": 4,
      "tag_family": "tag36h11",
      "hamming": 0,
      "decision_margin": 47.488800048828125,
      "center": [
        1036.4248088002284,
        541.0809001948644
      ],
      "corners": [
        [
          1015.6333007812503,
          562.4656372070312
        ],
        [
          1058.510498046875,
          569.8364257812501
        ],
        [
          1056.2067871093748,
          520.7344970703125
        ],
        [
          1014.4074707031251,
          512.4143676757811
        ]
      ],
      "homography": [
        [
          33.25360188138575,
          -12.808398871230334,
          1036.4248088002284
        ],
        [
          10.24132415577071,
          17.631065349045343,
          541.0809001948644
        ],
        [
          0.011665853132861358,
          -0.013215659430973737,
          1.0
        ]
      ]
    }
  ],
  "ingest_metadata": {
    "original_name": "FRC_ROBOT_POV_-_Southern_Cross_2024_frame_021301.png",
    "source": "unknown",
    "dhash": "989098ec8ecaf99a",
    "ingested_at": "2026-04-01T16:15:52.435300+00:00"
  }
}
