{
  "image_file": "961ef6f7c7a6_M11_-_Ballard_-_190_POV_frame_000120.png",
  "image_sha256": "961ef6f7c7a6b00bcc6c5c694470e40c1b1e88374154561bde545b992c7d6224",
  "image_width": 1920,
  "image_height": 1080,
  "detector_config": {
    "library": "pupil-apriltags",
    "library_version": "1.0.4.post11",
    "family": "tag36h11",
    "nthreads": 4,
    "quad_decimate": 1.0,
    "quad_sigma": 0.0,
    "refine_edges": true,
    "decode_sharpening": 0.25
  },
  "detected_at": "2026-04-01T15:29:02.572246+00:00",
  "num_detections": 2,
  "detections": [
    {
      "tag_id": 13,
      "tag_family": "tag36h11",
      "hamming": 0,
      "decision_margin": 58.583412170410156,
      "center": [
        1598.434776467486,
        542.0426873313517
      ],
      "corners": [
        [
          1590.6885986328127,
          554.9363403320312
        ],
        [
          1609.8607177734375,
          551.734130859375
        ],
        [
          1606.0852050781248,
          529.3084106445312
        ],
        [
          1587.2368164062498,
          532.5446166992188
        ]
      ],
      "homography": [
        [
          6.420898422103393,
          -11.21753713448993,
          1598.434776467486
        ],
        [
          -2.6554858636180834,
          6.787099905837408,
          542.0426873313517
        ],
        [
          -0.0019290779777892757,
          -0.00814793044861367,
          1.0
        ]
      ]
    },
    {
      "tag_id": 16,
      "tag_family": "tag36h11",
      "hamming": 0,
      "decision_margin": 49.707977294921875,
      "center": [
        306.8799328337696,
        587.9911171676191
      ],
      "corners": [
        [
          292.1286621093751,
          599.3179931640624
        ],
        [
          319.01422119140625,
          600.4005126953124
        ],
        [
          321.4416198730467,
          576.8098144531251
        ],
        [
          294.77178955078125,
          575.6084594726565
        ]
      ],
      "homography": [
        [
          14.215435352955524,
          -2.4251987286823447,
          306.8799328337696
        ],
        [
          2.155564935155097,
          9.606308245936589,
          587.9911171676191
        ],
        [
          0.0026945443453175,
          -0.0037730283454305742,
          1.0
        ]
      ]
    }
  ]
}
