{
  "image_file": "96f40a588327_3173_Robot_Reveal_2024_-_KnightShade_frame_004800.png",
  "image_sha256": "96f40a5883277440ed5000bcb4ea492ef497b859409eba44dd476af234c70c11",
  "image_width": 1920,
  "image_height": 1080,
  "detector_config": {
    "library": "pupil-apriltags",
    "library_version": "1.0.4.post11",
    "family": "tag36h11",
    "nthreads": 4,
    "quad_decimate": 1.0,
    "quad_sigma": 0.0,
    "refine_edges": true,
    "decode_sharpening": 0.25
  },
  "detected_at": "2026-04-01T00:45:22.308909+00:00",
  "num_detections": 2,
  "detections": [
    {
      "tag_id": 3,
      "tag_family": "tag36h11",
      "hamming": 0,
      "decision_margin": 50.70840835571289,
      "center": [
        1063.3242259410756,
        349.777123424476
      ],
      "corners": [
        [
          1053.837036132812,
          359.8123474121094
        ],
        [
          1072.4807128906252,
          359.03698730468756
        ],
        [
          1073.155883789063,
          339.37753295898443
        ],
        [
          1053.5430908203123,
          339.88555908203125
        ]
      ],
      "homography": [
        [
          17.61415203215142,
          26.917584961032166,
          1063.3242259410756
        ],
        [
          2.325801359863872,
          18.77672136554378,
          349.777123424476
        ],
        [
          0.007576918550790063,
          0.02540759074475543,
          1.0
        ]
      ]
    },
    {
      "tag_id": 4,
      "tag_family": "tag36h11",
      "hamming": 0,
      "decision_margin": 47.58156204223633,
      "center": [
        994.1028682045367,
        351.515748448866
      ],
      "corners": [
        [
          984.6863403320312,
          361.45867919921875
        ],
        [
          1003.6585083007814,
          361.2216796875
        ],
        [
          1003.5950927734375,
          341.4928894042969
        ],
        [
          984.4375610351562,
          341.6984252929688
        ]
      ],
      "homography": [
        [
          10.378343060062434,
          4.903772922729218,
          994.1028682045367
        ],
        [
          0.18848683662611024,
          11.578431502023136,
          351.515748448866
        ],
        [
          0.0008511697812835861,
          0.0048544321133709096,
          1.0
        ]
      ]
    }
  ]
}
