{
  "image_file": "979536f3530b_Poi_Pounder_XXV_-_Team_359_2024_Robot_Reveal_frame_000531.png",
  "image_sha256": "979536f3530bc5479bb75ea76785e640d4c876d82738a2b7bfa6da128e90fad0",
  "image_width": 1920,
  "image_height": 1080,
  "detector_config": {
    "library": "pupil-apriltags",
    "library_version": "1.0.4.post11",
    "family": "tag36h11",
    "nthreads": 4,
    "quad_decimate": 1.0,
    "quad_sigma": 0.0,
    "refine_edges": true,
    "decode_sharpening": 0.25
  },
  "detected_at": "2026-04-01T00:27:20.060866+00:00",
  "num_detections": 2,
  "detections": [
    {
      "tag_id": 7,
      "tag_family": "tag36h11",
      "hamming": 0,
      "decision_margin": 68.89431762695312,
      "center": [
        978.8838201977707,
        586.0621741336212
      ],
      "corners": [
        [
          951.6943969726562,
          605.3440551757814
        ],
        [
          1003.4699096679688,
          619.6389770507811
        ],
        [
          1004.3772583007814,
          567.9830322265623
        ],
        [
          954.1588134765626,
          552.295654296875
        ]
      ],
      "homography": [
        [
          42.619863687820725,
          -15.206838860492661,
          978.8838201977707
        ],
        [
          17.76399594011968,
          17.558429158636503,
          586.0621741336212
        ],
        [
          0.017504755139645417,
          -0.014687595073465289,
          1.0
        ]
      ]
    },
    {
      "tag_id": 8,
      "tag_family": "tag36h11",
      "hamming": 0,
      "decision_margin": 82.38890075683594,
      "center": [
        785.1189923785843,
        529.7993628681926
      ],
      "corners": [
        [
          748.3605346679688,
          549.7680664062499
        ],
        [
          812.8015136718749,
          566.1503295898435
        ],
        [
          818.786376953125,
          511.50985717773443
        ],
        [
          757.6973876953125,
          493.7910156250001
        ]
      ],
      "homography": [
        [
          46.71940492554825,
          -22.885477758507584,
          785.1189923785843
        ],
        [
          18.915761875490485,
          14.754497691481676,
          529.7993628681926
        ],
        [
          0.019578101634923743,
          -0.024313075747931717,
          1.0
        ]
      ]
    }
  ]
}
