{
  "image_file": "9867e9c5134e_2025_FIRST_Robotics_Competition_KitBot_Overview_frame_007021.png",
  "image_sha256": "9867e9c5134ea5b9b70b16c9df65a58b09191a0bbac83970b460da9cb50bd3a6",
  "image_width": 1920,
  "image_height": 1080,
  "detector_config": {
    "library": "pupil-apriltags",
    "library_version": "1.0.4.post11",
    "family": "tag36h11",
    "nthreads": 4,
    "quad_decimate": 1.0,
    "quad_sigma": 0.0,
    "refine_edges": true,
    "decode_sharpening": 0.25
  },
  "detected_at": "2026-04-01T00:10:07.761451+00:00",
  "num_detections": 2,
  "detections": [
    {
      "tag_id": 1,
      "tag_family": "tag36h11",
      "hamming": 0,
      "decision_margin": 33.801422119140625,
      "center": [
        400.36258177796975,
        308.17184149328403
      ],
      "corners": [
        [
          379.7070922851562,
          332.2001037597657
        ],
        [
          423.5234069824219,
          332.542999267578
        ],
        [
          420.601287841797,
          284.62841796875006
        ],
        [
          376.78967285156256,
          283.36706542968767
        ]
      ],
      "homography": [
        [
          25.71034697855754,
          1.1849776218925316,
          400.36258177796975
        ],
        [
          3.3304290483206356,
          23.972990814523428,
          308.17184149328403
        ],
        [
          0.009504721657258429,
          -0.0006870286220468667,
          1.0
        ]
      ]
    },
    {
      "tag_id": 7,
      "tag_family": "tag36h11",
      "hamming": 0,
      "decision_margin": 47.220829010009766,
      "center": [
        1618.0618820310333,
        888.6760620619981
      ],
      "corners": [
        [
          1598.7813720703127,
          918.0135498046875
        ],
        [
          1636.2851562499998,
          943.3338012695311
        ],
        [
          1638.2963867187495,
          857.8869628906251
        ],
        [
          1600.5704345703125,
          836.2133178710939
        ]
      ],
      "homography": [
        [
          -17.31194508259773,
          2.006265269556932,
          1618.0618820310333
        ],
        [
          -8.086364690972806,
          43.4143461611128,
          888.6760620619981
        ],
        [
          -0.022316743656784144,
          0.001825844558947031,
          1.0
        ]
      ]
    }
  ]
}
