{
  "image_file": "9998b8aa4e6a_PC000002_MOV-0346_jpg_rf_b1f5e0be25836bac36e33fb55290f56f.png",
  "image_sha256": "9998b8aa4e6a1ba2e78b319eda6fbe4c4f520bb6592f84f3f95ad666d1fb9016",
  "image_width": 640,
  "image_height": 360,
  "detector_config": {
    "library": "pupil-apriltags",
    "library_version": "1.0.4.post11",
    "family": "tag36h11",
    "nthreads": 4,
    "quad_decimate": 1.0,
    "quad_sigma": 0.0,
    "refine_edges": true,
    "decode_sharpening": 0.25
  },
  "detected_at": "2026-03-24T14:13:12.476981+00:00",
  "num_detections": 2,
  "detections": [
    {
      "tag_id": 19,
      "tag_family": "tag36h11",
      "hamming": 0,
      "decision_margin": 80.55328369140625,
      "center": [
        172.04787562077246,
        204.54420293754367
      ],
      "corners": [
        [
          135.37332153320312,
          233.46029663085938
        ],
        [
          201.2542877197266,
          238.07989501953128
        ],
        [
          205.7561340332031,
          177.9668884277344
        ],
        [
          142.63572692871094,
          170.77227783203128
        ]
      ],
      "homography": [
        [
          36.14632528103837,
          -6.233560604590305,
          172.04787562077246
        ],
        [
          7.647211924902049,
          26.72408147222737,
          204.54420293754367
        ],
        [
          0.022827461396379173,
          -0.01931770970116237,
          1.0
        ]
      ]
    },
    {
      "tag_id": 20,
      "tag_family": "tag36h11",
      "hamming": 0,
      "decision_margin": 77.97169494628906,
      "center": [
        301.6764081583166,
        216.7753966528278
      ],
      "corners": [
        [
          274.0971374511718,
          243.38917541503906
        ],
        [
          327.27655029296875,
          246.96478271484375
        ],
        [
          327.48651123046875,
          191.8688507080078
        ],
        [
          275.936279296875,
          186.4209289550781
        ]
      ],
      "homography": [
        [
          31.577278589604873,
          -5.084769271422825,
          301.6764081583166
        ],
        [
          6.157098945889314,
          24.705672567620297,
          216.7753966528278
        ],
        [
          0.017931859876234166,
          -0.015205214222180918,
          1.0
        ]
      ]
    }
  ]
}
