{
  "image_file": "99a122bf3972_FRC_2630_ThunderBolts_2025_Robot_Reveal-__Atlas__frame_00095.png",
  "image_sha256": "99a122bf39726f0882e60206e3172fded89012a1fdfd33b3183c03d7ab2f236f",
  "image_width": 1920,
  "image_height": 1080,
  "detector_config": {
    "library": "pupil-apriltags",
    "library_version": "1.0.4.post11",
    "family": "tag36h11",
    "nthreads": 4,
    "quad_decimate": 1.0,
    "quad_sigma": 0.0,
    "refine_edges": true,
    "decode_sharpening": 0.25
  },
  "detected_at": "2026-04-01T01:40:26.344500+00:00",
  "num_detections": 2,
  "detections": [
    {
      "tag_id": 9,
      "tag_family": "tag36h11",
      "hamming": 0,
      "decision_margin": 78.42306518554688,
      "center": [
        659.9765912658313,
        710.5641662785533
      ],
      "corners": [
        [
          630.4005126953125,
          741.2961425781249
        ],
        [
          688.0932006835938,
          742.7274780273439
        ],
        [
          690.0673217773436,
          679.2974243164064
        ],
        [
          632.4992065429686,
          679.132080078125
        ]
      ],
      "homography": [
        [
          22.171727505791637,
          -1.9668749795564482,
          659.9765912658313
        ],
        [
          -6.751304955004233,
          30.37467002655444,
          710.5641662785533
        ],
        [
          -0.010061759990346456,
          -0.0014363290529215656,
          1.0
        ]
      ]
    },
    {
      "tag_id": 10,
      "tag_family": "tag36h11",
      "hamming": 0,
      "decision_margin": 75.00062561035156,
      "center": [
        965.4489055955829,
        718.38267401501
      ],
      "corners": [
        [
          944.412109375,
          747.9114990234375
        ],
        [
          984.3147583007812,
          749.232116699219
        ],
        [
          985.4642333984376,
          690.2876586914064
        ],
        [
          946.4580688476562,
          687.3288574218749
        ]
      ],
      "homography": [
        [
          33.325724379502276,
          -11.210151754607178,
          965.4489055955829
        ],
        [
          11.201958764563411,
          22.12107736481255,
          718.38267401501
        ],
        [
          0.014091867724487166,
          -0.010790362903705322,
          1.0
        ]
      ]
    }
  ]
}
