{
  "image_file": "99b1308f9361_Matterhorn___FRC_9496_LYNK_2026_Robot_Reveal_frame_000840.png",
  "image_sha256": "99b1308f9361343a8c05fab08b36679781c03396766a991a13f1182343852948",
  "image_width": 1920,
  "image_height": 1080,
  "detector_config": {
    "library": "pupil-apriltags",
    "library_version": "1.0.4.post11",
    "family": "tag36h11",
    "nthreads": 4,
    "quad_decimate": 1.0,
    "quad_sigma": 0.0,
    "refine_edges": true,
    "decode_sharpening": 0.25
  },
  "detected_at": "2026-04-01T03:40:09.402892+00:00",
  "num_detections": 2,
  "detections": [
    {
      "tag_id": 18,
      "tag_family": "tag36h11",
      "hamming": 0,
      "decision_margin": 60.844566345214844,
      "center": [
        1476.5394514576317,
        566.4525589988049
      ],
      "corners": [
        [
          1456.787353515625,
          585.6898193359375
        ],
        [
          1493.9078369140627,
          586.7836303710939
        ],
        [
          1496.6680908203127,
          546.8485717773436
        ],
        [
          1459.120361328125,
          546.0621337890624
        ]
      ],
      "homography": [
        [
          12.77170364579979,
          6.774135253290298,
          1476.5394514576317
        ],
        [
          -1.7904094986932961,
          22.976750523149576,
          566.4525589988049
        ],
        [
          -0.003992065568111994,
          0.005449620973375209,
          1.0
        ]
      ]
    },
    {
      "tag_id": 27,
      "tag_family": "tag36h11",
      "hamming": 0,
      "decision_margin": 54.906192779541016,
      "center": [
        1393.1075125488182,
        563.8428597905227
      ],
      "corners": [
        [
          1372.6495361328123,
          583.8715820312499
        ],
        [
          1410.6035156250002,
          584.4470825195314
        ],
        [
          1412.9552001953127,
          544.4116210937501
        ],
        [
          1375.4576416015627,
          543.0574340820312
        ]
      ],
      "homography": [
        [
          32.456781443985165,
          -8.785186896277079,
          1393.1075125488182
        ],
        [
          5.987448358611344,
          17.175470969680077,
          563.8428597905227
        ],
        [
          0.009759746022137094,
          -0.005381767799964548,
          1.0
        ]
      ]
    }
  ],
  "ingest_metadata": {
    "original_name": "Matterhorn___FRC_9496_LYNK_2026_Robot_Reveal_frame_000840.png",
    "source": "unknown",
    "dhash": "f2f070f4ac0c3633",
    "ingested_at": "2026-04-01T03:40:09.395299+00:00"
  }
}
