{
  "image_file": "9a0b24c3754e_FRC_team_1690_Orbit_2026_robot_reveal_-__KEPLER__frame_00401.png",
  "image_sha256": "9a0b24c3754e29ca65d58289771203f8d5796cb2442600aa99e0d893659d5c4d",
  "image_width": 1920,
  "image_height": 1080,
  "detector_config": {
    "library": "pupil-apriltags",
    "library_version": "1.0.4.post11",
    "family": "tag36h11",
    "nthreads": 4,
    "quad_decimate": 1.0,
    "quad_sigma": 0.0,
    "refine_edges": true,
    "decode_sharpening": 0.25
  },
  "detected_at": "2026-04-01T03:39:34.888449+00:00",
  "num_detections": 3,
  "detections": [
    {
      "tag_id": 3,
      "tag_family": "tag36h11",
      "hamming": 0,
      "decision_margin": 45.59486389160156,
      "center": [
        1517.204805361826,
        235.61662700943296
      ],
      "corners": [
        [
          1496.6123046874998,
          256.5311584472656
        ],
        [
          1535.206298828125,
          256.709228515625
        ],
        [
          1536.9052734375,
          215.6080780029297
        ],
        [
          1498.343994140625,
          213.51715087890628
        ]
      ],
      "homography": [
        [
          53.75752280207098,
          0.03202138987058537,
          1517.204805361826
        ],
        [
          5.92080995876091,
          21.156083625225875,
          235.61662700943296
        ],
        [
          0.022725112280711477,
          0.0005864457509099148,
          1.0
        ]
      ]
    },
    {
      "tag_id": 4,
      "tag_family": "tag36h11",
      "hamming": 0,
      "decision_margin": 50.40098190307617,
      "center": [
        1600.9922418760302,
        239.28527039706782
      ],
      "corners": [
        [
          1580.2373046875002,
          260.5611267089844
        ],
        [
          1618.8831787109377,
          261.16452026367193
        ],
        [
          1622.1600341796873,
          217.58619689941406
        ],
        [
          1582.2740478515625,
          216.39434814453125
        ]
      ],
      "homography": [
        [
          29.832813285400103,
          24.640055903801343,
          1600.9922418760302
        ],
        [
          1.969463240784361,
          25.811325995222973,
          239.28527039706782
        ],
        [
          0.0063745081121898885,
          0.016222509903293495,
          1.0
        ]
      ]
    },
    {
      "tag_id": 18,
      "tag_family": "tag36h11",
      "hamming": 0,
      "decision_margin": 47.585960388183594,
      "center": [
        198.88442921260335,
        263.83422032945253
      ],
      "corners": [
        [
          162.42398071289065,
          309.510009765625
        ],
        [
          235.76014709472653,
          307.31024169921875
        ],
        [
          234.52786254882812,
          219.18194580078125
        ],
        [
          160.08332824707034,
          218.08819580078128
        ]
      ],
      "homography": [
        [
          40.587428894734586,
          2.2865405771150953,
          198.88442921260335
        ],
        [
          4.562978883597959,
          46.73168430721756,
          263.83422032945253
        ],
        [
          0.018386631069817267,
          0.00705554676915578,
          1.0
        ]
      ]
    }
  ],
  "ingest_metadata": {
    "original_name": "FRC_team_1690_Orbit_2026_robot_reveal_-__KEPLER__frame_00401.png",
    "source": "unknown",
    "dhash": "30f0d959f8b492e4",
    "ingested_at": "2026-04-01T03:39:34.885299+00:00"
  }
}
