{
  "image_file": "9a144c5ffcd9_FRC_27_Team_RUSH_-_Robot_Reveal_2024_frame_002209.png",
  "image_sha256": "9a144c5ffcd91b2bde5eb155cfcbcce3054e13ad47a846fd120456b89f31208e",
  "image_width": 1920,
  "image_height": 1080,
  "detector_config": {
    "library": "pupil-apriltags",
    "library_version": "1.0.4.post11",
    "family": "tag36h11",
    "nthreads": 4,
    "quad_decimate": 1.0,
    "quad_sigma": 0.0,
    "refine_edges": true,
    "decode_sharpening": 0.25
  },
  "detected_at": "2026-04-01T00:23:35.706283+00:00",
  "num_detections": 3,
  "detections": [
    {
      "tag_id": 7,
      "tag_family": "tag36h11",
      "hamming": 0,
      "decision_margin": 67.61736297607422,
      "center": [
        141.42770170050278,
        314.85627983648965
      ],
      "corners": [
        [
          126.60395050048825,
          331.60894775390625
        ],
        [
          156.90948486328125,
          334.42272949218744
        ],
        [
          155.8193969726563,
          298.5918884277344
        ],
        [
          125.53826904296878,
          294.77462768554693
        ]
      ],
      "homography": [
        [
          17.108386311890996,
          0.41233829941916367,
          141.42770170050278
        ],
        [
          6.031717035236282,
          17.880348598277294,
          314.85627983648965
        ],
        [
          0.013891496363215858,
          -0.0008971165122574596,
          1.0
        ]
      ]
    },
    {
      "tag_id": 8,
      "tag_family": "tag36h11",
      "hamming": 0,
      "decision_margin": 79.08671569824219,
      "center": [
        21.589015767395214,
        301.3121902621356
      ],
      "corners": [
        [
          4.043864727020266,
          319.3447265625
        ],
        [
          40.47259521484375,
          322.86712646484375
        ],
        [
          38.83310317993164,
          283.58908081054693
        ],
        [
          2.2041811943054186,
          279.18508911132807
        ]
      ],
      "homography": [
        [
          18.49692609475687,
          0.9167797328587768,
          21.589015767395214
        ],
        [
          5.257515315266855,
          20.52646476563052,
          301.3121902621356
        ],
        [
          0.01087616662405056,
          0.0022222368104956435,
          1.0
        ]
      ]
    },
    {
      "tag_id": 16,
      "tag_family": "tag36h11",
      "hamming": 0,
      "decision_margin": 78.35694885253906,
      "center": [
        1048.8799025876074,
        180.2504595267959
      ],
      "corners": [
        [
          1022.1473999023441,
          225.9562835693359
        ],
        [
          1078.7016601562498,
          214.77049255371094
        ],
        [
          1076.7292480468748,
          132.63511657714844
        ],
        [
          1020.393981933594,
          147.2767181396484
        ]
      ],
      "homography": [
        [
          5.463041523596985,
          -0.3544871115921062,
          1048.8799025876074
        ],
        [
          -10.364842208488886,
          39.96445375968082,
          180.2504595267959
        ],
        [
          -0.021685967866647095,
          -0.0012241694488529839,
          1.0
        ]
      ]
    }
  ]
}
