{
  "image_file": "9ac76e9d0250_PC000008_MOV-0005_jpg_rf_c91df40d1dbff1351b42b8c97fdd2f3a.png",
  "image_sha256": "9ac76e9d0250a19b3fd9d8a291906da156b77be803f9696beffec63512fa8c2d",
  "image_width": 640,
  "image_height": 360,
  "detector_config": {
    "library": "pupil-apriltags",
    "library_version": "1.0.4.post11",
    "family": "tag36h11",
    "nthreads": 4,
    "quad_decimate": 1.0,
    "quad_sigma": 0.0,
    "refine_edges": true,
    "decode_sharpening": 0.25
  },
  "detected_at": "2026-03-24T14:13:43.784394+00:00",
  "num_detections": 2,
  "detections": [
    {
      "tag_id": 5,
      "tag_family": "tag36h11",
      "hamming": 0,
      "decision_margin": 91.76398468017578,
      "center": [
        250.88105455342773,
        77.23978027120762
      ],
      "corners": [
        [
          150.9045562744141,
          141.34695434570315
        ],
        [
          305.7513122558594,
          165.03622436523435
        ],
        [
          347.9062805175781,
          15.025028228759744
        ],
        [
          199.9101409912109,
          -4.317426681518549
        ]
      ],
      "homography": [
        [
          72.92156092552034,
          -29.31563045570032,
          250.88105455342773
        ],
        [
          9.863302196856742,
          71.85296509345103,
          77.23978027120762
        ],
        [
          -0.01093026076569944,
          -0.025911207385336296,
          1.0
        ]
      ]
    },
    {
      "tag_id": 8,
      "tag_family": "tag36h11",
      "hamming": 0,
      "decision_margin": 90.4154281616211,
      "center": [
        539.5650398908355,
        130.05412246953662
      ],
      "corners": [
        [
          467.16909790039074,
          190.1065216064453
        ],
        [
          581.3684692382812,
          208.05497741699216
        ],
        [
          603.5994262695311,
          76.93762969970706
        ],
        [
          497.4892272949218,
          51.54502868652348
        ]
      ],
      "homography": [
        [
          72.35958536071712,
          -28.66826303118102,
          539.5650398908355
        ],
        [
          15.137672836537966,
          63.538804461522744,
          130.05412246953662
        ],
        [
          0.03226771304456236,
          -0.02902038698203293,
          1.0
        ]
      ]
    }
  ]
}
