{
  "image_file": "9b9b9cd95277_Half_Hollow_Hills_Invitational_Playoff_Match_6_2025_frame_00.png",
  "image_sha256": "9b9b9cd95277b3d8445236c4c22213683211e5dc049e1981fc997bd066a500c8",
  "image_width": 1920,
  "image_height": 1080,
  "detector_config": {
    "library": "pupil-apriltags",
    "library_version": "1.0.4.post11",
    "family": "tag36h11",
    "nthreads": 4,
    "quad_decimate": 1.0,
    "quad_sigma": 0.0,
    "refine_edges": true,
    "decode_sharpening": 0.25
  },
  "detected_at": "2026-04-01T16:06:22.960766+00:00",
  "num_detections": 4,
  "detections": [
    {
      "tag_id": 14,
      "tag_family": "tag36h11",
      "hamming": 0,
      "decision_margin": 63.28126907348633,
      "center": [
        103.29084101410365,
        368.1492568122884
      ],
      "corners": [
        [
          88.37448120117185,
          381.4219970703125
        ],
        [
          115.6964797973633,
          381.7486877441406
        ],
        [
          118.09946441650392,
          354.9723815917969
        ],
        [
          90.49207305908203,
          354.11886596679693
        ]
      ],
      "homography": [
        [
          14.723449100886668,
          -0.5132186939950838,
          103.29084101410365
        ],
        [
          3.8317544716130083,
          15.72205368452586,
          368.1492568122884
        ],
        [
          0.009611038067245507,
          0.00598659832404833,
          1.0
        ]
      ]
    },
    {
      "tag_id": 16,
      "tag_family": "tag36h11",
      "hamming": 1,
      "decision_margin": 41.377071380615234,
      "center": [
        1021.3976955411125,
        452.2168296328401
      ],
      "corners": [
        [
          1012.9072875976562,
          462.7195434570313
        ],
        [
          1029.873046875,
          461.7193603515625
        ],
        [
          1029.5336914062505,
          442.15252685546875
        ],
        [
          1013.3242797851561,
          443.1649475097656
        ]
      ],
      "homography": [
        [
          6.771805848369698,
          -23.309956489841397,
          1021.3976955411125
        ],
        [
          -1.1754834778755026,
          -0.536201154760022,
          452.2168296328401
        ],
        [
          -0.0014858635905683171,
          -0.02280208340567464,
          1.0
        ]
      ]
    },
    {
      "tag_id": 18,
      "tag_family": "tag36h11",
      "hamming": 0,
      "decision_margin": 80.41577911376953,
      "center": [
        982.7091314862679,
        682.2464062086841
      ],
      "corners": [
        [
          970.0031127929686,
          709.718505859375
        ],
        [
          996.4393920898436,
          700.9423828125
        ],
        [
          994.9392700195316,
          655.8032226562501
        ],
        [
          968.611572265625,
          663.05029296875
        ]
      ],
      "homography": [
        [
          29.04986872770803,
          -2.1676324028029477,
          982.7091314862679
        ],
        [
          7.009911091166029,
          20.937784457106773,
          682.2464062086841
        ],
        [
          0.016141456678363322,
          -0.0029424845926196725,
          1.0
        ]
      ]
    },
    {
      "tag_id": 19,
      "tag_family": "tag36h11",
      "hamming": 0,
      "decision_margin": 87.76812744140625,
      "center": [
        744.6989498327713,
        706.8160793139134
      ],
      "corners": [
        [
          722.1325073242188,
          730.7719116210938
        ],
        [
          770.3756713867188,
          732.7171020507814
        ],
        [
          767.5939941406251,
          682.5114135742188
        ],
        [
          719.2590942382814,
          681.1539916992185
        ]
      ],
      "homography": [
        [
          19.726847930815893,
          2.3800772336785507,
          744.6989498327713
        ],
        [
          -3.3661104163811646,
          25.87184048949848,
          706.8160793139134
        ],
        [
          -0.005930987101747895,
          0.0012971486745463172,
          1.0
        ]
      ]
    }
  ],
  "ingest_metadata": {
    "original_name": "Half_Hollow_Hills_Invitational_Playoff_Match_6_2025_frame_00.png",
    "source": "unknown",
    "dhash": "56655d88cb9b9c84",
    "ingested_at": "2026-04-01T16:06:22.955293+00:00"
  }
}
