{
  "image_file": "9c0c88c5dad7_FTC_AprilTags__Get_Distance___Angle__Standard_Webcam__frame_.png",
  "image_sha256": "9c0c88c5dad72dcaa88b39b4f0b223a0012cfc607ba7702017fa838fae6bd4c7",
  "image_width": 1920,
  "image_height": 1080,
  "detector_config": {
    "library": "pupil-apriltags",
    "library_version": "1.0.4.post11",
    "family": "tag36h11",
    "nthreads": 4,
    "quad_decimate": 1.0,
    "quad_sigma": 0.0,
    "refine_edges": true,
    "decode_sharpening": 0.25
  },
  "detected_at": "2026-04-01T03:09:31.128814+00:00",
  "num_detections": 2,
  "detections": [
    {
      "tag_id": 20,
      "tag_family": "tag36h11",
      "hamming": 0,
      "decision_margin": 64.60746765136719,
      "center": [
        229.94049366945964,
        807.592993086068
      ],
      "corners": [
        [
          136.64334106445318,
          897.5343627929688
        ],
        [
          313.428466796875,
          906.3713989257814
        ],
        [
          322.9495239257812,
          717.9293823242188
        ],
        [
          149.37843322753906,
          712.2763671875
        ]
      ],
      "homography": [
        [
          85.7031471728346,
          -7.80532423949747,
          229.94049366945964
        ],
        [
          -2.9702527595154713,
          85.58308084111297,
          807.592993086068
        ],
        [
          -0.008144495292271374,
          -0.009690994416776223,
          1.0
        ]
      ]
    },
    {
      "tag_id": 21,
      "tag_family": "tag36h11",
      "hamming": 0,
      "decision_margin": 61.25415802001953,
      "center": [
        110.14624952254609,
        427.3870348943959
      ],
      "corners": [
        [
          22.016353607177738,
          515.4333496093751
        ],
        [
          185.67825317382815,
          515.0207519531251
        ],
        [
          198.18113708496094,
          339.4356384277344
        ],
        [
          37.88748550415037,
          343.5509948730468
        ]
      ],
      "homography": [
        [
          79.78070471244064,
          -8.36106495801636,
          110.14624952254609
        ],
        [
          -5.770595327932948,
          81.99773832501472,
          427.3870348943959
        ],
        [
          -0.010804239904525186,
          -0.011343555147208063,
          1.0
        ]
      ]
    }
  ]
}
