{
  "image_file": "9cc08bfc3537_SingTown_-_OpenMV_Cam_video_tutorial_11_-_Apriltag_frame_018350.png",
  "image_sha256": "9cc08bfc3537a571bcf0ada9d8508c11b09401a3d4a619353d057742b16c0b36",
  "image_width": 1920,
  "image_height": 1080,
  "detector_config": {
    "library": "pupil-apriltags",
    "library_version": "1.0.4.post11",
    "family": "tag36h11",
    "nthreads": 4,
    "quad_decimate": 1.0,
    "quad_sigma": 0.0,
    "refine_edges": true,
    "decode_sharpening": 0.25
  },
  "detected_at": "2026-04-11T20:47:00.278686+00:00",
  "num_detections": 2,
  "detections": [
    {
      "tag_id": 6,
      "tag_family": "tag36h11",
      "hamming": 0,
      "decision_margin": 37.303932189941406,
      "center": [
        682.657982877132,
        242.8707243387357
      ],
      "corners": [
        [
          634.1271972656249,
          272.9397888183593
        ],
        [
          725.5930786132812,
          271.89462280273443
        ],
        [
          726.4680175781252,
          215.72657775878912
        ],
        [
          636.802734375,
          211.87281799316403
        ]
      ],
      "homography": [
        [
          73.87393897705351,
          -7.075407935323247,
          682.657982877132
        ],
        [
          10.925243447727038,
          27.04077413569408,
          242.8707243387357
        ],
        [
          0.042005650069790255,
          -0.00911747071837247,
          1.0
        ]
      ]
    },
    {
      "tag_id": 7,
      "tag_family": "tag36h11",
      "hamming": 0,
      "decision_margin": 72.64359283447266,
      "center": [
        1315.9350108446965,
        428.97582499035065
      ],
      "corners": [
        [
          1363.2872314453125,
          382.8830871582031
        ],
        [
          1269.0606689453127,
          382.84643554687506
        ],
        [
          1268.8059082031255,
          474.8513793945313
        ],
        [
          1362.9088134765625,
          475.2030944824219
        ]
      ],
      "homography": [
        [
          -44.831099165713795,
          -0.6982858959195255,
          1315.9350108446965
        ],
        [
          0.6366353187916047,
          -46.360282197000345,
          428.97582499035065
        ],
        [
          0.001710654161032264,
          -0.0006508491645790438,
          1.0
        ]
      ]
    }
  ],
  "ingest_metadata": {
    "original_name": "SingTown - OpenMV Cam video tutorial 11 - Apriltag_frame_018350.png",
    "source": "SingTown - OpenMV Cam video tutorial 11 - Apriltag.mp4",
    "dhash": "d8b2e4cc9494cc9c",
    "ingested_at": "2026-04-11T20:47:00.278722+00:00"
  }
}
