{
  "image_file": "9d3c986bbc4c_FRC_4907_-_2025_Robot_Reveal__Wavelength__frame_003240.png",
  "image_sha256": "9d3c986bbc4cbe6f59ecf6de18db43916238d3c3bfb5dbb0332c0c280cfc40ee",
  "image_width": 1920,
  "image_height": 1080,
  "detector_config": {
    "library": "pupil-apriltags",
    "library_version": "1.0.4.post11",
    "family": "tag36h11",
    "nthreads": 4,
    "quad_decimate": 1.0,
    "quad_sigma": 0.0,
    "refine_edges": true,
    "decode_sharpening": 0.25
  },
  "detected_at": "2026-04-01T02:51:58.050066+00:00",
  "num_detections": 2,
  "detections": [
    {
      "tag_id": 17,
      "tag_family": "tag36h11",
      "hamming": 0,
      "decision_margin": 45.94267654418945,
      "center": [
        442.3872142414022,
        549.3689811505417
      ],
      "corners": [
        [
          435.0124206542969,
          571.6256713867186
        ],
        [
          452.7900390625,
          556.8059082031251
        ],
        [
          449.5833435058593,
          527.6514892578125
        ],
        [
          431.3512573242187,
          541.4794311523435
        ]
      ],
      "homography": [
        [
          18.241724440670737,
          5.532937923157877,
          442.3872142414022
        ],
        [
          4.31649233121527,
          19.56407858495845,
          549.3689811505417
        ],
        [
          0.020896897800821875,
          0.008635195198434736,
          1.0
        ]
      ]
    },
    {
      "tag_id": 18,
      "tag_family": "tag36h11",
      "hamming": 0,
      "decision_margin": 89.86007690429688,
      "center": [
        270.88102124693467,
        611.0672694140602
      ],
      "corners": [
        [
          253.9446868896485,
          629.4525146484375
        ],
        [
          292.97070312499994,
          625.3392333984374
        ],
        [
          287.37026977539057,
          593.1673583984375
        ],
        [
          248.36242675781247,
          596.5181884765625
        ]
      ],
      "homography": [
        [
          22.619803987074647,
          2.286817693958258,
          270.88102124693467
        ],
        [
          5.1593453811835825,
          15.125311879782885,
          611.0672694140602
        ],
        [
          0.011495324307044577,
          -0.0018802338801847242,
          1.0
        ]
      ]
    }
  ]
}
