{
  "image_file": "9d44ba593645_Half_Hollow_Hills_Invitational_Qualification_Match_20_2025_f.png",
  "image_sha256": "9d44ba593645bade8c812dcc1ce9149d8e83419152269b4436fada623855c42c",
  "image_width": 1920,
  "image_height": 1080,
  "detector_config": {
    "library": "pupil-apriltags",
    "library_version": "1.0.4.post11",
    "family": "tag36h11",
    "nthreads": 4,
    "quad_decimate": 1.0,
    "quad_sigma": 0.0,
    "refine_edges": true,
    "decode_sharpening": 0.25
  },
  "detected_at": "2026-04-01T16:04:32.836469+00:00",
  "num_detections": 4,
  "detections": [
    {
      "tag_id": 2,
      "tag_family": "tag36h11",
      "hamming": 0,
      "decision_margin": 46.42378616333008,
      "center": [
        1579.986271298358,
        403.3491818725899
      ],
      "corners": [
        [
          1570.7635498046877,
          417.19052124023443
        ],
        [
          1592.47705078125,
          414.6471862792969
        ],
        [
          1589.9224853515627,
          388.43704223632807
        ],
        [
          1567.85205078125,
          392.37368774414057
        ]
      ],
      "homography": [
        [
          -29.92060956382102,
          19.353034924400614,
          1579.986271298358
        ],
        [
          -12.041857961675648,
          17.335956910305242,
          403.3491818725899
        ],
        [
          -0.025860136094247744,
          0.01138058418422157,
          1.0
        ]
      ]
    },
    {
      "tag_id": 5,
      "tag_family": "tag36h11",
      "hamming": 1,
      "decision_margin": 43.2584114074707,
      "center": [
        86.01600235073701,
        388.54726644825547
      ],
      "corners": [
        [
          71.01272583007812,
          400.1898193359375
        ],
        [
          96.62740325927733,
          401.49365234375006
        ],
        [
          100.86282348632811,
          377.026123046875
        ],
        [
          75.04579162597656,
          375.1631164550781
        ]
      ],
      "homography": [
        [
          13.79669071443874,
          -1.5787897263681554,
          86.01600235073701
        ],
        [
          5.038248192430215,
          14.5832584520968,
          388.54726644825547
        ],
        [
          0.010933544274086764,
          0.0056921749871417454,
          1.0
        ]
      ]
    },
    {
      "tag_id": 6,
      "tag_family": "tag36h11",
      "hamming": 0,
      "decision_margin": 82.82711791992188,
      "center": [
        707.2172178610431,
        670.4427617428022
      ],
      "corners": [
        [
          686.7987670898438,
          692.7628173828125
        ],
        [
          729.8259887695314,
          692.657958984375
        ],
        [
          727.835693359375,
          647.9040527343751
        ],
        [
          684.9296874999998,
          648.5432128906251
        ]
      ],
      "homography": [
        [
          17.22877876987684,
          0.15796507753123235,
          707.2172178610431
        ],
        [
          -4.218824704853094,
          21.477938357257926,
          670.4427617428022
        ],
        [
          -0.006014714619165956,
          -0.0011404526966545918,
          1.0
        ]
      ]
    },
    {
      "tag_id": 7,
      "tag_family": "tag36h11",
      "hamming": 0,
      "decision_margin": 75.78307342529297,
      "center": [
        912.8574333017308,
        653.6916827068397
      ],
      "corners": [
        [
          902.5007324218751,
          676.5366821289062
        ],
        [
          924.962890625,
          671.4898071289062
        ],
        [
          922.7639160156249,
          631.8397827148438
        ],
        [
          900.4236450195314,
          635.4108276367188
        ]
      ],
      "homography": [
        [
          27.44512277519084,
          -2.963818299303167,
          912.8574333017308
        ],
        [
          9.484598074402241,
          17.297946481485383,
          653.6916827068397
        ],
        [
          0.017799180827541092,
          -0.004419349833179664,
          1.0
        ]
      ]
    }
  ]
}
