{
  "image_file": "9d4ccfbf802e_PC000001_MOV-0091_jpg_rf_91e4be41a576786b47bba86c9fce2f43.png",
  "image_sha256": "9d4ccfbf802ed0e2bc25bae121ea3010dc6f002440a82d5d3cab153493d26e20",
  "image_width": 640,
  "image_height": 360,
  "detector_config": {
    "library": "pupil-apriltags",
    "library_version": "1.0.4.post11",
    "family": "tag36h11",
    "nthreads": 4,
    "quad_decimate": 1.0,
    "quad_sigma": 0.0,
    "refine_edges": true,
    "decode_sharpening": 0.25
  },
  "detected_at": "2026-03-24T14:12:34.991141+00:00",
  "num_detections": 2,
  "detections": [
    {
      "tag_id": 15,
      "tag_family": "tag36h11",
      "hamming": 0,
      "decision_margin": 84.40409088134766,
      "center": [
        425.3024720144769,
        203.4382696328814
      ],
      "corners": [
        [
          416.47467041015625,
          214.20118713378903
        ],
        [
          434.9108581542969,
          218.1186218261719
        ],
        [
          434.48809814453125,
          192.2390899658203
        ],
        [
          416.10009765625006,
          189.37825012207028
        ]
      ],
      "homography": [
        [
          0.38803866762418693,
          -0.1667760506277886,
          425.3024720144769
        ],
        [
          -2.5227013749655227,
          12.49517744302048,
          203.4382696328814
        ],
        [
          -0.020724169605717727,
          -0.0008598477781233376,
          1.0
        ]
      ]
    },
    {
      "tag_id": 16,
      "tag_family": "tag36h11",
      "hamming": 0,
      "decision_margin": 85.33326721191406,
      "center": [
        480.76744618335056,
        214.84977478490947
      ],
      "corners": [
        [
          469.174072265625,
          226.35768127441406
        ],
        [
          492.72479248046875,
          231.70036315917972
        ],
        [
          493.07617187499994,
          202.6317901611328
        ],
        [
          469.13613891601557,
          198.45864868164057
        ]
      ],
      "homography": [
        [
          1.3493575683543209,
          3.7976164092277713,
          480.76744618335056
        ],
        [
          -2.3171863122195493,
          15.965245072053392,
          214.84977478490947
        ],
        [
          -0.021875132888969893,
          0.008053274473339077,
          1.0
        ]
      ]
    }
  ],
  "ingest_metadata": {
    "original_name": "PC000001_MOV-0091_jpg_rf_91e4be41a576786b47bba86c9fce2f43.png",
    "source": "unknown",
    "dhash": "30bc7cbcbbecb99d",
    "ingested_at": "2026-03-24T14:12:34.979323+00:00"
  }
}
