{
  "image_file": "9d9b4cc2799c_PC000001_MOV-0304_jpg_rf_cb4cf88095ff723038a9525cdc0040d9.png",
  "image_sha256": "9d9b4cc2799c2f0bcbb8870e8d85452df1a9beabe3355a27a40c7e5cb7b25081",
  "image_width": 640,
  "image_height": 360,
  "detector_config": {
    "library": "pupil-apriltags",
    "library_version": "1.0.4.post11",
    "family": "tag36h11",
    "nthreads": 4,
    "quad_decimate": 1.0,
    "quad_sigma": 0.0,
    "refine_edges": true,
    "decode_sharpening": 0.25
  },
  "detected_at": "2026-03-24T14:15:32.714217+00:00",
  "num_detections": 4,
  "detections": [
    {
      "tag_id": 19,
      "tag_family": "tag36h11",
      "hamming": 0,
      "decision_margin": 77.01604461669922,
      "center": [
        85.87694570765413,
        144.46830016456988
      ],
      "corners": [
        [
          79.33486938476561,
          153.09381103515625
        ],
        [
          93.30675506591798,
          152.91130065917972
        ],
        [
          92.48634338378906,
          135.7540283203125
        ],
        [
          78.64166259765624,
          136.24635314941403
        ]
      ],
      "homography": [
        [
          6.1640510671059445,
          0.02808365391131038,
          85.87694570765413
        ],
        [
          -1.497244592497652,
          7.911941365254194,
          144.46830016456988
        ],
        [
          -0.009191748879084406,
          -0.004072828121500574,
          1.0
        ]
      ]
    },
    {
      "tag_id": 20,
      "tag_family": "tag36h11",
      "hamming": 0,
      "decision_margin": 80.72782135009766,
      "center": [
        117.2769423412936,
        143.53820737426642
      ],
      "corners": [
        [
          110.3135452270508,
          152.44366455078128
        ],
        [
          125.13880157470703,
          151.9066162109375
        ],
        [
          123.9660873413086,
          134.98348999023435
        ],
        [
          109.34935760498047,
          135.0998382568359
        ]
      ],
      "homography": [
        [
          8.781069636858916,
          -0.39830474764566653,
          117.2769423412936
        ],
        [
          1.5787841380992225,
          7.421954675700903,
          143.53820737426642
        ],
        [
          0.012125305950617605,
          -0.00796268293325678,
          1.0
        ]
      ]
    },
    {
      "tag_id": 21,
      "tag_family": "tag36h11",
      "hamming": 1,
      "decision_margin": 52.49095916748047,
      "center": [
        206.4801449234354,
        141.6135991072725
      ],
      "corners": [
        [
          202.8498077392578,
          150.1072998046875
        ],
        [
          211.0621795654297,
          149.8702850341797
        ],
        [
          209.71310424804688,
          134.04962158203122
        ],
        [
          202.18740844726562,
          133.87821960449216
        ]
      ],
      "homography": [
        [
          6.538501115085752,
          -8.83663280191476,
          206.4801449234354
        ],
        [
          1.7843002337681069,
          1.5869415510081526,
          141.6135991072725
        ],
        [
          0.012650580880622427,
          -0.045248397993045614,
          1.0
        ]
      ]
    },
    {
      "tag_id": 22,
      "tag_family": "tag36h11",
      "hamming": 0,
      "decision_margin": 87.79232025146484,
      "center": [
        490.42082549812307,
        162.33997813211298
      ],
      "corners": [
        [
          480.07025146484375,
          171.89755249023438
        ],
        [
          500.9017639160156,
          171.8556671142578
        ],
        [
          500.829345703125,
          152.72889709472656
        ],
        [
          480.0595397949219,
          152.93292236328125
        ]
      ],
      "homography": [
        [
          8.307922464621754,
          -0.7026011352909326,
          490.42082549812307
        ],
        [
          -0.7541583493831479,
          9.283244510934196,
          162.33997813211298
        ],
        [
          -0.004266121769838736,
          -0.0014747585698118531,
          1.0
        ]
      ]
    }
  ],
  "ingest_metadata": {
    "original_name": "PC000001_MOV-0304_jpg_rf_cb4cf88095ff723038a9525cdc0040d9.png",
    "source": "unknown",
    "dhash": "e2e3c6cc4861f188",
    "ingested_at": "2026-03-24T14:15:32.702721+00:00"
  }
}
