{
  "image_file": "9db4f8bb5fed_dji_mimo_20260216_125718_20260216135719_1771268187552_video_.png",
  "image_sha256": "9db4f8bb5fede5f3faac9e3d1f70adb97d3615c0ee478f9da2201240dae1471d",
  "image_width": 640,
  "image_height": 360,
  "detector_config": {
    "library": "pupil-apriltags",
    "library_version": "1.0.4.post11",
    "family": "tag36h11",
    "nthreads": 4,
    "quad_decimate": 1.0,
    "quad_sigma": 0.0,
    "refine_edges": true,
    "decode_sharpening": 0.25
  },
  "detected_at": "2026-03-24T14:15:17.788456+00:00",
  "num_detections": 2,
  "detections": [
    {
      "tag_id": 7,
      "tag_family": "tag36h11",
      "hamming": 0,
      "decision_margin": 40.470333099365234,
      "center": [
        287.2587230576934,
        102.02650098594138
      ],
      "corners": [
        [
          280.9924011230468,
          111.9395980834961
        ],
        [
          297.82589721679693,
          108.57743072509764
        ],
        [
          293.9503479003906,
          91.44058990478516
        ],
        [
          275.99136352539057,
          95.04150390625001
        ]
      ],
      "homography": [
        [
          8.580722404224387,
          11.537071884368347,
          287.2587230576934
        ],
        [
          -1.7771927862550159,
          11.809961429220522,
          102.02650098594138
        ],
        [
          -0.00037699312143020227,
          0.03244478916851814,
          1.0
        ]
      ]
    },
    {
      "tag_id": 8,
      "tag_family": "tag36h11",
      "hamming": 0,
      "decision_margin": 32.32083511352539,
      "center": [
        575.7410783840555,
        23.418722954189032
      ],
      "corners": [
        [
          566.5618896484373,
          34.92933654785156
        ],
        [
          588.440185546875,
          27.19320487976074
        ],
        [
          584.839294433594,
          12.00964832305908
        ],
        [
          563.882568359375,
          19.89408683776856
        ]
      ],
      "homography": [
        [
          2.1231083743862214,
          -9.566066793908249,
          575.7410783840555
        ],
        [
          -4.256099849463255,
          7.0997695539539825,
          23.418722954189032
        ],
        [
          -0.01489969091283193,
          -0.01932989788321917,
          1.0
        ]
      ]
    }
  ]
}
