{
  "image_file": "9e1a1e971735_Team_Neutrino_Build_Season_Wrap_2026_frame_002124.png",
  "image_sha256": "9e1a1e9717351041a529837ff092b4e966919051a958a082d69764f97d7ef149",
  "image_width": 1920,
  "image_height": 1080,
  "detector_config": {
    "library": "pupil-apriltags",
    "library_version": "1.0.4.post11",
    "family": "tag36h11",
    "nthreads": 4,
    "quad_decimate": 1.0,
    "quad_sigma": 0.0,
    "refine_edges": true,
    "decode_sharpening": 0.25
  },
  "detected_at": "2026-04-01T03:47:45.642157+00:00",
  "num_detections": 2,
  "detections": [
    {
      "tag_id": 25,
      "tag_family": "tag36h11",
      "hamming": 0,
      "decision_margin": 32.7066650390625,
      "center": [
        1323.689822870991,
        293.0118523615729
      ],
      "corners": [
        [
          1302.15234375,
          318.9044189453125
        ],
        [
          1346.1770019531248,
          328.92224121093744
        ],
        [
          1343.9820556640623,
          268.6163330078125
        ],
        [
          1301.4150390625002,
          257.440643310547
        ]
      ],
      "homography": [
        [
          38.20068880901931,
          -22.1011123751482,
          1323.689822870991
        ],
        [
          8.975344041623767,
          25.37431053878271,
          293.0118523615729
        ],
        [
          0.012512213466486838,
          -0.017257208098689775,
          1.0
        ]
      ]
    },
    {
      "tag_id": 26,
      "tag_family": "tag36h11",
      "hamming": 1,
      "decision_margin": 34.43632888793945,
      "center": [
        1417.5554409027413,
        315.8486074180745
      ],
      "corners": [
        [
          1398.4483642578125,
          340.50537109375
        ],
        [
          1437.9581298828125,
          348.85009765624983
        ],
        [
          1435.7218017578125,
          292.4057922363281
        ],
        [
          1396.7031249999998,
          282.119842529297
        ]
      ],
      "homography": [
        [
          45.23802189905632,
          -9.163423760217706,
          1417.5554409027413
        ],
        [
          10.37025114853338,
          26.433260112981145,
          315.8486074180745
        ],
        [
          0.018068479832183824,
          -0.007169755569576388,
          1.0
        ]
      ]
    }
  ]
}
