{
  "image_file": "9e290c91d523_PC000013_MOV-0001_jpg_rf_3c9a55590bf44fb1320568379e6d0107.png",
  "image_sha256": "9e290c91d523d6826a18f89fac94b8f5bca36ec76f0395adb848b44d89951ebf",
  "image_width": 640,
  "image_height": 360,
  "detector_config": {
    "library": "pupil-apriltags",
    "library_version": "1.0.4.post11",
    "family": "tag36h11",
    "nthreads": 4,
    "quad_decimate": 1.0,
    "quad_sigma": 0.0,
    "refine_edges": true,
    "decode_sharpening": 0.25
  },
  "detected_at": "2026-03-24T14:14:03.231173+00:00",
  "num_detections": 2,
  "detections": [
    {
      "tag_id": 18,
      "tag_family": "tag36h11",
      "hamming": 0,
      "decision_margin": 41.20127868652344,
      "center": [
        263.3941728488788,
        193.82373565403682
      ],
      "corners": [
        [
          255.48680114746097,
          225.54141235351562
        ],
        [
          274.9705810546875,
          228.87939453125
        ],
        [
          270.2203979492188,
          166.44270324707028
        ],
        [
          250.5587768554688,
          154.9556121826172
        ]
      ],
      "homography": [
        [
          26.20617621064315,
          -0.44873490001571914,
          263.3941728488788
        ],
        [
          15.846057526571595,
          31.013577828448806,
          193.82373565403682
        ],
        [
          0.062476294543829705,
          -0.010903384269481762,
          1.0
        ]
      ]
    },
    {
      "tag_id": 27,
      "tag_family": "tag36h11",
      "hamming": 0,
      "decision_margin": 55.35317611694336,
      "center": [
        204.9134379051339,
        173.2303655601901
      ],
      "corners": [
        [
          186.61360168457034,
          214.85061645507812
        ],
        [
          224.3448028564453,
          221.03948974609378
        ],
        [
          220.13909912109375,
          138.60186767578128
        ],
        [
          182.14477539062497,
          117.21012115478514
        ]
      ],
      "homography": [
        [
          36.29243027924997,
          0.880756392325627,
          204.9134379051339
        ],
        [
          21.685189076149207,
          43.60436331794767,
          173.2303655601901
        ],
        [
          0.08538972765690094,
          -0.00630689848337699,
          1.0
        ]
      ]
    }
  ]
}
