{
  "image_file": "9f285d2e30a0_Half_Hollow_Hills_Invitational_Playoff_Match_9_2025_frame_00.png",
  "image_sha256": "9f285d2e30a090c4fa02908bfbf01ee18f371a5159901dd60d2de6298167da8e",
  "image_width": 1920,
  "image_height": 1080,
  "detector_config": {
    "library": "pupil-apriltags",
    "library_version": "1.0.4.post11",
    "family": "tag36h11",
    "nthreads": 4,
    "quad_decimate": 1.0,
    "quad_sigma": 0.0,
    "refine_edges": true,
    "decode_sharpening": 0.25
  },
  "detected_at": "2026-04-01T16:07:41.618155+00:00",
  "num_detections": 4,
  "detections": [
    {
      "tag_id": 12,
      "tag_family": "tag36h11",
      "hamming": 0,
      "decision_margin": 71.87181854248047,
      "center": [
        1843.932818678045,
        344.8284619037895
      ],
      "corners": [
        [
          1831.4582519531248,
          360.2769165039063
        ],
        [
          1858.0258789062502,
          358.6306457519531
        ],
        [
          1856.5426025390627,
          329.21255493164057
        ],
        [
          1830.39404296875,
          331.5691223144532
        ]
      ],
      "homography": [
        [
          -10.28808199847458,
          -12.890177085632788,
          1843.932818678045
        ],
        [
          -5.391171103538854,
          11.999355414478373,
          344.8284619037895
        ],
        [
          -0.012725065947943067,
          -0.007334568169883541,
          1.0
        ]
      ]
    },
    {
      "tag_id": 14,
      "tag_family": "tag36h11",
      "hamming": 0,
      "decision_margin": 56.79511642456055,
      "center": [
        100.86943200418496,
        270.22624744029923
      ],
      "corners": [
        [
          83.43209838867186,
          284.48431396484375
        ],
        [
          114.27060699462889,
          286.66217041015625
        ],
        [
          118.17006683349612,
          256.07995605468756
        ],
        [
          87.2389907836914,
          253.5091400146484
        ]
      ],
      "homography": [
        [
          16.068000772863115,
          -1.6976498712674706,
          100.86943200418496
        ],
        [
          2.8643208465267644,
          16.00290162813684,
          270.22624744029923
        ],
        [
          0.006208275430500236,
          0.0022731349395106975,
          1.0
        ]
      ]
    },
    {
      "tag_id": 18,
      "tag_family": "tag36h11",
      "hamming": 0,
      "decision_margin": 70.91859436035156,
      "center": [
        1161.7477463217408,
        608.3097710583143
      ],
      "corners": [
        [
          1150.8037109374998,
          639.1549682617188
        ],
        [
          1172.0863037109377,
          631.2993774414065
        ],
        [
          1172.005615234375,
          579.3984985351564
        ],
        [
          1151.0306396484373,
          584.4783935546875
        ]
      ],
      "homography": [
        [
          39.79945505660453,
          -8.388542510899237,
          1161.7477463217408
        ],
        [
          12.089738371526206,
          22.24968470118131,
          608.3097710583143
        ],
        [
          0.025170968631279496,
          -0.007192467312911213,
          1.0
        ]
      ]
    },
    {
      "tag_id": 19,
      "tag_family": "tag36h11",
      "hamming": 0,
      "decision_margin": 89.11119079589844,
      "center": [
        903.9494594866201,
        628.7908132286259
      ],
      "corners": [
        [
          873.9150390625001,
          658.8158569335939
        ],
        [
          935.1024780273438,
          659.7719116210936
        ],
        [
          934.324768066406,
          598.4249877929688
        ],
        [
          872.8681030273436,
          597.8809814453127
        ]
      ],
      "homography": [
        [
          27.589617504279772,
          2.486642573907151,
          903.9494594866201
        ],
        [
          -1.7606595146709236,
          31.982039046505633,
          628.7908132286259
        ],
        [
          -0.003397210908837408,
          0.0022457237854065434,
          1.0
        ]
      ]
    }
  ],
  "ingest_metadata": {
    "original_name": "Half_Hollow_Hills_Invitational_Playoff_Match_9_2025_frame_00.png",
    "source": "unknown",
    "dhash": "d2c5ddcd0d8dec84",
    "ingested_at": "2026-04-01T16:07:41.615301+00:00"
  }
}
