{
  "image_file": "9f5c41fcb690_2025_Field_Tour_Video__Barge_frame_000118.png",
  "image_sha256": "9f5c41fcb690f690b4e2d550f732222d0903c5c5006d2c43c329947b40555678",
  "image_width": 1920,
  "image_height": 1080,
  "detector_config": {
    "library": "pupil-apriltags",
    "library_version": "1.0.4.post11",
    "family": "tag36h11",
    "nthreads": 4,
    "quad_decimate": 1.0,
    "quad_sigma": 0.0,
    "refine_edges": true,
    "decode_sharpening": 0.25
  },
  "detected_at": "2026-04-01T00:07:40.234018+00:00",
  "num_detections": 2,
  "detections": [
    {
      "tag_id": 4,
      "tag_family": "tag36h11",
      "hamming": 0,
      "decision_margin": 32.759429931640625,
      "center": [
        1402.474088204925,
        317.41976550132796
      ],
      "corners": [
        [
          1381.2161865234373,
          330.85931396484375
        ],
        [
          1415.7418212890625,
          331.3793334960937
        ],
        [
          1424.2159423828125,
          303.6742553710937
        ],
        [
          1389.2801513671873,
          303.537841796875
        ]
      ],
      "homography": [
        [
          7.516071152607083,
          1.803444279701126,
          1402.474088204925
        ],
        [
          -2.063938466195511,
          15.09935651053496,
          317.41976550132796
        ],
        [
          -0.007021785451110258,
          0.0042329876685920234,
          1.0
        ]
      ]
    },
    {
      "tag_id": 5,
      "tag_family": "tag36h11",
      "hamming": 0,
      "decision_margin": 45.382205963134766,
      "center": [
        508.08049061534484,
        315.9041001036015
      ],
      "corners": [
        [
          494.8934936523437,
          329.3731689453125
        ],
        [
          529.5334472656251,
          329.6836853027345
        ],
        [
          521.4017944335938,
          302.2978515625
        ],
        [
          486.4024658203125,
          301.9799499511718
        ]
      ],
      "homography": [
        [
          17.447882413348566,
          6.768310930522889,
          508.08049061534484
        ],
        [
          0.1810433267258399,
          15.318913005167587,
          315.9041001036015
        ],
        [
          7.582576462064325e-05,
          0.005142421935991855,
          1.0
        ]
      ]
    }
  ]
}
