{
  "image_file": "a021e6f1a2d0_FRC_TEAM_5484_s_Robot_Reveal_-_RAIJU_2024_frame_002242.png",
  "image_sha256": "a021e6f1a2d0185b63b27cdc44f407f649933cfc161cdac6006fde28dc5f3ec7",
  "image_width": 1920,
  "image_height": 1080,
  "detector_config": {
    "library": "pupil-apriltags",
    "library_version": "1.0.4.post11",
    "family": "tag36h11",
    "nthreads": 4,
    "quad_decimate": 1.0,
    "quad_sigma": 0.0,
    "refine_edges": true,
    "decode_sharpening": 0.25
  },
  "detected_at": "2026-04-01T00:38:40.941589+00:00",
  "num_detections": 2,
  "detections": [
    {
      "tag_id": 7,
      "tag_family": "tag36h11",
      "hamming": 0,
      "decision_margin": 71.69590759277344,
      "center": [
        1093.8442753875793,
        230.64783449107532
      ],
      "corners": [
        [
          1075.132934570313,
          251.86968994140625
        ],
        [
          1112.0351562499998,
          250.9033966064453
        ],
        [
          1112.8242187499995,
          209.12133789062503
        ],
        [
          1075.6739501953125,
          210.4151611328125
        ]
      ],
      "homography": [
        [
          14.305878903803205,
          3.2563476769892095,
          1093.8442753875793
        ],
        [
          -1.4515268594590536,
          21.565248589958856,
          230.64783449107532
        ],
        [
          -0.0038458510988576664,
          0.0032805323873988223,
          1.0
        ]
      ]
    },
    {
      "tag_id": 8,
      "tag_family": "tag36h11",
      "hamming": 0,
      "decision_margin": 72.22290802001953,
      "center": [
        1230.0576117028143,
        226.9918564506822
      ],
      "corners": [
        [
          1210.086181640625,
          248.7724151611328
        ],
        [
          1249.48095703125,
          248.12217712402344
        ],
        [
          1250.3505859375002,
          204.8606262207031
        ],
        [
          1210.6944580078125,
          205.927017211914
        ]
      ],
      "homography": [
        [
          13.89610769553724,
          3.5882046796270988,
          1230.0576117028143
        ],
        [
          -1.5109713097365072,
          22.25623843330291,
          226.9918564506822
        ],
        [
          -0.004768843977775655,
          0.0032169732250763527,
          1.0
        ]
      ]
    }
  ]
}
