{
  "image_file": "a02434ba5958_2026_FIRST_Robotics_Competition_KitBot_Overview_frame_002820.png",
  "image_sha256": "a02434ba5958395f1861a5c62fc6244d9ad97a30f92771b894183c4b0e415660",
  "image_width": 1920,
  "image_height": 1080,
  "detector_config": {
    "library": "pupil-apriltags",
    "library_version": "1.0.4.post11",
    "family": "tag36h11",
    "nthreads": 4,
    "quad_decimate": 1.0,
    "quad_sigma": 0.0,
    "refine_edges": true,
    "decode_sharpening": 0.25
  },
  "detected_at": "2026-04-01T00:15:04.325075+00:00",
  "num_detections": 2,
  "detections": [
    {
      "tag_id": 29,
      "tag_family": "tag36h11",
      "hamming": 0,
      "decision_margin": 91.8636474609375,
      "center": [
        391.872631705739,
        495.6203058639329
      ],
      "corners": [
        [
          372.31237792968756,
          597.5494384765626
        ],
        [
          434.3314819335938,
          521.8824462890624
        ],
        [
          410.69238281249994,
          397.5499572753905
        ],
        [
          341.8308410644532,
          464.66787719726574
        ]
      ],
      "homography": [
        [
          52.40387600651076,
          25.660238317178433,
          391.872631705739
        ],
        [
          -10.677723546104753,
          79.72230802612597,
          495.6203058639329
        ],
        [
          0.050635568202252144,
          0.03134159803337028,
          1.0
        ]
      ]
    },
    {
      "tag_id": 30,
      "tag_family": "tag36h11",
      "hamming": 0,
      "decision_margin": 86.30007934570312,
      "center": [
        529.2319537759678,
        347.33204143246587
      ],
      "corners": [
        [
          515.7807617187499,
          425.6157531738281
        ],
        [
          555.6428222656251,
          377.4043579101562
        ],
        [
          542.2248535156252,
          271.7155151367187
        ],
        [
          499.6724853515625,
          313.6746215820313
        ]
      ],
      "homography": [
        [
          40.02921568021645,
          17.63922691722087,
          529.2319537759678
        ],
        [
          -9.802203958498986,
          61.105325934359485,
          347.33204143246587
        ],
        [
          0.03679270487673514,
          0.01946209200937908,
          1.0
        ]
      ]
    }
  ]
}
