{
  "image_file": "a0bae4fca5be_Team_2503___2026_Robot_Reveal_frame_000480.png",
  "image_sha256": "a0bae4fca5be93084f85142b92b9bec730f0838ae32ab65234c08c25dff97d28",
  "image_width": 1800,
  "image_height": 1080,
  "detector_config": {
    "library": "pupil-apriltags",
    "library_version": "1.0.4.post11",
    "family": "tag36h11",
    "nthreads": 4,
    "quad_decimate": 1.0,
    "quad_sigma": 0.0,
    "refine_edges": true,
    "decode_sharpening": 0.25
  },
  "detected_at": "2026-04-01T04:40:52.056901+00:00",
  "num_detections": 5,
  "detections": [
    {
      "tag_id": 7,
      "tag_family": "tag36h11",
      "hamming": 0,
      "decision_margin": 76.14734649658203,
      "center": [
        187.52744839270346,
        477.63610046179735
      ],
      "corners": [
        [
          170.27832031249997,
          499.8095092773438
        ],
        [
          208.85983276367185,
          496.1047058105469
        ],
        [
          204.84951782226565,
          455.3689270019531
        ],
        [
          165.92866516113278,
          458.9368591308594
        ]
      ],
      "homography": [
        [
          19.759136451575017,
          2.8692765293986064,
          187.52744839270346
        ],
        [
          -0.8404445290520385,
          22.387506294149546,
          477.63610046179735
        ],
        [
          0.0020476837900279712,
          0.004157571633458307,
          1.0
        ]
      ]
    },
    {
      "tag_id": 9,
      "tag_family": "tag36h11",
      "hamming": 0,
      "decision_margin": 80.55110168457031,
      "center": [
        932.9917631381111,
        370.08961892575456
      ],
      "corners": [
        [
          915.445739746094,
          390.99481201171875
        ],
        [
          951.7434692382811,
          389.07965087890625
        ],
        [
          950.0692138671874,
          349.7427062988281
        ],
        [
          913.9925537109376,
          350.84893798828125
        ]
      ],
      "homography": [
        [
          27.463322716231005,
          -2.471776553915557,
          932.9917631381111
        ],
        [
          2.9636062870250703,
          18.577317656867365,
          370.08961892575456
        ],
        [
          0.010044800703575484,
          -0.003488580184259169,
          1.0
        ]
      ]
    },
    {
      "tag_id": 10,
      "tag_family": "tag36h11",
      "hamming": 0,
      "decision_margin": 80.64273834228516,
      "center": [
        1008.4554890088366,
        367.18574785703294
      ],
      "corners": [
        [
          992.1514892578124,
          387.090576171875
        ],
        [
          1025.6209716796875,
          385.7581787109375
        ],
        [
          1024.6162109375002,
          347.4558410644532
        ],
        [
          990.8851928710938,
          348.1753234863281
        ]
      ],
      "homography": [
        [
          24.90042491463953,
          4.217724300713033,
          1008.4554890088366
        ],
        [
          2.435810141409317,
          20.632276519332777,
          367.18574785703294
        ],
        [
          0.008033708375008648,
          0.003620369373544458,
          1.0
        ]
      ]
    },
    {
      "tag_id": 12,
      "tag_family": "tag36h11",
      "hamming": 0,
      "decision_margin": 22.546968460083008,
      "center": [
        1422.8351149565506,
        395.05071670775106
      ],
      "corners": [
        [
          1414.782958984375,
          407.9906921386719
        ],
        [
          1430.5780029296875,
          407.43084716796875
        ],
        [
          1430.9956054687498,
          381.9366455078125
        ],
        [
          1414.7476806640625,
          382.11968994140636
        ]
      ],
      "homography": [
        [
          18.738896698790764,
          20.140463241482852,
          1422.8351149565506
        ],
        [
          2.7908179216569216,
          18.45702833274504,
          395.05071670775106
        ],
        [
          0.007541429174211007,
          0.014223530096358152,
          1.0
        ]
      ]
    },
    {
      "tag_id": 17,
      "tag_family": "tag36h11",
      "hamming": 0,
      "decision_margin": 45.816253662109375,
      "center": [
        353.914583001831,
        418.4310184478702
      ],
      "corners": [
        [
          346.9365234375,
          426.70080566406256
        ],
        [
          361.8050231933594,
          425.48538208007807
        ],
        [
          360.8201599121094,
          410.2471313476562
        ],
        [
          345.98126220703125,
          411.3383178710937
        ]
      ],
      "homography": [
        [
          8.830105397754778,
          0.04078550170112402,
          353.914583001831
        ],
        [
          1.082640722792461,
          7.124740190356476,
          418.4310184478702
        ],
        [
          0.0039653061877891835,
          -0.001255419245717826,
          1.0
        ]
      ]
    }
  ]
}
