{
  "image_file": "a0ed13906c1b_PC000001_MOV-0245_jpg_rf_44206e590ff37f1e6ff3cdb635c92dcb.png",
  "image_sha256": "a0ed13906c1b3db15269ecc29dc9de0057a9ae7f2c3e39a5845705cfebe2b5d3",
  "image_width": 640,
  "image_height": 360,
  "detector_config": {
    "library": "pupil-apriltags",
    "library_version": "1.0.4.post11",
    "family": "tag36h11",
    "nthreads": 4,
    "quad_decimate": 1.0,
    "quad_sigma": 0.0,
    "refine_edges": true,
    "decode_sharpening": 0.25
  },
  "detected_at": "2026-03-24T14:12:41.744019+00:00",
  "num_detections": 3,
  "detections": [
    {
      "tag_id": 3,
      "tag_family": "tag36h11",
      "hamming": 0,
      "decision_margin": 65.64018249511719,
      "center": [
        52.251560335030895,
        124.83956144924075
      ],
      "corners": [
        [
          37.99189758300783,
          147.04158020019534
        ],
        [
          66.02345275878906,
          149.8916015625
        ],
        [
          67.45431518554685,
          101.16916656494139
        ],
        [
          38.994659423828125,
          100.72432708740233
        ]
      ],
      "homography": [
        [
          12.778730222610335,
          -0.2648117445998095,
          52.251560335030895
        ],
        [
          -2.3563654622428234,
          24.552454825078627,
          124.83956144924075
        ],
        [
          -0.025531722263128828,
          0.006478281505591683,
          1.0
        ]
      ]
    },
    {
      "tag_id": 4,
      "tag_family": "tag36h11",
      "hamming": 0,
      "decision_margin": 76.83020782470703,
      "center": [
        120.3103164924494,
        127.07052350516562
      ],
      "corners": [
        [
          102.85853576660155,
          151.60092163085938
        ],
        [
          137.50382995605472,
          155.03991699218747
        ],
        [
          138.78201293945312,
          101.10652160644528
        ],
        [
          103.97810363769531,
          100.5022430419922
        ]
      ],
      "homography": [
        [
          14.096213820677264,
          -0.43527505316931864,
          120.3103164924494
        ],
        [
          -2.4241239611623118,
          26.410427756597585,
          127.07052350516562
        ],
        [
          -0.02704103929902146,
          0.0013503025593514493,
          1.0
        ]
      ]
    },
    {
      "tag_id": 5,
      "tag_family": "tag36h11",
      "hamming": 0,
      "decision_margin": 59.265010833740234,
      "center": [
        382.66805837065095,
        158.38511729092588
      ],
      "corners": [
        [
          371.4897155761719,
          179.9403991699219
        ],
        [
          392.0542907714844,
          182.35304260253906
        ],
        [
          393.1590270996094,
          138.15530395507815
        ],
        [
          372.443115234375,
          132.2755279541016
        ]
      ],
      "homography": [
        [
          24.557804799044618,
          1.5954052836802393,
          382.66805837065095
        ],
        [
          7.959618421004049,
          23.806995662833003,
          158.38511729092588
        ],
        [
          0.03724403191230404,
          0.005522947244836139,
          1.0
        ]
      ]
    }
  ]
}
