{
  "image_file": "a1662598baf1_Q96_-_Galileo_-_190_POV_frame_000900.png",
  "image_sha256": "a1662598baf109bce184ad0670e14394332ec0d2f5f01f3ba47e837478d5a0c8",
  "image_width": 1920,
  "image_height": 1080,
  "detector_config": {
    "library": "pupil-apriltags",
    "library_version": "1.0.4.post11",
    "family": "tag36h11",
    "nthreads": 4,
    "quad_decimate": 1.0,
    "quad_sigma": 0.0,
    "refine_edges": true,
    "decode_sharpening": 0.25
  },
  "detected_at": "2026-04-01T14:48:49.341253+00:00",
  "num_detections": 2,
  "detections": [
    {
      "tag_id": 17,
      "tag_family": "tag36h11",
      "hamming": 2,
      "decision_margin": 61.10966110229492,
      "center": [
        988.5709850931453,
        579.4923178259191
      ],
      "corners": [
        [
          976.7937011718751,
          601.6910400390625
        ],
        [
          1000.0184326171874,
          594.8927612304686
        ],
        [
          999.5199584960938,
          558.8548583984376
        ],
        [
          977.0103759765624,
          563.9396362304689
        ]
      ],
      "homography": [
        [
          31.872326480343876,
          -15.5064418986866,
          988.5709850931453
        ],
        [
          9.02880920180655,
          9.297522873100094,
          579.4923178259191
        ],
        [
          0.020682818794088124,
          -0.015764472394469455,
          1.0
        ]
      ]
    },
    {
      "tag_id": 18,
      "tag_family": "tag36h11",
      "hamming": 0,
      "decision_margin": 79.4084243774414,
      "center": [
        788.3574711411077,
        597.65292072022
      ],
      "corners": [
        [
          769.9300537109375,
          617.3962402343749
        ],
        [
          808.5336914062499,
          618.2498779296874
        ],
        [
          807.5126953125,
          577.1298217773439
        ],
        [
          767.5130615234375,
          576.3738403320314
        ]
      ],
      "homography": [
        [
          18.43192279297534,
          14.914587770026403,
          788.3574711411077
        ],
        [
          -0.5159067520393175,
          31.183601217721957,
          597.65292072022
        ],
        [
          -0.001538198704311213,
          0.017827303831090636,
          1.0
        ]
      ]
    }
  ]
}
