{
  "image_file": "a1da7d26e720_PC000001_MOV-0439_jpg_rf_c2a82d138af917cbf1b2abaa219d6c45.png",
  "image_sha256": "a1da7d26e7205fd014f266c7bfb0b4a7c17ce4e61452258fb50619fb5337eeb6",
  "image_width": 640,
  "image_height": 360,
  "detector_config": {
    "library": "pupil-apriltags",
    "library_version": "1.0.4.post11",
    "family": "tag36h11",
    "nthreads": 4,
    "quad_decimate": 1.0,
    "quad_sigma": 0.0,
    "refine_edges": true,
    "decode_sharpening": 0.25
  },
  "detected_at": "2026-03-24T14:12:51.557672+00:00",
  "num_detections": 2,
  "detections": [
    {
      "tag_id": 29,
      "tag_family": "tag36h11",
      "hamming": 0,
      "decision_margin": 91.46511840820312,
      "center": [
        169.70712664191785,
        174.6824414058552
      ],
      "corners": [
        [
          144.15283203125,
          193.96543884277344
        ],
        [
          185.10179138183594,
          204.94952392578125
        ],
        [
          196.25584411621094,
          154.64906311035156
        ],
        [
          154.65878295898435,
          145.09625244140625
        ]
      ],
      "homography": [
        [
          18.045987035883115,
          -4.757048745555265,
          169.70712664191785
        ],
        [
          2.4753011163092506,
          25.46026624031299,
          174.6824414058552
        ],
        [
          -0.01523087677647745,
          0.003854831013384478,
          1.0
        ]
      ]
    },
    {
      "tag_id": 30,
      "tag_family": "tag36h11",
      "hamming": 0,
      "decision_margin": 89.19036865234375,
      "center": [
        287.1045114704705,
        205.04251580680034
      ],
      "corners": [
        [
          256.73098754882807,
          225.2227020263672
        ],
        [
          304.8966979980469,
          238.54652404785153
        ],
        [
          318.87646484375006,
          183.9332122802734
        ],
        [
          269.77789306640625,
          172.41520690917966
        ]
      ],
      "homography": [
        [
          19.17330931759426,
          -5.423122050194761,
          287.1045114704705
        ],
        [
          2.546673274640934,
          27.794936422739084,
          205.04251580680034
        ],
        [
          -0.01787973015593378,
          0.004622783502471631,
          1.0
        ]
      ]
    }
  ]
}
