{
  "image_file": "a226ac205fe3_2026_Rebuilt_-_Introducing_Theseus_frame_002520.png",
  "image_sha256": "a226ac205fe3af42d6ddba060aebbc268418b9f820c5f3102d9f71dfc21822b3",
  "image_width": 1920,
  "image_height": 1080,
  "detector_config": {
    "library": "pupil-apriltags",
    "library_version": "1.0.4.post11",
    "family": "tag36h11",
    "nthreads": 4,
    "quad_decimate": 1.0,
    "quad_sigma": 0.0,
    "refine_edges": true,
    "decode_sharpening": 0.25
  },
  "detected_at": "2026-04-01T03:44:29.614972+00:00",
  "num_detections": 2,
  "detections": [
    {
      "tag_id": 3,
      "tag_family": "tag36h11",
      "hamming": 0,
      "decision_margin": 83.13493347167969,
      "center": [
        89.30267633640625,
        224.2218057944159
      ],
      "corners": [
        [
          60.33269119262697,
          254.0666656494141
        ],
        [
          123.81070709228516,
          252.58599853515622
        ],
        [
          118.09287261962889,
          194.56216430664062
        ],
        [
          53.74857711791993,
          194.997787475586
        ]
      ],
      "homography": [
        [
          32.75718911099358,
          3.5994077114572645,
          89.30267633640625
        ],
        [
          1.5407084717151596,
          30.59474054200041,
          224.2218057944159
        ],
        [
          0.00902163073922112,
          0.005908952487268929,
          1.0
        ]
      ]
    },
    {
      "tag_id": 4,
      "tag_family": "tag36h11",
      "hamming": 0,
      "decision_margin": 81.5040512084961,
      "center": [
        223.69319184628,
        222.01771198787077
      ],
      "corners": [
        [
          196.701904296875,
          250.7184600830078
        ],
        [
          254.75115966796875,
          249.56105041503903
        ],
        [
          250.23890686035156,
          193.7907562255859
        ],
        [
          191.88977050781247,
          193.8132781982422
        ]
      ],
      "homography": [
        [
          31.35368047178136,
          2.7253015275311196,
          223.69319184628
        ],
        [
          1.9443558696065928,
          28.55844885584716,
          222.01771198787077
        ],
        [
          0.010090694486738725,
          0.0017679921687456942,
          1.0
        ]
      ]
    }
  ]
}
