{
  "image_file": "a2311acb9ca8_2025_FIRST_Robotics_Competition_REEFSCAPE_presented_by_Haas_.png",
  "image_sha256": "a2311acb9ca8cc07f02147cf685bbccea6881ee31b292902f2f1293af7d97fdc",
  "image_width": 1920,
  "image_height": 1080,
  "detector_config": {
    "library": "pupil-apriltags",
    "library_version": "1.0.4.post11",
    "family": "tag36h11",
    "nthreads": 4,
    "quad_decimate": 1.0,
    "quad_sigma": 0.0,
    "refine_edges": true,
    "decode_sharpening": 0.25
  },
  "detected_at": "2026-04-01T00:01:12.810685+00:00",
  "num_detections": 6,
  "detections": [
    {
      "tag_id": 10,
      "tag_family": "tag36h11",
      "hamming": 0,
      "decision_margin": 52.12311553955078,
      "center": [
        810.9034234686056,
        363.56968973196945
      ],
      "corners": [
        [
          805.0151977539062,
          373.0962219238281
        ],
        [
          816.82958984375,
          377.4858093261719
        ],
        [
          817.04541015625,
          353.6325988769531
        ],
        [
          804.8482055664062,
          349.35052490234386
        ]
      ],
      "homography": [
        [
          1.8158825604457418,
          12.90835784963599,
          810.9034234686056
        ],
        [
          0.292765362087605,
          17.689255050209795,
          363.56968973196945
        ],
        [
          -0.005161318597354199,
          0.01593232168579563,
          1.0
        ]
      ]
    },
    {
      "tag_id": 14,
      "tag_family": "tag36h11",
      "hamming": 0,
      "decision_margin": 69.71249389648438,
      "center": [
        453.52461926400764,
        206.71174164637952
      ],
      "corners": [
        [
          437.9362487792968,
          220.95832824707034
        ],
        [
          473.9612426757813,
          221.34629821777344
        ],
        [
          469.4761657714845,
          192.13323974609378
        ],
        [
          433.2273864746094,
          192.17700195312503
        ]
      ],
      "homography": [
        [
          14.680177493752751,
          4.134557917236011,
          453.52461926400764
        ],
        [
          -1.4568829421927223,
          15.333995923746244,
          206.71174164637952
        ],
        [
          -0.007468395181268268,
          0.0040464107345477285,
          1.0
        ]
      ]
    },
    {
      "tag_id": 15,
      "tag_family": "tag36h11",
      "hamming": 0,
      "decision_margin": 67.85150146484375,
      "center": [
        1428.7472864520864,
        207.00568739537263
      ],
      "corners": [
        [
          1408.45556640625,
          221.1220397949219
        ],
        [
          1443.2662353515627,
          221.34053039550778
        ],
        [
          1449.42919921875,
          192.6178894042969
        ],
        [
          1414.3283691406245,
          192.76960754394537
        ]
      ],
      "homography": [
        [
          8.204438560539074,
          1.3254689079808497,
          1428.7472864520864
        ],
        [
          -1.3261912993287712,
          14.895910686477833,
          207.00568739537263
        ],
        [
          -0.006489895647327056,
          0.0030331242570222424,
          1.0
        ]
      ]
    },
    {
      "tag_id": 17,
      "tag_family": "tag36h11",
      "hamming": 0,
      "decision_margin": 83.51024627685547,
      "center": [
        1250.5072889340422,
        967.6068753004904
      ],
      "corners": [
        [
          1239.3265380859375,
          1004.3173828125
        ],
        [
          1259.4278564453125,
          981.6762084960936
        ],
        [
          1261.4947509765625,
          931.5310058593751
        ],
        [
          1241.40576171875,
          953.252136230469
        ]
      ],
      "homography": [
        [
          21.7765717757095,
          -0.21009957927071543,
          1250.5072889340422
        ],
        [
          -2.0136700105871372,
          25.94000589261475,
          967.6068753004904
        ],
        [
          0.009380089631840808,
          0.0006609020934502698,
          1.0
        ]
      ]
    },
    {
      "tag_id": 18,
      "tag_family": "tag36h11",
      "hamming": 0,
      "decision_margin": 83.9546127319336,
      "center": [
        999.1907729605402,
        1042.6980566461953
      ],
      "corners": [
        [
          969.4447631835938,
          1069.5676269531252
        ],
        [
          1028.3542480468748,
          1069.018676757812
        ],
        [
          1029.2945556640625,
          1015.5053100585934
        ],
        [
          969.8336181640626,
          1016.2026367187502
        ]
      ],
      "homography": [
        [
          28.258865148058362,
          4.308048231487422,
          999.1907729605402
        ],
        [
          -1.7023205430668933,
          31.560961825448203,
          1042.6980566461953
        ],
        [
          -0.0013341251244422176,
          0.004643722278997794,
          1.0
        ]
      ]
    },
    {
      "tag_id": 19,
      "tag_family": "tag36h11",
      "hamming": 0,
      "decision_margin": 90.56767272949219,
      "center": [
        730.0740641040138,
        973.7909336067396
      ],
      "corners": [
        [
          718.3305053710936,
          988.2724609374999
        ],
        [
          743.3109130859375,
          1010.0302734375002
        ],
        [
          742.1237182617188,
          958.9319458007812
        ],
        [
          716.9194946289064,
          937.7768554687499
        ]
      ],
      "homography": [
        [
          6.710911299426583,
          4.2085459348966205,
          730.0740641040138
        ],
        [
          2.947465894795524,
          30.14294153192793,
          973.7909336067396
        ],
        [
          -0.007991241202390573,
          0.004873579794757595,
          1.0
        ]
      ]
    }
  ]
}
