{
  "image_file": "a2700d2acf87_FRC_846_-_2026_Robot_Reveal__XENOTHRIX_frame_001488.png",
  "image_sha256": "a2700d2acf87aaa9234451926f178d3f190cf66c61d12caea1156885a55b3e51",
  "image_width": 1920,
  "image_height": 1080,
  "detector_config": {
    "library": "pupil-apriltags",
    "library_version": "1.0.4.post11",
    "family": "tag36h11",
    "nthreads": 4,
    "quad_decimate": 1.0,
    "quad_sigma": 0.0,
    "refine_edges": true,
    "decode_sharpening": 0.25
  },
  "detected_at": "2026-04-01T03:53:25.288898+00:00",
  "num_detections": 2,
  "detections": [
    {
      "tag_id": 3,
      "tag_family": "tag36h11",
      "hamming": 0,
      "decision_margin": 49.756675720214844,
      "center": [
        844.8893388102366,
        792.2625112302724
      ],
      "corners": [
        [
          812.7407836914062,
          828.625244140625
        ],
        [
          879.2116088867186,
          828.3143920898438
        ],
        [
          876.4190063476562,
          756.5997924804688
        ],
        [
          810.3464965820312,
          755.9789428710938
        ]
      ],
      "homography": [
        [
          38.5929591407579,
          -1.4546100672047213,
          844.8893388102366
        ],
        [
          5.197800063608379,
          33.50713807928241,
          792.2625112302724
        ],
        [
          0.006460971289602046,
          -0.003258011992196022,
          1.0
        ]
      ]
    },
    {
      "tag_id": 4,
      "tag_family": "tag36h11",
      "hamming": 0,
      "decision_margin": 51.911346435546875,
      "center": [
        985.2445573362626,
        793.7486794546536
      ],
      "corners": [
        [
          954.8279418945312,
          828.8322143554688
        ],
        [
          1018.3414916992188,
          828.9920654296875
        ],
        [
          1015.2030639648436,
          759.1935424804689
        ],
        [
          951.9085083007812,
          758.2506713867188
        ]
      ],
      "homography": [
        [
          37.211929770145275,
          -0.44964154454487015,
          985.2445573362626
        ],
        [
          4.716304827190579,
          33.51090267911968,
          793.7486794546536
        ],
        [
          0.005593522465545885,
          -0.001994185806358782,
          1.0
        ]
      ]
    }
  ]
}
