{
  "image_file": "a33a21d6b82e_PC000002_MOV-0058_jpg_rf_3232f48624674695703f80111ba15aa1.png",
  "image_sha256": "a33a21d6b82e65010f876d736cbb0c3a36dacb21850ae0ad41c5579f800b0660",
  "image_width": 640,
  "image_height": 360,
  "detector_config": {
    "library": "pupil-apriltags",
    "library_version": "1.0.4.post11",
    "family": "tag36h11",
    "nthreads": 4,
    "quad_decimate": 1.0,
    "quad_sigma": 0.0,
    "refine_edges": true,
    "decode_sharpening": 0.25
  },
  "detected_at": "2026-03-24T14:15:36.746181+00:00",
  "num_detections": 2,
  "detections": [
    {
      "tag_id": 13,
      "tag_family": "tag36h11",
      "hamming": 0,
      "decision_margin": 100.58811950683594,
      "center": [
        87.08679555033905,
        196.79944272995135
      ],
      "corners": [
        [
          47.70513534545899,
          236.39695739746097
        ],
        [
          126.70632934570314,
          242.4451141357422
        ],
        [
          127.67742919921876,
          155.986328125
        ],
        [
          47.99431228637695,
          151.760986328125
        ]
      ],
      "homography": [
        [
          38.71579944965406,
          0.055317030177197545,
          87.08679555033905
        ],
        [
          0.4255259261782047,
          43.596748811417115,
          196.79944272995135
        ],
        [
          -0.010906669188407983,
          0.004210734424028305,
          1.0
        ]
      ]
    },
    {
      "tag_id": 14,
      "tag_family": "tag36h11",
      "hamming": 0,
      "decision_margin": 100.64778137207031,
      "center": [
        309.2361489877635,
        212.20658984652712
      ],
      "corners": [
        [
          263.351318359375,
          252.9261322021484
        ],
        [
          351.87167358398443,
          260.81069946289057
        ],
        [
          357.1101989746093,
          169.7217559814453
        ],
        [
          267.12222290039057,
          164.19709777832037
        ]
      ],
      "homography": [
        [
          40.38368961900068,
          0.08620748622360491,
          309.2361489877635
        ],
        [
          0.45660942071912697,
          46.542316081362145,
          212.20658984652712
        ],
        [
          -0.01368546232093986,
          0.007530867752588667,
          1.0
        ]
      ]
    }
  ]
}
