{
  "image_file": "a3b59bcc9693_2026_FIRST_Robotics_Competition_Field_Tour__Hub_frame_000472.png",
  "image_sha256": "a3b59bcc9693e34b5e58ef89b6a5f726342618a53f4a474d3ca9f673e7f7b376",
  "image_width": 1920,
  "image_height": 1080,
  "detector_config": {
    "library": "pupil-apriltags",
    "library_version": "1.0.4.post11",
    "family": "tag36h11",
    "nthreads": 4,
    "quad_decimate": 1.0,
    "quad_sigma": 0.0,
    "refine_edges": true,
    "decode_sharpening": 0.25
  },
  "detected_at": "2026-03-31T23:59:47.585130+00:00",
  "num_detections": 5,
  "detections": [
    {
      "tag_id": 5,
      "tag_family": "tag36h11",
      "hamming": 0,
      "decision_margin": 41.75425338745117,
      "center": [
        674.8332816128635,
        543.6930172464953
      ],
      "corners": [
        [
          659.1275634765626,
          563.01416015625
        ],
        [
          697.1083374023438,
          581.79541015625
        ],
        [
          691.403564453125,
          523.3082885742188
        ],
        [
          652.4682617187501,
          505.43673706054676
        ]
      ],
      "homography": [
        [
          10.864938638461807,
          12.81501457662421,
          674.8332816128635
        ],
        [
          2.4362565691983447,
          36.838641143760356,
          543.6930172464953
        ],
        [
          -0.012385645074007091,
          0.014400966581767106,
          1.0
        ]
      ]
    },
    {
      "tag_id": 8,
      "tag_family": "tag36h11",
      "hamming": 0,
      "decision_margin": 43.60391616821289,
      "center": [
        763.1679203302739,
        584.9290637577767
      ],
      "corners": [
        [
          744.5250854492188,
          604.7987670898438
        ],
        [
          786.8897705078125,
          625.8551025390625
        ],
        [
          782.26611328125,
          564.5740356445314
        ],
        [
          739.9727172851564,
          544.9116210937501
        ]
      ],
      "homography": [
        [
          12.274425218528336,
          2.614533447204282,
          763.1679203302739
        ],
        [
          3.3669852791567756,
          30.533787156030485,
          584.9290637577767
        ],
        [
          -0.011645200727361369,
          0.00042013230881310116,
          1.0
        ]
      ]
    },
    {
      "tag_id": 9,
      "tag_family": "tag36h11",
      "hamming": 0,
      "decision_margin": 57.30982208251953,
      "center": [
        907.5601145938841,
        582.8410357341514
      ],
      "corners": [
        [
          884.1224975585939,
          624.4071655273438
        ],
        [
          931.5245971679688,
          601.4768676757811
        ],
        [
          930.816467285156,
          541.5963745117186
        ],
        [
          882.4658813476561,
          563.32666015625
        ]
      ],
      "homography": [
        [
          36.14294239707681,
          9.273193001006693,
          907.5601145938841
        ],
        [
          -3.3276181282229844,
          35.81458506540082,
          582.8410357341514
        ],
        [
          0.013455253108852115,
          0.009573288369511858,
          1.0
        ]
      ]
    },
    {
      "tag_id": 10,
      "tag_family": "tag36h11",
      "hamming": 0,
      "decision_margin": 59.52964401245117,
      "center": [
        1006.7900136687451,
        536.7665578135721
      ],
      "corners": [
        [
          985.5343017578124,
          575.259033203125
        ],
        [
          1027.031982421875,
          554.8367309570312
        ],
        [
          1027.961181640625,
          498.4271850585938
        ],
        [
          985.1812744140625,
          517.4762573242189
        ]
      ],
      "homography": [
        [
          38.50130513748661,
          15.281721450635251,
          1006.7900136687451
        ],
        [
          -0.5779966997355405,
          36.768161431113185,
          536.7665578135721
        ],
        [
          0.017325469189892376,
          0.015332771652712905,
          1.0
        ]
      ]
    },
    {
      "tag_id": 20,
      "tag_family": "tag36h11",
      "hamming": 0,
      "decision_margin": 44.945106506347656,
      "center": [
        65.0775984543904,
        168.3992561672748
      ],
      "corners": [
        [
          53.552219390869126,
          184.9290466308594
        ],
        [
          84.15943145751953,
          180.52165222167963
        ],
        [
          76.46935272216795,
          152.0611114501953
        ],
        [
          45.24874877929685,
          155.80229187011724
        ]
      ],
      "homography": [
        [
          16.267588209732423,
          4.429957859181572,
          65.0775984543904
        ],
        [
          0.06829233414620527,
          15.51980194445423,
          168.3992561672748
        ],
        [
          0.012514511329623924,
          0.006683729887112407,
          1.0
        ]
      ]
    }
  ],
  "ingest_metadata": {
    "original_name": "2026_FIRST_Robotics_Competition_Field_Tour__Hub_frame_000472.png",
    "source": "unknown",
    "dhash": "1127f0b13198d884",
    "ingested_at": "2026-03-31T23:59:47.575299+00:00"
  }
}
