{
  "image_file": "a3eeb6e9faa6_FRC_2363_Triple_Helix_2026_Robot_Reveal_Video_frame_001003.png",
  "image_sha256": "a3eeb6e9faa6ad798c5cab34f2a618d7c203efa816af118db78f1782153b01b2",
  "image_width": 1920,
  "image_height": 1080,
  "detector_config": {
    "library": "pupil-apriltags",
    "library_version": "1.0.4.post11",
    "family": "tag36h11",
    "nthreads": 4,
    "quad_decimate": 1.0,
    "quad_sigma": 0.0,
    "refine_edges": true,
    "decode_sharpening": 0.25
  },
  "detected_at": "2026-04-01T04:04:09.316150+00:00",
  "num_detections": 6,
  "detections": [
    {
      "tag_id": 17,
      "tag_family": "tag36h11",
      "hamming": 0,
      "decision_margin": 56.537315368652344,
      "center": [
        86.32786756875909,
        677.833573989517
      ],
      "corners": [
        [
          78.92018890380861,
          696.7828979492188
        ],
        [
          94.77466583251952,
          698.7932739257812
        ],
        [
          93.97661590576172,
          658.267578125
        ],
        [
          77.883171081543,
          656.8790893554689
        ]
      ],
      "homography": [
        [
          7.289543380816767,
          1.1454622516472606,
          86.32786756875909
        ],
        [
          -4.616410473822842,
          25.48916089294096,
          677.833573989517
        ],
        [
          -0.008067754540217516,
          0.007943326443396324,
          1.0
        ]
      ]
    },
    {
      "tag_id": 19,
      "tag_family": "tag36h11",
      "hamming": 0,
      "decision_margin": 77.75054931640625,
      "center": [
        348.99420105214585,
        686.5940256226066
      ],
      "corners": [
        [
          332.5324096679687,
          714.9990844726562
        ],
        [
          367.13928222656256,
          720.9912109375
        ],
        [
          365.89315795898443,
          657.4346313476562
        ],
        [
          331.1457824707031,
          652.7592163085939
        ]
      ],
      "homography": [
        [
          13.611650407905586,
          1.5074262882945408,
          348.99420105214585
        ],
        [
          -4.659924560111226,
          33.11461682490017,
          686.5940256226066
        ],
        [
          -0.01067315197761526,
          0.0024310361793139423,
          1.0
        ]
      ]
    },
    {
      "tag_id": 20,
      "tag_family": "tag36h11",
      "hamming": 0,
      "decision_margin": 75.19884490966797,
      "center": [
        430.026318065349,
        696.1748539932549
      ],
      "corners": [
        [
          411.74829101562494,
          726.2453613281249
        ],
        [
          450.4155883789063,
          732.6108398437501
        ],
        [
          448.91836547851574,
          665.0941772460938
        ],
        [
          410.2680358886718,
          660.8664550781248
        ]
      ],
      "homography": [
        [
          12.393240395580335,
          0.916970914265393,
          430.026318065349
        ],
        [
          -8.572883931452001,
          33.49462494713089,
          696.1748539932549
        ],
        [
          -0.01611796999662413,
          0.0004012426311485512,
          1.0
        ]
      ]
    },
    {
      "tag_id": 21,
      "tag_family": "tag36h11",
      "hamming": 0,
      "decision_margin": 76.20338439941406,
      "center": [
        782.1930623250148,
        684.0296997362658
      ],
      "corners": [
        [
          759.7432861328125,
          720.9636840820312
        ],
        [
          805.6287231445314,
          712.0027465820312
        ],
        [
          803.9828491210939,
          648.1815185546875
        ],
        [
          757.9825439453125,
          655.1317749023439
        ]
      ],
      "homography": [
        [
          35.16071266342817,
          1.376680914579883,
          782.1930623250148
        ],
        [
          6.6869504236526565,
          32.86521399952346,
          684.0296997362658
        ],
        [
          0.015590638104193822,
          0.0006721047475665373,
          1.0
        ]
      ]
    },
    {
      "tag_id": 24,
      "tag_family": "tag36h11",
      "hamming": 0,
      "decision_margin": 79.6611557006836,
      "center": [
        876.7380515608779,
        668.911799265113
      ],
      "corners": [
        [
          857.3142700195314,
          703.049560546875
        ],
        [
          897.3308105468749,
          694.8928222656249
        ],
        [
          895.8001708984374,
          635.40966796875
        ],
        [
          855.1676025390625,
          641.6972656250001
        ]
      ],
      "homography": [
        [
          34.44023013160643,
          6.960039329919373,
          876.7380515608779
        ],
        [
          7.281668554066182,
          34.812686908361,
          668.911799265113
        ],
        [
          0.01629274589825564,
          0.00689548104209391,
          1.0
        ]
      ]
    },
    {
      "tag_id": 32,
      "tag_family": "tag36h11",
      "hamming": 0,
      "decision_margin": 82.38758087158203,
      "center": [
        1376.1159318392517,
        676.7621656677358
      ],
      "corners": [
        [
          1361.0947265625002,
          691.5634155273439
        ],
        [
          1391.5400390625,
          694.0953369140625
        ],
        [
          1391.3809814453125,
          661.7206420898435
        ],
        [
          1360.7506103515627,
          659.4950561523436
        ]
      ],
      "homography": [
        [
          8.414929728861125,
          4.352333630073191,
          1376.1159318392517
        ],
        [
          -2.1806507264304877,
          18.188597483800777,
          676.7621656677358
        ],
        [
          -0.004980301538681373,
          0.0030710184496343315,
          1.0
        ]
      ]
    }
  ]
}
