{
  "image_file": "a4b87b0ff24e_Q39_-_URI_-_190_POV_frame_004500.png",
  "image_sha256": "a4b87b0ff24ec9677438c90bfe1ac40135e0cbcfd6100f239d01dc301d4a2601",
  "image_width": 1920,
  "image_height": 1080,
  "detector_config": {
    "library": "pupil-apriltags",
    "library_version": "1.0.4.post11",
    "family": "tag36h11",
    "nthreads": 4,
    "quad_decimate": 1.0,
    "quad_sigma": 0.0,
    "refine_edges": true,
    "decode_sharpening": 0.25
  },
  "detected_at": "2026-04-01T15:19:36.443139+00:00",
  "num_detections": 2,
  "detections": [
    {
      "tag_id": 21,
      "tag_family": "tag36h11",
      "hamming": 0,
      "decision_margin": 65.6663589477539,
      "center": [
        1440.5387638369573,
        422.8196833915158
      ],
      "corners": [
        [
          1428.5515136718748,
          432.62170410156256
        ],
        [
          1446.8172607421877,
          433.73538208007807
        ],
        [
          1452.4196777343752,
          413.1046142578124
        ],
        [
          1434.0892333984377,
          411.6066284179688
        ]
      ],
      "homography": [
        [
          22.035920983465076,
          3.684258552215854,
          1440.5387638369573
        ],
        [
          4.4347073753133355,
          12.309333200511446,
          422.8196833915158
        ],
        [
          0.008946351503664216,
          0.004491200810632552,
          1.0
        ]
      ]
    },
    {
      "tag_id": 22,
      "tag_family": "tag36h11",
      "hamming": 0,
      "decision_margin": 41.266475677490234,
      "center": [
        1331.4962402961487,
        409.16023513151634
      ],
      "corners": [
        [
          1321.1145019531252,
          417.4267578125
        ],
        [
          1337.8172607421875,
          420.3408813476562
        ],
        [
          1342.4106445312495,
          400.46957397460943
        ],
        [
          1324.7753906249998,
          397.2723693847657
        ]
      ],
      "homography": [
        [
          12.336279797118092,
          34.99867759930248,
          1331.4962402961487
        ],
        [
          2.679925883779103,
          21.387259406984754,
          409.16023513151634
        ],
        [
          0.0028225178098353287,
          0.027834835891542585,
          1.0
        ]
      ]
    }
  ]
}
