{
  "image_file": "a58e12da2b86_WPI_2025_District_Event_Qual_Match_37_POV_frame_006069.png",
  "image_sha256": "a58e12da2b86defe0872a82dd5cad6141ae2b606a95f1f031185a92e730b12ea",
  "image_width": 1920,
  "image_height": 1080,
  "detector_config": {
    "library": "pupil-apriltags",
    "library_version": "1.0.4.post11",
    "family": "tag36h11",
    "nthreads": 4,
    "quad_decimate": 1.0,
    "quad_sigma": 0.0,
    "refine_edges": true,
    "decode_sharpening": 0.25
  },
  "detected_at": "2026-04-01T15:00:53.679905+00:00",
  "num_detections": 4,
  "detections": [
    {
      "tag_id": 15,
      "tag_family": "tag36h11",
      "hamming": 0,
      "decision_margin": 26.25983428955078,
      "center": [
        1087.0719949003899,
        530.5660880717793
      ],
      "corners": [
        [
          1079.1168212890625,
          537.0857543945311
        ],
        [
          1093.9687500000002,
          537.2124023437501
        ],
        [
          1094.8507080078125,
          524.1910400390625
        ],
        [
          1080.5743408203125,
          524.3043823242186
        ]
      ],
      "homography": [
        [
          -2.8207134169956563,
          -22.878522661877014,
          1087.0719949003899
        ],
        [
          -4.928297433945658,
          -4.43221730795483,
          530.5660880717793
        ],
        [
          -0.009290387169815041,
          -0.02050570268968316,
          1.0
        ]
      ]
    },
    {
      "tag_id": 16,
      "tag_family": "tag36h11",
      "hamming": 1,
      "decision_margin": 30.32732582092285,
      "center": [
        1359.2785619550452,
        579.0520709884661
      ],
      "corners": [
        [
          1353.9553222656252,
          588.1297607421876
        ],
        [
          1364.2904052734375,
          588.2645263671876
        ],
        [
          1364.760009765625,
          569.70458984375
        ],
        [
          1354.3038330078127,
          569.9078369140624
        ]
      ],
      "homography": [
        [
          -7.280277398742784,
          7.221834424294001,
          1359.2785619550452
        ],
        [
          -5.331596595789849,
          12.357809549090007,
          579.0520709884661
        ],
        [
          -0.00917948613609339,
          0.005463058700085145,
          1.0
        ]
      ]
    },
    {
      "tag_id": 17,
      "tag_family": "tag36h11",
      "hamming": 0,
      "decision_margin": 63.51005935668945,
      "center": [
        971.269587987295,
        749.6084771856275
      ],
      "corners": [
        [
          963.9075927734374,
          766.0278320312499
        ],
        [
          978.2319335937499,
          760.0542602539062
        ],
        [
          978.3939208984376,
          733.7191772460938
        ],
        [
          964.15869140625,
          738.9398193359373
        ]
      ],
      "homography": [
        [
          20.231984911183304,
          -2.943851886706395,
          971.269587987295
        ],
        [
          7.308329709514963,
          11.160252909696398,
          749.6084771856275
        ],
        [
          0.013480767106318596,
          -0.00292520552279115,
          1.0
        ]
      ]
    },
    {
      "tag_id": 18,
      "tag_family": "tag36h11",
      "hamming": 0,
      "decision_margin": 64.87372589111328,
      "center": [
        827.6171439447729,
        766.1894329262765
      ],
      "corners": [
        [
          811.527587890625,
          780.3002319335939
        ],
        [
          844.2991943359374,
          781.0015869140623
        ],
        [
          843.9251098632812,
          751.8870849609374
        ],
        [
          810.7928466796875,
          751.2509765625001
        ]
      ],
      "homography": [
        [
          15.442503555697044,
          4.823910081510691,
          827.6171439447729
        ],
        [
          -0.6217225280946673,
          18.74951794017204,
          766.1894329262765
        ],
        [
          -0.0012480949440888838,
          0.005493465862466196,
          1.0
        ]
      ]
    }
  ]
}
