{
  "image_file": "a6412bcb5713_FRC_ROBOT_POV_-_Southern_Cross_2024_frame_013328.png",
  "image_sha256": "a6412bcb57134bc67320333d80e7b65a6508fdec978099655150378eead97d2f",
  "image_width": 1920,
  "image_height": 1080,
  "detector_config": {
    "library": "pupil-apriltags",
    "library_version": "1.0.4.post11",
    "family": "tag36h11",
    "nthreads": 4,
    "quad_decimate": 1.0,
    "quad_sigma": 0.0,
    "refine_edges": true,
    "decode_sharpening": 0.25
  },
  "detected_at": "2026-04-01T16:14:46.182050+00:00",
  "num_detections": 4,
  "detections": [
    {
      "tag_id": 7,
      "tag_family": "tag36h11",
      "hamming": 0,
      "decision_margin": 16.289012908935547,
      "center": [
        1702.7490579114728,
        563.7191535004843
      ],
      "corners": [
        [
          1689.2962646484375,
          605.7879028320312
        ],
        [
          1736.3896484375002,
          578.79931640625
        ],
        [
          1716.4873046875,
          520.7577514648436
        ],
        [
          1671.0207519531248,
          549.4962158203124
        ]
      ],
      "homography": [
        [
          -10.718429413637523,
          -6.43686781069323,
          1702.7490579114728
        ],
        [
          -25.14011767475984,
          23.288237054113093,
          563.7191535004843
        ],
        [
          -0.019875905284701716,
          -0.009377832662922553,
          1.0
        ]
      ]
    },
    {
      "tag_id": 8,
      "tag_family": "tag36h11",
      "hamming": 0,
      "decision_margin": 36.5575065612793,
      "center": [
        1563.6931650449114,
        646.3312410932906
      ],
      "corners": [
        [
          1552.6909179687502,
          681.5057983398438
        ],
        [
          1588.6129150390625,
          661.9826049804688
        ],
        [
          1574.775024414062,
          610.9021606445312
        ],
        [
          1540.2425537109377,
          631.6026000976564
        ]
      ],
      "homography": [
        [
          -8.962929635705448,
          -14.367789985373067,
          1563.6931650449114
        ],
        [
          -21.04309763906213,
          16.58825990529021,
          646.3312410932906
        ],
        [
          -0.016988831309613043,
          -0.013383872549490972,
          1.0
        ]
      ]
    },
    {
      "tag_id": 9,
      "tag_family": "tag36h11",
      "hamming": 0,
      "decision_margin": 49.91781997680664,
      "center": [
        1043.490229487574,
        891.641521831129
      ],
      "corners": [
        [
          1031.7322998046877,
          904.9786376953126
        ],
        [
          1056.3160400390625,
          903.8039550781249
        ],
        [
          1055.0773925781248,
          878.4981079101561
        ],
        [
          1031.0308837890627,
          879.8265991210939
        ]
      ],
      "homography": [
        [
          8.410627842458782,
          -10.894301578227667,
          1043.490229487574
        ],
        [
          -3.8269774199300177,
          2.89032675211763,
          891.641521831129
        ],
        [
          -0.0035891992121856535,
          -0.010904080930271759,
          1.0
        ]
      ]
    },
    {
      "tag_id": 10,
      "tag_family": "tag36h11",
      "hamming": 0,
      "decision_margin": 44.085079193115234,
      "center": [
        862.2980650363199,
        898.3890923681015
      ],
      "corners": [
        [
          851.383728027344,
          910.4090576171875
        ],
        [
          872.8389282226562,
          910.0042114257812
        ],
        [
          873.1032104492188,
          886.4893798828126
        ],
        [
          851.7417602539064,
          886.7569580078125
        ]
      ],
      "homography": [
        [
          13.187132529939163,
          -2.0074145840394504,
          862.2980650363199
        ],
        [
          2.4190811893174655,
          9.862094918402363,
          898.3890923681015
        ],
        [
          0.0028796423125444807,
          -0.0021477148756411848,
          1.0
        ]
      ]
    }
  ],
  "ingest_metadata": {
    "original_name": "FRC_ROBOT_POV_-_Southern_Cross_2024_frame_013328.png",
    "source": "unknown",
    "dhash": "a8a8be2460a1e3a6",
    "ingested_at": "2026-04-01T16:14:46.175300+00:00"
  }
}
