{
  "image_file": "a6d5408ce93b_2026_FRC_Robot_Reveal_frame_002100.png",
  "image_sha256": "a6d5408ce93ba0fc9a95f301c09b23b08806bb3beadb444e1af745cd98cf62a1",
  "image_width": 1280,
  "image_height": 720,
  "detector_config": {
    "library": "pupil-apriltags",
    "library_version": "1.0.4.post11",
    "family": "tag36h11",
    "nthreads": 4,
    "quad_decimate": 1.0,
    "quad_sigma": 0.0,
    "refine_edges": true,
    "decode_sharpening": 0.25
  },
  "detected_at": "2026-04-01T03:54:55.712460+00:00",
  "num_detections": 3,
  "detections": [
    {
      "tag_id": 2,
      "tag_family": "tag36h11",
      "hamming": 0,
      "decision_margin": 24.472549438476562,
      "center": [
        835.9469003196234,
        33.55062585729494
      ],
      "corners": [
        [
          822.5404663085939,
          49.36245346069336
        ],
        [
          845.1848754882812,
          44.62312316894532
        ],
        [
          850.3087158203124,
          16.61200141906738
        ],
        [
          826.0117187500001,
          21.64246749877929
        ]
      ],
      "homography": [
        [
          12.539245247815185,
          27.432756311662615,
          835.9469003196234
        ],
        [
          -2.407505635797685,
          15.10266360417463,
          33.55062585729494
        ],
        [
          0.000979068807225351,
          0.035384604138370496,
          1.0
        ]
      ]
    },
    {
      "tag_id": 11,
      "tag_family": "tag36h11",
      "hamming": 0,
      "decision_margin": 25.01068115234375,
      "center": [
        781.5999469993718,
        44.653994026365574
      ],
      "corners": [
        [
          767.4982299804688,
          61.50592422485352
        ],
        [
          792.3297729492189,
          56.14654541015625
        ],
        [
          795.5523681640625,
          27.98047637939452
        ],
        [
          770.8589477539062,
          33.14947509765625
        ]
      ],
      "homography": [
        [
          14.664133120284532,
          -3.521983251812115,
          781.5999469993718
        ],
        [
          -2.5014220358443797,
          14.023191763323723,
          44.653994026365574
        ],
        [
          0.002921049783953151,
          -0.0024006554573702903,
          1.0
        ]
      ]
    },
    {
      "tag_id": 12,
      "tag_family": "tag36h11",
      "hamming": 0,
      "decision_margin": 23.4899845123291,
      "center": [
        1216.3597797469224,
        369.65114282880285
      ],
      "corners": [
        [
          1192.742919921875,
          372.2370910644531
        ],
        [
          1225.767578125,
          397.8622131347656
        ],
        [
          1241.3680419921875,
          366.912841796875
        ],
        [
          1207.1085205078123,
          341.9094848632812
        ]
      ],
      "homography": [
        [
          -5.694528293038503,
          4.8188169038576225,
          1216.3597797469224
        ],
        [
          5.817878115374524,
          19.05534900741901,
          369.65114282880285
        ],
        [
          -0.018502166517194142,
          0.01011272144556914,
          1.0
        ]
      ]
    }
  ],
  "ingest_metadata": {
    "original_name": "2026_FRC_Robot_Reveal_frame_002100.png",
    "source": "unknown",
    "dhash": "383832b83878f8f9",
    "ingested_at": "2026-04-01T03:54:55.705300+00:00"
  }
}
