{
  "image_file": "a7275d04d89c_The_Pink_Team_2026_Robot_Reveal_Video_frame_004260.png",
  "image_sha256": "a7275d04d89c43b4b1fc71ed8ff34ec1934afab94000aa5b760ea5b893ee0d7b",
  "image_width": 1920,
  "image_height": 1080,
  "detector_config": {
    "library": "pupil-apriltags",
    "library_version": "1.0.4.post11",
    "family": "tag36h11",
    "nthreads": 4,
    "quad_decimate": 1.0,
    "quad_sigma": 0.0,
    "refine_edges": true,
    "decode_sharpening": 0.25
  },
  "detected_at": "2026-04-01T04:41:58.940708+00:00",
  "num_detections": 4,
  "detections": [
    {
      "tag_id": 21,
      "tag_family": "tag36h11",
      "hamming": 0,
      "decision_margin": 80.68787384033203,
      "center": [
        990.0873195931571,
        387.27137282056236
      ],
      "corners": [
        [
          973.0452880859374,
          404.6182250976562
        ],
        [
          1007.5696411132811,
          404.9957580566406
        ],
        [
          1007.97607421875,
          369.06265258789057
        ],
        [
          972.7987060546875,
          369.7433776855468
        ]
      ],
      "homography": [
        [
          2.662283377902439,
          9.206893680402004,
          990.0873195931571
        ],
        [
          -5.84332186102819,
          21.311486183300133,
          387.27137282056236
        ],
        [
          -0.01490549943933002,
          0.009334525252754083,
          1.0
        ]
      ]
    },
    {
      "tag_id": 24,
      "tag_family": "tag36h11",
      "hamming": 0,
      "decision_margin": 86.79058837890625,
      "center": [
        1066.1246107633629,
        387.37387958167494
      ],
      "corners": [
        [
          1048.1425781249998,
          405.0054016113281
        ],
        [
          1083.2705078125,
          405.2987060546875
        ],
        [
          1084.3382568359375,
          369.5152587890625
        ],
        [
          1049.050537109375,
          369.52413940429693
        ]
      ],
      "homography": [
        [
          13.073647990906693,
          1.7986011229074863,
          1066.1246107633629
        ],
        [
          -1.5744827668911534,
          18.648638461400594,
          387.37387958167494
        ],
        [
          -0.0042488993411920065,
          0.0021500256813577426,
          1.0
        ]
      ]
    },
    {
      "tag_id": 30,
      "tag_family": "tag36h11",
      "hamming": 0,
      "decision_margin": 63.66474533081055,
      "center": [
        1543.3520557053967,
        455.35187498001005
      ],
      "corners": [
        [
          1536.373901367187,
          464.2095642089844
        ],
        [
          1549.4046630859375,
          465.4293212890625
        ],
        [
          1550.4641113281252,
          446.32421875000006
        ],
        [
          1537.2502441406248,
          445.19250488281256
        ]
      ],
      "homography": [
        [
          2.351382572224337,
          9.973609595601602,
          1543.3520557053967
        ],
        [
          -0.6537582367177508,
          12.615381006550592,
          455.35187498001005
        ],
        [
          -0.002727444279634785,
          0.006775699029812423,
          1.0
        ]
      ]
    },
    {
      "tag_id": 31,
      "tag_family": "tag36h11",
      "hamming": 0,
      "decision_margin": 70.79296112060547,
      "center": [
        1834.1773863116289,
        491.64196363925515
      ],
      "corners": [
        [
          1818.3909912109375,
          504.8838195800782
        ],
        [
          1846.2967529296875,
          508.18865966796886
        ],
        [
          1850.4855957031252,
          477.96240234374994
        ],
        [
          1822.5118408203127,
          475.71487426757807
        ]
      ],
      "homography": [
        [
          -18.44325728501053,
          -4.66510655321463,
          1834.1773863116289
        ],
        [
          -7.300112763681627,
          14.150462256923104,
          491.64196363925515
        ],
        [
          -0.017669420051892825,
          -0.0014107903207814078,
          1.0
        ]
      ]
    }
  ],
  "ingest_metadata": {
    "original_name": "The_Pink_Team_2026_Robot_Reveal_Video_frame_004260.png",
    "source": "unknown",
    "dhash": "d9d9c96910561691",
    "ingested_at": "2026-04-01T04:41:58.935302+00:00"
  }
}
