{
  "image_file": "a752b48b4906_2026_FRC_Robot_Reveal_-_Rebuilt_-_3966_Gryphon_Command_frame.png",
  "image_sha256": "a752b48b490601ff508a5caa203ebf9d1428dcc93abd52de58f40aaa284fd111",
  "image_width": 1920,
  "image_height": 1080,
  "detector_config": {
    "library": "pupil-apriltags",
    "library_version": "1.0.4.post11",
    "family": "tag36h11",
    "nthreads": 4,
    "quad_decimate": 1.0,
    "quad_sigma": 0.0,
    "refine_edges": true,
    "decode_sharpening": 0.25
  },
  "detected_at": "2026-04-01T04:36:46.661152+00:00",
  "num_detections": 4,
  "detections": [
    {
      "tag_id": 23,
      "tag_family": "tag36h11",
      "hamming": 0,
      "decision_margin": 57.09503173828125,
      "center": [
        905.2864186024932,
        282.842641128374
      ],
      "corners": [
        [
          896.0127563476565,
          304.1028137207031
        ],
        [
          916.4859008789061,
          302.66201782226557
        ],
        [
          914.856750488281,
          260.90234375
        ],
        [
          894.00927734375,
          262.88583374023443
        ]
      ],
      "homography": [
        [
          4.766677877033316,
          9.599354849933547,
          905.2864186024932
        ],
        [
          -2.5913491209065596,
          23.45645335734031,
          282.842641128374
        ],
        [
          -0.006144179009268081,
          0.009599279025009873,
          1.0
        ]
      ]
    },
    {
      "tag_id": 25,
      "tag_family": "tag36h11",
      "hamming": 0,
      "decision_margin": 61.9477424621582,
      "center": [
        1296.8674290760282,
        159.11447802651543
      ],
      "corners": [
        [
          1277.7000732421875,
          193.29928588867188
        ],
        [
          1318.1116943359375,
          187.73210144042974
        ],
        [
          1316.7923583984377,
          123.57854461669925
        ],
        [
          1275.8867187500005,
          130.85188293457028
        ]
      ],
      "homography": [
        [
          3.711850759726984,
          9.305178471547606,
          1296.8674290760282
        ],
        [
          -5.242457958877115,
          32.6883170106824,
          159.11447802651543
        ],
        [
          -0.012810394125665737,
          0.006568710614330623,
          1.0
        ]
      ]
    },
    {
      "tag_id": 26,
      "tag_family": "tag36h11",
      "hamming": 0,
      "decision_margin": 63.0279426574707,
      "center": [
        1391.350463365633,
        145.18111228633921
      ],
      "corners": [
        [
          1369.3498535156255,
          181.4766082763672
        ],
        [
          1415.0364990234375,
          175.34858703613278
        ],
        [
          1414.1101074218745,
          107.63339996337892
        ],
        [
          1368.1392822265623,
          115.61843109130864
        ]
      ],
      "homography": [
        [
          4.06883405179883,
          5.289347596143217,
          1391.350463365633
        ],
        [
          -5.490470128973333,
          33.88246491226198,
          145.18111228633921
        ],
        [
          -0.013541601638895322,
          0.003416170938167403,
          1.0
        ]
      ]
    },
    {
      "tag_id": 27,
      "tag_family": "tag36h11",
      "hamming": 0,
      "decision_margin": 76.70553588867188,
      "center": [
        1648.1964381080652,
        118.17549741159071
      ],
      "corners": [
        [
          1624.4133300781245,
          153.6506805419922
        ],
        [
          1671.34716796875,
          154.20884704589844
        ],
        [
          1671.508178710938,
          83.40341186523436
        ],
        [
          1624.6455078125,
          81.51924896240233
        ]
      ],
      "homography": [
        [
          38.75734655398833,
          -1.2843450391665054,
          1648.1964381080652
        ],
        [
          1.7087508372898936,
          35.64606033486629,
          118.17549741159071
        ],
        [
          0.00928909675373848,
          -0.0007197989270377684,
          1.0
        ]
      ]
    }
  ]
}
