{
  "image_file": "a7efa6a9ee45_2025_Field_Tour_Video__Alliance_Station_frame_001711.png",
  "image_sha256": "a7efa6a9ee45d851116189a3b0f5acb83c8808eb45bd82a42a8c2e632acd9427",
  "image_width": 1920,
  "image_height": 1080,
  "detector_config": {
    "library": "pupil-apriltags",
    "library_version": "1.0.4.post11",
    "family": "tag36h11",
    "nthreads": 4,
    "quad_decimate": 1.0,
    "quad_sigma": 0.0,
    "refine_edges": true,
    "decode_sharpening": 0.25
  },
  "detected_at": "2026-04-01T00:09:07.246953+00:00",
  "num_detections": 4,
  "detections": [
    {
      "tag_id": 3,
      "tag_family": "tag36h11",
      "hamming": 0,
      "decision_margin": 39.606773376464844,
      "center": [
        1825.0079037550363,
        465.6130832077913
      ],
      "corners": [
        [
          1814.8204345703127,
          481.43658447265625
        ],
        [
          1834.5875244140625,
          481.5573120117187
        ],
        [
          1835.5909423828125,
          449.1751708984375
        ],
        [
          1815.61669921875,
          449.9824523925781
        ]
      ],
      "homography": [
        [
          -16.5083290204891,
          7.867030735895012,
          1825.0079037550363
        ],
        [
          -6.91544636202457,
          18.076901582186565,
          465.6130832077913
        ],
        [
          -0.014488326874786375,
          0.004556438261600819,
          1.0
        ]
      ]
    },
    {
      "tag_id": 5,
      "tag_family": "tag36h11",
      "hamming": 0,
      "decision_margin": 44.951393127441406,
      "center": [
        695.2928975309487,
        385.83094010174057
      ],
      "corners": [
        [
          684.243408203125,
          396.62619018554693
        ],
        [
          708.5540771484374,
          396.77319335937494
        ],
        [
          706.2073364257814,
          375.16763305664057
        ],
        [
          681.9996337890625,
          374.86221313476557
        ]
      ],
      "homography": [
        [
          14.687002557011283,
          -0.5697199948710914,
          695.2928975309487
        ],
        [
          1.5325752866870619,
          9.88907497132982,
          385.83094010174057
        ],
        [
          0.0036784885324342475,
          -0.0024702491442751356,
          1.0
        ]
      ]
    },
    {
      "tag_id": 6,
      "tag_family": "tag36h11",
      "hamming": 0,
      "decision_margin": 48.5008544921875,
      "center": [
        879.1559505460024,
        726.5664862997871
      ],
      "corners": [
        [
          869.4498291015626,
          744.4876098632814
        ],
        [
          889.09521484375,
          751.5924072265627
        ],
        [
          889.19580078125,
          708.0291748046874
        ],
        [
          869.5949707031251,
          702.4930419921873
        ]
      ],
      "homography": [
        [
          -6.1484008863596955,
          -1.159857269946088,
          879.1559505460024
        ],
        [
          -10.028989394841462,
          20.47479932392787,
          726.5664862997871
        ],
        [
          -0.018150033738309937,
          -0.001248926199950914,
          1.0
        ]
      ]
    },
    {
      "tag_id": 7,
      "tag_family": "tag36h11",
      "hamming": 0,
      "decision_margin": 46.27405548095703,
      "center": [
        1080.863627564153,
        747.1953766966019
      ],
      "corners": [
        [
          1057.7568359375,
          770.3806762695312
        ],
        [
          1103.8778076171875,
          770.2393188476561
        ],
        [
          1103.8527832031248,
          724.1281127929686
        ],
        [
          1057.625,
          723.9266967773438
        ]
      ],
      "homography": [
        [
          27.088525874647303,
          1.282358760498713,
          1080.863627564153
        ],
        [
          2.7811608895938176,
          24.000463512270244,
          747.1953766966019
        ],
        [
          0.003702302855768182,
          0.0011503217238256944,
          1.0
        ]
      ]
    }
  ]
}
