{
  "image_file": "a89615cffa4d_WPI_District_Event_Qual_Match_10_POV_frame_000944.png",
  "image_sha256": "a89615cffa4d8413b6539ce12829ad714f17d8f236a2c55d759233a5660d5c7f",
  "image_width": 1920,
  "image_height": 1080,
  "detector_config": {
    "library": "pupil-apriltags",
    "library_version": "1.0.4.post11",
    "family": "tag36h11",
    "nthreads": 4,
    "quad_decimate": 1.0,
    "quad_sigma": 0.0,
    "refine_edges": true,
    "decode_sharpening": 0.25
  },
  "detected_at": "2026-04-01T14:53:57.726064+00:00",
  "num_detections": 3,
  "detections": [
    {
      "tag_id": 15,
      "tag_family": "tag36h11",
      "hamming": 1,
      "decision_margin": 17.317394256591797,
      "center": [
        1055.3672538226585,
        460.13713259693856
      ],
      "corners": [
        [
          1047.8504638671873,
          466.85876464843744
        ],
        [
          1063.377685546875,
          466.7567138671875
        ],
        [
          1062.5535888671877,
          453.7109985351563
        ],
        [
          1047.7213134765623,
          453.8187561035156
        ]
      ],
      "homography": [
        [
          7.1608169342519,
          -23.90656731446802,
          1055.3672538226585
        ],
        [
          -0.23787812733382857,
          -4.008965922429525,
          460.13713259693856
        ],
        [
          -0.00040277843752693803,
          -0.02287792647184959,
          1.0
        ]
      ]
    },
    {
      "tag_id": 17,
      "tag_family": "tag36h11",
      "hamming": 0,
      "decision_margin": 45.4228630065918,
      "center": [
        786.3431131067886,
        670.1331962014979
      ],
      "corners": [
        [
          775.409423828125,
          685.0025024414062
        ],
        [
          797.8338623046875,
          681.1776123046875
        ],
        [
          797.08056640625,
          655.53076171875
        ],
        [
          774.8624877929689,
          659.0985107421875
        ]
      ],
      "homography": [
        [
          14.54714346044932,
          -3.408013515124251,
          786.3431131067886
        ],
        [
          1.03886014466559,
          9.705349143264584,
          670.1331962014979
        ],
        [
          0.004307228593650234,
          -0.004747945977540398,
          1.0
        ]
      ]
    },
    {
      "tag_id": 18,
      "tag_family": "tag36h11",
      "hamming": 0,
      "decision_margin": 55.773712158203125,
      "center": [
        634.8242635903583,
        676.3163038037108
      ],
      "corners": [
        [
          622.69580078125,
          688.4232788085938
        ],
        [
          648.8140258789062,
          691.0356445312501
        ],
        [
          647.5000610351561,
          663.6629638671874
        ],
        [
          621.1608276367188,
          661.9403076171875
        ]
      ],
      "homography": [
        [
          2.360640814173848,
          3.9726796679739214,
          634.8242635903583
        ],
        [
          -10.366586957644701,
          16.931242386365852,
          676.3163038037108
        ],
        [
          -0.016933413412499532,
          0.0051327409531943076,
          1.0
        ]
      ]
    }
  ],
  "ingest_metadata": {
    "original_name": "WPI_District_Event_Qual_Match_10_POV_frame_000944.png",
    "source": "unknown",
    "dhash": "7bb0d0f3341a2264",
    "ingested_at": "2026-04-01T14:53:57.715301+00:00"
  }
}
