{
  "image_file": "a912002788cb_PC000013_MOV-0001_jpg_rf_5aaaa8f1c5f1098d761bb476f93ba429.png",
  "image_sha256": "a912002788cbd085e439be997d867112bead88d897c20c74023cc76e06e7f833",
  "image_width": 640,
  "image_height": 360,
  "detector_config": {
    "library": "pupil-apriltags",
    "library_version": "1.0.4.post11",
    "family": "tag36h11",
    "nthreads": 4,
    "quad_decimate": 1.0,
    "quad_sigma": 0.0,
    "refine_edges": true,
    "decode_sharpening": 0.25
  },
  "detected_at": "2026-03-24T14:14:03.287750+00:00",
  "num_detections": 2,
  "detections": [
    {
      "tag_id": 18,
      "tag_family": "tag36h11",
      "hamming": 0,
      "decision_margin": 34.960670471191406,
      "center": [
        251.56976552311397,
        186.75447594297256
      ],
      "corners": [
        [
          234.73130798339844,
          214.72583007812497
        ],
        [
          252.67076110839844,
          222.70281982421872
        ],
        [
          266.2126159667969,
          162.4303741455078
        ],
        [
          250.33828735351565,
          146.5457763671875
        ]
      ],
      "homography": [
        [
          24.222600583926237,
          -8.986769045628503,
          251.56976552311397
        ],
        [
          17.705516861310368,
          30.701204913285867,
          186.75447594297256
        ],
        [
          0.06284245698805666,
          -0.006900741013451745,
          1.0
        ]
      ]
    },
    {
      "tag_id": 27,
      "tag_family": "tag36h11",
      "hamming": 0,
      "decision_margin": 50.576515197753906,
      "center": [
        200.42984311524907,
        151.98605696197419
      ],
      "corners": [
        [
          170.3449249267578,
          186.99156188964847
        ],
        [
          205.54449462890625,
          202.48072814941406
        ],
        [
          225.2662811279297,
          123.08745574951172
        ],
        [
          194.49290466308594,
          93.37331390380861
        ]
      ],
      "homography": [
        [
          33.38587592254834,
          -12.977809276961548,
          200.42984311524907
        ],
        [
          24.212101268990377,
          41.34802733872763,
          151.98605696197419
        ],
        [
          0.0849839795167102,
          -0.01057957788318256,
          1.0
        ]
      ]
    }
  ],
  "ingest_metadata": {
    "original_name": "PC000013_MOV-0001_jpg_rf_5aaaa8f1c5f1098d761bb476f93ba429.png",
    "source": "unknown",
    "dhash": "90800838f7becee8",
    "ingested_at": "2026-03-24T14:14:03.280568+00:00"
  }
}
