{
  "image_file": "a96ec31fc2e1_COMETS_3357_FRC_Reveal_Video_2025__Tempel_frame_001728.png",
  "image_sha256": "a96ec31fc2e166c79ade4fbba31818ca203cb0a6fd5d47c8d35557dee8be7c5d",
  "image_width": 1920,
  "image_height": 1080,
  "detector_config": {
    "library": "pupil-apriltags",
    "library_version": "1.0.4.post11",
    "family": "tag36h11",
    "nthreads": 4,
    "quad_decimate": 1.0,
    "quad_sigma": 0.0,
    "refine_edges": true,
    "decode_sharpening": 0.25
  },
  "detected_at": "2026-04-01T01:28:09.533209+00:00",
  "num_detections": 2,
  "detections": [
    {
      "tag_id": 20,
      "tag_family": "tag36h11",
      "hamming": 0,
      "decision_margin": 84.42069244384766,
      "center": [
        1205.1737365351235,
        1011.7673502864193
      ],
      "corners": [
        [
          1171.2642822265625,
          1066.2131347656252
        ],
        [
          1240.3134765625,
          1048.6513671874998
        ],
        [
          1237.9534912109375,
          959.1354370117188
        ],
        [
          1168.7828369140623,
          973.570068359375
        ]
      ],
      "homography": [
        [
          55.29237935101651,
          1.5419815130303571,
          1205.1737365351235
        ],
        [
          9.420923448150683,
          45.80530631353679,
          1011.7673502864193
        ],
        [
          0.01721550334120227,
          0.00027573677399532015,
          1.0
        ]
      ]
    },
    {
      "tag_id": 21,
      "tag_family": "tag36h11",
      "hamming": 0,
      "decision_margin": 89.61226654052734,
      "center": [
        747.8968373789405,
        1020.7804871841323
      ],
      "corners": [
        [
          712.5989990234377,
          1060.5457763671877
        ],
        [
          785.8012084960938,
          1073.4224853515623
        ],
        [
          783.7659301757811,
          980.3716430664061
        ],
        [
          711.2896728515626,
          969.9400634765627
        ]
      ],
      "homography": [
        [
          26.90090866908156,
          -2.676922704335763,
          747.8968373789405
        ],
        [
          -7.161987286614027,
          41.116265363910316,
          1020.7804871841323
        ],
        [
          -0.012718218976295312,
          -0.0046912543160525545,
          1.0
        ]
      ]
    }
  ]
}
