{
  "image_file": "a9a2dbdf0c9d_FRC_Team_9032_RoboWhales_2026_Robot_Reveal__CYCLONE_frame_00.png",
  "image_sha256": "a9a2dbdf0c9d27a6b688e71d2e7ff103132f8801b260ac0791b736e895327f20",
  "image_width": 1920,
  "image_height": 1080,
  "detector_config": {
    "library": "pupil-apriltags",
    "library_version": "1.0.4.post11",
    "family": "tag36h11",
    "nthreads": 4,
    "quad_decimate": 1.0,
    "quad_sigma": 0.0,
    "refine_edges": true,
    "decode_sharpening": 0.25
  },
  "detected_at": "2026-04-01T04:43:53.352810+00:00",
  "num_detections": 5,
  "detections": [
    {
      "tag_id": 2,
      "tag_family": "tag36h11",
      "hamming": 0,
      "decision_margin": 82.42312622070312,
      "center": [
        1126.2864692161058,
        379.96059881220316
      ],
      "corners": [
        [
          1112.6832275390625,
          407.1923828125
        ],
        [
          1140.856689453125,
          407.0578308105468
        ],
        [
          1139.4285888671877,
          353.65191650390636
        ],
        [
          1111.3525390625,
          352.1869506835938
        ]
      ],
      "homography": [
        [
          30.710633090811598,
          -2.076598581410959,
          1126.2864692161058
        ],
        [
          5.9519513871663285,
          26.163251565427686,
          379.96059881220316
        ],
        [
          0.014784305850147682,
          -0.002456890494304067,
          1.0
        ]
      ]
    },
    {
      "tag_id": 7,
      "tag_family": "tag36h11",
      "hamming": 0,
      "decision_margin": 88.57945251464844,
      "center": [
        351.2405110064289,
        476.8011662689911
      ],
      "corners": [
        [
          341.6364440917969,
          495.46685791015625
        ],
        [
          362.60540771484375,
          495.22729492187506
        ],
        [
          361.0577392578126,
          457.7211914062501
        ],
        [
          340.35568237304693,
          459.15338134765625
        ]
      ],
      "homography": [
        [
          4.697788470901628,
          -1.1565964331761045,
          351.2405110064289
        ],
        [
          -8.181417984161728,
          15.92234443680695,
          476.8011662689911
        ],
        [
          -0.016276004761704484,
          -0.005300354840858211,
          1.0
        ]
      ]
    },
    {
      "tag_id": 9,
      "tag_family": "tag36h11",
      "hamming": 0,
      "decision_margin": 90.20622253417969,
      "center": [
        758.9492241512435,
        393.104119908239
      ],
      "corners": [
        [
          741.542724609375,
          420.1879272460938
        ],
        [
          778.5845947265624,
          418.57070922851557
        ],
        [
          776.7702636718751,
          365.3753051757813
        ],
        [
          739.6603393554688,
          368.08691406250006
        ]
      ],
      "homography": [
        [
          10.6925833794744,
          2.0121860148291275,
          758.9492241512435
        ],
        [
          -5.143850964601089,
          26.884516767553976,
          393.104119908239
        ],
        [
          -0.01033451829267872,
          0.0014329792332660883,
          1.0
        ]
      ]
    },
    {
      "tag_id": 10,
      "tag_family": "tag36h11",
      "hamming": 0,
      "decision_margin": 84.68132781982422,
      "center": [
        842.9666803616992,
        388.66837526115756
      ],
      "corners": [
        [
          823.6614379882812,
          416.75146484374994
        ],
        [
          864.1741333007812,
          415.43548583984375
        ],
        [
          862.7391967773438,
          359.9055480957032
        ],
        [
          822.1654663085939,
          362.4140014648438
        ]
      ],
      "homography": [
        [
          11.153426477717062,
          1.6971524556450972,
          842.9666803616992
        ],
        [
          -5.158356728917969,
          27.908057067137918,
          388.66837526115756
        ],
        [
          -0.010813951723670875,
          0.001143592841485769,
          1.0
        ]
      ]
    },
    {
      "tag_id": 11,
      "tag_family": "tag36h11",
      "hamming": 0,
      "decision_margin": 86.43403625488281,
      "center": [
        1058.463408594644,
        378.31582231849455
      ],
      "corners": [
        [
          1042.9020996093748,
          407.21356201171875
        ],
        [
          1075.2708740234375,
          406.5688171386719
        ],
        [
          1073.6395263671877,
          350.1333923339843
        ],
        [
          1041.0379638671877,
          349.0240173339844
        ]
      ],
      "homography": [
        [
          32.42454016959755,
          3.793928810131551,
          1058.463408594644
        ],
        [
          5.89889059964133,
          29.69356532176397,
          378.31582231849455
        ],
        [
          0.015291933148552983,
          0.002760265622816877,
          1.0
        ]
      ]
    }
  ],
  "ingest_metadata": {
    "original_name": "FRC_Team_9032_RoboWhales_2026_Robot_Reveal__CYCLONE_frame_00.png",
    "source": "unknown",
    "dhash": "f2ee9ccf417c6e60",
    "ingested_at": "2026-04-01T04:43:53.345300+00:00"
  }
}
