{
  "image_file": "a9ee2fd1b835_Apriltags_based_localisation_demo_frame_002700.png",
  "image_sha256": "a9ee2fd1b8353884df15e466df5d5a6003b62e5f6bd61e68440a1fdaacd9cbea",
  "image_width": 1920,
  "image_height": 712,
  "detector_config": {
    "library": "pupil-apriltags",
    "library_version": "1.0.4.post11",
    "family": "tag36h11",
    "nthreads": 4,
    "quad_decimate": 1.0,
    "quad_sigma": 0.0,
    "refine_edges": true,
    "decode_sharpening": 0.25
  },
  "detected_at": "2026-04-11T20:34:55.465927+00:00",
  "num_detections": 6,
  "detections": [
    {
      "tag_id": 44,
      "tag_family": "tag36h11",
      "hamming": 0,
      "decision_margin": 65.94253540039062,
      "center": [
        1638.1130177849977,
        569.8649001638544
      ],
      "corners": [
        [
          1687.44091796875,
          601.4683837890624
        ],
        [
          1662.2773437499998,
          543.3203124999999
        ],
        [
          1592.8701171875,
          540.8786010742189
        ],
        [
          1611.080078125,
          599.5606689453125
        ]
      ],
      "homography": [
        [
          70.43204309913608,
          46.87068576590878,
          1638.1130177849977
        ],
        [
          -0.8624956685431474,
          4.760473055381453,
          569.8649001638544
        ],
        [
          0.049612875000823266,
          0.00641772858661892,
          1.0
        ]
      ]
    },
    {
      "tag_id": 46,
      "tag_family": "tag36h11",
      "hamming": 0,
      "decision_margin": 60.38774108886719,
      "center": [
        1866.8848090680508,
        576.829554833156
      ],
      "corners": [
        [
          1924.406982421875,
          607.3081665039062
        ],
        [
          1879.7456054687502,
          551.4411621093751
        ],
        [
          1814.2355957031252,
          548.9329223632812
        ],
        [
          1853.1695556640625,
          603.9047241210938
        ]
      ],
      "homography": [
        [
          50.44648594418186,
          22.85074885872223,
          1866.8848090680508
        ],
        [
          -5.637862258499581,
          -2.0209293270715993,
          576.829554833156
        ],
        [
          0.03819105720245639,
          -0.006039664893637042,
          1.0
        ]
      ]
    },
    {
      "tag_id": 47,
      "tag_family": "tag36h11",
      "hamming": 0,
      "decision_margin": 10.966358184814453,
      "center": [
        1774.2007042233877,
        326.4981825060772
      ],
      "corners": [
        [
          1752.698486328125,
          338.9626770019531
        ],
        [
          1779.5552978515625,
          368.15826416015614
        ],
        [
          1797.3112792968752,
          313.1013488769532
        ],
        [
          1769.0979003906248,
          286.797088623047
        ]
      ],
      "homography": [
        [
          -39.58905594049634,
          2.0960992059542556,
          1774.2007042233877
        ],
        [
          4.0555434983299925,
          28.74014389719605,
          326.4981825060772
        ],
        [
          -0.030064576053327866,
          0.005986903156932645,
          1.0
        ]
      ]
    },
    {
      "tag_id": 48,
      "tag_family": "tag36h11",
      "hamming": 0,
      "decision_margin": 63.072593688964844,
      "center": [
        1576.9711111792294,
        416.97539145264705
      ],
      "corners": [
        [
          1611.4156494140625,
          435.4707946777345
        ],
        [
          1597.4981689453125,
          402.7945861816407
        ],
        [
          1544.2720947265625,
          399.41726684570307
        ],
        [
          1555.0017089843748,
          432.15261840820307
        ]
      ],
      "homography": [
        [
          41.096953502496945,
          33.649740112522295,
          1576.9711111792294
        ],
        [
          -3.8421737733684154,
          3.332354929288669,
          416.97539145264705
        ],
        [
          0.02996860293932561,
          0.003971740093888961,
          1.0
        ]
      ]
    },
    {
      "tag_id": 56,
      "tag_family": "tag36h11",
      "hamming": 0,
      "decision_margin": 63.70735549926758,
      "center": [
        1107.2821070145053,
        554.3267207654745
      ],
      "corners": [
        [
          1135.8922119140625,
          588.0481567382812
        ],
        [
          1162.4149169921873,
          527.2581787109375
        ],
        [
          1081.1605224609373,
          523.5383911132812
        ],
        [
          1045.0048828125002,
          584.9029541015625
        ]
      ],
      "homography": [
        [
          74.45105879720995,
          51.414833966348404,
          1107.2821070145053
        ],
        [
          -0.9845495274336148,
          5.999728921338601,
          554.3267207654745
        ],
        [
          0.05315887439113968,
          0.007691241821152322,
          1.0
        ]
      ]
    },
    {
      "tag_id": 58,
      "tag_family": "tag36h11",
      "hamming": 0,
      "decision_margin": 60.91972351074219,
      "center": [
        1192.0995566715717,
        391.67652530440887
      ],
      "corners": [
        [
          1214.8516845703125,
          410.00839233398426
        ],
        [
          1230.043701171875,
          378.3139953613281
        ],
        [
          1171.235107421875,
          374.86560058593756
        ],
        [
          1151.420654296875,
          406.0021362304688
        ]
      ],
      "homography": [
        [
          55.2771491568551,
          25.4517999437544,
          1192.0995566715717
        ],
        [
          -0.395359122480329,
          0.19178471380445214,
          391.67652530440887
        ],
        [
          0.039031042472268566,
          -0.004247884313298658,
          1.0
        ]
      ]
    }
  ],
  "ingest_metadata": {
    "original_name": "Apriltags based localisation demo_frame_002700.png",
    "source": "Apriltags based localisation demo.mp4",
    "dhash": "c4c4c16560d2f222",
    "ingested_at": "2026-04-11T20:34:55.465961+00:00"
  }
}
