{
  "image_file": "aa3594a21d17_2025_FIRST_Robotics_Competition_KitBot_Overview_frame_007259.png",
  "image_sha256": "aa3594a21d17caf2fb5d87d7777e7f1bcdf2e0ab66129d67adcdd175e52a1280",
  "image_width": 1920,
  "image_height": 1080,
  "detector_config": {
    "library": "pupil-apriltags",
    "library_version": "1.0.4.post11",
    "family": "tag36h11",
    "nthreads": 4,
    "quad_decimate": 1.0,
    "quad_sigma": 0.0,
    "refine_edges": true,
    "decode_sharpening": 0.25
  },
  "detected_at": "2026-04-01T00:10:08.668347+00:00",
  "num_detections": 2,
  "detections": [
    {
      "tag_id": 1,
      "tag_family": "tag36h11",
      "hamming": 0,
      "decision_margin": 39.06035614013672,
      "center": [
        394.86926223889293,
        296.8078523059944
      ],
      "corners": [
        [
          373.5018310546874,
          321.42333984375
        ],
        [
          418.0409240722656,
          320.6194458007812
        ],
        [
          415.6258544921876,
          272.8960571289062
        ],
        [
          371.1799621582031,
          272.4643249511718
        ]
      ],
      "homography": [
        [
          27.28650856423576,
          0.5029409201976625,
          394.86926223889293
        ],
        [
          3.6993495184040026,
          23.653888902162464,
          296.8078523059944
        ],
        [
          0.012773610504280032,
          -0.0017273531042211704,
          1.0
        ]
      ]
    },
    {
      "tag_id": 7,
      "tag_family": "tag36h11",
      "hamming": 0,
      "decision_margin": 58.948631286621094,
      "center": [
        1609.1012129157964,
        875.9471622241687
      ],
      "corners": [
        [
          1589.2089843750002,
          904.8452758789062
        ],
        [
          1627.1651611328125,
          930.5007934570312
        ],
        [
          1629.969116210937,
          845.6316528320312
        ],
        [
          1591.8052978515625,
          823.7130126953126
        ]
      ],
      "homography": [
        [
          -17.71375219525885,
          0.4348943934317027,
          1609.1012129157964
        ],
        [
          -8.107337381523058,
          42.45004606695568,
          875.9471622241687
        ],
        [
          -0.022828732890924526,
          0.0011082543168638706,
          1.0
        ]
      ]
    }
  ],
  "ingest_metadata": {
    "original_name": "2025_FIRST_Robotics_Competition_KitBot_Overview_frame_007259.png",
    "source": "unknown",
    "dhash": "62028b8775cc4860",
    "ingested_at": "2026-04-01T00:10:08.665300+00:00"
  }
}
