{
  "image_file": "aa3c3e96d9e1_2026_FIRST_Robotics_Competition_REBUILT_Presented_by_Haas_Ga_frame_001829.png",
  "image_sha256": "aa3c3e96d9e1ecb0f1ff8a75fd07a97187aab513eb06f8cf64d522efdfd275ad",
  "image_width": 1920,
  "image_height": 1080,
  "detector_config": {
    "library": "pupil-apriltags",
    "library_version": "1.0.4.post11",
    "family": "tag36h11",
    "nthreads": 4,
    "quad_decimate": 1.0,
    "quad_sigma": 0.0,
    "refine_edges": true,
    "decode_sharpening": 0.25
  },
  "detected_at": "2026-04-09T23:14:32.862772+00:00",
  "num_detections": 6,
  "detections": [
    {
      "tag_id": 2,
      "tag_family": "tag36h11",
      "hamming": 0,
      "decision_margin": 83.88159942626953,
      "center": [
        1245.0596978709361,
        628.8300286036613
      ],
      "corners": [
        [
          1221.6965332031248,
          658.8425903320312
        ],
        [
          1266.5086669921875,
          650.5249023437499
        ],
        [
          1268.5076904296877,
          598.70849609375
        ],
        [
          1223.2316894531248,
          606.7517700195314
        ]
      ],
      "homography": [
        [
          26.845457761361786,
          5.696165734616674,
          1245.0596978709361
        ],
        [
          -1.9070028144458355,
          29.299467176625967,
          628.8300286036613
        ],
        [
          0.003473160729909762,
          0.005285290486275576,
          1.0
        ]
      ]
    },
    {
      "tag_id": 7,
      "tag_family": "tag36h11",
      "hamming": 0,
      "decision_margin": 77.16464233398438,
      "center": [
        697.3434085009766,
        430.9843274790429
      ],
      "corners": [
        [
          691.236328125,
          444.6078796386719
        ],
        [
          704.6644897460938,
          451.87759399414057
        ],
        [
          703.5560302734375,
          417.1253356933594
        ],
        [
          690.0035400390625,
          410.03744506835943
        ]
      ],
      "homography": [
        [
          4.204706631163048,
          4.0193641748252285,
          697.3434085009766
        ],
        [
          2.0199346344276683,
          19.452388660323095,
          430.9843274790429
        ],
        [
          -0.0036427164047802166,
          0.004924162502903429,
          1.0
        ]
      ]
    },
    {
      "tag_id": 9,
      "tag_family": "tag36h11",
      "hamming": 0,
      "decision_margin": 95.82672882080078,
      "center": [
        898.9306849198318,
        572.9426193345982
      ],
      "corners": [
        [
          887.9193115234376,
          590.5863037109375
        ],
        [
          910.4565429687499,
          603.3865966796877
        ],
        [
          910.1805419921874,
          554.9168090820312
        ],
        [
          887.4842529296874,
          542.7084350585934
        ]
      ],
      "homography": [
        [
          4.938554416808188,
          3.439425263440967,
          898.9306849198318
        ],
        [
          2.193586449664846,
          26.164198390904403,
          572.9426193345982
        ],
        [
          -0.007085216298773127,
          0.003627743898822444,
          1.0
        ]
      ]
    },
    {
      "tag_id": 10,
      "tag_family": "tag36h11",
      "hamming": 0,
      "decision_margin": 96.47854614257812,
      "center": [
        954.139240606657,
        603.5161813416615
      ],
      "corners": [
        [
          942.072204589844,
          621.4558715820312
        ],
        [
          966.7273559570312,
          635.6626586914064
        ],
        [
          966.5991821289061,
          584.9923706054688
        ],
        [
          941.6043701171876,
          571.5056762695311
        ]
      ],
      "homography": [
        [
          3.7574718822280593,
          6.781792112307245,
          954.139240606657
        ],
        [
          1.4521416143821817,
          29.347132418842534,
          603.5161813416615
        ],
        [
          -0.009069344245666397,
          0.0069499759013097444,
          1.0
        ]
      ]
    },
    {
      "tag_id": 11,
      "tag_family": "tag36h11",
      "hamming": 0,
      "decision_margin": 92.51190948486328,
      "center": [
        1138.0942385793599,
        647.8724241106748
      ],
      "corners": [
        [
          1113.766479492187,
          678.8215942382812
        ],
        [
          1160.9119873046877,
          670.0447998046876
        ],
        [
          1162.184204101563,
          617.2257690429689
        ],
        [
          1114.8979492187498,
          625.3322143554688
        ]
      ],
      "homography": [
        [
          31.082968717812037,
          1.2851776570398707,
          1138.0942385793599
        ],
        [
          0.0346547429033956,
          27.64993406554845,
          647.8724241106748
        ],
        [
          0.006568962646261858,
          0.001657671029644503,
          1.0
        ]
      ]
    },
    {
      "tag_id": 17,
      "tag_family": "tag36h11",
      "hamming": 0,
      "decision_margin": 92.0116195678711,
      "center": [
        1884.2149440267422,
        292.7991106002948
      ],
      "corners": [
        [
          1872.1840820312502,
          303.7975769042969
        ],
        [
          1893.6470947265625,
          308.08410644531256
        ],
        [
          1896.5018310546875,
          281.56658935546875
        ],
        [
          1874.9758300781248,
          277.82693481445307
        ]
      ],
      "homography": [
        [
          -8.91290187118716,
          -1.2328115948125753,
          1884.2149440267422
        ],
        [
          -1.048570005148976,
          13.14837426698773,
          292.7991106002948
        ],
        [
          -0.01043351372171922,
          9.480582818374093e-05,
          1.0
        ]
      ]
    }
  ],
  "ingest_metadata": {
    "original_name": "2026 FIRST Robotics Competition REBUILT Presented by Haas Ga_frame_001829.png",
    "source": "2026 FIRST Robotics Competition REBUILT Presented by Haas Ga.mp4",
    "dhash": "f2b203f8baefce8d",
    "ingested_at": "2026-04-09T23:14:32.862802+00:00"
  }
}
