{
  "image_file": "ace52181a2ce_38_Robot_Reveals____FRC_Premiere_Night___REEFSCAPE_25___Bonu.png",
  "image_sha256": "ace52181a2ce7ce806261a08e3e6c5d76fadfd2b3629b32cf3b4d16139e31c6c",
  "image_width": 1920,
  "image_height": 1080,
  "detector_config": {
    "library": "pupil-apriltags",
    "library_version": "1.0.4.post11",
    "family": "tag36h11",
    "nthreads": 4,
    "quad_decimate": 1.0,
    "quad_sigma": 0.0,
    "refine_edges": true,
    "decode_sharpening": 0.25
  },
  "detected_at": "2026-04-01T01:10:08.370967+00:00",
  "num_detections": 2,
  "detections": [
    {
      "tag_id": 12,
      "tag_family": "tag36h11",
      "hamming": 0,
      "decision_margin": 66.67200469970703,
      "center": [
        1243.732520377163,
        214.92609644137113
      ],
      "corners": [
        [
          1233.6334228515623,
          225.486328125
        ],
        [
          1253.6378173828125,
          226.15399169921875
        ],
        [
          1253.9453125,
          204.2469787597656
        ],
        [
          1233.8634033203123,
          203.73921203613276
        ]
      ],
      "homography": [
        [
          5.402752861499721,
          2.2088452308935307,
          1243.732520377163
        ],
        [
          -0.5041309496976694,
          11.318247077882432,
          214.92609644137113
        ],
        [
          -0.0037135375507617056,
          0.0018839031209030687,
          1.0
        ]
      ]
    },
    {
      "tag_id": 21,
      "tag_family": "tag36h11",
      "hamming": 0,
      "decision_margin": 76.04373168945312,
      "center": [
        1640.187481801164,
        606.9770132532215
      ],
      "corners": [
        [
          1603.7149658203127,
          635.8541259765624
        ],
        [
          1675.6761474609375,
          645.7217407226562
        ],
        [
          1677.7335205078123,
          577.2499389648439
        ],
        [
          1605.335205078125,
          568.9270629882812
        ]
      ],
      "homography": [
        [
          16.77081618030411,
          3.557663595258193,
          1640.187481801164
        ],
        [
          -2.5982131991686446,
          35.500963605395214,
          606.9770132532215
        ],
        [
          -0.011775316222416416,
          0.002728111064556664,
          1.0
        ]
      ]
    }
  ]
}
