{
  "image_file": "ad877f10ba79_FRC_Team_3536_REBUILT_ROBOT_REVEAL_frame_000540.png",
  "image_sha256": "ad877f10ba79f05e6be01d61ba54a731153894effd5427ad6f1a9d3e17db78dc",
  "image_width": 1920,
  "image_height": 1080,
  "detector_config": {
    "library": "pupil-apriltags",
    "library_version": "1.0.4.post11",
    "family": "tag36h11",
    "nthreads": 4,
    "quad_decimate": 1.0,
    "quad_sigma": 0.0,
    "refine_edges": true,
    "decode_sharpening": 0.25
  },
  "detected_at": "2026-04-01T04:27:27.405735+00:00",
  "num_detections": 2,
  "detections": [
    {
      "tag_id": 21,
      "tag_family": "tag36h11",
      "hamming": 0,
      "decision_margin": 59.90740203857422,
      "center": [
        32.472477233788744,
        408.2234283749608
      ],
      "corners": [
        [
          15.230147361755366,
          492.0670166015625
        ],
        [
          68.60278320312499,
          455.2806091308594
        ],
        [
          46.782295227050774,
          338.6396484375
        ],
        [
          -2.1848361492157036,
          363.08471679687494
        ]
      ],
      "homography": [
        [
          26.680311622707904,
          8.022465182849661,
          32.472477233788744
        ],
        [
          -0.26329892352805934,
          37.846719040403116,
          408.2234283749608
        ],
        [
          0.036066566236224576,
          -0.05687518502872958,
          1.0
        ]
      ]
    },
    {
      "tag_id": 24,
      "tag_family": "tag36h11",
      "hamming": 0,
      "decision_margin": 82.03022766113281,
      "center": [
        132.60642820060582,
        355.47021104815167
      ],
      "corners": [
        [
          121.40104675292973,
          420.35195922851557
        ],
        [
          159.8252716064453,
          395.79129028320324
        ],
        [
          143.35993957519526,
          293.20489501953125
        ],
        [
          103.11097717285158,
          311.77664184570295
        ]
      ],
      "homography": [
        [
          23.669035980218297,
          9.9654639218837,
          132.60642820060582
        ],
        [
          -0.011467761879209839,
          56.220278249609294,
          355.47021104815167
        ],
        [
          0.030359844433394376,
          0.009781845499474712,
          1.0
        ]
      ]
    }
  ]
}
