{
  "image_file": "ade825c8207e_PC000005_MOV-0025_jpg_rf_8d05729c2fdf5181b830176ec1cb12c1.png",
  "image_sha256": "ade825c8207e631716ddc01ee971c2cf7446cd2ad21e4b0637cac9c440a61dc8",
  "image_width": 640,
  "image_height": 360,
  "detector_config": {
    "library": "pupil-apriltags",
    "library_version": "1.0.4.post11",
    "family": "tag36h11",
    "nthreads": 4,
    "quad_decimate": 1.0,
    "quad_sigma": 0.0,
    "refine_edges": true,
    "decode_sharpening": 0.25
  },
  "detected_at": "2026-03-24T14:13:36.660811+00:00",
  "num_detections": 2,
  "detections": [
    {
      "tag_id": 15,
      "tag_family": "tag36h11",
      "hamming": 0,
      "decision_margin": 91.79361724853516,
      "center": [
        118.69820056050064,
        173.85552366399622
      ],
      "corners": [
        [
          87.62002563476567,
          219.48619079589844
        ],
        [
          161.58306884765622,
          213.76580810546875
        ],
        [
          152.15779113769528,
          124.72833251953129
        ],
        [
          76.40183258056642,
          134.49291992187503
        ]
      ],
      "homography": [
        [
          34.80677834404203,
          6.961744491628768,
          118.69820056050064
        ],
        [
          -7.648096966405097,
          46.08151573585289,
          173.85552366399622
        ],
        [
          -0.021904184950483904,
          0.01499538281269733,
          1.0
        ]
      ]
    },
    {
      "tag_id": 16,
      "tag_family": "tag36h11",
      "hamming": 0,
      "decision_margin": 86.40765380859375,
      "center": [
        342.24954273253763,
        151.97587327370547
      ],
      "corners": [
        [
          299.8179626464844,
          203.79498291015622
        ],
        [
          394.0827331542969,
          196.89038085937503
        ],
        [
          388.19238281249994,
          95.86867523193358
        ],
        [
          291.95550537109375,
          108.39507293701168
        ]
      ],
      "homography": [
        [
          38.206658575692245,
          7.6873356305437754,
          342.24954273253763
        ],
        [
          -8.984516025205274,
          50.93170099941932,
          151.97587327370547
        ],
        [
          -0.02740128502101753,
          0.012330347586167209,
          1.0
        ]
      ]
    }
  ],
  "ingest_metadata": {
    "original_name": "PC000005_MOV-0025_jpg_rf_8d05729c2fdf5181b830176ec1cb12c1.png",
    "source": "unknown",
    "dhash": "e692ba33b3879280",
    "ingested_at": "2026-03-24T14:13:36.650463+00:00"
  }
}
