{
  "image_file": "af64c46af5f1_FRC_190_2025_Reveal_frame_004440.png",
  "image_sha256": "af64c46af5f1aea6a8d42fa1c34206492237415fb1e0f84597e730bd785c6d4f",
  "image_width": 1920,
  "image_height": 1080,
  "detector_config": {
    "library": "pupil-apriltags",
    "library_version": "1.0.4.post11",
    "family": "tag36h11",
    "nthreads": 4,
    "quad_decimate": 1.0,
    "quad_sigma": 0.0,
    "refine_edges": true,
    "decode_sharpening": 0.25
  },
  "detected_at": "2026-04-01T02:17:43.432090+00:00",
  "num_detections": 2,
  "detections": [
    {
      "tag_id": 17,
      "tag_family": "tag36h11",
      "hamming": 0,
      "decision_margin": 44.4986457824707,
      "center": [
        259.37470349080303,
        857.4061533471684
      ],
      "corners": [
        [
          217.31652832031247,
          907.0702514648438
        ],
        [
          305.0216064453125,
          913.6969604492188
        ],
        [
          302.2046203613281,
          806.8307495117189
        ],
        [
          214.34094238281241,
          801.8714599609375
        ]
      ],
      "homography": [
        [
          41.8334865662103,
          1.750997537074914,
          259.37470349080303
        ],
        [
          -3.898865710728735,
          54.01166510539838,
          857.4061533471684
        ],
        [
          -0.007926416701628084,
          0.0011648666748628113,
          1.0
        ]
      ]
    },
    {
      "tag_id": 22,
      "tag_family": "tag36h11",
      "hamming": 0,
      "decision_margin": 48.486263275146484,
      "center": [
        802.8321294216078,
        840.5571471299806
      ],
      "corners": [
        [
          762.4457397460936,
          897.4283447265625
        ],
        [
          842.8860473632812,
          883.7164306640624
        ],
        [
          842.17431640625,
          785.1563720703125
        ],
        [
          760.8916625976561,
          795.3650512695314
        ]
      ],
      "homography": [
        [
          54.90969245393285,
          4.537574618737047,
          802.8321294216078
        ],
        [
          9.18723133187563,
          54.30483778606765,
          840.5571471299806
        ],
        [
          0.018052619090668166,
          0.004955650166680115,
          1.0
        ]
      ]
    }
  ]
}
