{
  "image_file": "af7e68d1d7ea_Rebuilt_2026_Robot_Reveal_-_Team_2067_frame_001920.png",
  "image_sha256": "af7e68d1d7ea299434abf347903be84c67a63cb6b0c8b56c6f6435a45de9cba9",
  "image_width": 1920,
  "image_height": 1080,
  "detector_config": {
    "library": "pupil-apriltags",
    "library_version": "1.0.4.post11",
    "family": "tag36h11",
    "nthreads": 4,
    "quad_decimate": 1.0,
    "quad_sigma": 0.0,
    "refine_edges": true,
    "decode_sharpening": 0.25
  },
  "detected_at": "2026-04-01T04:14:09.421759+00:00",
  "num_detections": 8,
  "detections": [
    {
      "tag_id": 3,
      "tag_family": "tag36h11",
      "hamming": 0,
      "decision_margin": 38.66144943237305,
      "center": [
        300.54815779020055,
        245.7302941398778
      ],
      "corners": [
        [
          293.16717529296875,
          254.86250305175784
        ],
        [
          312.4112854003906,
          253.46160888671875
        ],
        [
          308.0599670410156,
          236.43621826171878
        ],
        [
          287.7583923339844,
          237.39508056640628
        ]
      ],
      "homography": [
        [
          14.20574347493948,
          9.40010819598763,
          300.54815779020055
        ],
        [
          2.9436041841810816,
          14.314670286066416,
          245.7302941398778
        ],
        [
          0.014401409382326057,
          0.02318597817215171,
          1.0
        ]
      ]
    },
    {
      "tag_id": 4,
      "tag_family": "tag36h11",
      "hamming": 0,
      "decision_margin": 41.15648651123047,
      "center": [
        342.5272605549602,
        242.61657415537087
      ],
      "corners": [
        [
          335.2126159667969,
          251.88883972167974
        ],
        [
          354.1027221679688,
          250.3555755615235
        ],
        [
          349.1356506347657,
          234.23957824707028
        ],
        [
          330.39682006835943,
          234.50653076171878
        ]
      ],
      "homography": [
        [
          22.091935708180756,
          -2.2265752733946416,
          342.5272605549602
        ],
        [
          8.552513370464396,
          5.047562410282894,
          242.61657415537087
        ],
        [
          0.03706830792690611,
          -0.013657307946382797,
          1.0
        ]
      ]
    },
    {
      "tag_id": 18,
      "tag_family": "tag36h11",
      "hamming": 0,
      "decision_margin": 70.16055297851562,
      "center": [
        1820.2206110191833,
        614.3989106165862
      ],
      "corners": [
        [
          1804.34521484375,
          640.6640625
        ],
        [
          1835.222412109375,
          638.3013916015626
        ],
        [
          1835.90869140625,
          588.4436645507814
        ],
        [
          1804.917236328125,
          590.0159301757814
        ]
      ],
      "homography": [
        [
          29.923963669099066,
          3.340547236934757,
          1820.2206110191833
        ],
        [
          3.895638856211232,
          26.358722431092588,
          614.3989106165862
        ],
        [
          0.007942899153061424,
          0.002008325121085965,
          1.0
        ]
      ]
    },
    {
      "tag_id": 25,
      "tag_family": "tag36h11",
      "hamming": 0,
      "decision_margin": 78.83090209960938,
      "center": [
        1489.1531438758022,
        605.4247140016671
      ],
      "corners": [
        [
          1473.6804199218745,
          627.5808715820312
        ],
        [
          1504.8065185546877,
          630.271789550781
        ],
        [
          1505.1018066406252,
          582.5870361328124
        ],
        [
          1473.636962890625,
          580.7954101562501
        ]
      ],
      "homography": [
        [
          1.090428015488441,
          7.939497589510438,
          1489.1531438758022
        ],
        [
          -4.79459510590846,
          26.867511286809076,
          605.4247140016671
        ],
        [
          -0.009774249489935282,
          0.005372720793576267,
          1.0
        ]
      ]
    },
    {
      "tag_id": 25,
      "tag_family": "tag36h11",
      "hamming": 0,
      "decision_margin": 68.67174530029297,
      "center": [
        511.38925120769113,
        262.12918259949623
      ],
      "corners": [
        [
          494.6490173339845,
          284.6919860839843
        ],
        [
          536.9676513671874,
          280.9840087890626
        ],
        [
          528.2160034179685,
          239.44976806640628
        ],
        [
          484.8733215332032,
          242.58326721191392
        ]
      ],
      "homography": [
        [
          25.35368314444503,
          9.888398712403106,
          511.38925120769113
        ],
        [
          0.30751883851860096,
          23.604111082277825,
          262.12918259949623
        ],
        [
          0.007709641981293917,
          0.010287124998517446,
          1.0
        ]
      ]
    },
    {
      "tag_id": 26,
      "tag_family": "tag36h11",
      "hamming": 0,
      "decision_margin": 71.05585479736328,
      "center": [
        600.070619758457,
        254.4466469919834
      ],
      "corners": [
        [
          584.4913330078125,
          276.1416015625
        ],
        [
          622.4976196289062,
          272.4145812988281
        ],
        [
          615.3145751953124,
          233.21865844726565
        ],
        [
          576.7587280273436,
          235.76976013183594
        ]
      ],
      "homography": [
        [
          28.204138809388382,
          6.266071064725228,
          600.070619758457
        ],
        [
          2.2737331152638918,
          20.96449606049589,
          254.4466469919834
        ],
        [
          0.015112883394915592,
          0.004233712678566159,
          1.0
        ]
      ]
    },
    {
      "tag_id": 26,
      "tag_family": "tag36h11",
      "hamming": 0,
      "decision_margin": 70.24658966064453,
      "center": [
        1560.2932143263042,
        610.3338844615361
      ],
      "corners": [
        [
          1543.046752929687,
          633.6938476562499
        ],
        [
          1577.7723388671875,
          636.7011108398439
        ],
        [
          1577.9143066406255,
          586.4664916992188
        ],
        [
          1543.2690429687502,
          584.6529541015624
        ]
      ],
      "homography": [
        [
          -1.3288488756888908,
          -1.9961999078955162,
          1560.2932143263042
        ],
        [
          -6.098401543728531,
          24.070221348167934,
          610.3338844615361
        ],
        [
          -0.011965094176785086,
          -0.0012206949335783876,
          1.0
        ]
      ]
    },
    {
      "tag_id": 27,
      "tag_family": "tag36h11",
      "hamming": 0,
      "decision_margin": 74.00263214111328,
      "center": [
        1750.2647548727596,
        617.7684126164248
      ],
      "corners": [
        [
          1733.1845703125002,
          645.3778076171875
        ],
        [
          1767.1088867187498,
          642.5266723632811
        ],
        [
          1767.0286865234373,
          590.6702270507811
        ],
        [
          1733.1051025390627,
          592.5463867187499
        ]
      ],
      "homography": [
        [
          33.258427295633055,
          -0.017324605991685095,
          1750.2647548727596
        ],
        [
          4.570762674568638,
          26.149490242143656,
          617.7684126164248
        ],
        [
          0.009311690061808476,
          -3.270846260564735e-05,
          1.0
        ]
      ]
    }
  ],
  "ingest_metadata": {
    "original_name": "Rebuilt_2026_Robot_Reveal_-_Team_2067_frame_001920.png",
    "source": "unknown",
    "dhash": "d9d9a4a4e468c485",
    "ingested_at": "2026-04-01T04:14:09.415299+00:00"
  }
}
