{
  "image_file": "b003a10e58f3_FRC_Team_9062_Robot_Centric_Match___Robot_POV_Q59_Ontario_DC.png",
  "image_sha256": "b003a10e58f38ca1fc2058767b1f94abe42b12745053a10c44ef2ba042968fc6",
  "image_width": 1920,
  "image_height": 1080,
  "detector_config": {
    "library": "pupil-apriltags",
    "library_version": "1.0.4.post11",
    "family": "tag36h11",
    "nthreads": 4,
    "quad_decimate": 1.0,
    "quad_sigma": 0.0,
    "refine_edges": true,
    "decode_sharpening": 0.25
  },
  "detected_at": "2026-04-01T15:39:43.548876+00:00",
  "num_detections": 2,
  "detections": [
    {
      "tag_id": 7,
      "tag_family": "tag36h11",
      "hamming": 0,
      "decision_margin": 46.1810417175293,
      "center": [
        880.1111996757642,
        73.38228702232763
      ],
      "corners": [
        [
          850.8538818359375,
          97.80097961425781
        ],
        [
          912.5407104492188,
          92.88793182373048
        ],
        [
          909.2667236328125,
          49.04855346679686
        ],
        [
          848.3724975585938,
          54.29214859008786
        ]
      ],
      "homography": [
        [
          26.672770515244224,
          -4.067298679332222,
          880.1111996757642
        ],
        [
          -2.8713035181622812,
          21.376954950924173,
          73.38228702232763
        ],
        [
          -0.004511463516588743,
          -0.006254126253873667,
          1.0
        ]
      ]
    },
    {
      "tag_id": 8,
      "tag_family": "tag36h11",
      "hamming": 0,
      "decision_margin": 42.297420501708984,
      "center": [
        668.8568621468038,
        98.09210008677469
      ],
      "corners": [
        [
          639.6245727539062,
          125.40243530273436
        ],
        [
          699.1644897460939,
          115.09239196777345
        ],
        [
          697.5877685546874,
          71.25018310546875
        ],
        [
          638.5808105468748,
          81.10951995849607
        ]
      ],
      "homography": [
        [
          32.35414114426408,
          -2.4109156046265485,
          668.8568621468038
        ],
        [
          -4.642647557666026,
          21.582953690963805,
          98.09210008677469
        ],
        [
          0.004064413338706104,
          -0.004585609802480809,
          1.0
        ]
      ]
    }
  ]
}
