{
  "image_file": "b039a53c480b_WPI_2025_District_Event_Qual_Match_48_POV_frame_000000.png",
  "image_sha256": "b039a53c480bb7802431c1b421ea5cd7d2905d966a353a7d6a1b04fd65503cd8",
  "image_width": 1920,
  "image_height": 1080,
  "detector_config": {
    "library": "pupil-apriltags",
    "library_version": "1.0.4.post11",
    "family": "tag36h11",
    "nthreads": 4,
    "quad_decimate": 1.0,
    "quad_sigma": 0.0,
    "refine_edges": true,
    "decode_sharpening": 0.25
  },
  "detected_at": "2026-04-01T15:02:21.526233+00:00",
  "num_detections": 4,
  "detections": [
    {
      "tag_id": 3,
      "tag_family": "tag36h11",
      "hamming": 1,
      "decision_margin": 43.61498260498047,
      "center": [
        1327.9710457906456,
        469.1690947962767
      ],
      "corners": [
        [
          1322.712890625,
          477.7106323242188
        ],
        [
          1332.7825927734373,
          477.98239135742176
        ],
        [
          1333.6195068359377,
          459.9935302734375
        ],
        [
          1322.83544921875,
          459.7622375488282
        ]
      ],
      "homography": [
        [
          3.076574832871069,
          45.15323078649703,
          1327.9710457906456
        ],
        [
          -0.6261822535652217,
          25.010782945040944,
          469.1690947962767
        ],
        [
          -0.0016045034079555493,
          0.03418165355382107,
          1.0
        ]
      ]
    },
    {
      "tag_id": 4,
      "tag_family": "tag36h11",
      "hamming": 0,
      "decision_margin": 39.50947189331055,
      "center": [
        1061.7570943493172,
        416.61129081569
      ],
      "corners": [
        [
          1053.8155517578125,
          422.9956359863281
        ],
        [
          1068.4718017578125,
          422.91363525390625
        ],
        [
          1069.7508544921877,
          410.1849670410157
        ],
        [
          1055.0163574218752,
          410.28451538085943
        ]
      ],
      "homography": [
        [
          6.635006592441414,
          2.146656489419457,
          1061.7570943493172
        ],
        [
          -0.3249837739380732,
          7.445453441377595,
          416.61129081569
        ],
        [
          -0.0006711749920843976,
          0.0026056721589399192,
          1.0
        ]
      ]
    },
    {
      "tag_id": 7,
      "tag_family": "tag36h11",
      "hamming": 0,
      "decision_margin": 78.75572967529297,
      "center": [
        810.3612848863723,
        651.557373863429
      ],
      "corners": [
        [
          794.6677856445312,
          666.4180297851561
        ],
        [
          827.0565185546874,
          666.457275390625
        ],
        [
          826.2749023437499,
          636.48828125
        ],
        [
          793.6725463867189,
          636.6632690429688
        ]
      ],
      "homography": [
        [
          13.346798747667435,
          3.1875232246508194,
          810.3612848863723
        ],
        [
          -2.3657435113045744,
          17.13597944964829,
          651.557373863429
        ],
        [
          -0.0035793786926884823,
          0.0033848192008196234,
          1.0
        ]
      ]
    },
    {
      "tag_id": 8,
      "tag_family": "tag36h11",
      "hamming": 0,
      "decision_margin": 73.92491149902344,
      "center": [
        949.8663271448733,
        633.0586346267022
      ],
      "corners": [
        [
          942.8723754882812,
          649.8264770507812
        ],
        [
          956.5983276367188,
          643.5443115234376
        ],
        [
          956.6454467773439,
          616.805847167969
        ],
        [
          942.958251953125,
          622.2987060546875
        ]
      ],
      "homography": [
        [
          20.390613305959278,
          -1.3102382615663803,
          949.8663271448733
        ],
        [
          6.0805437991481295,
          12.712408962772088,
          633.0586346267022
        ],
        [
          0.014253302946799868,
          -0.0013446722333696007,
          1.0
        ]
      ]
    }
  ]
}
