{
  "image_file": "b178fa21ca91_PC000001_MOV-0343_jpg_rf_239858ee4a4fbdb8642cd207d782f404.png",
  "image_sha256": "b178fa21ca9172d7fcdaa6111239a358cc05d91598d82c51b652a50fad7f2058",
  "image_width": 640,
  "image_height": 360,
  "detector_config": {
    "library": "pupil-apriltags",
    "library_version": "1.0.4.post11",
    "family": "tag36h11",
    "nthreads": 4,
    "quad_decimate": 1.0,
    "quad_sigma": 0.0,
    "refine_edges": true,
    "decode_sharpening": 0.25
  },
  "detected_at": "2026-03-24T14:12:46.361794+00:00",
  "num_detections": 2,
  "detections": [
    {
      "tag_id": 19,
      "tag_family": "tag36h11",
      "hamming": 0,
      "decision_margin": 66.4998550415039,
      "center": [
        129.3177834876101,
        275.9400437521728
      ],
      "corners": [
        [
          112.89924621582034,
          300.9828186035156
        ],
        [
          142.8495330810547,
          292.7740173339843
        ],
        [
          146.09655761718744,
          250.34780883789057
        ],
        [
          116.43297576904294,
          259.910888671875
        ]
      ],
      "homography": [
        [
          12.613393175707785,
          -2.580030736398753,
          129.3177834876101
        ],
        [
          -9.322461069575697,
          18.986394685455252,
          275.9400437521728
        ],
        [
          -0.017670700577041516,
          -0.006819314046601362,
          1.0
        ]
      ]
    },
    {
      "tag_id": 20,
      "tag_family": "tag36h11",
      "hamming": 0,
      "decision_margin": 76.0313949584961,
      "center": [
        202.1761554316265,
        253.92648805651868
      ],
      "corners": [
        [
          183.78228759765625,
          281.477783203125
        ],
        [
          219.46572875976562,
          271.15380859375
        ],
        [
          220.59339904785153,
          226.34017944335935
        ],
        [
          185.9485778808594,
          237.75733947753903
        ]
      ],
      "homography": [
        [
          14.306466198976153,
          -3.9706962553430554,
          202.1761554316265
        ],
        [
          -9.547133116476006,
          18.182905977555606,
          253.92648805651868
        ],
        [
          -0.016160082245206122,
          -0.015525062509754082,
          1.0
        ]
      ]
    }
  ]
}
