{
  "image_file": "b25de6813fab_WCP_2026_-_Competitive_Concept__Big_Dumper__frame_003000.png",
  "image_sha256": "b25de6813fab0507b2341e68b62b83d99ebd4aef60ed8fa3db340e50905e23ef",
  "image_width": 1920,
  "image_height": 1080,
  "detector_config": {
    "library": "pupil-apriltags",
    "library_version": "1.0.4.post11",
    "family": "tag36h11",
    "nthreads": 4,
    "quad_decimate": 1.0,
    "quad_sigma": 0.0,
    "refine_edges": true,
    "decode_sharpening": 0.25
  },
  "detected_at": "2026-04-01T03:32:00.535475+00:00",
  "num_detections": 2,
  "detections": [
    {
      "tag_id": 19,
      "tag_family": "tag36h11",
      "hamming": 0,
      "decision_margin": 82.63066864013672,
      "center": [
        938.3243037251959,
        389.61859626860985
      ],
      "corners": [
        [
          923.4854125976565,
          404.6687927246094
        ],
        [
          953.38818359375,
          405.02395629882807
        ],
        [
          953.6001586914061,
          374.1252136230469
        ],
        [
          923.1382446289064,
          374.0882873535157
        ]
      ],
      "homography": [
        [
          10.176879203447127,
          8.737726848029299,
          938.3243037251959
        ],
        [
          -1.940338697288555,
          18.98158679500068,
          389.61859626860985
        ],
        [
          -0.005235485843503346,
          0.009274476728000447,
          1.0
        ]
      ]
    },
    {
      "tag_id": 20,
      "tag_family": "tag36h11",
      "hamming": 0,
      "decision_margin": 83.26445007324219,
      "center": [
        873.2502865924207,
        389.9243181280378
      ],
      "corners": [
        [
          858.7658691406249,
          405.3352355957031
        ],
        [
          888.1203002929689,
          404.4391479492188
        ],
        [
          887.7127075195314,
          374.5368041992188
        ],
        [
          858.1583862304688,
          375.19290161132807
        ]
      ],
      "homography": [
        [
          18.292043410707606,
          3.15505504971293,
          873.2502865924207
        ],
        [
          1.2035241278616107,
          16.306429839671125,
          389.9243181280378
        ],
        [
          0.004082758787637959,
          0.0033228649298954202,
          1.0
        ]
      ]
    }
  ]
}
