{
  "image_file": "b2666681c744_Byting_Bulldogs_2026_Reveal_Video_-_Frozone_-_FRC_3539_frame.png",
  "image_sha256": "b2666681c744cc71f51fc398a7a188f0fd3f58adbc779b6fc9f60088892e3259",
  "image_width": 1920,
  "image_height": 1080,
  "detector_config": {
    "library": "pupil-apriltags",
    "library_version": "1.0.4.post11",
    "family": "tag36h11",
    "nthreads": 4,
    "quad_decimate": 1.0,
    "quad_sigma": 0.0,
    "refine_edges": true,
    "decode_sharpening": 0.25
  },
  "detected_at": "2026-04-01T04:26:24.746784+00:00",
  "num_detections": 3,
  "detections": [
    {
      "tag_id": 17,
      "tag_family": "tag36h11",
      "hamming": 0,
      "decision_margin": 88.73946380615234,
      "center": [
        223.3594735689004,
        201.52327223658563
      ],
      "corners": [
        [
          198.02424621582026,
          225.03761291503903
        ],
        [
          247.7140350341797,
          227.60083007812497
        ],
        [
          248.5995330810547,
          178.09725952148438
        ],
        [
          198.64376831054688,
          175.05902099609378
        ]
      ],
      "homography": [
        [
          25.942760056828746,
          0.23490921248626112,
          223.3594735689004
        ],
        [
          2.330875987530899,
          25.421761949745388,
          201.52327223658563
        ],
        [
          0.004620716966172101,
          0.0027390105671675404,
          1.0
        ]
      ]
    },
    {
      "tag_id": 19,
      "tag_family": "tag36h11",
      "hamming": 0,
      "decision_margin": 79.02885437011719,
      "center": [
        1140.0808658661567,
        187.504193228674
      ],
      "corners": [
        [
          1118.5550537109375,
          208.9052276611328
        ],
        [
          1158.5688476562498,
          212.41685485839844
        ],
        [
          1161.2253417968752,
          166.48228454589844
        ],
        [
          1121.4217529296877,
          162.36093139648435
        ]
      ],
      "homography": [
        [
          27.673730812894973,
          -3.8483944728907282,
          1140.0808658661567
        ],
        [
          3.178573127761891,
          22.712661393033983,
          187.504193228674
        ],
        [
          0.0067718303298766125,
          -0.00216497890217905,
          1.0
        ]
      ]
    },
    {
      "tag_id": 20,
      "tag_family": "tag36h11",
      "hamming": 0,
      "decision_margin": 76.19446563720703,
      "center": [
        1228.34642210924,
        196.12910924788108
      ],
      "corners": [
        [
          1207.7935791015623,
          217.01188659667966
        ],
        [
          1246.1524658203127,
          220.5294189453125
        ],
        [
          1248.754638671875,
          175.39328002929688
        ],
        [
          1210.2655029296873,
          171.3521270751953
        ]
      ],
      "homography": [
        [
          26.084138730439463,
          1.2667846597446473,
          1228.34642210924
        ],
        [
          2.986452286295102,
          23.10299804783341,
          196.12910924788108
        ],
        [
          0.005595153781574035,
          0.0020643260500758306,
          1.0
        ]
      ]
    }
  ],
  "ingest_metadata": {
    "original_name": "Byting_Bulldogs_2026_Reveal_Video_-_Frozone_-_FRC_3539_frame.png",
    "source": "unknown",
    "dhash": "a2a6d8daa6fcf2b6",
    "ingested_at": "2026-04-01T04:26:24.735299+00:00"
  }
}
