{
  "image_file": "b320a0fd7c8f_dji_mimo_20260216_125718_20260216135719_1771268187552_video_.png",
  "image_sha256": "b320a0fd7c8f57414adfef154d91361da01be412636d706cbea32e5e4723ddea",
  "image_width": 640,
  "image_height": 360,
  "detector_config": {
    "library": "pupil-apriltags",
    "library_version": "1.0.4.post11",
    "family": "tag36h11",
    "nthreads": 4,
    "quad_decimate": 1.0,
    "quad_sigma": 0.0,
    "refine_edges": true,
    "decode_sharpening": 0.25
  },
  "detected_at": "2026-03-24T14:14:36.089472+00:00",
  "num_detections": 2,
  "detections": [
    {
      "tag_id": 3,
      "tag_family": "tag36h11",
      "hamming": 2,
      "decision_margin": 28.9565372467041,
      "center": [
        213.56362561720132,
        157.93857849194836
      ],
      "corners": [
        [
          208.69064331054688,
          163.63587951660153
        ],
        [
          218.04217529296872,
          161.97178649902344
        ],
        [
          218.26422119140625,
          152.44282531738284
        ],
        [
          208.86546325683594,
          153.70759582519528
        ]
      ],
      "homography": [
        [
          9.163701682060292,
          0.5329290758122636,
          213.56362561720132
        ],
        [
          2.579324771861337,
          5.330114582794607,
          157.93857849194836
        ],
        [
          0.020969016269485285,
          0.002962505579872256,
          1.0
        ]
      ]
    },
    {
      "tag_id": 4,
      "tag_family": "tag36h11",
      "hamming": 1,
      "decision_margin": 31.982845306396484,
      "center": [
        233.7993092821576,
        156.52111191419826
      ],
      "corners": [
        [
          228.67884826660153,
          162.05973815917972
        ],
        [
          238.03912353515628,
          160.68542480468753
        ],
        [
          238.18476867675787,
          151.77751159667966
        ],
        [
          228.60333251953122,
          151.41766357421872
        ]
      ],
      "homography": [
        [
          25.581586885620936,
          2.779584588203878,
          233.7993092821576
        ],
        [
          13.719520554256462,
          6.727622126276204,
          156.52111191419826
        ],
        [
          0.08932699413160011,
          0.012006588611421667,
          1.0
        ]
      ]
    }
  ]
}
