{
  "image_file": "b54975fb7550_PC000001_MOV-0047_jpg_rf_d237c446fc7678142a024f09db3b6b15.png",
  "image_sha256": "b54975fb75501c4ff366961a2bd4e14a04cc3d383c7c42607dd8c3eb4105f8f4",
  "image_width": 640,
  "image_height": 360,
  "detector_config": {
    "library": "pupil-apriltags",
    "library_version": "1.0.4.post11",
    "family": "tag36h11",
    "nthreads": 4,
    "quad_decimate": 1.0,
    "quad_sigma": 0.0,
    "refine_edges": true,
    "decode_sharpening": 0.25
  },
  "detected_at": "2026-03-24T14:12:32.854201+00:00",
  "num_detections": 2,
  "detections": [
    {
      "tag_id": 13,
      "tag_family": "tag36h11",
      "hamming": 0,
      "decision_margin": 62.07737350463867,
      "center": [
        312.9207011327868,
        133.43536969061824
      ],
      "corners": [
        [
          303.3453674316406,
          148.01164245605466
        ],
        [
          326.92755126953125,
          144.69314575195318
        ],
        [
          322.505615234375,
          118.84451293945317
        ],
        [
          298.87149047851557,
          122.14354705810544
        ]
      ],
      "homography": [
        [
          11.962059601603869,
          2.5384029623693904,
          312.9207011327868
        ],
        [
          -1.5870196665526366,
          13.06326105636981,
          133.43536969061824
        ],
        [
          0.0005049191047887046,
          0.0010049335378289215,
          1.0
        ]
      ]
    },
    {
      "tag_id": 14,
      "tag_family": "tag36h11",
      "hamming": 0,
      "decision_margin": 55.28193664550781,
      "center": [
        379.80493511915347,
        123.3206155515374
      ],
      "corners": [
        [
          368.66574096679693,
          138.77302551269534
        ],
        [
          394.91717529296875,
          135.2089385986328
        ],
        [
          391.2182312011718,
          107.48796844482423
        ],
        [
          365.0044250488281,
          111.67752075195314
        ]
      ],
      "homography": [
        [
          8.827566376567688,
          2.169118693847339,
          379.80493511915347
        ],
        [
          -3.3298912117607546,
          13.809159722643287,
          123.3206155515374
        ],
        [
          -0.011287633024001218,
          0.0008663210100400334,
          1.0
        ]
      ]
    }
  ]
}
