{
  "image_file": "b5a5865139ac_PC000002_MOV-0260_jpg_rf_966625a8f9c52272a0482ba049cef8ad.png",
  "image_sha256": "b5a5865139ac2e75edc18a9a52dfc559bcbdb1103f153107fef6f4fcfd3821c4",
  "image_width": 640,
  "image_height": 360,
  "detector_config": {
    "library": "pupil-apriltags",
    "library_version": "1.0.4.post11",
    "family": "tag36h11",
    "nthreads": 4,
    "quad_decimate": 1.0,
    "quad_sigma": 0.0,
    "refine_edges": true,
    "decode_sharpening": 0.25
  },
  "detected_at": "2026-03-24T14:13:07.007867+00:00",
  "num_detections": 2,
  "detections": [
    {
      "tag_id": 2,
      "tag_family": "tag36h11",
      "hamming": 0,
      "decision_margin": 87.81472778320312,
      "center": [
        261.6927965589472,
        209.37244231584793
      ],
      "corners": [
        [
          224.75518798828122,
          253.0287170410156
        ],
        [
          299.0881652832031,
          246.40904235839847
        ],
        [
          298.3748779296875,
          166.01817321777344
        ],
        [
          227.81159973144528,
          175.8162994384765
        ]
      ],
      "homography": [
        [
          30.183520011099063,
          -7.534193228591047,
          261.6927965589472
        ],
        [
          -8.945110522372605,
          33.83292470439832,
          209.37244231584793
        ],
        [
          -0.02291620984861469,
          -0.02638711824457506,
          1.0
        ]
      ]
    },
    {
      "tag_id": 11,
      "tag_family": "tag36h11",
      "hamming": 0,
      "decision_margin": 89.49024963378906,
      "center": [
        119.56960991695375,
        226.00149904052944
      ],
      "corners": [
        [
          86.74154663085936,
          265.48150634765625
        ],
        [
          146.80235290527344,
          260.1461486816407
        ],
        [
          152.4973297119141,
          186.40164184570318
        ],
        [
          94.42528533935547,
          194.4753265380859
        ]
      ],
      "homography": [
        [
          27.037964617578254,
          -5.65863707980375,
          119.56960991695375
        ],
        [
          -8.055227639617389,
          31.827131504129824,
          226.00149904052944
        ],
        [
          -0.020694159109311865,
          -0.019178604063102647,
          1.0
        ]
      ]
    }
  ]
}
