{
  "image_file": "b5f64617e540_7426_Pair_of_Dice_Robots_2026_Ricochet_Reveal_frame_001003.png",
  "image_sha256": "b5f64617e5406c6ac27be125a9c703870cb8b9b190f6e20b982547ef1341381c",
  "image_width": 1920,
  "image_height": 1080,
  "detector_config": {
    "library": "pupil-apriltags",
    "library_version": "1.0.4.post11",
    "family": "tag36h11",
    "nthreads": 4,
    "quad_decimate": 1.0,
    "quad_sigma": 0.0,
    "refine_edges": true,
    "decode_sharpening": 0.25
  },
  "detected_at": "2026-04-01T04:13:27.812566+00:00",
  "num_detections": 4,
  "detections": [
    {
      "tag_id": 5,
      "tag_family": "tag36h11",
      "hamming": 0,
      "decision_margin": 32.03070068359375,
      "center": [
        1181.82183814748,
        539.8310309039069
      ],
      "corners": [
        [
          1166.4143066406248,
          568.4315185546875
        ],
        [
          1197.658203125,
          563.6389770507811
        ],
        [
          1197.5732421875,
          510.59222412109375
        ],
        [
          1166.198486328125,
          516.3433227539064
        ]
      ],
      "homography": [
        [
          5.1309661968036835,
          2.5960773301528666,
          1181.82183814748
        ],
        [
          -7.441093384641821,
          27.432650485755516,
          539.8310309039069
        ],
        [
          -0.008903531159417711,
          0.002132549731324136,
          1.0
        ]
      ]
    },
    {
      "tag_id": 7,
      "tag_family": "tag36h11",
      "hamming": 0,
      "decision_margin": 72.10903930664062,
      "center": [
        157.6690577675374,
        547.0849476204552
      ],
      "corners": [
        [
          117.67530822753906,
          580.7886352539062
        ],
        [
          192.56008911132812,
          585.3145141601565
        ],
        [
          196.75752258300784,
          514.1441650390625
        ],
        [
          122.08672332763675,
          508.097930908203
        ]
      ],
      "homography": [
        [
          39.060379587011056,
          -2.2804447644443777,
          157.6690577675374
        ],
        [
          8.45799463218884,
          35.51316990467558,
          547.0849476204552
        ],
        [
          0.010628405365977272,
          -0.0008189817855598223,
          1.0
        ]
      ]
    },
    {
      "tag_id": 8,
      "tag_family": "tag36h11",
      "hamming": 0,
      "decision_margin": 50.23489761352539,
      "center": [
        1258.76720310146,
        526.8617129042163
      ],
      "corners": [
        [
          1241.2103271484377,
          557.7299804687499
        ],
        [
          1276.7996826171877,
          552.7427978515627
        ],
        [
          1276.5112304687495,
          495.6643981933595
        ],
        [
          1241.7518310546875,
          502.44042968749994
        ]
      ],
      "homography": [
        [
          -4.022231295024538,
          -14.998701471412915,
          1258.76720310146
        ],
        [
          -11.992469464100171,
          21.832661659335713,
          526.8617129042163
        ],
        [
          -0.017161070498676767,
          -0.011859466384769934,
          1.0
        ]
      ]
    },
    {
      "tag_id": 10,
      "tag_family": "tag36h11",
      "hamming": 0,
      "decision_margin": 45.67985534667969,
      "center": [
        1469.4847886359148,
        534.8928722683117
      ],
      "corners": [
        [
          1450.5078125,
          560.1365966796875
        ],
        [
          1489.0440673828123,
          564.1230468749999
        ],
        [
          1488.644409179687,
          509.4061889648438
        ],
        [
          1449.6708984375,
          505.28219604492205
        ]
      ],
      "homography": [
        [
          20.609273188194493,
          8.579092612783372,
          1469.4847886359148
        ],
        [
          2.475903075342213,
          30.40224276776462,
          534.8928722683117
        ],
        [
          0.0008387035316407327,
          0.0056279197638032,
          1.0
        ]
      ]
    }
  ]
}
