{
  "image_file": "b61107701941_WPI_2025_District_Event_Qual_Match_25_POV_frame_013328.png",
  "image_sha256": "b61107701941479d72ae7e5c3cdafb2ac776d212876d0d3401c8dff3561df70b",
  "image_width": 1920,
  "image_height": 1080,
  "detector_config": {
    "library": "pupil-apriltags",
    "library_version": "1.0.4.post11",
    "family": "tag36h11",
    "nthreads": 4,
    "quad_decimate": 1.0,
    "quad_sigma": 0.0,
    "refine_edges": true,
    "decode_sharpening": 0.25
  },
  "detected_at": "2026-04-01T14:57:54.301504+00:00",
  "num_detections": 3,
  "detections": [
    {
      "tag_id": 3,
      "tag_family": "tag36h11",
      "hamming": 0,
      "decision_margin": 37.4111328125,
      "center": [
        1463.5355083496174,
        494.82887802900103
      ],
      "corners": [
        [
          1457.8010253906248,
          503.7518615722656
        ],
        [
          1468.796630859375,
          504.0863037109374
        ],
        [
          1469.9252929687505,
          484.88623046875
        ],
        [
          1457.9531250000002,
          485.0061645507814
        ]
      ],
      "homography": [
        [
          -12.140329390470477,
          60.917529203304184,
          1463.5355083496174
        ],
        [
          -5.979072078997209,
          30.17107624432282,
          494.82887802900103
        ],
        [
          -0.012210867851197488,
          0.04183789475798948,
          1.0
        ]
      ]
    },
    {
      "tag_id": 4,
      "tag_family": "tag36h11",
      "hamming": 0,
      "decision_margin": 43.89946746826172,
      "center": [
        1177.4698805122841,
        440.36405159004187
      ],
      "corners": [
        [
          1169.1972656249998,
          446.74621582031244
        ],
        [
          1184.2177734375002,
          446.71478271484386
        ],
        [
          1185.7155761718748,
          434.0026550292969
        ],
        [
          1170.4453124999998,
          433.75292968749994
        ]
      ],
      "homography": [
        [
          20.357831387833585,
          10.179822645490505,
          1177.4698805122841
        ],
        [
          4.835334205242929,
          10.489454058896058,
          440.36405159004187
        ],
        [
          0.010859334262145252,
          0.009229674399709424,
          1.0
        ]
      ]
    },
    {
      "tag_id": 8,
      "tag_family": "tag36h11",
      "hamming": 0,
      "decision_margin": 63.473480224609375,
      "center": [
        1062.5111334410008,
        657.1995986990394
      ],
      "corners": [
        [
          1055.0957031249998,
          673.900146484375
        ],
        [
          1069.0336914062502,
          667.811706542969
        ],
        [
          1069.448974609375,
          641.5746459960939
        ],
        [
          1055.8236083984373,
          646.3190917968748
        ]
      ],
      "homography": [
        [
          31.197590855958424,
          -11.324975702018033,
          1062.5111334410008
        ],
        [
          12.337224215736569,
          6.614494012126217,
          657.1995986990394
        ],
        [
          0.02288092736682446,
          -0.010392960620771961,
          1.0
        ]
      ]
    }
  ],
  "ingest_metadata": {
    "original_name": "WPI_2025_District_Event_Qual_Match_25_POV_frame_013328.png",
    "source": "unknown",
    "dhash": "33925472ed6c6269",
    "ingested_at": "2026-04-01T14:57:54.295299+00:00"
  }
}
