{
  "image_file": "b6cbf8d03517_Robot_Reveal_2026___Ri3D_at_Penn_State_frame_001680.png",
  "image_sha256": "b6cbf8d03517f9608325d27840f05384c4e67c3f506770207be94167e8859893",
  "image_width": 1920,
  "image_height": 1080,
  "detector_config": {
    "library": "pupil-apriltags",
    "library_version": "1.0.4.post11",
    "family": "tag36h11",
    "nthreads": 4,
    "quad_decimate": 1.0,
    "quad_sigma": 0.0,
    "refine_edges": true,
    "decode_sharpening": 0.25
  },
  "detected_at": "2026-04-01T03:18:08.343744+00:00",
  "num_detections": 6,
  "detections": [
    {
      "tag_id": 2,
      "tag_family": "tag36h11",
      "hamming": 0,
      "decision_margin": 54.24241638183594,
      "center": [
        918.4476623110161,
        510.25773152183643
      ],
      "corners": [
        [
          903.7263183593751,
          523.7366943359376
        ],
        [
          934.0739135742186,
          536.3665771484374
        ],
        [
          933.6674194335935,
          496.32241821289057
        ],
        [
          903.0018920898438,
          484.450439453125
        ]
      ],
      "homography": [
        [
          4.939105957468427,
          5.261600870528242,
          918.4476623110161
        ],
        [
          0.3980261585627404,
          22.595347923883082,
          510.25773152183643
        ],
        [
          -0.011227464364528898,
          0.005418989942579626,
          1.0
        ]
      ]
    },
    {
      "tag_id": 3,
      "tag_family": "tag36h11",
      "hamming": 0,
      "decision_margin": 51.486507415771484,
      "center": [
        530.7083679563259,
        365.34713192172546
      ],
      "corners": [
        [
          521.0032348632811,
          379.8684387207031
        ],
        [
          543.156494140625,
          374.4709777832032
        ],
        [
          540.453857421875,
          350.76544189453125
        ],
        [
          517.7777709960936,
          355.86965942382807
        ]
      ],
      "homography": [
        [
          15.6990677877169,
          7.074918121232146,
          530.7083679563259
        ],
        [
          0.46669526794266664,
          15.77615741616313,
          365.34713192172546
        ],
        [
          0.008468012960788905,
          0.01054282431362755,
          1.0
        ]
      ]
    },
    {
      "tag_id": 11,
      "tag_family": "tag36h11",
      "hamming": 0,
      "decision_margin": 55.64413833618164,
      "center": [
        855.1266614169425,
        486.70719516815683
      ],
      "corners": [
        [
          842.3424682617186,
          499.70959472656256
        ],
        [
          869.7681274414064,
          512.2280883789062
        ],
        [
          868.5341796875001,
          473.0708312988281
        ],
        [
          840.90576171875,
          461.9193725585938
        ]
      ],
      "homography": [
        [
          -2.647329381532814,
          4.615018433561886,
          855.1266614169425
        ],
        [
          -3.418889787920082,
          21.47588044083733,
          486.70719516815683
        ],
        [
          -0.019185003559859352,
          0.004613560237698201,
          1.0
        ]
      ]
    },
    {
      "tag_id": 12,
      "tag_family": "tag36h11",
      "hamming": 0,
      "decision_margin": 41.37910842895508,
      "center": [
        149.62138688238477,
        929.4581370658833
      ],
      "corners": [
        [
          123.12526702880855,
          968.7073974609375
        ],
        [
          191.5858917236328,
          937.8526000976562
        ],
        [
          176.53222656250003,
          889.5945434570312
        ],
        [
          106.6496124267578,
          920.8621826171874
        ]
      ],
      "homography": [
        [
          34.888281591453136,
          9.34826352368535,
          149.62138688238477
        ],
        [
          -13.627485508624208,
          33.144056015140336,
          929.4581370658833
        ],
        [
          0.0020469220799379417,
          0.00981219893074645,
          1.0
        ]
      ]
    },
    {
      "tag_id": 13,
      "tag_family": "tag36h11",
      "hamming": 0,
      "decision_margin": 50.69842529296875,
      "center": [
        1083.4382653798864,
        535.8920091248095
      ],
      "corners": [
        [
          1069.7805175781245,
          563.6925048828124
        ],
        [
          1096.9324951171877,
          548.8379516601561
        ],
        [
          1097.2086181640625,
          507.8623046874999
        ],
        [
          1068.7216796874995,
          521.7733764648438
        ]
      ],
      "homography": [
        [
          35.144697346965586,
          25.878891159675735,
          1083.4382653798864
        ],
        [
          3.3060072824717923,
          33.42072033017212,
          535.8920091248095
        ],
        [
          0.01961193873653448,
          0.02371739919529731,
          1.0
        ]
      ]
    },
    {
      "tag_id": 14,
      "tag_family": "tag36h11",
      "hamming": 0,
      "decision_margin": 49.31809997558594,
      "center": [
        1141.1476549868162,
        505.8285880641582
      ],
      "corners": [
        [
          1127.736328125,
          531.6920166015625
        ],
        [
          1152.99658203125,
          518.7728271484374
        ],
        [
          1154.7374267578125,
          479.62103271484375
        ],
        [
          1128.73828125,
          492.27209472656244
        ]
      ],
      "homography": [
        [
          22.22264441573952,
          16.264303426387418,
          1141.1476549868162
        ],
        [
          -2.223837330780501,
          27.153438361677956,
          505.8285880641582
        ],
        [
          0.008247246874011863,
          0.01485604867155217,
          1.0
        ]
      ]
    }
  ],
  "ingest_metadata": {
    "original_name": "Robot_Reveal_2026___Ri3D_at_Penn_State_frame_001680.png",
    "source": "unknown",
    "dhash": "d0f03030d0a6c7cd",
    "ingested_at": "2026-04-01T03:18:08.335298+00:00"
  }
}
