{
  "image_file": "b719294f0d11_FRC_Team_8725___2025_FRC_RI5W______frame_002520.png",
  "image_sha256": "b719294f0d11b24cc5f69af770bbb659a30cceecafacf0f89398ca6e19ddfa4d",
  "image_width": 1920,
  "image_height": 1080,
  "detector_config": {
    "library": "pupil-apriltags",
    "library_version": "1.0.4.post11",
    "family": "tag36h11",
    "nthreads": 4,
    "quad_decimate": 1.0,
    "quad_sigma": 0.0,
    "refine_edges": true,
    "decode_sharpening": 0.25
  },
  "detected_at": "2026-04-01T02:06:25.051326+00:00",
  "num_detections": 2,
  "detections": [
    {
      "tag_id": 12,
      "tag_family": "tag36h11",
      "hamming": 1,
      "decision_margin": 31.798479080200195,
      "center": [
        1500.0282713003978,
        279.21995170639997
      ],
      "corners": [
        [
          1493.8298339843748,
          283.97857666015625
        ],
        [
          1505.0478515625,
          285.3780517578125
        ],
        [
          1507.0008544921875,
          273.8670043945312
        ],
        [
          1495.1584472656248,
          273.2455749511718
        ]
      ],
      "homography": [
        [
          -49.68754540676401,
          31.916037203487114,
          1500.0282713003978
        ],
        [
          -9.806643299490306,
          11.643235289257175,
          279.21995170639997
        ],
        [
          -0.03695977625091438,
          0.02181667735095716,
          1.0
        ]
      ]
    },
    {
      "tag_id": 20,
      "tag_family": "tag36h11",
      "hamming": 1,
      "decision_margin": 26.26919174194336,
      "center": [
        1205.600205896226,
        447.0543757437234
      ],
      "corners": [
        [
          1198.9449462890627,
          452.1829528808594
        ],
        [
          1211.9511718749998,
          456.01446533203125
        ],
        [
          1212.8077392578123,
          441.50021362304693
        ],
        [
          1199.2119140625,
          438.0416259765625
        ]
      ],
      "homography": [
        [
          -15.603508881928295,
          25.505475579612263,
          1205.600205896226
        ],
        [
          -6.423345216290501,
          16.719551087007858,
          447.0543757437234
        ],
        [
          -0.018454288311450764,
          0.021384274932459972,
          1.0
        ]
      ]
    }
  ]
}
