{
  "image_file": "b7421690b300_2026_Robot_Reveal_-_CyberhawK___CyberpunK_FRC_8020______fram.png",
  "image_sha256": "b7421690b3004962c262a70184824d631e7012d41f21025daeaa676af84e777b",
  "image_width": 1920,
  "image_height": 1080,
  "detector_config": {
    "library": "pupil-apriltags",
    "library_version": "1.0.4.post11",
    "family": "tag36h11",
    "nthreads": 4,
    "quad_decimate": 1.0,
    "quad_sigma": 0.0,
    "refine_edges": true,
    "decode_sharpening": 0.25
  },
  "detected_at": "2026-04-01T04:11:22.331419+00:00",
  "num_detections": 6,
  "detections": [
    {
      "tag_id": 2,
      "tag_family": "tag36h11",
      "hamming": 0,
      "decision_margin": 40.39628982543945,
      "center": [
        1008.8581859871881,
        402.03305688761424
      ],
      "corners": [
        [
          995.7863159179688,
          423.450927734375
        ],
        [
          1021.4804077148435,
          412.0103149414062
        ],
        [
          1022.4251708984375,
          379.80395507812494
        ],
        [
          995.8701782226565,
          391.7666625976563
        ]
      ],
      "homography": [
        [
          10.887913845083174,
          16.323918264573535,
          1008.8581859871881
        ],
        [
          -6.713143787643392,
          22.575066807068993,
          402.03305688761424
        ],
        [
          -0.0021516905105197137,
          0.016434500314615415,
          1.0
        ]
      ]
    },
    {
      "tag_id": 7,
      "tag_family": "tag36h11",
      "hamming": 0,
      "decision_margin": 30.4755802154541,
      "center": [
        499.077889244939,
        190.5655283534344
      ],
      "corners": [
        [
          492.6784057617187,
          200.29864501953125
        ],
        [
          508.8886413574219,
          208.85926818847656
        ],
        [
          505.4165344238282,
          180.92494201660153
        ],
        [
          489.3662109375001,
          172.45652770996094
        ]
      ],
      "homography": [
        [
          7.990381243644606,
          -0.762173054148774,
          499.077889244939
        ],
        [
          4.228665762356114,
          13.005140346555152,
          190.5655283534344
        ],
        [
          -0.0001493958952244849,
          -0.004925474544206618,
          1.0
        ]
      ]
    },
    {
      "tag_id": 9,
      "tag_family": "tag36h11",
      "hamming": 0,
      "decision_margin": 35.80588150024414,
      "center": [
        771.0832192478314,
        372.49947420244075
      ],
      "corners": [
        [
          760.5952148437502,
          381.8315124511719
        ],
        [
          783.3394165039062,
          394.55517578125006
        ],
        [
          781.9725952148436,
          362.810302734375
        ],
        [
          758.8406982421876,
          350.46838378906244
        ]
      ],
      "homography": [
        [
          4.013166107267465,
          7.805737004756112,
          771.0832192478314
        ],
        [
          2.6671589699255924,
          19.168284743341474,
          372.49947420244075
        ],
        [
          -0.009666884800027293,
          0.009108641291736929,
          1.0
        ]
      ]
    },
    {
      "tag_id": 10,
      "tag_family": "tag36h11",
      "hamming": 0,
      "decision_margin": 43.41294479370117,
      "center": [
        821.6926767770364,
        399.7873949716783
      ],
      "corners": [
        [
          810.6071166992188,
          408.8846130371093
        ],
        [
          833.7746582031249,
          422.2392578125
        ],
        [
          832.9830932617188,
          390.52206420898443
        ],
        [
          809.5213623046877,
          377.1695251464844
        ]
      ],
      "homography": [
        [
          9.408674288294264,
          5.744379639597356,
          821.6926767770364
        ],
        [
          5.583238007399413,
          18.42387403785881,
          399.7873949716783
        ],
        [
          -0.0027359288387550154,
          0.006419265183399471,
          1.0
        ]
      ]
    },
    {
      "tag_id": 11,
      "tag_family": "tag36h11",
      "hamming": 0,
      "decision_margin": 46.56728744506836,
      "center": [
        950.6685881952635,
        428.7478493360379
      ],
      "corners": [
        [
          936.868408203125,
          451.02740478515625
        ],
        [
          964.1701049804688,
          438.89746093750006
        ],
        [
          964.341552734375,
          406.6736755371093
        ],
        [
          937.2705078125,
          418.67599487304676
        ]
      ],
      "homography": [
        [
          13.966200431025072,
          -4.17218477969436,
          950.6685881952635
        ],
        [
          -5.864563203354068,
          14.326492490590795,
          428.7478493360379
        ],
        [
          0.0003926307393270421,
          -0.004237907744622278,
          1.0
        ]
      ]
    },
    {
      "tag_id": 12,
      "tag_family": "tag36h11",
      "hamming": 0,
      "decision_margin": 65.25560760498047,
      "center": [
        1507.3909828525989,
        707.7124093517909
      ],
      "corners": [
        [
          1487.127563476563,
          715.23486328125
        ],
        [
          1521.6793212890625,
          733.9305419921874
        ],
        [
          1528.0250244140623,
          700.0523681640624
        ],
        [
          1493.3928222656252,
          682.0267333984376
        ]
      ],
      "homography": [
        [
          2.732437957858338,
          -4.0542898351181975,
          1507.3909828525989
        ],
        [
          2.342504441486765,
          16.34658099608191,
          707.7124093517909
        ],
        [
          -0.009660378981143308,
          -0.0005981492746653045,
          1.0
        ]
      ]
    }
  ]
}
