{
  "image_file": "b75d0948b706_FRC_6417_Fridolins_2026_Robot_Reveal_frame_001440.png",
  "image_sha256": "b75d0948b7062b944c58e672a2297e705652317608832a565bdb10561ad6b22a",
  "image_width": 1920,
  "image_height": 1080,
  "detector_config": {
    "library": "pupil-apriltags",
    "library_version": "1.0.4.post11",
    "family": "tag36h11",
    "nthreads": 4,
    "quad_decimate": 1.0,
    "quad_sigma": 0.0,
    "refine_edges": true,
    "decode_sharpening": 0.25
  },
  "detected_at": "2026-04-01T03:50:38.694247+00:00",
  "num_detections": 3,
  "detections": [
    {
      "tag_id": 2,
      "tag_family": "tag36h11",
      "hamming": 0,
      "decision_margin": 66.60240936279297,
      "center": [
        1598.293294368032,
        440.61099249338514
      ],
      "corners": [
        [
          1585.38818359375,
          464.4733581542968
        ],
        [
          1619.5234375000002,
          470.2718505859376
        ],
        [
          1610.7200927734375,
          417.63305664062506
        ],
        [
          1576.361083984375,
          409.96926879882807
        ]
      ],
      "homography": [
        [
          45.20649512885598,
          2.3663813390112463,
          1598.293294368032
        ],
        [
          11.108953551303554,
          26.201220178501103,
          440.61099249338514
        ],
        [
          0.017573772169670314,
          -0.0013080407045156122,
          1.0
        ]
      ]
    },
    {
      "tag_id": 10,
      "tag_family": "tag36h11",
      "hamming": 0,
      "decision_margin": 59.17529296875,
      "center": [
        1284.297283299142,
        454.2881338771351
      ],
      "corners": [
        [
          1265.7048339843748,
          484.8804016113281
        ],
        [
          1303.0274658203127,
          477.0141906738281
        ],
        [
          1303.2763671875002,
          423.0596923828125
        ],
        [
          1266.416748046875,
          432.5929870605469
        ]
      ],
      "homography": [
        [
          -2.971208016771242,
          -8.538763028341691,
          1284.297283299142
        ],
        [
          -11.963146464596267,
          23.618843842432454,
          454.2881338771351
        ],
        [
          -0.016749117818810905,
          -0.006458492426953159,
          1.0
        ]
      ]
    },
    {
      "tag_id": 11,
      "tag_family": "tag36h11",
      "hamming": 0,
      "decision_margin": 66.1249771118164,
      "center": [
        1520.7975259155132,
        425.9221643632952
      ],
      "corners": [
        [
          1504.9885253906255,
          451.2170715332032
        ],
        [
          1542.0150146484373,
          457.75634765625
        ],
        [
          1535.8605957031245,
          401.8207702636718
        ],
        [
          1499.337646484375,
          393.7243041992187
        ]
      ],
      "homography": [
        [
          41.07402548827645,
          -11.098496788591087,
          1520.7975259155132
        ],
        [
          10.020728035408009,
          24.413331620440772,
          425.9221643632952
        ],
        [
          0.014920800071485827,
          -0.009241192620479292,
          1.0
        ]
      ]
    }
  ]
}
