{
  "image_file": "b7710644d292_PC000002_MOV-0313_jpg_rf_8dbb204aa954fca70da7bba4df3f6c21.png",
  "image_sha256": "b7710644d29250fe991c108a54c5da46b9b8c4ace568be985a8904f663eb3932",
  "image_width": 640,
  "image_height": 360,
  "detector_config": {
    "library": "pupil-apriltags",
    "library_version": "1.0.4.post11",
    "family": "tag36h11",
    "nthreads": 4,
    "quad_decimate": 1.0,
    "quad_sigma": 0.0,
    "refine_edges": true,
    "decode_sharpening": 0.25
  },
  "detected_at": "2026-03-24T14:13:10.608985+00:00",
  "num_detections": 2,
  "detections": [
    {
      "tag_id": 21,
      "tag_family": "tag36h11",
      "hamming": 0,
      "decision_margin": 80.40592193603516,
      "center": [
        156.0845796252523,
        220.92783791218812
      ],
      "corners": [
        [
          146.29789733886716,
          231.63822937011716
        ],
        [
          163.8391265869141,
          232.79484558105472
        ],
        [
          165.43598937988284,
          210.69380187988287
        ],
        [
          148.11065673828125,
          208.7251129150391
        ]
      ],
      "homography": [
        [
          11.576887344730096,
          -1.5371619554926483,
          156.0845796252523
        ],
        [
          4.835948366184936,
          10.278011177088956,
          220.92783791218812
        ],
        [
          0.018345737688808598,
          -0.004398041096545382,
          1.0
        ]
      ]
    },
    {
      "tag_id": 22,
      "tag_family": "tag36h11",
      "hamming": 0,
      "decision_margin": 86.12191009521484,
      "center": [
        582.8816252443637,
        246.1827547104645
      ],
      "corners": [
        [
          563.9447631835938,
          265.4807434082031
        ],
        [
          605.6758422851562,
          265.27026367187494
        ],
        [
          602.3485107421875,
          226.34463500976565
        ],
        [
          561.0993652343751,
          227.94264221191412
        ]
      ],
      "homography": [
        [
          10.099037762373428,
          -1.0546270665355437,
          582.8816252443637
        ],
        [
          -4.9482645224197785,
          18.013715973988013,
          246.1827547104645
        ],
        [
          -0.01825146978528526,
          -0.0044501230223095945,
          1.0
        ]
      ]
    }
  ]
}
