{
  "image_file": "b79afe1540e7_OnyxTronix_2231_FRC_2025_Robot_Reveal_-_RICO_frame_001800.png",
  "image_sha256": "b79afe1540e79ebe24d86178c0831576290f1bcf119f7ab9135072c8b90d2038",
  "image_width": 1920,
  "image_height": 1080,
  "detector_config": {
    "library": "pupil-apriltags",
    "library_version": "1.0.4.post11",
    "family": "tag36h11",
    "nthreads": 4,
    "quad_decimate": 1.0,
    "quad_sigma": 0.0,
    "refine_edges": true,
    "decode_sharpening": 0.25
  },
  "detected_at": "2026-04-01T01:42:43.783612+00:00",
  "num_detections": 2,
  "detections": [
    {
      "tag_id": 19,
      "tag_family": "tag36h11",
      "hamming": 0,
      "decision_margin": 56.5556640625,
      "center": [
        1694.3899151576086,
        756.1575339946713
      ],
      "corners": [
        [
          1671.5416259765625,
          788.7875366210939
        ],
        [
          1719.7821044921875,
          788.4112548828126
        ],
        [
          1716.7039794921875,
          724.2904663085936
        ],
        [
          1668.9278564453125,
          723.8150634765623
        ]
      ],
      "homography": [
        [
          35.18797708349166,
          -7.432954552773704,
          1694.3899151576086
        ],
        [
          5.018742227772801,
          28.318188143930797,
          756.1575339946713
        ],
        [
          0.006601450130216724,
          -0.005227535847722949,
          1.0
        ]
      ]
    },
    {
      "tag_id": 20,
      "tag_family": "tag36h11",
      "hamming": 0,
      "decision_margin": 76.80725860595703,
      "center": [
        1360.5135809936069,
        751.5291375027867
      ],
      "corners": [
        [
          1334.2368164062505,
          781.1944580078126
        ],
        [
          1390.3787841796875,
          783.5960693359375
        ],
        [
          1387.1826171874995,
          721.4209594726562
        ],
        [
          1331.9227294921873,
          720.8305053710938
        ]
      ],
      "homography": [
        [
          7.973107861306063,
          -8.41839270608102,
          1360.5135809936069
        ],
        [
          -10.234363058800685,
          25.218770654036348,
          751.5291375027867
        ],
        [
          -0.014604546721156433,
          -0.007195619086709022,
          1.0
        ]
      ]
    }
  ]
}
