{
  "image_file": "b7f441affffa_FRC_4907_-_2024_Robot_Reveal___Sir_Kappalot__frame_001770.png",
  "image_sha256": "b7f441affffa39ffc9412f10edef4b14d25012400d8baef30b4ad9a07ca08bb1",
  "image_width": 1920,
  "image_height": 1080,
  "detector_config": {
    "library": "pupil-apriltags",
    "library_version": "1.0.4.post11",
    "family": "tag36h11",
    "nthreads": 4,
    "quad_decimate": 1.0,
    "quad_sigma": 0.0,
    "refine_edges": true,
    "decode_sharpening": 0.25
  },
  "detected_at": "2026-04-01T00:51:49.697911+00:00",
  "num_detections": 2,
  "detections": [
    {
      "tag_id": 3,
      "tag_family": "tag36h11",
      "hamming": 0,
      "decision_margin": 76.6346435546875,
      "center": [
        1081.142033957727,
        186.92515976993985
      ],
      "corners": [
        [
          1065.6439208984375,
          202.7583770751953
        ],
        [
          1095.548095703125,
          202.24827575683594
        ],
        [
          1096.4737548828125,
          171.26193237304685
        ],
        [
          1066.8107910156248,
          171.6816253662109
        ]
      ],
      "homography": [
        [
          16.401635171725047,
          -4.847879805261071,
          1081.142033957727
        ],
        [
          0.02882337382609809,
          14.767730566791784,
          186.92515976993985
        ],
        [
          0.0013967856804664412,
          -0.004000328500832922,
          1.0
        ]
      ]
    },
    {
      "tag_id": 4,
      "tag_family": "tag36h11",
      "hamming": 0,
      "decision_margin": 68.4301528930664,
      "center": [
        974.8722956953886,
        189.45056880666561
      ],
      "corners": [
        [
          959.7128295898438,
          205.74134826660156
        ],
        [
          990.0473022460938,
          204.75202941894528
        ],
        [
          990.0108032226562,
          173.18231201171872
        ],
        [
          959.7185058593749,
          174.17050170898438
        ]
      ],
      "homography": [
        [
          15.152879146561304,
          -0.6704668839713558,
          974.8722956953886
        ],
        [
          -0.49511662140821694,
          15.653341566327498,
          189.45056880666561
        ],
        [
          -3.904124927833917e-06,
          -0.0006956526402327085,
          1.0
        ]
      ]
    }
  ],
  "ingest_metadata": {
    "original_name": "FRC_4907_-_2024_Robot_Reveal___Sir_Kappalot__frame_001770.png",
    "source": "unknown",
    "dhash": "3c1c1c1d7d694bfa",
    "ingested_at": "2026-04-01T00:51:49.685301+00:00"
  }
}
