{
  "image_file": "b96b1e5b035d_PC000013_MOV-0000_jpg_rf_78031a7cd467e4215c028d2a28316126.png",
  "image_sha256": "b96b1e5b035da898a0e5d639cde49d64e266b48ae845e5630d3b03827c7c3b55",
  "image_width": 640,
  "image_height": 360,
  "detector_config": {
    "library": "pupil-apriltags",
    "library_version": "1.0.4.post11",
    "family": "tag36h11",
    "nthreads": 4,
    "quad_decimate": 1.0,
    "quad_sigma": 0.0,
    "refine_edges": true,
    "decode_sharpening": 0.25
  },
  "detected_at": "2026-03-24T14:14:03.173580+00:00",
  "num_detections": 4,
  "detections": [
    {
      "tag_id": 4,
      "tag_family": "tag36h11",
      "hamming": 0,
      "decision_margin": 41.39252853393555,
      "center": [
        352.3541760215022,
        240.73951144920855
      ],
      "corners": [
        [
          346.6622619628907,
          246.0657043457031
        ],
        [
          357.1092834472656,
          246.19123840332034
        ],
        [
          357.9784545898437,
          235.47660827636722
        ],
        [
          346.76220703125,
          234.32832336425778
        ]
      ],
      "homography": [
        [
          20.700816845212785,
          12.936945122135286,
          352.3541760215022
        ],
        [
          10.753974240010846,
          14.609462713143985,
          240.73951144920855
        ],
        [
          0.04342795637792438,
          0.03745107948127576,
          1.0
        ]
      ]
    },
    {
      "tag_id": 6,
      "tag_family": "tag36h11",
      "hamming": 0,
      "decision_margin": 40.9350700378418,
      "center": [
        589.7666889027831,
        274.42270429150835
      ],
      "corners": [
        [
          583.9268188476564,
          279.6405944824219
        ],
        [
          596.285400390625,
          280.6758728027343
        ],
        [
          595.9091186523435,
          268.9344787597656
        ],
        [
          583.8178100585936,
          268.71615600585943
        ]
      ],
      "homography": [
        [
          -14.819592976714148,
          -5.9149880343923105,
          589.7666889027831
        ],
        [
          -9.427062096042732,
          2.851907703706955,
          274.42270429150835
        ],
        [
          -0.03547783367245865,
          -0.010227280826562728,
          1.0
        ]
      ]
    },
    {
      "tag_id": 18,
      "tag_family": "tag36h11",
      "hamming": 0,
      "decision_margin": 55.79393005371094,
      "center": [
        227.59831838939422,
        166.77331037884082
      ],
      "corners": [
        [
          212.22706604003903,
          195.70640563964844
        ],
        [
          235.37408447265628,
          202.55149841308594
        ],
        [
          240.82025146484375,
          141.88584899902344
        ],
        [
          219.0390930175781,
          127.39023590087893
        ]
      ],
      "homography": [
        [
          25.194459404224858,
          -6.1296753087929945,
          227.59831838939422
        ],
        [
          15.635457490624557,
          29.857510822427972,
          166.77331037884082
        ],
        [
          0.06156548021496474,
          -0.013603453989935316,
          1.0
        ]
      ]
    },
    {
      "tag_id": 27,
      "tag_family": "tag36h11",
      "hamming": 0,
      "decision_margin": 61.38854217529297,
      "center": [
        161.95296348984834,
        135.922769843863
      ],
      "corners": [
        [
          132.655258178711,
          172.16867065429688
        ],
        [
          176.7242279052734,
          185.49363708496094
        ],
        [
          186.1628875732422,
          105.9712600708008
        ],
        [
          144.98548889160162,
          78.98164367675783
        ]
      ],
      "homography": [
        [
          34.45560823739291,
          -7.455642842081143,
          161.95296348984834
        ],
        [
          21.265582345985134,
          41.14079844337101,
          135.922769843863
        ],
        [
          0.08214083576369625,
          -0.01294431910701328,
          1.0
        ]
      ]
    }
  ],
  "ingest_metadata": {
    "original_name": "PC000013_MOV-0000_jpg_rf_78031a7cd467e4215c028d2a28316126.png",
    "source": "unknown",
    "dhash": "14121877b6aca4ac",
    "ingested_at": "2026-03-24T14:14:03.160562+00:00"
  }
}
