{
  "image_file": "ba5d7a410be7_2025_Field_Tour_Video__Alliance_Station_frame_002950.png",
  "image_sha256": "ba5d7a410be76c6d7f99ef45fb40ebdc0691a4d98ea33685fe0e9089fe1fe14e",
  "image_width": 1920,
  "image_height": 1080,
  "detector_config": {
    "library": "pupil-apriltags",
    "library_version": "1.0.4.post11",
    "family": "tag36h11",
    "nthreads": 4,
    "quad_decimate": 1.0,
    "quad_sigma": 0.0,
    "refine_edges": true,
    "decode_sharpening": 0.25
  },
  "detected_at": "2026-04-01T00:09:15.422729+00:00",
  "num_detections": 3,
  "detections": [
    {
      "tag_id": 12,
      "tag_family": "tag36h11",
      "hamming": 0,
      "decision_margin": 25.32087516784668,
      "center": [
        1821.9789730804407,
        296.89448539449637
      ],
      "corners": [
        [
          1808.5726318359377,
          321.5864562988281
        ],
        [
          1832.4152832031248,
          323.1461486816407
        ],
        [
          1835.7906494140627,
          271.45596313476557
        ],
        [
          1811.7365722656252,
          271.13058471679676
        ]
      ],
      "homography": [
        [
          -10.13695352395439,
          3.3902593303612307,
          1821.9789730804407
        ],
        [
          -3.129822448610415,
          26.351265611264807,
          296.89448539449637
        ],
        [
          -0.012134702055847166,
          0.002757458548992703,
          1.0
        ]
      ]
    },
    {
      "tag_id": 15,
      "tag_family": "tag36h11",
      "hamming": 0,
      "decision_margin": 21.41886329650879,
      "center": [
        297.3651601346271,
        204.04157628330557
      ],
      "corners": [
        [
          278.4136962890625,
          218.23326110839847
        ],
        [
          308.2924499511719,
          218.4091033935547
        ],
        [
          316.0765991210937,
          190.02963256835935
        ],
        [
          286.26589965820307,
          189.44793701171875
        ]
      ],
      "homography": [
        [
          17.030024274752066,
          -3.695763990806538,
          297.3651601346271
        ],
        [
          1.6359254999784394,
          14.436814507190519,
          204.04157628330557
        ],
        [
          0.0070902020697180155,
          0.0007172238590777261,
          1.0
        ]
      ]
    },
    {
      "tag_id": 16,
      "tag_family": "tag36h11",
      "hamming": 0,
      "decision_margin": 16.247356414794922,
      "center": [
        890.6492552375549,
        326.19426585726075
      ],
      "corners": [
        [
          879.1705322265625,
          342.6416015625
        ],
        [
          901.0339355468751,
          342.82366943359375
        ],
        [
          902.0544433593749,
          309.852294921875
        ],
        [
          880.1766357421875,
          309.42404174804693
        ]
      ],
      "homography": [
        [
          14.243743184701657,
          -0.06009600838387822,
          890.6492552375549
        ],
        [
          1.3642659948028475,
          16.7105612332046,
          326.19426585726075
        ],
        [
          0.003714809390877418,
          0.0005014212272201643,
          1.0
        ]
      ]
    }
  ]
}
