{
  "image_file": "ba745d8f931b_Half_Hollow_Hills_Invitational_Playoff_Match_9_2025_frame_00.png",
  "image_sha256": "ba745d8f931b04d955035e519600f3969d7a5856a6de0df1ffa43c34d23e0db8",
  "image_width": 1920,
  "image_height": 1080,
  "detector_config": {
    "library": "pupil-apriltags",
    "library_version": "1.0.4.post11",
    "family": "tag36h11",
    "nthreads": 4,
    "quad_decimate": 1.0,
    "quad_sigma": 0.0,
    "refine_edges": true,
    "decode_sharpening": 0.25
  },
  "detected_at": "2026-04-01T16:07:36.269427+00:00",
  "num_detections": 2,
  "detections": [
    {
      "tag_id": 15,
      "tag_family": "tag36h11",
      "hamming": 0,
      "decision_margin": 41.523109436035156,
      "center": [
        61.42342441695418,
        176.1287666100717
      ],
      "corners": [
        [
          45.6933708190918,
          187.1769561767578
        ],
        [
          52.732624053955085,
          199.0016784667969
        ],
        [
          75.91875457763672,
          165.94779968261722
        ],
        [
          70.21375274658202,
          152.99391174316406
        ]
      ],
      "homography": [
        [
          4.6030415276399825,
          -12.993611228227536,
          61.42342441695418
        ],
        [
          10.30200484707518,
          13.70391350835874,
          176.1287666100717
        ],
        [
          0.023271999111479945,
          -0.017578547139426578,
          1.0
        ]
      ]
    },
    {
      "tag_id": 16,
      "tag_family": "tag36h11",
      "hamming": 0,
      "decision_margin": 73.75171661376953,
      "center": [
        480.8322344283082,
        373.2467504860369
      ],
      "corners": [
        [
          468.4028015136718,
          385.8900451660157
        ],
        [
          492.935302734375,
          385.8983764648437
        ],
        [
          492.91998291015625,
          360.9510192871094
        ],
        [
          468.53408813476557,
          360.39120483398443
        ]
      ],
      "homography": [
        [
          17.500616107757708,
          -1.456726478200435,
          480.8322344283082
        ],
        [
          4.235701609778458,
          11.501028118419356,
          373.2467504860369
        ],
        [
          0.010965565737350916,
          -0.0029709642112881714,
          1.0
        ]
      ]
    }
  ]
}
