{
  "image_file": "ba8c80210ad6_Robot_Reveal_3360_2025_frame_000885.png",
  "image_sha256": "ba8c80210ad6b30d94067889f345cadfa5563c4817ff5f522e8d68d637185f2d",
  "image_width": 1920,
  "image_height": 1080,
  "detector_config": {
    "library": "pupil-apriltags",
    "library_version": "1.0.4.post11",
    "family": "tag36h11",
    "nthreads": 4,
    "quad_decimate": 1.0,
    "quad_sigma": 0.0,
    "refine_edges": true,
    "decode_sharpening": 0.25
  },
  "detected_at": "2026-04-01T01:24:07.635981+00:00",
  "num_detections": 2,
  "detections": [
    {
      "tag_id": 17,
      "tag_family": "tag36h11",
      "hamming": 0,
      "decision_margin": 36.90855407714844,
      "center": [
        260.83974717925037,
        532.9151319897479
      ],
      "corners": [
        [
          251.43995666503906,
          547.4647216796875
        ],
        [
          271.863525390625,
          550.0182495117189
        ],
        [
          270.10235595703125,
          518.577880859375
        ],
        [
          250.18112182617188,
          516.3785400390624
        ]
      ],
      "homography": [
        [
          8.846690783096506,
          -2.4013599319400205,
          260.83974717925037
        ],
        [
          -1.3425333890247668,
          9.182806257854281,
          532.9151319897479
        ],
        [
          -0.004745137449972503,
          -0.01209583948372844,
          1.0
        ]
      ]
    },
    {
      "tag_id": 22,
      "tag_family": "tag36h11",
      "hamming": 0,
      "decision_margin": 8.429076194763184,
      "center": [
        420.1851474379885,
        534.1936083944862
      ],
      "corners": [
        [
          404.54565429687506,
          551.0598144531249
        ],
        [
          436.9122619628906,
          549.2122802734376
        ],
        [
          435.5574035644531,
          517.6156005859376
        ],
        [
          403.5591735839844,
          519.2657470703124
        ]
      ],
      "homography": [
        [
          17.26389460763744,
          -1.8616828562494994,
          420.1851474379885
        ],
        [
          0.617830086673733,
          12.735397865130267,
          534.1936083944862
        ],
        [
          0.002792429938869778,
          -0.0058248528961973136,
          1.0
        ]
      ]
    }
  ]
}
