{
  "image_file": "bafc807a33f7_PC000002_MOV-0226_jpg_rf_a4909ca4194d6621a2cb7215efc94727.png",
  "image_sha256": "bafc807a33f72024aa532a2c8fa634b00ec31f759838e9dd8f03663f7c3879b1",
  "image_width": 640,
  "image_height": 360,
  "detector_config": {
    "library": "pupil-apriltags",
    "library_version": "1.0.4.post11",
    "family": "tag36h11",
    "nthreads": 4,
    "quad_decimate": 1.0,
    "quad_sigma": 0.0,
    "refine_edges": true,
    "decode_sharpening": 0.25
  },
  "detected_at": "2026-03-24T14:13:05.475253+00:00",
  "num_detections": 3,
  "detections": [
    {
      "tag_id": 2,
      "tag_family": "tag36h11",
      "hamming": 0,
      "decision_margin": 58.978248596191406,
      "center": [
        439.3930906575555,
        177.34543613810118
      ],
      "corners": [
        [
          430.70220947265614,
          202.42761230468753
        ],
        [
          449.23129272460943,
          211.4507293701172
        ],
        [
          447.1043701171877,
          155.0904235839844
        ],
        [
          428.8536376953125,
          140.80917358398443
        ]
      ],
      "homography": [
        [
          29.855798261182883,
          -4.558317601123061,
          439.3930906575555
        ],
        [
          14.194745463696929,
          27.187146230997485,
          177.34543613810118
        ],
        [
          0.04706834083850274,
          -0.012655603250155707,
          1.0
        ]
      ]
    },
    {
      "tag_id": 10,
      "tag_family": "tag36h11",
      "hamming": 0,
      "decision_margin": 75.08084869384766,
      "center": [
        100.25995687956048,
        151.5676104396506
      ],
      "corners": [
        [
          72.31571960449217,
          190.39045715332028
        ],
        [
          122.9117431640625,
          183.61747741699222
        ],
        [
          129.20054626464844,
          111.36053466796875
        ],
        [
          79.68995666503905,
          122.46324920654294
        ]
      ],
      "homography": [
        [
          21.704663272522183,
          -4.972945904231207,
          100.25995687956048
        ],
        [
          -9.475844775510499,
          32.6817388943885,
          151.5676104396506
        ],
        [
          -0.03284022722993532,
          -0.015324974595482986,
          1.0
        ]
      ]
    },
    {
      "tag_id": 11,
      "tag_family": "tag36h11",
      "hamming": 0,
      "decision_margin": 60.3859748840332,
      "center": [
        389.2635794988142,
        145.44687187481256
      ],
      "corners": [
        [
          374.17462158203125,
          174.84451293945315
        ],
        [
          403.31756591796875,
          189.10598754882812
        ],
        [
          402.362060546875,
          119.9272537231445
        ],
        [
          373.6280212402344,
          96.87455749511717
        ]
      ],
      "homography": [
        [
          38.525211008481335,
          -2.986364800292501,
          389.2635794988142
        ],
        [
          18.340993832028712,
          35.391860183896284,
          145.44687187481256
        ],
        [
          0.06194303508096936,
          -0.00867270518563299,
          1.0
        ]
      ]
    }
  ],
  "ingest_metadata": {
    "original_name": "PC000002_MOV-0226_jpg_rf_a4909ca4194d6621a2cb7215efc94727.png",
    "source": "unknown",
    "dhash": "d230c84818183879",
    "ingested_at": "2026-03-24T14:13:05.459981+00:00"
  }
}
