{
  "image_file": "bb1875ada545_TorBots_2025_Robot_Reveal__LobsTOR___FRC_Team_1197_frame_005.png",
  "image_sha256": "bb1875ada5455e6a416b96bd5d35cde987da64e25d81c8b7e0f323cca8b286da",
  "image_width": 1920,
  "image_height": 1080,
  "detector_config": {
    "library": "pupil-apriltags",
    "library_version": "1.0.4.post11",
    "family": "tag36h11",
    "nthreads": 4,
    "quad_decimate": 1.0,
    "quad_sigma": 0.0,
    "refine_edges": true,
    "decode_sharpening": 0.25
  },
  "detected_at": "2026-04-01T02:53:48.767919+00:00",
  "num_detections": 2,
  "detections": [
    {
      "tag_id": 19,
      "tag_family": "tag36h11",
      "hamming": 0,
      "decision_margin": 63.085716247558594,
      "center": [
        507.85688169370246,
        690.9153369657171
      ],
      "corners": [
        [
          481.29400634765625,
          733.648193359375
        ],
        [
          534.186767578125,
          720.9868164062499
        ],
        [
          534.0654296875,
          648.7525024414062
        ],
        [
          480.0782775878907,
          659.1892700195314
        ]
      ],
      "homography": [
        [
          35.21342056413255,
          5.418954706985805,
          507.85688169370246
        ],
        [
          5.7842748159284785,
          43.591138970169936,
          690.9153369657171
        ],
        [
          0.016744351455738073,
          0.010029972160587965,
          1.0
        ]
      ]
    },
    {
      "tag_id": 20,
      "tag_family": "tag36h11",
      "hamming": 0,
      "decision_margin": 78.89079284667969,
      "center": [
        59.101166221611585,
        725.5732306876723
      ],
      "corners": [
        [
          20.61908340454103,
          766.6577758789062
        ],
        [
          102.04862213134767,
          767.6646728515626
        ],
        [
          98.08522796630858,
          683.9527587890626
        ],
        [
          16.346292495727532,
          683.6705322265624
        ]
      ],
      "homography": [
        [
          40.53330674343676,
          2.18483513723263,
          59.101166221611585
        ],
        [
          -2.843026137251064,
          43.209444724858486,
          725.5732306876723
        ],
        [
          -0.0043635418917352675,
          0.0021164363034644534,
          1.0
        ]
      ]
    }
  ]
}
