{
  "image_file": "bce0ea89b14a_660862080_18574005907028732_3737330500425091476_n.png",
  "image_sha256": "bce0ea89b14a83249a0ad97a38bf282409a48147bc5b1bbb5bd738dd34cb1806",
  "image_width": 1065,
  "image_height": 710,
  "detector_config": {
    "library": "pupil-apriltags",
    "library_version": "1.0.4.post11",
    "family": "tag36h11",
    "nthreads": 4,
    "quad_decimate": 1.0,
    "quad_sigma": 0.0,
    "refine_edges": true,
    "decode_sharpening": 0.25
  },
  "detected_at": "2026-04-05T22:11:01.334885+00:00",
  "num_detections": 3,
  "detections": [
    {
      "tag_id": 2,
      "tag_family": "tag36h11",
      "hamming": 0,
      "decision_margin": 72.57068634033203,
      "center": [
        857.4358799725939,
        349.3645589426683
      ],
      "corners": [
        [
          846.3613891601562,
          364.1504211425781
        ],
        [
          868.0710449218749,
          365.23535156249994
        ],
        [
          868.6267089843749,
          334.42337036132807
        ],
        [
          846.2620849609375,
          332.68997192382807
        ]
      ],
      "homography": [
        [
          19.363330046755777,
          12.711149840506438,
          857.4358799725939
        ],
        [
          4.101334131074222,
          20.789913409399844,
          349.3645589426683
        ],
        [
          0.009736282314425023,
          0.014961367795435006,
          1.0
        ]
      ]
    },
    {
      "tag_id": 10,
      "tag_family": "tag36h11",
      "hamming": 0,
      "decision_margin": 59.15289306640625,
      "center": [
        694.3414680333611,
        348.4386207316381
      ],
      "corners": [
        [
          685.2265625000001,
          363.5600891113281
        ],
        [
          703.1229858398438,
          362.75747680664057
        ],
        [
          703.875244140625,
          332.6222534179688
        ],
        [
          685.7053833007812,
          334.35690307617193
        ]
      ],
      "homography": [
        [
          -1.6827314236753643,
          4.593330030280185,
          694.3414680333611
        ],
        [
          -5.998764225775121,
          17.28867674698455,
          348.4386207316381
        ],
        [
          -0.01540545581741012,
          0.007055680147844573,
          1.0
        ]
      ]
    },
    {
      "tag_id": 11,
      "tag_family": "tag36h11",
      "hamming": 0,
      "decision_margin": 80.4183578491211,
      "center": [
        806.898187410975,
        345.5967371026696
      ],
      "corners": [
        [
          794.4276733398438,
          361.2314453125
        ],
        [
          818.4907226562499,
          362.5616455078125
        ],
        [
          818.9255371093751,
          330.5176391601563
        ],
        [
          795.2024536132814,
          328.4808044433594
        ]
      ],
      "homography": [
        [
          21.030601675310322,
          -5.811044705477909,
          806.898187410975
        ],
        [
          4.735743308958773,
          13.835803911197843,
          345.5967371026696
        ],
        [
          0.011260636277501212,
          -0.006829282782391842,
          1.0
        ]
      ]
    }
  ],
  "ingest_metadata": {
    "original_name": "660862080_18574005907028732_3737330500425091476_n.jpg",
    "source": "660862080_18574005907028732_3737330500425091476_n.jpg",
    "dhash": "c4389cdc39f1f39c",
    "ingested_at": "2026-04-05T22:11:01.334910+00:00"
  }
}
