{
  "image_file": "bd045a196905_m2-res_1080p_frame_000150.png",
  "image_sha256": "bd045a1969050467860418b5a1c432b814efd8d9dd782e88c955ab85cf43b746",
  "image_width": 1554,
  "image_height": 1080,
  "detector_config": {
    "library": "pupil-apriltags",
    "library_version": "1.0.4.post11",
    "family": "tag36h11",
    "nthreads": 4,
    "quad_decimate": 1.0,
    "quad_sigma": 0.0,
    "refine_edges": true,
    "decode_sharpening": 0.25
  },
  "detected_at": "2026-04-10T21:04:17.273608+00:00",
  "num_detections": 3,
  "detections": [
    {
      "tag_id": 20,
      "tag_family": "tag36h11",
      "hamming": 0,
      "decision_margin": 65.79061126708984,
      "center": [
        249.89290542845853,
        261.8400814901956
      ],
      "corners": [
        [
          237.23680114746097,
          284.939208984375
        ],
        [
          264.8327331542969,
          281.9697265625
        ],
        [
          261.9297180175781,
          239.87124633789057
        ],
        [
          234.85282897949222,
          241.5753631591797
        ]
      ],
      "homography": [
        [
          17.21566580628931,
          -1.3902734306639084,
          249.89290542845853
        ],
        [
          2.5597922380164255,
          18.51272125987788,
          261.8400814901956
        ],
        [
          0.014211797092136614,
          -0.01086793306430471,
          1.0
        ]
      ]
    },
    {
      "tag_id": 23,
      "tag_family": "tag36h11",
      "hamming": 0,
      "decision_margin": 65.92013549804688,
      "center": [
        591.2285727229291,
        321.8617318277534
      ],
      "corners": [
        [
          572.9133911132814,
          340.922607421875
        ],
        [
          609.28173828125,
          339.752685546875
        ],
        [
          609.3587646484374,
          302.99337768554693
        ],
        [
          572.3762817382812,
          303.1788330078125
        ]
      ],
      "homography": [
        [
          26.2346567939195,
          5.0114773513199715,
          591.2285727229291
        ],
        [
          3.9586534842654233,
          21.289071702167234,
          321.8617318277534
        ],
        [
          0.013364560358375872,
          0.00828875330261659,
          1.0
        ]
      ]
    },
    {
      "tag_id": 24,
      "tag_family": "tag36h11",
      "hamming": 0,
      "decision_margin": 60.8353271484375,
      "center": [
        921.4261222256148,
        259.95232632785627
      ],
      "corners": [
        [
          904.8083496093751,
          277.9273376464844
        ],
        [
          936.9160766601562,
          279.6632690429687
        ],
        [
          937.9850463867186,
          242.04096984863276
        ],
        [
          906.1834106445314,
          240.55599975585938
        ]
      ],
      "homography": [
        [
          13.087610112858783,
          -5.13510147382169,
          921.4261222256148
        ],
        [
          -0.01048102085354899,
          17.47154588253096,
          259.95232632785627
        ],
        [
          -0.003135582067000328,
          -0.004909370926413171,
          1.0
        ]
      ]
    }
  ],
  "ingest_metadata": {
    "original_name": "m2-res_1080p_frame_000150.png",
    "source": "m2-res_1080p.mp4",
    "dhash": "c5e532e4e47f55d4",
    "ingested_at": "2026-04-10T21:04:17.273638+00:00"
  }
}
