{
  "image_file": "bdac69ecc3fd_Qualification_22_-__stanbul_Regional_frame_002023.png",
  "image_sha256": "bdac69ecc3fdb0253085b257e607c597e7a25cf73de5b91228c6ba7bac119b1e",
  "image_width": 1920,
  "image_height": 1080,
  "detector_config": {
    "library": "pupil-apriltags",
    "library_version": "1.0.4.post11",
    "family": "tag36h11",
    "nthreads": 4,
    "quad_decimate": 1.0,
    "quad_sigma": 0.0,
    "refine_edges": true,
    "decode_sharpening": 0.25
  },
  "detected_at": "2026-04-01T04:02:19.184806+00:00",
  "num_detections": 8,
  "detections": [
    {
      "tag_id": 1,
      "tag_family": "tag36h11",
      "hamming": 0,
      "decision_margin": 40.00070571899414,
      "center": [
        278.73847433050133,
        1008.620947980542
      ],
      "corners": [
        [
          272.88058471679693,
          1015.0205078124999
        ],
        [
          285.42385864257807,
          1013.5063476562501
        ],
        [
          284.71157836914057,
          1002.0955200195311
        ],
        [
          271.96737670898443,
          1003.6729125976561
        ]
      ],
      "homography": [
        [
          5.851960331085195,
          2.6514789256764297,
          278.73847433050133
        ],
        [
          -2.4715464834613403,
          13.812644136167705,
          1008.620947980542
        ],
        [
          -0.001684344349850623,
          0.008054011389358745,
          1.0
        ]
      ]
    },
    {
      "tag_id": 2,
      "tag_family": "tag36h11",
      "hamming": 0,
      "decision_margin": 48.92572021484375,
      "center": [
        598.152586471732,
        440.334582250143
      ],
      "corners": [
        [
          590.9341430664062,
          447.65863037109375
        ],
        [
          606.2732543945314,
          447.87799072265636
        ],
        [
          605.8197021484375,
          432.5552978515625
        ],
        [
          589.7413940429688,
          432.52130126953114
        ]
      ],
      "homography": [
        [
          4.090956548180769,
          14.684122551971996,
          598.152586471732
        ],
        [
          -2.701441878594269,
          18.115684559704846,
          440.334582250143
        ],
        [
          -0.006283916673158044,
          0.023857529066786908,
          1.0
        ]
      ]
    },
    {
      "tag_id": 3,
      "tag_family": "tag36h11",
      "hamming": 2,
      "decision_margin": 27.409019470214844,
      "center": [
        510.9701172850248,
        977.4396310409414
      ],
      "corners": [
        [
          504.8016052246095,
          984.0128784179688
        ],
        [
          516.7024536132812,
          981.8775024414061
        ],
        [
          516.9945678710938,
          971.0198974609374
        ],
        [
          504.804656982422,
          972.6664428710939
        ]
      ],
      "homography": [
        [
          18.337517150047404,
          6.204707026104134,
          510.9701172850248
        ],
        [
          22.617426907222463,
          17.564431331588256,
          977.4396310409414
        ],
        [
          0.024109422979083608,
          0.012294290059935825,
          1.0
        ]
      ]
    },
    {
      "tag_id": 4,
      "tag_family": "tag36h11",
      "hamming": 2,
      "decision_margin": 30.187576293945312,
      "center": [
        535.8422940372807,
        973.6486440050866
      ],
      "corners": [
        [
          529.8385009765624,
          980.1758422851564
        ],
        [
          541.5040283203126,
          978.1848754882812
        ],
        [
          541.6781005859376,
          967.3040771484373
        ],
        [
          529.6688842773438,
          968.7024536132814
        ]
      ],
      "homography": [
        [
          21.297153333961887,
          7.775730904732657,
          535.8422940372807
        ],
        [
          27.103353696820246,
          19.72329781418478,
          973.6486440050866
        ],
        [
          0.028711047730480596,
          0.014522517914970922,
          1.0
        ]
      ]
    },
    {
      "tag_id": 11,
      "tag_family": "tag36h11",
      "hamming": 0,
      "decision_margin": 67.02210998535156,
      "center": [
        563.4220139654634,
        439.7502817091248
      ],
      "corners": [
        [
          555.9398803710936,
          447.28631591796875
        ],
        [
          571.992919921875,
          447.5730285644531
        ],
        [
          571.1141357421875,
          432.00274658203125
        ],
        [
          555.0949096679686,
          432.1500549316406
        ]
      ],
      "homography": [
        [
          0.053537532250174956,
          0.2647504726834313,
          563.4220139654634
        ],
        [
          -6.180272764866005,
          7.545511001673559,
          439.7502817091248
        ],
        [
          -0.0141331414401467,
          -0.00029469090540957046,
          1.0
        ]
      ]
    },
    {
      "tag_id": 14,
      "tag_family": "tag36h11",
      "hamming": 1,
      "decision_margin": 25.64887809753418,
      "center": [
        250.80680522722668,
        894.0374883035017
      ],
      "corners": [
        [
          245.81748962402344,
          899.5086669921875
        ],
        [
          256.4998779296875,
          898.2689208984375
        ],
        [
          256.0704345703125,
          888.2655029296875
        ],
        [
          245.30273437500003,
          889.946533203125
        ]
      ],
      "homography": [
        [
          -0.11197475033054634,
          1.4754654235198075,
          250.80680522722668
        ],
        [
          -20.23403516668941,
          9.303164337679162,
          894.0374883035017
        ],
        [
          -0.021817049650025632,
          0.004937579514533444,
          1.0
        ]
      ]
    },
    {
      "tag_id": 17,
      "tag_family": "tag36h11",
      "hamming": 1,
      "decision_margin": 27.318124771118164,
      "center": [
        1248.1980279891861,
        997.6750846538882
      ],
      "corners": [
        [
          1242.6826171875005,
          1003.9813232421876
        ],
        [
          1254.4425048828123,
          1002.0532836914064
        ],
        [
          1253.912719726562,
          991.1409912109374
        ],
        [
          1241.8085937500002,
          993.1952514648435
        ]
      ],
      "homography": [
        [
          2.050619863034624,
          18.58691819380647,
          1248.1980279891861
        ],
        [
          -4.123352633383095,
          19.998781830778512,
          997.6750846538882
        ],
        [
          -0.0031357874284398393,
          0.01460945888583311,
          1.0
        ]
      ]
    },
    {
      "tag_id": 24,
      "tag_family": "tag36h11",
      "hamming": 0,
      "decision_margin": 62.221168518066406,
      "center": [
        1347.2399592153895,
        444.9487827040259
      ],
      "corners": [
        [
          1338.6380615234373,
          452.5502319335938
        ],
        [
          1354.5968017578127,
          452.5962219238282
        ],
        [
          1355.601928710938,
          437.55935668945307
        ],
        [
          1339.8109130859375,
          437.22628784179676
        ]
      ],
      "homography": [
        [
          20.753309166932013,
          -6.78159549736574,
          1347.2399592153895
        ],
        [
          4.328389954683074,
          5.529201892655977,
          444.9487827040259
        ],
        [
          0.009513380758296889,
          -0.0046301039643762126,
          1.0
        ]
      ]
    }
  ],
  "ingest_metadata": {
    "original_name": "Qualification_22_-__stanbul_Regional_frame_002023.png",
    "source": "unknown",
    "dhash": "5574cc9cb2c6cb17",
    "ingested_at": "2026-04-01T04:02:19.175300+00:00"
  }
}
