{
  "image_file": "bde530ba6aa2_Team_SCREAM_2024_Robot_Reveal_--_Axl_and_Slash_frame_001269.png",
  "image_sha256": "bde530ba6aa2e742232f1cc43fc7e424422e989fba2d3993cf7f1707efff984d",
  "image_width": 1920,
  "image_height": 1080,
  "detector_config": {
    "library": "pupil-apriltags",
    "library_version": "1.0.4.post11",
    "family": "tag36h11",
    "nthreads": 4,
    "quad_decimate": 1.0,
    "quad_sigma": 0.0,
    "refine_edges": true,
    "decode_sharpening": 0.25
  },
  "detected_at": "2026-04-01T00:47:30.507250+00:00",
  "num_detections": 3,
  "detections": [
    {
      "tag_id": 3,
      "tag_family": "tag36h11",
      "hamming": 0,
      "decision_margin": 100.86589050292969,
      "center": [
        789.3018113216883,
        282.09361493242636
      ],
      "corners": [
        [
          772.8251342773436,
          299.0625305175781
        ],
        [
          805.8088378906251,
          299.2889709472656
        ],
        [
          805.7199096679689,
          265.1850280761719
        ],
        [
          772.5645141601562,
          264.6583862304688
        ]
      ],
      "homography": [
        [
          19.970734892588553,
          2.1178183190315876,
          789.3018113216883
        ],
        [
          1.416033609691508,
          17.852381531151252,
          282.09361493242636
        ],
        [
          0.004353702083267216,
          0.0025729117489838526,
          1.0
        ]
      ]
    },
    {
      "tag_id": 4,
      "tag_family": "tag36h11",
      "hamming": 0,
      "decision_margin": 78.47640991210938,
      "center": [
        670.184553345197,
        278.7092003198352
      ],
      "corners": [
        [
          653.1588134765626,
          295.9444580078125
        ],
        [
          688.1805419921874,
          296.6986999511719
        ],
        [
          687.4459838867188,
          261.2353515625
        ],
        [
          652.3801879882815,
          260.9112548828125
        ]
      ],
      "homography": [
        [
          13.424189704655873,
          0.8882761590773515,
          670.184553345197
        ],
        [
          -1.4340907432421681,
          17.83549487587561,
          278.7092003198352
        ],
        [
          -0.006113286145430791,
          0.0007607332054799639,
          1.0
        ]
      ]
    },
    {
      "tag_id": 13,
      "tag_family": "tag36h11",
      "hamming": 0,
      "decision_margin": 84.39927673339844,
      "center": [
        1803.3107436490004,
        332.83227953332454
      ],
      "corners": [
        [
          1764.93798828125,
          375.3414001464844
        ],
        [
          1832.2487792968752,
          375.77117919921886
        ],
        [
          1841.5552978515625,
          290.4651794433594
        ],
        [
          1773.589721679687,
          288.73156738281233
        ]
      ],
      "homography": [
        [
          47.36051105560955,
          6.034544359346689,
          1803.3107436490004
        ],
        [
          3.0368261627192457,
          44.917900644891915,
          332.83227953332454
        ],
        [
          0.007510677667664064,
          0.005837411327361459,
          1.0
        ]
      ]
    }
  ]
}
