{
  "image_file": "be20530db7d0_The_Pink_Team_2026_Robot_Reveal_Video_frame_000780.png",
  "image_sha256": "be20530db7d010788c7539925b9cf643bba7b357486dfcdfc36d8f64123db8a4",
  "image_width": 1920,
  "image_height": 1080,
  "detector_config": {
    "library": "pupil-apriltags",
    "library_version": "1.0.4.post11",
    "family": "tag36h11",
    "nthreads": 4,
    "quad_decimate": 1.0,
    "quad_sigma": 0.0,
    "refine_edges": true,
    "decode_sharpening": 0.25
  },
  "detected_at": "2026-04-01T04:41:27.959972+00:00",
  "num_detections": 3,
  "detections": [
    {
      "tag_id": 27,
      "tag_family": "tag36h11",
      "hamming": 0,
      "decision_margin": 56.04826354980469,
      "center": [
        892.4541521641472,
        536.7399537926844
      ],
      "corners": [
        [
          875.5036010742186,
          554.1305541992188
        ],
        [
          910.3958129882815,
          554.0131225585938
        ],
        [
          909.7608032226565,
          518.9840087890624
        ],
        [
          874.0917358398438,
          519.0617065429688
        ]
      ],
      "homography": [
        [
          18.171356577502024,
          10.321572195953424,
          892.4541521641472
        ],
        [
          0.2716593773118319,
          23.422387890189498,
          536.7399537926844
        ],
        [
          0.0005974326759550363,
          0.010992326194626626,
          1.0
        ]
      ]
    },
    {
      "tag_id": 31,
      "tag_family": "tag36h11",
      "hamming": 0,
      "decision_margin": 45.66602325439453,
      "center": [
        96.40809513676658,
        631.1560401879052
      ],
      "corners": [
        [
          83.08613586425781,
          650.050537109375
        ],
        [
          113.29413604736328,
          642.4522705078127
        ],
        [
          109.7455520629883,
          612.2395629882812
        ],
        [
          78.20776367187503,
          618.9805908203123
        ]
      ],
      "homography": [
        [
          17.201776860702083,
          3.9281172265789785,
          96.40809513676658
        ],
        [
          8.044642438345473,
          27.31702678409124,
          631.1560401879052
        ],
        [
          0.01843869933279673,
          0.019020019403627488,
          1.0
        ]
      ]
    },
    {
      "tag_id": 32,
      "tag_family": "tag36h11",
      "hamming": 0,
      "decision_margin": 47.953304290771484,
      "center": [
        174.06060909586554,
        614.5274577993144
      ],
      "corners": [
        [
          162.40161132812497,
          632.1513061523438
        ],
        [
          188.32270812988284,
          625.5132446289061
        ],
        [
          185.07646179199222,
          597.8757934570311
        ],
        [
          159.51081848144528,
          603.320068359375
        ]
      ],
      "homography": [
        [
          16.203929353578246,
          -0.061396297747675424,
          174.06060909586554
        ],
        [
          8.76900556469968,
          8.462636573449801,
          614.5274577993144
        ],
        [
          0.019174487643578774,
          -0.0091893188846611,
          1.0
        ]
      ]
    }
  ],
  "ingest_metadata": {
    "original_name": "The_Pink_Team_2026_Robot_Reveal_Video_frame_000780.png",
    "source": "unknown",
    "dhash": "5456969671139333",
    "ingested_at": "2026-04-01T04:41:27.955302+00:00"
  }
}
