{
  "image_file": "be7eb5b0e47c_test_image_multiple_07.png",
  "image_sha256": "be7eb5b0e47c67e21c28fa8c4911472048b3174c2c7c5d612ed28532e11b9288",
  "image_width": 640,
  "image_height": 480,
  "detector_config": {
    "library": "pupil-apriltags",
    "library_version": "1.0.4.post11",
    "family": "tag36h11",
    "nthreads": 4,
    "quad_decimate": 1.0,
    "quad_sigma": 0.0,
    "refine_edges": true,
    "decode_sharpening": 0.25
  },
  "detected_at": "2026-03-24T14:26:02.005301+00:00",
  "num_detections": 6,
  "detections": [
    {
      "tag_id": 22,
      "tag_family": "tag36h11",
      "hamming": 0,
      "decision_margin": 54.27811050415039,
      "center": [
        303.2504777160491,
        190.4534072886899
      ],
      "corners": [
        [
          284.41668701171864,
          211.84413146972656
        ],
        [
          324.2452392578125,
          208.76191711425784
        ],
        [
          322.5261535644533,
          168.56080627441403
        ],
        [
          280.30590820312506,
          170.44456481933588
        ]
      ],
      "homography": [
        [
          25.45954026087378,
          9.923604921252835,
          303.2504777160491
        ],
        [
          1.8626155344175825,
          25.709705102415086,
          190.4534072886899
        ],
        [
          0.016389924632478334,
          0.027985078908969913,
          1.0
        ]
      ]
    },
    {
      "tag_id": 24,
      "tag_family": "tag36h11",
      "hamming": 0,
      "decision_margin": 55.88043975830078,
      "center": [
        369.3374065319468,
        192.76358410438166
      ],
      "corners": [
        [
          349.1002197265625,
          211.87059020996094
        ],
        [
          389.01440429687506,
          213.9897613525391
        ],
        [
          391.4778747558594,
          171.8595886230469
        ],
        [
          349.8683776855468,
          171.76174926757812
        ]
      ],
      "homography": [
        [
          11.084283528340677,
          6.52601904535385,
          369.3374065319468
        ],
        [
          -4.2666465909248386,
          24.355972334676153,
          192.76358410438166
        ],
        [
          -0.025112513046780117,
          0.019799868660335923,
          1.0
        ]
      ]
    },
    {
      "tag_id": 58,
      "tag_family": "tag36h11",
      "hamming": 0,
      "decision_margin": 57.88736343383789,
      "center": [
        446.59987334257903,
        189.24923783903043
      ],
      "corners": [
        [
          426.2291870117187,
          209.96305847167966
        ],
        [
          465.39575195312506,
          217.2547607421875
        ],
        [
          472.8085632324219,
          162.5990753173828
        ],
        [
          430.16671752929676,
          164.76412963867188
        ]
      ],
      "homography": [
        [
          -22.733793588716082,
          10.316748800327726,
          446.59987334257903
        ],
        [
          -16.797323373183563,
          30.232115502281655,
          189.24923783903043
        ],
        [
          -0.09620100118078882,
          0.029133514492431282,
          1.0
        ]
      ]
    },
    {
      "tag_id": 85,
      "tag_family": "tag36h11",
      "hamming": 0,
      "decision_margin": 53.93503952026367,
      "center": [
        95.863919149454,
        204.31477495023213
      ],
      "corners": [
        [
          56.085865020751974,
          277.48138427734375
        ],
        [
          143.5009918212891,
          239.73532104492185
        ],
        [
          122.52414703369138,
          155.2767181396484
        ],
        [
          20.024648666381804,
          147.92448425292974
        ]
      ],
      "homography": [
        [
          65.63239638048542,
          14.780536460576537,
          95.863919149454
        ],
        [
          35.89842537873397,
          54.27805836117117,
          204.31477495023213
        ],
        [
          0.21292270938308733,
          0.015478918739767462,
          1.0
        ]
      ]
    },
    {
      "tag_id": 144,
      "tag_family": "tag36h11",
      "hamming": 0,
      "decision_margin": 53.52269744873047,
      "center": [
        214.45774294601986,
        199.1201668781576
      ],
      "corners": [
        [
          192.5550689697266,
          229.12686157226562
        ],
        [
          237.21806335449222,
          219.78639221191412
        ],
        [
          233.6026611328125,
          172.89160156250003
        ],
        [
          184.64573669433594,
          172.05105590820307
        ]
      ],
      "homography": [
        [
          44.709230393469795,
          9.869869311653423,
          214.45774294601986
        ],
        [
          17.766943077865985,
          32.379898560170005,
          199.1201668781576
        ],
        [
          0.10065869344815659,
          0.03347434366842163,
          1.0
        ]
      ]
    },
    {
      "tag_id": 198,
      "tag_family": "tag36h11",
      "hamming": 0,
      "decision_margin": 63.58837890625,
      "center": [
        533.7706933875369,
        209.5264121914523
      ],
      "corners": [
        [
          497.42745971679676,
          235.8250122070313
        ],
        [
          557.9805297851564,
          264.23748779296864
        ],
        [
          595.2633056640626,
          165.02928161621088
        ],
        [
          514.6485595703124,
          166.31288146972665
        ]
      ],
      "homography": [
        [
          -66.41390848439482,
          25.11001524722331,
          533.7706933875369
        ],
        [
          -31.616338993281097,
          55.30270600629097,
          209.5264121914523
        ],
        [
          -0.18723455385167753,
          0.06982233937886015,
          1.0
        ]
      ]
    }
  ]
}
