{
  "image_file": "bee92f566ff6_SingTown_-_OpenMV_Cam_video_tutorial_11_-_Apriltag_frame_011300.png",
  "image_sha256": "bee92f566ff6650a4290c163f6f089b068e24e9f40c516a8e643f6cc9935d651",
  "image_width": 1920,
  "image_height": 1080,
  "detector_config": {
    "library": "pupil-apriltags",
    "library_version": "1.0.4.post11",
    "family": "tag36h11",
    "nthreads": 4,
    "quad_decimate": 1.0,
    "quad_sigma": 0.0,
    "refine_edges": true,
    "decode_sharpening": 0.25
  },
  "detected_at": "2026-04-11T20:46:29.211548+00:00",
  "num_detections": 3,
  "detections": [
    {
      "tag_id": 6,
      "tag_family": "tag36h11",
      "hamming": 0,
      "decision_margin": 29.19196319580078,
      "center": [
        682.498909268878,
        243.0284643631903
      ],
      "corners": [
        [
          634.0831298828126,
          272.85955810546875
        ],
        [
          725.09716796875,
          272.14984130859375
        ],
        [
          726.9483032226562,
          215.64123535156247
        ],
        [
          636.6744995117189,
          211.70159912109372
        ]
      ],
      "homography": [
        [
          72.27604315406643,
          -3.2222042743776367,
          682.498909268878
        ],
        [
          10.436995190052581,
          28.613922602729048,
          243.0284643631903
        ],
        [
          0.03959839586647542,
          -0.003112830416084568,
          1.0
        ]
      ]
    },
    {
      "tag_id": 7,
      "tag_family": "tag36h11",
      "hamming": 0,
      "decision_margin": 65.10498809814453,
      "center": [
        542.4179357563838,
        235.70025913329107
      ],
      "corners": [
        [
          490.6998596191408,
          266.15829467773443
        ],
        [
          583.8018188476562,
          264.91735839843744
        ],
        [
          590.4744262695312,
          207.39862060546872
        ],
        [
          501.0483093261721,
          206.49322509765636
        ]
      ],
      "homography": [
        [
          55.50468709404208,
          -14.221380578989617,
          542.4179357563838
        ],
        [
          4.240528740025238,
          24.930930926153223,
          235.70025913329107
        ],
        [
          0.01826315423368515,
          -0.018435432861419514,
          1.0
        ]
      ]
    },
    {
      "tag_id": 8,
      "tag_family": "tag36h11",
      "hamming": 1,
      "decision_margin": 25.12901496887207,
      "center": [
        520.3657650998133,
        436.4002179587404
      ],
      "corners": [
        [
          466.7298583984374,
          471.6584777832031
        ],
        [
          564.4947509765625,
          470.39938354492193
        ],
        [
          572.8605957031252,
          401.8920593261719
        ],
        [
          477.9255676269532,
          403.702178955078
        ]
      ],
      "homography": [
        [
          45.885423272451476,
          -12.76857996906528,
          520.3657650998133
        ],
        [
          -2.6822703823307315,
          27.504902317743472,
          436.4002179587404
        ],
        [
          -0.004378177308810005,
          -0.015129785438960945,
          1.0
        ]
      ]
    }
  ],
  "ingest_metadata": {
    "original_name": "SingTown - OpenMV Cam video tutorial 11 - Apriltag_frame_011300.png",
    "source": "SingTown - OpenMV Cam video tutorial 11 - Apriltag.mp4",
    "dhash": "9cc0c484a4bc8c8c",
    "ingested_at": "2026-04-11T20:46:29.211580+00:00"
  }
}
