{
  "image_file": "c0367fc93b96_dji_mimo_20260216_125718_20260216135719_1771268187552_video_.png",
  "image_sha256": "c0367fc93b96a7702628c44119fd666fbae62fff00d4a15b0b9b2ffae8987997",
  "image_width": 640,
  "image_height": 360,
  "detector_config": {
    "library": "pupil-apriltags",
    "library_version": "1.0.4.post11",
    "family": "tag36h11",
    "nthreads": 4,
    "quad_decimate": 1.0,
    "quad_sigma": 0.0,
    "refine_edges": true,
    "decode_sharpening": 0.25
  },
  "detected_at": "2026-03-24T14:14:46.100078+00:00",
  "num_detections": 2,
  "detections": [
    {
      "tag_id": 18,
      "tag_family": "tag36h11",
      "hamming": 0,
      "decision_margin": 44.23518371582031,
      "center": [
        364.10170643294447,
        136.27419231143256
      ],
      "corners": [
        [
          359.81579589843756,
          146.8654327392578
        ],
        [
          370.30358886718744,
          141.70878601074216
        ],
        [
          368.79095458984364,
          124.68623352050783
        ],
        [
          358.41574096679693,
          131.2916870117188
        ]
      ],
      "homography": [
        [
          -10.87638842538098,
          1.007581997853832,
          364.10170643294447
        ],
        [
          -8.953327965267563,
          8.237946678040911,
          136.27419231143256
        ],
        [
          -0.04416900780469612,
          0.0007703226584551315,
          1.0
        ]
      ]
    },
    {
      "tag_id": 19,
      "tag_family": "tag36h11",
      "hamming": 0,
      "decision_margin": 47.345767974853516,
      "center": [
        438.50876467372024,
        114.70887380524915
      ],
      "corners": [
        [
          433.2421875,
          122.62406921386719
        ],
        [
          447.43243408203125,
          125.47905731201172
        ],
        [
          443.65588378906256,
          106.9732131958008
        ],
        [
          428.8027954101563,
          102.99451446533205
        ]
      ],
      "homography": [
        [
          18.974377103676318,
          8.737972782172394,
          438.50876467372024
        ],
        [
          4.7653913889073305,
          11.273936093291297,
          114.70887380524915
        ],
        [
          0.026731731535415956,
          0.01526048683401281,
          1.0
        ]
      ]
    }
  ],
  "ingest_metadata": {
    "original_name": "dji_mimo_20260216_125718_20260216135719_1771268187552_video_.png",
    "source": "unknown",
    "dhash": "f3f3f6a7a7a69d91",
    "ingested_at": "2026-03-24T14:14:46.092257+00:00"
  }
}
