{
  "image_file": "c1a1701d1d4e_2025_WPI_District_Event_Qual_Match_15_POV_frame_013804.png",
  "image_sha256": "c1a1701d1d4ef0674c2a822f3c0f6da844273a2e084a3482911b12bac6f844a3",
  "image_width": 1920,
  "image_height": 1080,
  "detector_config": {
    "library": "pupil-apriltags",
    "library_version": "1.0.4.post11",
    "family": "tag36h11",
    "nthreads": 4,
    "quad_decimate": 1.0,
    "quad_sigma": 0.0,
    "refine_edges": true,
    "decode_sharpening": 0.25
  },
  "detected_at": "2026-04-01T14:56:18.038328+00:00",
  "num_detections": 3,
  "detections": [
    {
      "tag_id": 4,
      "tag_family": "tag36h11",
      "hamming": 0,
      "decision_margin": 40.51057052612305,
      "center": [
        1097.022642147194,
        449.7341473064755
      ],
      "corners": [
        [
          1089.4089355468748,
          456.32702636718756
        ],
        [
          1104.4300537109375,
          456.10031127929676
        ],
        [
          1104.5473632812505,
          443.2183227539063
        ],
        [
          1089.2127685546875,
          443.02209472656267
        ]
      ],
      "homography": [
        [
          25.31720769944809,
          11.299826702993418,
          1097.022642147194
        ],
        [
          7.259214181146545,
          11.169749082871705,
          449.7341473064755
        ],
        [
          0.01616290367218234,
          0.01028478555951877,
          1.0
        ]
      ]
    },
    {
      "tag_id": 7,
      "tag_family": "tag36h11",
      "hamming": 0,
      "decision_margin": 82.45840454101562,
      "center": [
        676.6071055098423,
        660.7139930614959
      ],
      "corners": [
        [
          664.7294921875,
          672.6434936523438
        ],
        [
          689.77783203125,
          675.0363159179686
        ],
        [
          688.6769409179686,
          648.5914306640625
        ],
        [
          663.5302734374999,
          646.4937744140626
        ]
      ],
      "homography": [
        [
          8.622576065118324,
          2.080632980912811,
          676.6071055098423
        ],
        [
          -2.7105777456174582,
          14.618117423082595,
          660.7139930614959
        ],
        [
          -0.005802046755324701,
          0.0022247826555054574,
          1.0
        ]
      ]
    },
    {
      "tag_id": 8,
      "tag_family": "tag36h11",
      "hamming": 0,
      "decision_margin": 74.76408386230469,
      "center": [
        823.8422464099318,
        655.7072851460929
      ],
      "corners": [
        [
          813.0560913085938,
          670.426025390625
        ],
        [
          834.8782348632811,
          666.4180297851561
        ],
        [
          834.4923095703124,
          641.1742553710939
        ],
        [
          812.436767578125,
          644.6379394531251
        ]
      ],
      "homography": [
        [
          20.36497218941986,
          4.41697462956279,
          823.8422464099318
        ],
        [
          5.610328267535577,
          16.072740369211374,
          655.7072851460929
        ],
        [
          0.011406659133312416,
          0.00505796743332009,
          1.0
        ]
      ]
    }
  ]
}
