{
  "image_file": "c1b53d29c499_2025_FIRST_Robotics_Competition_REEFSCAPE_presented_by_Haas_.png",
  "image_sha256": "c1b53d29c4991755bc63c74e0aaf6bb968b63314dfe49170f56d6fae3d99c0ce",
  "image_width": 1920,
  "image_height": 1080,
  "detector_config": {
    "library": "pupil-apriltags",
    "library_version": "1.0.4.post11",
    "family": "tag36h11",
    "nthreads": 4,
    "quad_decimate": 1.0,
    "quad_sigma": 0.0,
    "refine_edges": true,
    "decode_sharpening": 0.25
  },
  "detected_at": "2026-04-01T00:00:57.536792+00:00",
  "num_detections": 4,
  "detections": [
    {
      "tag_id": 1,
      "tag_family": "tag36h11",
      "hamming": 0,
      "decision_margin": 95.61870574951172,
      "center": [
        785.9325593439567,
        119.97082101928703
      ],
      "corners": [
        [
          774.8959960937501,
          135.61050415039062
        ],
        [
          797.1099243164061,
          134.12594604492185
        ],
        [
          796.8413085937499,
          104.51226043701172
        ],
        [
          774.8040771484376,
          105.87760162353516
        ]
      ],
      "homography": [
        [
          12.490116211952795,
          -3.0596002305336456,
          785.9325593439567
        ],
        [
          -0.49433440034175824,
          14.355525344399965,
          119.97082101928703
        ],
        [
          0.0018163634565213597,
          -0.004007841617489488,
          1.0
        ]
      ]
    },
    {
      "tag_id": 8,
      "tag_family": "tag36h11",
      "hamming": 0,
      "decision_margin": 71.21564483642578,
      "center": [
        1536.0258812068312,
        478.86100950880757
      ],
      "corners": [
        [
          1527.0582275390627,
          492.2058410644531
        ],
        [
          1542.0743408203123,
          501.34948730468756
        ],
        [
          1545.1389160156248,
          465.2998352050781
        ],
        [
          1530.0944824218752,
          456.8077697753906
        ]
      ],
      "homography": [
        [
          -6.165407994365523,
          -2.854465754715876,
          1536.0258812068312
        ],
        [
          0.1435260104057626,
          17.44603024461111,
          478.86100950880757
        ],
        [
          -0.008906078130167205,
          -0.0008653920017765936,
          1.0
        ]
      ]
    },
    {
      "tag_id": 9,
      "tag_family": "tag36h11",
      "hamming": 0,
      "decision_margin": 82.11347961425781,
      "center": [
        1711.2647780375635,
        519.6076288024863
      ],
      "corners": [
        [
          1688.932739257813,
          536.5703735351562
        ],
        [
          1729.9129638671875,
          540.7587890625
        ],
        [
          1733.7687988281243,
          502.5142517089845
        ],
        [
          1692.7059326171873,
          498.5578002929688
        ]
      ],
      "homography": [
        [
          15.174003360413053,
          -0.6796327362151241,
          1711.2647780375635
        ],
        [
          0.41589341536189056,
          19.436813033742055,
          519.6076288024863
        ],
        [
          -0.0031184833935500767,
          0.0007173133392252912,
          1.0
        ]
      ]
    },
    {
      "tag_id": 10,
      "tag_family": "tag36h11",
      "hamming": 0,
      "decision_margin": 84.0577163696289,
      "center": [
        1907.4815416817678,
        513.2455815678254
      ],
      "corners": [
        [
          1895.0718994140625,
          535.8900756835939
        ],
        [
          1915.6687011718752,
          529.3530273437501
        ],
        [
          1918.5780029296875,
          492.99731445312494
        ],
        [
          1899.7108154296875,
          497.9574279785155
        ]
      ],
      "homography": [
        [
          38.23758224686231,
          -80.04126321672811,
          1907.4815416817678
        ],
        [
          4.793432258808821,
          -2.49985874626509,
          513.2455815678254
        ],
        [
          0.014884884329218525,
          -0.04098064944214858,
          1.0
        ]
      ]
    }
  ]
}
