{
  "image_file": "c1d2608cfe0d_Robot_POV__FIRST_Crescendo_Jackson_District_Match_frame_0085.png",
  "image_sha256": "c1d2608cfe0d54fb1536741ec23d60c1bb90829fa129970d6e8ba639c7bb3a46",
  "image_width": 1920,
  "image_height": 1080,
  "detector_config": {
    "library": "pupil-apriltags",
    "library_version": "1.0.4.post11",
    "family": "tag36h11",
    "nthreads": 4,
    "quad_decimate": 1.0,
    "quad_sigma": 0.0,
    "refine_edges": true,
    "decode_sharpening": 0.25
  },
  "detected_at": "2026-04-01T16:21:56.879226+00:00",
  "num_detections": 2,
  "detections": [
    {
      "tag_id": 6,
      "tag_family": "tag36h11",
      "hamming": 0,
      "decision_margin": 71.89351654052734,
      "center": [
        1156.648461692885,
        429.06236916423705
      ],
      "corners": [
        [
          1144.01708984375,
          442.885498046875
        ],
        [
          1168.8240966796875,
          441.8397827148438
        ],
        [
          1169.6191406250002,
          414.86791992187506
        ],
        [
          1144.6723632812502,
          416.4943542480469
        ]
      ],
      "homography": [
        [
          -0.005685416418146214,
          2.5247399260535985,
          1156.648461692885
        ],
        [
          -5.28285925064654,
          14.409884832763964,
          429.06236916423705
        ],
        [
          -0.010757456151611106,
          0.0024956650877556424,
          1.0
        ]
      ]
    },
    {
      "tag_id": 8,
      "tag_family": "tag36h11",
      "hamming": 0,
      "decision_margin": 87.37799835205078,
      "center": [
        425.9280234310923,
        344.69796674701126
      ],
      "corners": [
        [
          403.6443786621094,
          357.58300781249994
        ],
        [
          442.5646057128907,
          362.25524902343756
        ],
        [
          447.6945495605469,
          332.11193847656256
        ],
        [
          409.4116516113282,
          327.2675476074219
        ]
      ],
      "homography": [
        [
          21.027011615312972,
          -5.995139899268222,
          425.9280234310923
        ],
        [
          3.7782525853120874,
          12.465515645698815,
          344.69796674701126
        ],
        [
          0.004056687734033209,
          -0.007682622897033203,
          1.0
        ]
      ]
    }
  ],
  "ingest_metadata": {
    "original_name": "Robot_POV__FIRST_Crescendo_Jackson_District_Match_frame_0085.png",
    "source": "unknown",
    "dhash": "4d44226664bbaa60",
    "ingested_at": "2026-04-01T16:21:56.875300+00:00"
  }
}
