{
  "image_file": "c1fc4ca9e350_WPI_2025_District_Event_Qual_Match_31_POV_frame_003213.png",
  "image_sha256": "c1fc4ca9e350ebf279802620b7e07d2b9cd55a44b54d82cca64edb51993d6306",
  "image_width": 1920,
  "image_height": 1080,
  "detector_config": {
    "library": "pupil-apriltags",
    "library_version": "1.0.4.post11",
    "family": "tag36h11",
    "nthreads": 4,
    "quad_decimate": 1.0,
    "quad_sigma": 0.0,
    "refine_edges": true,
    "decode_sharpening": 0.25
  },
  "detected_at": "2026-04-01T14:59:17.698666+00:00",
  "num_detections": 3,
  "detections": [
    {
      "tag_id": 14,
      "tag_family": "tag36h11",
      "hamming": 0,
      "decision_margin": 22.592927932739258,
      "center": [
        853.6903341266709,
        509.86084303077763
      ],
      "corners": [
        [
          846.5321655273438,
          516.4124145507811
        ],
        [
          861.5424194335936,
          516.3099975585938
        ],
        [
          860.8672485351561,
          503.2921142578125
        ],
        [
          845.7927246093749,
          503.37429809570307
        ]
      ],
      "homography": [
        [
          8.196763633302908,
          2.145594582741638,
          853.6903341266709
        ],
        [
          0.35733086209063364,
          7.584208452157952,
          509.86084303077763
        ],
        [
          0.0007913972706857901,
          0.0020990847914266436,
          1.0
        ]
      ]
    },
    {
      "tag_id": 16,
      "tag_family": "tag36h11",
      "hamming": 0,
      "decision_margin": 47.09677505493164,
      "center": [
        1530.472513238095,
        565.1181630145667
      ],
      "corners": [
        [
          1523.2947998046875,
          573.6111450195311
        ],
        [
          1537.0889892578125,
          573.5926513671876
        ],
        [
          1537.7269287109373,
          556.534423828125
        ],
        [
          1523.948486328125,
          556.7620849609374
        ]
      ],
      "homography": [
        [
          -2.5578540426913605,
          -1.6397544075730368,
          1530.472513238095
        ],
        [
          -3.5512604683027584,
          7.990276947404709,
          565.1181630145667
        ],
        [
          -0.006175052085892747,
          -0.0008603795290352245,
          1.0
        ]
      ]
    },
    {
      "tag_id": 19,
      "tag_family": "tag36h11",
      "hamming": 0,
      "decision_margin": 69.14031982421875,
      "center": [
        1022.8002485543457,
        730.222592361049
      ],
      "corners": [
        [
          1013.8993530273438,
          740.6530151367188
        ],
        [
          1031.53125,
          746.3176879882811
        ],
        [
          1032.0831298828125,
          719.3445434570312
        ],
        [
          1014.3596191406251,
          714.6627807617186
        ]
      ],
      "homography": [
        [
          -10.555110427393402,
          1.8429332071078748,
          1022.8002485543457
        ],
        [
          -11.257206956022062,
          14.73208116666535,
          730.222592361049
        ],
        [
          -0.018958470871559895,
          0.002048485191591593,
          1.0
        ]
      ]
    }
  ],
  "ingest_metadata": {
    "original_name": "WPI_2025_District_Event_Qual_Match_31_POV_frame_003213.png",
    "source": "unknown",
    "dhash": "31b3d0e4e3e36372",
    "ingested_at": "2026-04-01T14:59:17.695299+00:00"
  }
}
