{
  "image_file": "c2464677b3ec_Q17_-_Galileo_-_190_POV_frame_004620.png",
  "image_sha256": "c2464677b3ec85784944ede9d81566ba8e861283574432056cae50968fe81e52",
  "image_width": 1920,
  "image_height": 1080,
  "detector_config": {
    "library": "pupil-apriltags",
    "library_version": "1.0.4.post11",
    "family": "tag36h11",
    "nthreads": 4,
    "quad_decimate": 1.0,
    "quad_sigma": 0.0,
    "refine_edges": true,
    "decode_sharpening": 0.25
  },
  "detected_at": "2026-04-01T14:43:07.555047+00:00",
  "num_detections": 2,
  "detections": [
    {
      "tag_id": 16,
      "tag_family": "tag36h11",
      "hamming": 1,
      "decision_margin": 34.856048583984375,
      "center": [
        191.6024046344138,
        452.0847292770168
      ],
      "corners": [
        [
          171.8162078857422,
          467.9438171386719
        ],
        [
          210.13580322265625,
          471.0416259765625
        ],
        [
          210.63848876953125,
          436.8268737792969
        ],
        [
          172.2928924560547,
          432.33398437500006
        ]
      ],
      "homography": [
        [
          22.974507694436426,
          -0.1314709375803574,
          191.6024046344138
        ],
        [
          10.899895204558332,
          17.71751121861331,
          452.0847292770168
        ],
        [
          0.01991526383389333,
          0.0005935599958431516,
          1.0
        ]
      ]
    },
    {
      "tag_id": 21,
      "tag_family": "tag36h11",
      "hamming": 0,
      "decision_margin": 82.35833740234375,
      "center": [
        1239.5810379091583,
        843.2116810514365
      ],
      "corners": [
        [
          1199.364501953125,
          884.7191162109376
        ],
        [
          1280.689208984375,
          885.9334106445314
        ],
        [
          1280.1470947265627,
          801.343505859375
        ],
        [
          1199.1494140625,
          801.1930541992186
        ]
      ],
      "homography": [
        [
          32.75468721247398,
          -2.2725759135075765,
          1239.5810379091583
        ],
        [
          -4.982160906612995,
          40.35317549934359,
          843.2116810514365
        ],
        [
          -0.006311913504102989,
          -0.0019852281456475118,
          1.0
        ]
      ]
    }
  ]
}
