{
  "image_file": "c2686b4e1163_FRC_2026_Robot_Reveal__-_FRC_Team_3255_The_SuperNURDs_frame_.png",
  "image_sha256": "c2686b4e11630f244ddfc2a4f447092dbeb74d1079000c75540e24e821674857",
  "image_width": 1920,
  "image_height": 1080,
  "detector_config": {
    "library": "pupil-apriltags",
    "library_version": "1.0.4.post11",
    "family": "tag36h11",
    "nthreads": 4,
    "quad_decimate": 1.0,
    "quad_sigma": 0.0,
    "refine_edges": true,
    "decode_sharpening": 0.25
  },
  "detected_at": "2026-04-01T03:57:47.852714+00:00",
  "num_detections": 3,
  "detections": [
    {
      "tag_id": 5,
      "tag_family": "tag36h11",
      "hamming": 0,
      "decision_margin": 64.81143188476562,
      "center": [
        773.092637598693,
        644.7133782622577
      ],
      "corners": [
        [
          751.2258911132812,
          683.427978515625
        ],
        [
          796.4303588867188,
          675.137451171875
        ],
        [
          795.1827392578125,
          605.6033325195311
        ],
        [
          750.1206665039064,
          614.76611328125
        ]
      ],
      "homography": [
        [
          17.548584221020178,
          -0.5010052914512905,
          773.092637598693
        ],
        [
          -8.547683926264998,
          33.639576021814605,
          644.7133782622577
        ],
        [
          -0.006489578053549481,
          -0.0014083408143970072,
          1.0
        ]
      ]
    },
    {
      "tag_id": 9,
      "tag_family": "tag36h11",
      "hamming": 0,
      "decision_margin": 73.28024291992188,
      "center": [
        1037.652547744521,
        618.8661432621471
      ],
      "corners": [
        [
          1014.2593994140623,
          651.5249633789062
        ],
        [
          1063.25439453125,
          658.281982421875
        ],
        [
          1060.3450927734377,
          587.1854248046875
        ],
        [
          1011.4981079101564,
          578.5995483398438
        ]
      ],
      "homography": [
        [
          37.88307073144256,
          -0.9290380626912291,
          1037.652547744521
        ],
        [
          11.844993738871036,
          34.59920990792182,
          618.8661432621471
        ],
        [
          0.012939507956151746,
          -0.0022626784594562887,
          1.0
        ]
      ]
    },
    {
      "tag_id": 10,
      "tag_family": "tag36h11",
      "hamming": 0,
      "decision_margin": 61.58685302734375,
      "center": [
        1138.206248470382,
        635.0137561666762
      ],
      "corners": [
        [
          1117.8470458984373,
          666.2014160156251
        ],
        [
          1161.806884765625,
          672.2434692382812
        ],
        [
          1158.010620117188,
          604.676025390625
        ],
        [
          1114.38330078125,
          597.433349609375
        ]
      ],
      "homography": [
        [
          32.42419472359438,
          -3.3772617488991687,
          1138.206248470382
        ],
        [
          9.198238808046423,
          31.182804680260688,
          635.0137561666762
        ],
        [
          0.009251031499281897,
          -0.0045632501210963,
          1.0
        ]
      ]
    }
  ],
  "ingest_metadata": {
    "original_name": "FRC_2026_Robot_Reveal__-_FRC_Team_3255_The_SuperNURDs_frame_.png",
    "source": "unknown",
    "dhash": "182933b272707efe",
    "ingested_at": "2026-04-01T03:57:47.845299+00:00"
  }
}
