{
  "image_file": "c384798c25b4_FRC_GAME_POV___Close_Match_at_SCR__frame_004046.png",
  "image_sha256": "c384798c25b4e39182d3e0cd9cbc83d3c4b46a43d11ef436a223612a80959d76",
  "image_width": 1920,
  "image_height": 1080,
  "detector_config": {
    "library": "pupil-apriltags",
    "library_version": "1.0.4.post11",
    "family": "tag36h11",
    "nthreads": 4,
    "quad_decimate": 1.0,
    "quad_sigma": 0.0,
    "refine_edges": true,
    "decode_sharpening": 0.25
  },
  "detected_at": "2026-04-01T16:19:35.964866+00:00",
  "num_detections": 2,
  "detections": [
    {
      "tag_id": 8,
      "tag_family": "tag36h11",
      "hamming": 1,
      "decision_margin": 41.836490631103516,
      "center": [
        1644.206732545324,
        620.5651087774692
      ],
      "corners": [
        [
          1635.8579101562498,
          631.3809204101562
        ],
        [
          1654.267578125,
          630.3408203125
        ],
        [
          1652.2935791015625,
          610.0886840820311
        ],
        [
          1634.6396484375,
          611.2691650390625
        ]
      ],
      "homography": [
        [
          1.434755840823986,
          -32.988772715653795,
          1644.206732545324
        ],
        [
          -3.416559071686265,
          -2.6646239390230453,
          620.5651087774692
        ],
        [
          -0.004608298004499818,
          -0.02054776683337449,
          1.0
        ]
      ]
    },
    {
      "tag_id": 10,
      "tag_family": "tag36h11",
      "hamming": 1,
      "decision_margin": 56.938232421875,
      "center": [
        1058.3422526630686,
        634.5655689152446
      ],
      "corners": [
        [
          1050.5368652343748,
          645.664306640625
        ],
        [
          1065.590576171875,
          647.6622924804688
        ],
        [
          1066.198486328125,
          623.39453125
        ],
        [
          1050.6431884765625,
          620.6544189453126
        ]
      ],
      "homography": [
        [
          21.888065618287325,
          17.493298676297858,
          1058.3422526630686
        ],
        [
          9.716078099448847,
          22.910997296072537,
          634.5655689152446
        ],
        [
          0.01345429863712509,
          0.016700848662709798,
          1.0
        ]
      ]
    }
  ]
}
