{
  "image_file": "c4cca5062c0b_Robot_Reveal__Torrent_-_FRC_7028_2025_frame_000413.png",
  "image_sha256": "c4cca5062c0bfeb403a2afa5a3af9aa34ceabb5a37ec4545bd8c5adfb9575ca8",
  "image_width": 1920,
  "image_height": 1080,
  "detector_config": {
    "library": "pupil-apriltags",
    "library_version": "1.0.4.post11",
    "family": "tag36h11",
    "nthreads": 4,
    "quad_decimate": 1.0,
    "quad_sigma": 0.0,
    "refine_edges": true,
    "decode_sharpening": 0.25
  },
  "detected_at": "2026-04-01T01:41:35.555835+00:00",
  "num_detections": 3,
  "detections": [
    {
      "tag_id": 16,
      "tag_family": "tag36h11",
      "hamming": 0,
      "decision_margin": 55.47160720825195,
      "center": [
        212.14930448248754,
        403.4162539596017
      ],
      "corners": [
        [
          199.07701110839844,
          416.23980712890625
        ],
        [
          228.74197387695312,
          414.4599304199219
        ],
        [
          224.78144836425784,
          391.0244750976563
        ],
        [
          195.1391296386719,
          392.09469604492193
        ]
      ],
      "homography": [
        [
          17.957953133964054,
          1.4767679603965598,
          212.14930448248754
        ],
        [
          5.248570583332649,
          10.944648524643185,
          403.4162539596017
        ],
        [
          0.014774094295214247,
          -0.0023493886247811786,
          1.0
        ]
      ]
    },
    {
      "tag_id": 19,
      "tag_family": "tag36h11",
      "hamming": 0,
      "decision_margin": 71.121826171875,
      "center": [
        789.6520413985626,
        664.2416328474086
      ],
      "corners": [
        [
          779.04833984375,
          690.2874145507811
        ],
        [
          802.1995239257812,
          676.8173217773438
        ],
        [
          799.8730468749999,
          639.1358642578125
        ],
        [
          776.2429809570312,
          650.8024291992188
        ]
      ],
      "homography": [
        [
          32.04762712184322,
          7.127337867838836,
          789.6520413985626
        ],
        [
          10.840496525398631,
          24.200851917424757,
          664.2416328474086
        ],
        [
          0.025785056412891697,
          0.00740803541562822,
          1.0
        ]
      ]
    },
    {
      "tag_id": 20,
      "tag_family": "tag36h11",
      "hamming": 0,
      "decision_margin": 114.31795501708984,
      "center": [
        570.989323692592,
        713.5493817818317
      ],
      "corners": [
        [
          549.7938842773436,
          736.364013671875
        ],
        [
          595.9224853515625,
          733.8621826171875
        ],
        [
          592.1929931640625,
          690.7258911132812
        ],
        [
          545.6273193359375,
          692.8872070312501
        ]
      ],
      "homography": [
        [
          25.55151276784011,
          4.462793392162784,
          570.989323692592
        ],
        [
          1.806261953249415,
          24.76382885753185,
          713.5493817818317
        ],
        [
          0.004166205000339,
          0.00436031417947495,
          1.0
        ]
      ]
    }
  ],
  "ingest_metadata": {
    "original_name": "Robot_Reveal__Torrent_-_FRC_7028_2025_frame_000413.png",
    "source": "unknown",
    "dhash": "1e4e484838306000",
    "ingested_at": "2026-04-01T01:41:35.545300+00:00"
  }
}
