{
  "image_file": "c57ed497472f_WPI_2025_District_Event_Qual_Match_25_POV_frame_014161.png",
  "image_sha256": "c57ed497472fd82ae6f00cf1fa17bde0830c373868a7160147dbb9a27d89eceb",
  "image_width": 1920,
  "image_height": 1080,
  "detector_config": {
    "library": "pupil-apriltags",
    "library_version": "1.0.4.post11",
    "family": "tag36h11",
    "nthreads": 4,
    "quad_decimate": 1.0,
    "quad_sigma": 0.0,
    "refine_edges": true,
    "decode_sharpening": 0.25
  },
  "detected_at": "2026-04-01T14:58:00.888345+00:00",
  "num_detections": 2,
  "detections": [
    {
      "tag_id": 3,
      "tag_family": "tag36h11",
      "hamming": 0,
      "decision_margin": 39.95642852783203,
      "center": [
        1468.615334177352,
        493.79741946402186
      ],
      "corners": [
        [
          1462.8041992187498,
          502.9773559570314
        ],
        [
          1473.9306640625002,
          502.97937011718733
        ],
        [
          1474.7972412109377,
          484.03176879882795
        ],
        [
          1462.9620361328123,
          484.0316467285157
        ]
      ],
      "homography": [
        [
          5.659062170946976,
          45.07139500242988,
          1468.615334177352
        ],
        [
          -0.024951724329074138,
          24.704830926090494,
          493.79741946402186
        ],
        [
          -5.1671977887892976e-05,
          0.03086392685224806,
          1.0
        ]
      ]
    },
    {
      "tag_id": 4,
      "tag_family": "tag36h11",
      "hamming": 0,
      "decision_margin": 37.00828170776367,
      "center": [
        1181.551777410403,
        438.8604502900411
      ],
      "corners": [
        [
          1173.1296386718748,
          445.09640502929693
        ],
        [
          1188.2596435546875,
          445.65554809570307
        ],
        [
          1189.8833007812505,
          432.69158935546875
        ],
        [
          1175.0030517578127,
          432.22656250000006
        ]
      ],
      "homography": [
        [
          3.6052405927443956,
          -11.161992898894368,
          1181.551777410403
        ],
        [
          -1.1916993746820597,
          2.636866810844026,
          438.8604502900411
        ],
        [
          -0.0032979703682811815,
          -0.008706660545347942,
          1.0
        ]
      ]
    }
  ],
  "ingest_metadata": {
    "original_name": "WPI_2025_District_Event_Qual_Match_25_POV_frame_014161.png",
    "source": "unknown",
    "dhash": "33925472684c6465",
    "ingested_at": "2026-04-01T14:58:00.885299+00:00"
  }
}
