{
  "image_file": "c7a96579a4b2_Team_1540_2026_Robot_Reveal__Hephaestus_frame_002250.png",
  "image_sha256": "c7a96579a4b2022b76c959b9143c8d16faa8a4ddb9090162c02c79c1440f0877",
  "image_width": 1920,
  "image_height": 1080,
  "detector_config": {
    "library": "pupil-apriltags",
    "library_version": "1.0.4.post11",
    "family": "tag36h11",
    "nthreads": 4,
    "quad_decimate": 1.0,
    "quad_sigma": 0.0,
    "refine_edges": true,
    "decode_sharpening": 0.25
  },
  "detected_at": "2026-04-01T04:49:41.997017+00:00",
  "num_detections": 5,
  "detections": [
    {
      "tag_id": 19,
      "tag_family": "tag36h11",
      "hamming": 0,
      "decision_margin": 75.30506896972656,
      "center": [
        934.2076712193831,
        596.4124832863001
      ],
      "corners": [
        [
          919.787353515625,
          610.62841796875
        ],
        [
          945.9161987304686,
          626.8360595703126
        ],
        [
          949.191162109375,
          581.641357421875
        ],
        [
          922.6347656250001,
          566.34130859375
        ]
      ],
      "homography": [
        [
          1.5009124170142052,
          4.69734571629192,
          934.2076712193831
        ],
        [
          0.43035465467721357,
          26.341697796067592,
          596.4124832863001
        ],
        [
          -0.012489197244916818,
          0.0066638721419373815,
          1.0
        ]
      ]
    },
    {
      "tag_id": 20,
      "tag_family": "tag36h11",
      "hamming": 0,
      "decision_margin": 78.97579956054688,
      "center": [
        995.1218780217599,
        633.3389285887423
      ],
      "corners": [
        [
          979.0341796874998,
          647.6426391601562
        ],
        [
          1007.7029418945312,
          665.2412109375
        ],
        [
          1011.6016235351564,
          618.6866455078125
        ],
        [
          982.7512817382811,
          601.9703369140625
        ]
      ],
      "homography": [
        [
          4.191576075753005,
          -0.11050008256722725,
          995.1218780217599
        ],
        [
          2.095462674550387,
          24.19550110512705,
          633.3389285887423
        ],
        [
          -0.010236511184316495,
          0.0018014977233007244,
          1.0
        ]
      ]
    },
    {
      "tag_id": 21,
      "tag_family": "tag36h11",
      "hamming": 0,
      "decision_margin": 75.19747924804688,
      "center": [
        1258.3490438605463,
        669.3647994279049
      ],
      "corners": [
        [
          1236.3685302734373,
          697.5939331054686
        ],
        [
          1273.89111328125,
          687.9974365234376
        ],
        [
          1280.3875732421877,
          641.0611572265626
        ],
        [
          1242.4447021484377,
          650.2978515624999
        ]
      ],
      "homography": [
        [
          25.284350928774757,
          4.933334436135058,
          1258.3490438605463
        ],
        [
          -1.2949817242321193,
          27.853560090372525,
          669.3647994279049
        ],
        [
          0.005101168012505204,
          0.006419138386685452,
          1.0
        ]
      ]
    },
    {
      "tag_id": 24,
      "tag_family": "tag36h11",
      "hamming": 0,
      "decision_margin": 73.8772201538086,
      "center": [
        1338.7835535842876,
        649.7053819403725
      ],
      "corners": [
        [
          1317.5633544921875,
          677.4064331054689
        ],
        [
          1353.4094238281248,
          668.0917968749999
        ],
        [
          1359.5375976562502,
          622.6128540039062
        ],
        [
          1323.9080810546877,
          631.0051879882814
        ]
      ],
      "homography": [
        [
          30.96469438053441,
          -4.888020410424357,
          1338.7835535842876
        ],
        [
          1.9304969013732007,
          22.108448525845233,
          649.7053819403725
        ],
        [
          0.009783224527424424,
          -0.0013225152071921862,
          1.0
        ]
      ]
    },
    {
      "tag_id": 29,
      "tag_family": "tag36h11",
      "hamming": 0,
      "decision_margin": 37.95707702636719,
      "center": [
        1370.06283741494,
        375.24104671114867
      ],
      "corners": [
        [
          1358.55615234375,
          385.0215148925781
        ],
        [
          1378.48681640625,
          392.05401611328125
        ],
        [
          1381.5151367187505,
          365.50680541992193
        ],
        [
          1361.8226318359377,
          358.79486083984375
        ]
      ],
      "homography": [
        [
          3.973412708417983,
          -10.75145125375684,
          1370.06283741494
        ],
        [
          1.810479418801775,
          10.678899828289957,
          375.24104671114867
        ],
        [
          -0.004329612111863753,
          -0.006698434987114566,
          1.0
        ]
      ]
    }
  ],
  "ingest_metadata": {
    "original_name": "Team_1540_2026_Robot_Reveal__Hephaestus_frame_002250.png",
    "source": "unknown",
    "dhash": "b3e2833af9d9b9d7",
    "ingested_at": "2026-04-01T04:49:41.985300+00:00"
  }
}
