{
  "image_file": "c7cc4ce067b1_2025_WPI_District_Event_Qual_Match_15_POV_frame_001071.png",
  "image_sha256": "c7cc4ce067b1cd384105e101a7a8a6238e0407efa50e47dd4daad684d309c1ca",
  "image_width": 1920,
  "image_height": 1080,
  "detector_config": {
    "library": "pupil-apriltags",
    "library_version": "1.0.4.post11",
    "family": "tag36h11",
    "nthreads": 4,
    "quad_decimate": 1.0,
    "quad_sigma": 0.0,
    "refine_edges": true,
    "decode_sharpening": 0.25
  },
  "detected_at": "2026-04-01T14:55:12.197461+00:00",
  "num_detections": 4,
  "detections": [
    {
      "tag_id": 4,
      "tag_family": "tag36h11",
      "hamming": 0,
      "decision_margin": 44.108821868896484,
      "center": [
        1077.9449177473575,
        444.476208951648
      ],
      "corners": [
        [
          1070.4503173828123,
          450.9106750488282
        ],
        [
          1085.4007568359375,
          450.70831298828125
        ],
        [
          1085.4382324218755,
          438.0428466796875
        ],
        [
          1069.98291015625,
          437.8210144042968
        ]
      ],
      "homography": [
        [
          25.33800669679749,
          17.751581198846228,
          1077.9449177473575
        ],
        [
          7.316544599435984,
          13.712330776382432,
          444.476208951648
        ],
        [
          0.01645791021922739,
          0.01637212843943361,
          1.0
        ]
      ]
    },
    {
      "tag_id": 5,
      "tag_family": "tag36h11",
      "hamming": 1,
      "decision_margin": 28.145280838012695,
      "center": [
        722.478534315509,
        448.06723044033697
      ],
      "corners": [
        [
          717.6392822265626,
          454.1953125
        ],
        [
          730.1151123046875,
          453.5988159179687
        ],
        [
          727.1104125976561,
          442.2017517089843
        ],
        [
          714.52197265625,
          442.3038635253906
        ]
      ],
      "homography": [
        [
          21.585672565370942,
          1.033450214901225,
          722.478534315509
        ],
        [
          9.328241447248843,
          5.511553738884232,
          448.06723044033697
        ],
        [
          0.021208078916976087,
          -0.0006872808419990884,
          1.0
        ]
      ]
    },
    {
      "tag_id": 7,
      "tag_family": "tag36h11",
      "hamming": 0,
      "decision_margin": 82.19023895263672,
      "center": [
        657.58453070406,
        656.6480863200082
      ],
      "corners": [
        [
          645.6058349609375,
          668.760498046875
        ],
        [
          670.97265625,
          671.0240478515625
        ],
        [
          669.7130126953125,
          644.3842163085938
        ],
        [
          644.3067626953125,
          642.390625
        ]
      ],
      "homography": [
        [
          9.289304832988591,
          1.3219818376504702,
          657.58453070406
        ],
        [
          -2.3343712242722194,
          13.933281194962547,
          656.6480863200082
        ],
        [
          -0.005175937058219755,
          0.0010374094305509397,
          1.0
        ]
      ]
    },
    {
      "tag_id": 8,
      "tag_family": "tag36h11",
      "hamming": 0,
      "decision_margin": 75.2033920288086,
      "center": [
        805.7450701388651,
        650.9011657822438
      ],
      "corners": [
        [
          795.0545654296875,
          665.6205444335938
        ],
        [
          816.9133911132812,
          661.5939331054686
        ],
        [
          816.33837890625,
          636.3156127929688
        ],
        [
          794.3014526367188,
          639.9448242187499
        ]
      ],
      "homography": [
        [
          17.71767602930879,
          3.3964273583602584,
          805.7450701388651
        ],
        [
          3.533922863844735,
          15.213638732770619,
          650.9011657822438
        ],
        [
          0.008370745510415544,
          0.003804085409786257,
          1.0
        ]
      ]
    }
  ],
  "ingest_metadata": {
    "original_name": "2025_WPI_District_Event_Qual_Match_15_POV_frame_001071.png",
    "source": "unknown",
    "dhash": "33925669d01c6260",
    "ingested_at": "2026-04-01T14:55:12.185301+00:00"
  }
}
