{
  "image_file": "c7ea727714cf_FRC_team_1690_Orbit_2026_robot_reveal_-__KEPLER__frame_00371.png",
  "image_sha256": "c7ea727714cf7fb088c0cc1433a3419020faaa341bbe27694af57e55a9d36920",
  "image_width": 1920,
  "image_height": 1080,
  "detector_config": {
    "library": "pupil-apriltags",
    "library_version": "1.0.4.post11",
    "family": "tag36h11",
    "nthreads": 4,
    "quad_decimate": 1.0,
    "quad_sigma": 0.0,
    "refine_edges": true,
    "decode_sharpening": 0.25
  },
  "detected_at": "2026-04-01T03:39:32.059019+00:00",
  "num_detections": 5,
  "detections": [
    {
      "tag_id": 21,
      "tag_family": "tag36h11",
      "hamming": 0,
      "decision_margin": 77.45260620117188,
      "center": [
        395.3919715292747,
        480.13602008232385
      ],
      "corners": [
        [
          373.57540893554705,
          519.7987670898439
        ],
        [
          415.29833984375,
          512.361572265625
        ],
        [
          417.39907836914057,
          440.1268615722656
        ],
        [
          375.94229125976574,
          448.6497802734375
        ]
      ],
      "homography": [
        [
          17.639753689522536,
          -2.5525121350989344,
          395.3919715292747
        ],
        [
          -7.82135841292433,
          34.101460959570545,
          480.13602008232385
        ],
        [
          -0.007975993616905368,
          -0.003628018000056084,
          1.0
        ]
      ]
    },
    {
      "tag_id": 24,
      "tag_family": "tag36h11",
      "hamming": 0,
      "decision_margin": 76.63590240478516,
      "center": [
        489.3685960246102,
        461.91501495131257
      ],
      "corners": [
        [
          465.7822875976561,
          503.6980895996093
        ],
        [
          512.28369140625,
          495.6051330566407
        ],
        [
          513.3480834960939,
          419.43542480468756
        ],
        [
          467.0856323242187,
          429.1542663574218
        ]
      ],
      "homography": [
        [
          17.74327044674726,
          -1.9928798710591287,
          489.3685960246102
        ],
        [
          -9.59398419504584,
          36.35266072174801,
          461.91501495131257
        ],
        [
          -0.011125909219745541,
          -0.002859905527321961,
          1.0
        ]
      ]
    },
    {
      "tag_id": 25,
      "tag_family": "tag36h11",
      "hamming": 0,
      "decision_margin": 68.13823699951172,
      "center": [
        650.9635194286684,
        460.18336186693637
      ],
      "corners": [
        [
          620.4046020507814,
          493.36740112304693
        ],
        [
          679.4330444335936,
          501.91210937499994
        ],
        [
          680.6431884765626,
          427.9541015625
        ],
        [
          621.6007080078127,
          417.1452941894532
        ]
      ],
      "homography": [
        [
          39.28927373744898,
          -0.3251302087554629,
          650.9635194286684
        ],
        [
          11.749276248490554,
          37.73207641103659,
          460.18336186693637
        ],
        [
          0.015021119599551463,
          0.00042502128180204045,
          1.0
        ]
      ]
    },
    {
      "tag_id": 26,
      "tag_family": "tag36h11",
      "hamming": 0,
      "decision_margin": 64.91901397705078,
      "center": [
        771.1398504483221,
        479.67643543528885
      ],
      "corners": [
        [
          743.7094726562499,
          511.2139282226563
        ],
        [
          796.8336181640625,
          519.305480957031
        ],
        [
          797.6705932617189,
          449.1732788085936
        ],
        [
          744.9857177734374,
          439.3373413085938
        ]
      ],
      "homography": [
        [
          36.299201782874775,
          -3.5302338505953186,
          771.1398504483221
        ],
        [
          10.612726821876773,
          33.62730669982284,
          479.67643543528885
        ],
        [
          0.012775527160562657,
          -0.003896383440647123,
          1.0
        ]
      ]
    },
    {
      "tag_id": 28,
      "tag_family": "tag36h11",
      "hamming": 0,
      "decision_margin": 61.01224136352539,
      "center": [
        1352.8703850222403,
        675.9785954579086
      ],
      "corners": [
        [
          1341.966064453125,
          697.984619140625
        ],
        [
          1366.6697998046877,
          699.5418701171875
        ],
        [
          1363.5257568359375,
          654.4749755859375
        ],
        [
          1339.0217285156248,
          652.3312377929688
        ]
      ],
      "homography": [
        [
          21.31670927884784,
          -5.083230412608597,
          1352.8703850222403
        ],
        [
          5.431371774034003,
          19.377799839581826,
          675.9785954579086
        ],
        [
          0.006663985726712478,
          -0.004882967309432937,
          1.0
        ]
      ]
    }
  ]
}
