{
  "image_file": "c8ee558eaf55_NC_GEARS_Robotics_Team_1918_-_2026_Reveal_Video_-_GEARSOSAUR.png",
  "image_sha256": "c8ee558eaf55ca6720267959ae55e1e2fe18671a700a08c87e47498f277c6cea",
  "image_width": 1920,
  "image_height": 1080,
  "detector_config": {
    "library": "pupil-apriltags",
    "library_version": "1.0.4.post11",
    "family": "tag36h11",
    "nthreads": 4,
    "quad_decimate": 1.0,
    "quad_sigma": 0.0,
    "refine_edges": true,
    "decode_sharpening": 0.25
  },
  "detected_at": "2026-04-01T04:59:00.656509+00:00",
  "num_detections": 3,
  "detections": [
    {
      "tag_id": 23,
      "tag_family": "tag36h11",
      "hamming": 0,
      "decision_margin": 77.37442016601562,
      "center": [
        865.300194605811,
        883.6862472337028
      ],
      "corners": [
        [
          854.5314941406249,
          901.2888793945312
        ],
        [
          871.0811767578125,
          901.3570556640626
        ],
        [
          876.7100830078127,
          865.0355224609375
        ],
        [
          859.7025756835939,
          866.5759277343748
        ]
      ],
      "homography": [
        [
          -11.096131028519153,
          2.8398640553656365,
          865.300194605811
        ],
        [
          -20.25671140664338,
          23.40238271009866,
          883.6862472337028
        ],
        [
          -0.022512482605482984,
          0.0063977398011418685,
          1.0
        ]
      ]
    },
    {
      "tag_id": 25,
      "tag_family": "tag36h11",
      "hamming": 0,
      "decision_margin": 72.69500732421875,
      "center": [
        1479.6098120055558,
        622.1625424542439
      ],
      "corners": [
        [
          1440.4707031250002,
          681.3335571289061
        ],
        [
          1540.7073974609377,
          654.9777221679689
        ],
        [
          1519.6307373046873,
          561.6583862304688
        ],
        [
          1426.982666015625,
          593.8967895507811
        ]
      ],
      "homography": [
        [
          -15.282278460133734,
          -38.375023419092486,
          1479.6098120055558
        ],
        [
          -41.36484006843307,
          25.39600353226592,
          622.1625424542439
        ],
        [
          -0.042810807187428274,
          -0.03167114021135903,
          1.0
        ]
      ]
    },
    {
      "tag_id": 26,
      "tag_family": "tag36h11",
      "hamming": 0,
      "decision_margin": 66.62125396728516,
      "center": [
        1720.8369246988198,
        547.5364211231798
      ],
      "corners": [
        [
          1675.610595703125,
          618.5399780273438
        ],
        [
          1806.1439208984375,
          580.440673828125
        ],
        [
          1766.2268066406252,
          476.27609252929705
        ],
        [
          1645.0615234375,
          518.3086547851562
        ]
      ],
      "homography": [
        [
          10.317782971604178,
          -31.88424113839642,
          1720.8369246988198
        ],
        [
          -36.78081962960244,
          35.3391383538709,
          547.5364211231798
        ],
        [
          -0.03048853339204049,
          -0.028683636184151196,
          1.0
        ]
      ]
    }
  ]
}
