{
  "image_file": "c904b20e8a04_2026_Robot_Reveal-_FRC_3990_Tech_For_Kids_frame_002160.png",
  "image_sha256": "c904b20e8a048996b2a864c017ca2dc55f540ee74d2229d7433b0cd140370d6b",
  "image_width": 1920,
  "image_height": 1080,
  "detector_config": {
    "library": "pupil-apriltags",
    "library_version": "1.0.4.post11",
    "family": "tag36h11",
    "nthreads": 4,
    "quad_decimate": 1.0,
    "quad_sigma": 0.0,
    "refine_edges": true,
    "decode_sharpening": 0.25
  },
  "detected_at": "2026-04-01T03:46:27.212083+00:00",
  "num_detections": 3,
  "detections": [
    {
      "tag_id": 17,
      "tag_family": "tag36h11",
      "hamming": 0,
      "decision_margin": 67.05393981933594,
      "center": [
        865.0493995433927,
        251.67994097014594
      ],
      "corners": [
        [
          847.6112670898436,
          277.39108276367193
        ],
        [
          885.6350708007812,
          275.4546813964843
        ],
        [
          882.8510742187502,
          225.43278503417966
        ],
        [
          844.9444580078126,
          228.46040344238287
        ]
      ],
      "homography": [
        [
          9.408258124664712,
          0.714284858494467,
          865.0493995433927
        ],
        [
          -4.026164270239295,
          24.546609829299683,
          251.67994097014594
        ],
        [
          -0.011065251760972655,
          -0.0007490142038662442,
          1.0
        ]
      ]
    },
    {
      "tag_id": 29,
      "tag_family": "tag36h11",
      "hamming": 1,
      "decision_margin": 43.7783088684082,
      "center": [
        1376.169377189901,
        322.6513940521088
      ],
      "corners": [
        [
          1362.362060546875,
          336.3803405761719
        ],
        [
          1389.8082275390627,
          336.3241882324219
        ],
        [
          1390.5408935546877,
          308.3614501953125
        ],
        [
          1362.8192138671877,
          309.26800537109375
        ]
      ],
      "homography": [
        [
          -7.3486158684199845,
          6.121431859338144,
          1376.169377189901
        ],
        [
          -5.1943382958934325,
          15.269652738570585,
          322.6513940521088
        ],
        [
          -0.015359287736448611,
          0.004662823243238153,
          1.0
        ]
      ]
    },
    {
      "tag_id": 30,
      "tag_family": "tag36h11",
      "hamming": 1,
      "decision_margin": 49.83390426635742,
      "center": [
        1454.1688359147083,
        320.93191557093684
      ],
      "corners": [
        [
          1439.4317626953125,
          336.14202880859375
        ],
        [
          1468.112060546875,
          334.72161865234375
        ],
        [
          1468.429443359375,
          306.2135620117188
        ],
        [
          1439.6939697265625,
          306.61642456054693
        ]
      ],
      "homography": [
        [
          39.898536427966974,
          1.509917489173636,
          1454.1688359147083
        ],
        [
          5.182360016833227,
          14.869266966690361,
          320.93191557093684
        ],
        [
          0.01756951229916293,
          0.0011383438809321285,
          1.0
        ]
      ]
    }
  ]
}
