{
  "image_file": "c94263f7dea2_2521_SERT_2024_Robot_Reveal__Marvin_frame_002760.png",
  "image_sha256": "c94263f7dea2e100ca347dddfbdd09b6910b5011b91f7acd6ffb211fc0044d34",
  "image_width": 1920,
  "image_height": 1080,
  "detector_config": {
    "library": "pupil-apriltags",
    "library_version": "1.0.4.post11",
    "family": "tag36h11",
    "nthreads": 4,
    "quad_decimate": 1.0,
    "quad_sigma": 0.0,
    "refine_edges": true,
    "decode_sharpening": 0.25
  },
  "detected_at": "2026-04-01T00:48:44.117016+00:00",
  "num_detections": 2,
  "detections": [
    {
      "tag_id": 3,
      "tag_family": "tag36h11",
      "hamming": 0,
      "decision_margin": 94.51701354980469,
      "center": [
        880.5495882273028,
        250.0817283963399
      ],
      "corners": [
        [
          867.1412963867186,
          265.0715026855469
        ],
        [
          894.4836425781251,
          264.8533630371093
        ],
        [
          893.9224243164064,
          235.13159179687497
        ],
        [
          866.5465698242188,
          235.2369842529297
        ]
      ],
      "homography": [
        [
          15.349219436138583,
          0.7929122324999317,
          880.5495882273028
        ],
        [
          0.3932971704913352,
          15.03214115726783,
          250.0817283963399
        ],
        [
          0.0018962288812579772,
          0.0005723208078699741,
          1.0
        ]
      ]
    },
    {
      "tag_id": 4,
      "tag_family": "tag36h11",
      "hamming": 0,
      "decision_margin": 88.00708770751953,
      "center": [
        782.9961581554901,
        250.29299709131428
      ],
      "corners": [
        [
          769.1398315429688,
          265.68545532226557
        ],
        [
          797.9898681640625,
          265.72705078125
        ],
        [
          796.744873046875,
          235.02008056640628
        ],
        [
          768.1150512695312,
          234.97485351562497
        ]
      ],
      "homography": [
        [
          14.42029525985754,
          -2.4343409569166834,
          782.9961581554901
        ],
        [
          0.03786907695530141,
          14.394615438967293,
          250.29299709131428
        ],
        [
          6.454902667595609e-05,
          -0.003833714307623069,
          1.0
        ]
      ]
    }
  ]
}
