{
  "image_file": "c948c9d2db55_PC000002_MOV-0129_jpg_rf_1e8e90a8e625f14a33a4e2f34893c2a3.png",
  "image_sha256": "c948c9d2db55223f0aa317ca5dc7990b9b140dae1a31350f0fca4ab118d69bdf",
  "image_width": 640,
  "image_height": 360,
  "detector_config": {
    "library": "pupil-apriltags",
    "library_version": "1.0.4.post11",
    "family": "tag36h11",
    "nthreads": 4,
    "quad_decimate": 1.0,
    "quad_sigma": 0.0,
    "refine_edges": true,
    "decode_sharpening": 0.25
  },
  "detected_at": "2026-03-24T14:12:59.406846+00:00",
  "num_detections": 2,
  "detections": [
    {
      "tag_id": 2,
      "tag_family": "tag36h11",
      "hamming": 0,
      "decision_margin": 53.26603698730469,
      "center": [
        600.095260330437,
        180.59690373193368
      ],
      "corners": [
        [
          580.1019287109376,
          203.0832977294922
        ],
        [
          609.9003295898438,
          225.51895141601565
        ],
        [
          618.2357177734376,
          160.1944274902344
        ],
        [
          589.32958984375,
          131.27384948730466
        ]
      ],
      "homography": [
        [
          43.23281918925272,
          -4.946955736052468,
          600.095260330437
        ],
        [
          21.41719211294875,
          34.036017025659845,
          180.59690373193368
        ],
        [
          0.04764311686528979,
          -0.00094566022848704,
          1.0
        ]
      ]
    },
    {
      "tag_id": 9,
      "tag_family": "tag36h11",
      "hamming": 0,
      "decision_margin": 41.519371032714844,
      "center": [
        157.7582871137741,
        67.6825146639197
      ],
      "corners": [
        [
          140.87905883789062,
          94.52658081054688
        ],
        [
          164.98608398437503,
          93.75685119628906
        ],
        [
          176.5702362060547,
          37.76472473144532
        ],
        [
          150.88449096679688,
          42.88523864746095
        ]
      ],
      "homography": [
        [
          6.1682539102532985,
          -3.0822013833945894,
          157.7582871137741
        ],
        [
          -4.121046824097565,
          27.84174904530836,
          67.6825146639197
        ],
        [
          -0.03962740930951018,
          0.014523811213718903,
          1.0
        ]
      ]
    }
  ]
}
