{
  "image_file": "c969ce394ff6_Pharaoh___2026_Robot_Reveal_frame_000840.png",
  "image_sha256": "c969ce394ff6089b0eb7aa10995bd837221fe5487d80ae6637f180ce3ee83625",
  "image_width": 1920,
  "image_height": 1080,
  "detector_config": {
    "library": "pupil-apriltags",
    "library_version": "1.0.4.post11",
    "family": "tag36h11",
    "nthreads": 4,
    "quad_decimate": 1.0,
    "quad_sigma": 0.0,
    "refine_edges": true,
    "decode_sharpening": 0.25
  },
  "detected_at": "2026-04-01T04:57:47.408242+00:00",
  "num_detections": 6,
  "detections": [
    {
      "tag_id": 1,
      "tag_family": "tag36h11",
      "hamming": 0,
      "decision_margin": 26.254030227661133,
      "center": [
        1822.6946435989262,
        622.0435346327714
      ],
      "corners": [
        [
          1811.4029541015625,
          632.7332153320312
        ],
        [
          1831.4176025390627,
          633.3322753906251
        ],
        [
          1833.879150390625,
          611.455322265625
        ],
        [
          1814.0574951171873,
          610.8658447265624
        ]
      ],
      "homography": [
        [
          9.80004227108134,
          -10.129722244536195,
          1822.6946435989262
        ],
        [
          0.2429234257526777,
          7.915276054412175,
          622.0435346327714
        ],
        [
          -8.712366414153408e-05,
          -0.004855844504910035,
          1.0
        ]
      ]
    },
    {
      "tag_id": 18,
      "tag_family": "tag36h11",
      "hamming": 0,
      "decision_margin": 23.10757827758789,
      "center": [
        1496.4898966340293,
        557.0000724361887
      ],
      "corners": [
        [
          1477.1939697265625,
          580.9493408203125
        ],
        [
          1514.7060546875,
          582.360595703125
        ],
        [
          1514.8365478515625,
          534.2290039062502
        ],
        [
          1478.6451416015625,
          532.1566162109377
        ]
      ],
      "homography": [
        [
          29.58185831598144,
          -26.966148407100714,
          1496.4898966340293
        ],
        [
          5.03189728076836,
          14.330705632840022,
          557.0000724361887
        ],
        [
          0.007459406561605148,
          -0.017758730378468417,
          1.0
        ]
      ]
    },
    {
      "tag_id": 23,
      "tag_family": "tag36h11",
      "hamming": 0,
      "decision_margin": 25.483139038085938,
      "center": [
        933.7030281823884,
        591.7521511992023
      ],
      "corners": [
        [
          925.9497680664064,
          605.8947143554688
        ],
        [
          941.0714721679688,
          607.7192993164062
        ],
        [
          941.9718017578125,
          576.6692504882812
        ],
        [
          926.3967895507812,
          575.9197998046875
        ]
      ],
      "homography": [
        [
          -9.330076534595266,
          12.709358671333119,
          933.7030281823884
        ],
        [
          -10.123172404297751,
          23.514224321227516,
          591.7521511992023
        ],
        [
          -0.018207119907906057,
          0.01396816254194473,
          1.0
        ]
      ]
    },
    {
      "tag_id": 25,
      "tag_family": "tag36h11",
      "hamming": 0,
      "decision_margin": 31.91744041442871,
      "center": [
        1181.02347684281,
        546.4263149298941
      ],
      "corners": [
        [
          1167.6398925781248,
          567.64697265625
        ],
        [
          1192.619384765625,
          568.0582275390624
        ],
        [
          1195.0935058593755,
          524.1172485351561
        ],
        [
          1169.2982177734377,
          524.5531005859375
        ]
      ],
      "homography": [
        [
          1.1994660987049863,
          17.011320268120016,
          1181.02347684281
        ],
        [
          -5.315668181599566,
          30.098322907062652,
          546.4263149298941
        ],
        [
          -0.0097286454508136,
          0.015275158050313155,
          1.0
        ]
      ]
    },
    {
      "tag_id": 26,
      "tag_family": "tag36h11",
      "hamming": 0,
      "decision_margin": 31.545129776000977,
      "center": [
        1240.3803556944238,
        546.7953803882795
      ],
      "corners": [
        [
          1224.8231201171873,
          569.3383789062501
        ],
        [
          1253.9875488281252,
          570.474853515625
        ],
        [
          1256.1217041015627,
          523.985595703125
        ],
        [
          1227.193725585937,
          523.8477783203125
        ]
      ],
      "homography": [
        [
          1.1382624914533617,
          -7.213993752302713,
          1240.3803556944238
        ],
        [
          -5.583482324225545,
          20.30862937294785,
          546.7953803882795
        ],
        [
          -0.010789366485008252,
          -0.004906901323188742,
          1.0
        ]
      ]
    },
    {
      "tag_id": 27,
      "tag_family": "tag36h11",
      "hamming": 0,
      "decision_margin": 23.95294189453125,
      "center": [
        1415.4840789891703,
        552.2718896990501
      ],
      "corners": [
        [
          1394.6622314453127,
          576.3995361328125
        ],
        [
          1433.3421630859373,
          578.4851684570311
        ],
        [
          1435.564575195312,
          529.0032958984374
        ],
        [
          1397.7833251953127,
          526.2895507812502
        ]
      ],
      "homography": [
        [
          28.8081144603857,
          -17.291861820119944,
          1415.4840789891703
        ],
        [
          4.986655649939505,
          18.667111825305028,
          552.2718896990501
        ],
        [
          0.006850202311089733,
          -0.0112747086291399,
          1.0
        ]
      ]
    }
  ]
}
