{
  "image_file": "cac515d5971c_Robot_Reveal_IBOTS_FRC__2370_-_REBUILT_frame_000960.png",
  "image_sha256": "cac515d5971c14c6aace311062c664083b2f9cf384ac187fb9497199299674f4",
  "image_width": 1920,
  "image_height": 1080,
  "detector_config": {
    "library": "pupil-apriltags",
    "library_version": "1.0.4.post11",
    "family": "tag36h11",
    "nthreads": 4,
    "quad_decimate": 1.0,
    "quad_sigma": 0.0,
    "refine_edges": true,
    "decode_sharpening": 0.25
  },
  "detected_at": "2026-04-01T04:23:36.187933+00:00",
  "num_detections": 5,
  "detections": [
    {
      "tag_id": 5,
      "tag_family": "tag36h11",
      "hamming": 0,
      "decision_margin": 53.873050689697266,
      "center": [
        993.3416522678093,
        446.23782088239346
      ],
      "corners": [
        [
          979.9832763671875,
          467.7184753417968
        ],
        [
          1007.1703491210938,
          467.8387145996093
        ],
        [
          1006.8165893554686,
          424.56973266601557
        ],
        [
          979.980285644531,
          425.3669128417968
        ]
      ],
      "homography": [
        [
          2.8096734851054643,
          -6.29175456788505,
          993.3416522678093
        ],
        [
          -4.976238831266019,
          18.53613719412624,
          446.23782088239346
        ],
        [
          -0.010765717877893752,
          -0.006421819415246665,
          1.0
        ]
      ]
    },
    {
      "tag_id": 8,
      "tag_family": "tag36h11",
      "hamming": 0,
      "decision_margin": 58.552120208740234,
      "center": [
        1054.5701126837532,
        445.4435002443437
      ],
      "corners": [
        [
          1039.7521972656248,
          467.59149169921875
        ],
        [
          1069.4822998046875,
          467.98309326171875
        ],
        [
          1070.0037841796875,
          422.3751525878907
        ],
        [
          1039.9531249999998,
          423.35009765625006
        ]
      ],
      "homography": [
        [
          -1.0625092415155002,
          5.283216662613313,
          1054.5701126837532
        ],
        [
          -6.902179889689708,
          24.763404931841535,
          445.4435002443437
        ],
        [
          -0.015175689466528343,
          0.00517881555679747,
          1.0
        ]
      ]
    },
    {
      "tag_id": 9,
      "tag_family": "tag36h11",
      "hamming": 0,
      "decision_margin": 67.11139678955078,
      "center": [
        1152.2552014937169,
        445.05637065840693
      ],
      "corners": [
        [
          1136.0350341796877,
          467.4783325195312
        ],
        [
          1167.969482421875,
          467.51953125000017
        ],
        [
          1168.4526367187495,
          422.66583251953125
        ],
        [
          1136.2159423828125,
          422.12866210937483
        ]
      ],
      "homography": [
        [
          22.342262064646548,
          5.325476633379597,
          1152.2552014937169
        ],
        [
          2.576892637202658,
          24.67104620201843,
          445.05637065840693
        ],
        [
          0.005467809462331323,
          0.004766582745487041,
          1.0
        ]
      ]
    },
    {
      "tag_id": 10,
      "tag_family": "tag36h11",
      "hamming": 0,
      "decision_margin": 69.26337432861328,
      "center": [
        1219.4518768754474,
        445.4808501963276
      ],
      "corners": [
        [
          1204.1414794921875,
          467.2421264648438
        ],
        [
          1233.8621826171875,
          467.10998535156244
        ],
        [
          1234.541015625,
          424.0340576171875
        ],
        [
          1204.7298583984373,
          423.3838500976563
        ]
      ],
      "homography": [
        [
          25.84353280741584,
          1.768965557258301,
          1219.4518768754474
        ],
        [
          4.1333199118504895,
          22.49384183791574,
          445.4808501963276
        ],
        [
          0.00898912400754125,
          0.0017107684187996069,
          1.0
        ]
      ]
    },
    {
      "tag_id": 12,
      "tag_family": "tag36h11",
      "hamming": 0,
      "decision_margin": 68.8381576538086,
      "center": [
        1588.2593921412822,
        494.0520590120344
      ],
      "corners": [
        [
          1578.89501953125,
          509.8412780761718
        ],
        [
          1596.4088134765623,
          509.33001708984375
        ],
        [
          1597.2885742187502,
          478.8280029296876
        ],
        [
          1579.9559326171875,
          478.4853210449219
        ]
      ],
      "homography": [
        [
          30.616300516574256,
          -7.520686819177396,
          1588.2593921412822
        ],
        [
          6.774126241369684,
          13.272375048530023,
          494.0520590120344
        ],
        [
          0.01379282209536381,
          -0.004430438076969634,
          1.0
        ]
      ]
    }
  ]
}
