{
  "image_file": "cae34c9b8420_PC000002_MOV-0250_jpg_rf_f478fbfc0a6778ff476a757341c6a150.png",
  "image_sha256": "cae34c9b84204d9bf2bdfa8da4d8762229821fc71599b1b9d9bf6ba5461768aa",
  "image_width": 640,
  "image_height": 360,
  "detector_config": {
    "library": "pupil-apriltags",
    "library_version": "1.0.4.post11",
    "family": "tag36h11",
    "nthreads": 4,
    "quad_decimate": 1.0,
    "quad_sigma": 0.0,
    "refine_edges": true,
    "decode_sharpening": 0.25
  },
  "detected_at": "2026-03-24T14:13:06.531525+00:00",
  "num_detections": 2,
  "detections": [
    {
      "tag_id": 2,
      "tag_family": "tag36h11",
      "hamming": 0,
      "decision_margin": 82.6834716796875,
      "center": [
        275.1981130913304,
        187.68629968212014
      ],
      "corners": [
        [
          235.17459106445318,
          228.1460113525391
        ],
        [
          308.5801391601562,
          220.26622009277344
        ],
        [
          314.58843994140614,
          147.86668395996094
        ],
        [
          243.47010803222653,
          156.7206573486328
        ]
      ],
      "homography": [
        [
          33.72083600860071,
          -8.177817608976849,
          275.1981130913304
        ],
        [
          -5.828114174378588,
          32.81250729908035,
          187.68629968212014
        ],
        [
          -0.008715057390343695,
          -0.016688417021641734,
          1.0
        ]
      ]
    },
    {
      "tag_id": 11,
      "tag_family": "tag36h11",
      "hamming": 0,
      "decision_margin": 87.48997497558594,
      "center": [
        120.59668879537556,
        206.16100948872622
      ],
      "corners": [
        [
          79.04124450683597,
          246.60475158691406
        ],
        [
          150.98782348632815,
          238.35710144042972
        ],
        [
          161.71520996093747,
          166.1425018310547
        ],
        [
          91.51427459716795,
          175.3513641357422
        ]
      ],
      "homography": [
        [
          34.5209018416151,
          -7.452267025687358,
          120.59668879537556
        ],
        [
          -6.094719245683113,
          33.04574294313218,
          206.16100948872622
        ],
        [
          -0.008360095578179108,
          -0.013644989324085779,
          1.0
        ]
      ]
    }
  ]
}
