{
  "image_file": "caf8d95dcbb3_2025_Field_Tour_Video__Processor_frame_001475.png",
  "image_sha256": "caf8d95dcbb3a70a65f31691fbf8924288d05ae95361e8dd1c02717297c5b80d",
  "image_width": 1920,
  "image_height": 1080,
  "detector_config": {
    "library": "pupil-apriltags",
    "library_version": "1.0.4.post11",
    "family": "tag36h11",
    "nthreads": 4,
    "quad_decimate": 1.0,
    "quad_sigma": 0.0,
    "refine_edges": true,
    "decode_sharpening": 0.25
  },
  "detected_at": "2026-04-01T00:08:33.385472+00:00",
  "num_detections": 4,
  "detections": [
    {
      "tag_id": 5,
      "tag_family": "tag36h11",
      "hamming": 0,
      "decision_margin": 37.656009674072266,
      "center": [
        836.6585898146302,
        384.4851941152423
      ],
      "corners": [
        [
          784.0521850585938,
          423.81729125976557
        ],
        [
          864.8618164062499,
          429.3523864746094
        ],
        [
          888.4840698242189,
          345.7369689941407
        ],
        [
          806.7195434570314,
          336.8565673828125
        ]
      ],
      "homography": [
        [
          56.24641582891218,
          -2.2230043767915433,
          836.6585898146302
        ],
        [
          10.76125824446512,
          46.92411822104856,
          384.4851941152423
        ],
        [
          0.018666266132379768,
          0.011188427843810765,
          1.0
        ]
      ]
    },
    {
      "tag_id": 13,
      "tag_family": "tag36h11",
      "hamming": 0,
      "decision_margin": 39.76386642456055,
      "center": [
        890.6605231852914,
        574.8489613182834
      ],
      "corners": [
        [
          881.950927734375,
          583.9957885742189
        ],
        [
          899.2486572265625,
          583.9192504882811
        ],
        [
          899.4124145507812,
          565.6577148437499
        ],
        [
          881.9780883789062,
          565.6790771484375
        ]
      ],
      "homography": [
        [
          10.035755160775807,
          3.4624566638173078,
          890.6605231852914
        ],
        [
          0.848599963470518,
          11.410005270205488,
          574.8489613182834
        ],
        [
          0.0015189800687515126,
          0.003941220226087435,
          1.0
        ]
      ]
    },
    {
      "tag_id": 21,
      "tag_family": "tag36h11",
      "hamming": 0,
      "decision_margin": 73.61658477783203,
      "center": [
        799.1210703711779,
        823.7220854861743
      ],
      "corners": [
        [
          784.3941650390625,
          842.4384765625
        ],
        [
          813.6236572265626,
          838.6794433593752
        ],
        [
          813.7796020507811,
          805.0925903320312
        ],
        [
          784.4100952148436,
          808.5498046875
        ]
      ],
      "homography": [
        [
          18.42920482605814,
          1.8771813562910915,
          799.1210703711779
        ],
        [
          2.0918353813050294,
          18.848051571126803,
          823.7220854861743
        ],
        [
          0.004730029786115824,
          0.0024032427968720535,
          1.0
        ]
      ]
    },
    {
      "tag_id": 22,
      "tag_family": "tag36h11",
      "hamming": 0,
      "decision_margin": 69.63642120361328,
      "center": [
        621.436374885246,
        827.4944406740802
      ],
      "corners": [
        [
          607.2956542968749,
          843.2023315429688
        ],
        [
          634.8229370117188,
          845.8209228515626
        ],
        [
          635.7962646484375,
          811.5430908203126
        ],
        [
          608.1495971679686,
          809.3045654296875
        ]
      ],
      "homography": [
        [
          10.241165396504584,
          0.7705373353625203,
          621.436374885246
        ],
        [
          -3.514908870315255,
          18.677192579727716,
          827.4944406740802
        ],
        [
          -0.005715480492091806,
          0.001974501305383757,
          1.0
        ]
      ]
    }
  ]
}
