{
  "image_file": "cb18f3698303_M8_-_Ballard_-_190_POV_frame_002880.png",
  "image_sha256": "cb18f3698303bc051628437126097c640683db5588702df77e1d81b9b4f6169c",
  "image_width": 1920,
  "image_height": 1080,
  "detector_config": {
    "library": "pupil-apriltags",
    "library_version": "1.0.4.post11",
    "family": "tag36h11",
    "nthreads": 4,
    "quad_decimate": 1.0,
    "quad_sigma": 0.0,
    "refine_edges": true,
    "decode_sharpening": 0.25
  },
  "detected_at": "2026-04-01T15:26:36.550848+00:00",
  "num_detections": 2,
  "detections": [
    {
      "tag_id": 7,
      "tag_family": "tag36h11",
      "hamming": 0,
      "decision_margin": 50.405418395996094,
      "center": [
        641.4675864826629,
        726.6766705311884
      ],
      "corners": [
        [
          621.1714477539061,
          752.1730346679689
        ],
        [
          666.4383544921876,
          760.6933593750001
        ],
        [
          661.9157104492189,
          700.9893798828125
        ],
        [
          617.3373413085936,
          693.8049926757811
        ]
      ],
      "homography": [
        [
          15.77077374106807,
          -2.208256173942571,
          641.4675864826629
        ],
        [
          -3.6535897330285283,
          24.64854851715222,
          726.6766705311884
        ],
        [
          -0.01042423119624521,
          -0.006694006920605083,
          1.0
        ]
      ]
    },
    {
      "tag_id": 8,
      "tag_family": "tag36h11",
      "hamming": 0,
      "decision_margin": 68.08476257324219,
      "center": [
        942.1596148059116,
        690.8667742421324
      ],
      "corners": [
        [
          923.8298950195314,
          726.2894287109375
        ],
        [
          961.0638427734374,
          708.40380859375
        ],
        [
          959.2229614257811,
          657.8914184570311
        ],
        [
          921.518737792969,
          671.7186889648436
        ]
      ],
      "homography": [
        [
          56.24728377955989,
          4.8626888929416126,
          942.1596148059116
        ],
        [
          19.605610093180072,
          29.041438976355384,
          690.8667742421324
        ],
        [
          0.03984795638885603,
          0.00406769502424712,
          1.0
        ]
      ]
    }
  ]
}
