{
  "image_file": "cb454c2522ba_9200_FRC_ROBOT_REVEAL_2026_-_Cerberus_REBUILT_frame_001121.png",
  "image_sha256": "cb454c2522baa84f3971e6a860fc32561faf82da9cde2074b13f62cec8e0137c",
  "image_width": 1920,
  "image_height": 1080,
  "detector_config": {
    "library": "pupil-apriltags",
    "library_version": "1.0.4.post11",
    "family": "tag36h11",
    "nthreads": 4,
    "quad_decimate": 1.0,
    "quad_sigma": 0.0,
    "refine_edges": true,
    "decode_sharpening": 0.25
  },
  "detected_at": "2026-04-01T03:34:57.799296+00:00",
  "num_detections": 3,
  "detections": [
    {
      "tag_id": 2,
      "tag_family": "tag36h11",
      "hamming": 0,
      "decision_margin": 69.57091522216797,
      "center": [
        158.33290792964016,
        163.7197555510899
      ],
      "corners": [
        [
          130.59490966796872,
          202.3002166748047
        ],
        [
          199.35328674316406,
          196.87882995605472
        ],
        [
          186.52160644531253,
          124.51242065429688
        ],
        [
          116.46802520751952,
          129.87802124023432
        ]
      ],
      "homography": [
        [
          34.868559979469495,
          8.182995749311008,
          158.33290792964016
        ],
        [
          -2.5228560320437667,
          37.68789553064997,
          163.7197555510899
        ],
        [
          0.0010650315998667343,
          0.00912379923628316,
          1.0
        ]
      ]
    },
    {
      "tag_id": 3,
      "tag_family": "tag36h11",
      "hamming": 0,
      "decision_margin": 56.92755889892578,
      "center": [
        439.5908274711982,
        139.70622157732353
      ],
      "corners": [
        [
          433.9972839355469,
          177.272216796875
        ],
        [
          453.0392150878906,
          171.80703735351562
        ],
        [
          445.014404296875,
          103.28171539306639
        ],
        [
          425.6837463378906,
          106.51052093505858
        ]
      ],
      "homography": [
        [
          16.666969886243237,
          4.3779298806294396,
          439.5908274711982
        ],
        [
          0.0752653618592049,
          34.90639207941757,
          139.70622157732353
        ],
        [
          0.01609769935491863,
          0.0006701915851769811,
          1.0
        ]
      ]
    },
    {
      "tag_id": 4,
      "tag_family": "tag36h11",
      "hamming": 0,
      "decision_margin": 61.78696823120117,
      "center": [
        478.81080470682866,
        131.95258315414577
      ],
      "corners": [
        [
          473.8642578125,
          165.88374328613287
        ],
        [
          490.25024414062494,
          160.42498779296872
        ],
        [
          483.961181640625,
          96.62323760986325
        ],
        [
          465.8913269042968,
          99.79640960693362
        ]
      ],
      "homography": [
        [
          18.3036709951545,
          22.923183230952194,
          478.81080470682866
        ],
        [
          0.4699264830511492,
          37.749838226580394,
          131.95258315414577
        ],
        [
          0.020286135921643928,
          0.040473476436174764,
          1.0
        ]
      ]
    }
  ]
}
