{
  "image_file": "cb6e9874367b_PC000011_MOV-0028_jpg_rf_c5496c35db76802167a1b33caa77147d.png",
  "image_sha256": "cb6e9874367b41ddadaea9392f98a3e815c37cb93d46bb2a5046bf2c6fcad1d3",
  "image_width": 640,
  "image_height": 360,
  "detector_config": {
    "library": "pupil-apriltags",
    "library_version": "1.0.4.post11",
    "family": "tag36h11",
    "nthreads": 4,
    "quad_decimate": 1.0,
    "quad_sigma": 0.0,
    "refine_edges": true,
    "decode_sharpening": 0.25
  },
  "detected_at": "2026-03-24T14:13:57.907277+00:00",
  "num_detections": 2,
  "detections": [
    {
      "tag_id": 18,
      "tag_family": "tag36h11",
      "hamming": 0,
      "decision_margin": 83.10860443115234,
      "center": [
        225.8920482973372,
        117.67765118810246
      ],
      "corners": [
        [
          176.55215454101557,
          169.08807373046875
        ],
        [
          272.30148315429693,
          168.07478332519528
        ],
        [
          276.6791687011719,
          64.75926971435545
        ],
        [
          182.83068847656247,
          70.91627502441408
        ]
      ],
      "homography": [
        [
          41.50385071834347,
          -5.284174445163552,
          225.8920482973372
        ],
        [
          -4.873389295172621,
          48.98101670292695,
          117.67765118810246
        ],
        [
          -0.025937389316582883,
          -0.011483481351263859,
          1.0
        ]
      ]
    },
    {
      "tag_id": 27,
      "tag_family": "tag36h11",
      "hamming": 0,
      "decision_margin": 82.52835083007812,
      "center": [
        45.17676259724516,
        125.45903024833139
      ],
      "corners": [
        [
          4.200376987457278,
          171.04122924804688
        ],
        [
          79.43724822998047,
          170.81002807617188
        ],
        [
          88.02235412597655,
          77.79752349853513
        ],
        [
          13.496992111206048,
          83.52415466308592
        ]
      ],
      "homography": [
        [
          36.01712739912467,
          -4.86559101508067,
          45.17676259724516
        ],
        [
          -5.365196356673897,
          44.03117273313012,
          125.45903024833139
        ],
        [
          -0.030718441827462056,
          -0.008418730191519902,
          1.0
        ]
      ]
    }
  ]
}
