{
  "image_file": "cb8b3caf11ce_668597087_1585873263541822_6877542698645248281_n.png",
  "image_sha256": "cb8b3caf11ce99e7c538aa7a280e94ce9eb8fe58bf3de854ca2cad1446d0b0a0",
  "image_width": 1440,
  "image_height": 1080,
  "detector_config": {
    "library": "pupil-apriltags",
    "library_version": "1.0.4.post11",
    "family": "tag36h11",
    "nthreads": 4,
    "quad_decimate": 1.0,
    "quad_sigma": 0.0,
    "refine_edges": true,
    "decode_sharpening": 0.25
  },
  "detected_at": "2026-04-11T19:40:35.234532+00:00",
  "num_detections": 3,
  "detections": [
    {
      "tag_id": 13,
      "tag_family": "tag36h11",
      "hamming": 2,
      "decision_margin": 38.360286712646484,
      "center": [
        112.98753305183111,
        595.1555067231532
      ],
      "corners": [
        [
          108.68484497070312,
          600.0434570312499
        ],
        [
          118.0002899169922,
          599.8023071289062
        ],
        [
          117.65715789794919,
          589.8507080078125
        ],
        [
          108.36952209472656,
          590.8746337890625
        ]
      ],
      "homography": [
        [
          0.01700622306587716,
          0.15915480115639014,
          112.98753305183111
        ],
        [
          -24.68278098515634,
          4.744884640707366,
          595.1555067231532
        ],
        [
          -0.040942281550052084,
          -4.5718092500836673e-05,
          1.0
        ]
      ]
    },
    {
      "tag_id": 21,
      "tag_family": "tag36h11",
      "hamming": 0,
      "decision_margin": 55.50324630737305,
      "center": [
        836.6929951748887,
        592.158792985233
      ],
      "corners": [
        [
          831.2568969726562,
          597.5043334960938
        ],
        [
          841.8590698242188,
          597.8955078125001
        ],
        [
          842.2045898437498,
          586.739013671875
        ],
        [
          831.1659545898438,
          586.021240234375
        ]
      ],
      "homography": [
        [
          16.644125064119518,
          16.94046376172196,
          836.6929951748887
        ],
        [
          8.226895956674637,
          17.692890567366817,
          592.158792985233
        ],
        [
          0.01343037354100042,
          0.02032648101476892,
          1.0
        ]
      ]
    },
    {
      "tag_id": 24,
      "tag_family": "tag36h11",
      "hamming": 1,
      "decision_margin": 44.54711151123047,
      "center": [
        860.2653023078959,
        593.5808075664661
      ],
      "corners": [
        [
          854.5025024414062,
          599.1398315429686
        ],
        [
          865.4296264648438,
          599.7019653320315
        ],
        [
          865.6322631835938,
          588.4036254882812
        ],
        [
          854.9608154296875,
          587.293518066406
        ]
      ],
      "homography": [
        [
          26.452545633212708,
          -9.701330558334117,
          860.2653023078959
        ],
        [
          14.950099344188288,
          -0.7997719695869119,
          593.5808075664661
        ],
        [
          0.02447720646401249,
          -0.011088606670795875,
          1.0
        ]
      ]
    }
  ],
  "ingest_metadata": {
    "original_name": "668597087_1585873263541822_6877542698645248281_n.jpg",
    "source": "668597087_1585873263541822_6877542698645248281_n.jpg",
    "dhash": "69aaaa6a1299db61",
    "ingested_at": "2026-04-11T19:40:35.234556+00:00"
  }
}
