{
  "image_file": "cc2746c50a92_FRC_ROBOT_POV_-_Southern_Cross_2024_frame_039627.png",
  "image_sha256": "cc2746c50a92a49028161321af96f31e1abc1f3b628bf4870fae3469e9842326",
  "image_width": 1920,
  "image_height": 1080,
  "detector_config": {
    "library": "pupil-apriltags",
    "library_version": "1.0.4.post11",
    "family": "tag36h11",
    "nthreads": 4,
    "quad_decimate": 1.0,
    "quad_sigma": 0.0,
    "refine_edges": true,
    "decode_sharpening": 0.25
  },
  "detected_at": "2026-04-01T16:18:23.194087+00:00",
  "num_detections": 2,
  "detections": [
    {
      "tag_id": 9,
      "tag_family": "tag36h11",
      "hamming": 0,
      "decision_margin": 62.5479621887207,
      "center": [
        1823.4028640652152,
        644.5668396270404
      ],
      "corners": [
        [
          1819.2021484374998,
          664.311767578125
        ],
        [
          1842.07763671875,
          650.041259765625
        ],
        [
          1827.4945068359373,
          625.3345947265625
        ],
        [
          1805.1865234374995,
          639.226806640625
        ]
      ],
      "homography": [
        [
          11.95670348045792,
          -16.172738601669607,
          1823.4028640652152
        ],
        [
          -6.805178137549434,
          4.201779390359888,
          644.5668396270404
        ],
        [
          0.0003633966110948759,
          -0.012790021482086432,
          1.0
        ]
      ]
    },
    {
      "tag_id": 15,
      "tag_family": "tag36h11",
      "hamming": 0,
      "decision_margin": 40.972049713134766,
      "center": [
        1357.9331449489232,
        304.92842862301404
      ],
      "corners": [
        [
          1344.7889404296875,
          346.90966796875
        ],
        [
          1447.0177001953127,
          375.46508789062494
        ],
        [
          1369.4482421875002,
          268.150390625
        ],
        [
          1267.189208984375,
          233.07788085937503
        ]
      ],
      "homography": [
        [
          102.21209327786892,
          0.22492494237759617,
          1357.9331449489232
        ],
        [
          27.469252765182027,
          46.53203840248017,
          304.92842862301404
        ],
        [
          0.03764609460107277,
          -0.028418520555465156,
          1.0
        ]
      ]
    }
  ]
}
