{
  "image_file": "cc5dd5b414e1_PC000008_MOV-0001_jpg_rf_6e0ce3e5a4c01bd71a40225e4de61eac.png",
  "image_sha256": "cc5dd5b414e15183c5390be55750e320be81031769df1a13b24d7ffba1dfa829",
  "image_width": 640,
  "image_height": 360,
  "detector_config": {
    "library": "pupil-apriltags",
    "library_version": "1.0.4.post11",
    "family": "tag36h11",
    "nthreads": 4,
    "quad_decimate": 1.0,
    "quad_sigma": 0.0,
    "refine_edges": true,
    "decode_sharpening": 0.25
  },
  "detected_at": "2026-03-24T14:13:43.226810+00:00",
  "num_detections": 2,
  "detections": [
    {
      "tag_id": 5,
      "tag_family": "tag36h11",
      "hamming": 0,
      "decision_margin": 85.29335021972656,
      "center": [
        87.42956758409487,
        71.43738314977031
      ],
      "corners": [
        [
          4.91619586944581,
          129.03611755371097
        ],
        [
          137.0636138916016,
          141.73641967773435
        ],
        [
          166.87399291992185,
          15.98093700408934
        ],
        [
          41.601856231689425,
          6.529438018798849
        ]
      ],
      "homography": [
        [
          63.387727298366556,
          -19.218801657155645,
          87.42956758409487
        ],
        [
          4.746987538400582,
          59.90061011126154,
          71.43738314977031
        ],
        [
          -0.01046191372410806,
          -0.029410963629162026,
          1.0
        ]
      ]
    },
    {
      "tag_id": 8,
      "tag_family": "tag36h11",
      "hamming": 0,
      "decision_margin": 87.664794921875,
      "center": [
        374.72016576373846,
        98.10438376212056
      ],
      "corners": [
        [
          295.83178710937494,
          157.29374694824222
        ],
        [
          434.6517333984375,
          170.68544006347653
        ],
        [
          451.1552734375001,
          40.755691528320305
        ],
        [
          318.168212890625,
          29.616262435913118
        ]
      ],
      "homography": [
        [
          65.44082261713697,
          -18.12009819818376,
          374.72016576373846
        ],
        [
          5.461936015602126,
          62.16690875993915,
          98.10438376212056
        ],
        [
          -0.00660954081400496,
          -0.02240413208025609,
          1.0
        ]
      ]
    }
  ]
}
