{
  "image_file": "ccd8e74a5193_PC000001_MOV-0208_jpg_rf_86d4fcbea81f94f272f1ce5784e31114.png",
  "image_sha256": "ccd8e74a5193a29b0b5c39e6fd75a53cf860fdd82f6f3628bb853895f710bea3",
  "image_width": 640,
  "image_height": 360,
  "detector_config": {
    "library": "pupil-apriltags",
    "library_version": "1.0.4.post11",
    "family": "tag36h11",
    "nthreads": 4,
    "quad_decimate": 1.0,
    "quad_sigma": 0.0,
    "refine_edges": true,
    "decode_sharpening": 0.25
  },
  "detected_at": "2026-03-24T14:12:39.526076+00:00",
  "num_detections": 2,
  "detections": [
    {
      "tag_id": 17,
      "tag_family": "tag36h11",
      "hamming": 0,
      "decision_margin": 93.2255630493164,
      "center": [
        187.99344420374626,
        202.2754003487243
      ],
      "corners": [
        [
          175.1944122314453,
          217.32058715820315
        ],
        [
          199.8668212890625,
          216.7226104736328
        ],
        [
          200.77221679687497,
          187.2540283203125
        ],
        [
          176.65823364257812,
          188.48301696777344
        ]
      ],
      "homography": [
        [
          10.088306663144039,
          -2.8494913247143914,
          187.99344420374626
        ],
        [
          -2.725630918766741,
          12.147423049290666,
          202.2754003487243
        ],
        [
          -0.01119809045532574,
          -0.011990159185087248,
          1.0
        ]
      ]
    },
    {
      "tag_id": 30,
      "tag_family": "tag36h11",
      "hamming": 1,
      "decision_margin": 29.493305206298828,
      "center": [
        435.4759811141739,
        213.902103564588
      ],
      "corners": [
        [
          428.9292907714843,
          220.37339782714844
        ],
        [
          441.67431640625006,
          219.80162048339847
        ],
        [
          441.83013916015625,
          207.6211242675781
        ],
        [
          429.0252990722656,
          207.7624053955078
        ]
      ],
      "homography": [
        [
          13.978865071517191,
          1.0308328178761617,
          435.4759811141739
        ],
        [
          3.551049132161153,
          6.733490201617428,
          213.902103564588
        ],
        [
          0.017436956071045454,
          0.00251295333055222,
          1.0
        ]
      ]
    }
  ]
}
