{
  "image_file": "cd14fa3e5934_FRC_ROBOT_POV_-_Southern_Cross_2024_frame_001428.png",
  "image_sha256": "cd14fa3e593448f406031840acbfea18205b2553feee2e0a88d1e7d3a8f295b7",
  "image_width": 1920,
  "image_height": 1080,
  "detector_config": {
    "library": "pupil-apriltags",
    "library_version": "1.0.4.post11",
    "family": "tag36h11",
    "nthreads": 4,
    "quad_decimate": 1.0,
    "quad_sigma": 0.0,
    "refine_edges": true,
    "decode_sharpening": 0.25
  },
  "detected_at": "2026-04-01T16:13:18.851454+00:00",
  "num_detections": 3,
  "detections": [
    {
      "tag_id": 1,
      "tag_family": "tag36h11",
      "hamming": 0,
      "decision_margin": 55.292720794677734,
      "center": [
        819.9176701068278,
        526.724988263644
      ],
      "corners": [
        [
          812.9728393554688,
          536.8379516601561
        ],
        [
          827.1182861328125,
          535.9288940429688
        ],
        [
          826.9910278320311,
          516.4248657226562
        ],
        [
          813.1981201171876,
          518.1359863281251
        ]
      ],
      "homography": [
        [
          -10.946343798367591,
          -10.437362736973798,
          819.9176701068278
        ],
        [
          -12.176115851492682,
          2.8588927498641383,
          526.724988263644
        ],
        [
          -0.021863758021701048,
          -0.012695171505745275,
          1.0
        ]
      ]
    },
    {
      "tag_id": 2,
      "tag_family": "tag36h11",
      "hamming": 2,
      "decision_margin": 46.781822204589844,
      "center": [
        722.4755654246148,
        538.0546943881357
      ],
      "corners": [
        [
          717.3208618164061,
          546.5497436523438
        ],
        [
          727.559326171875,
          545.8511962890626
        ],
        [
          728.3707275390626,
          528.3393554687501
        ],
        [
          717.217041015625,
          529.9901733398436
        ]
      ],
      "homography": [
        [
          -12.767691491115219,
          30.145730538227212,
          722.4755654246148
        ],
        [
          -14.0497065057225,
          31.06998752139816,
          538.0546943881357
        ],
        [
          -0.025056330124883987,
          0.04195430374380428,
          1.0
        ]
      ]
    },
    {
      "tag_id": 3,
      "tag_family": "tag36h11",
      "hamming": 0,
      "decision_margin": 48.03631591796875,
      "center": [
        217.58610241190496,
        511.36936484343346
      ],
      "corners": [
        [
          205.10221862792966,
          519.7054443359375
        ],
        [
          227.33575439453128,
          520.5511474609375
        ],
        [
          229.73767089843756,
          503.2551879882813
        ],
        [
          207.60716247558594,
          501.9716491699219
        ]
      ],
      "homography": [
        [
          13.821172854872856,
          -1.4293987106413777,
          217.58610241190496
        ],
        [
          6.953038471137346,
          8.278649171726954,
          511.36936484343346
        ],
        [
          0.012555713145761297,
          -0.0009335986717666804,
          1.0
        ]
      ]
    }
  ]
}
