{
  "image_file": "cd375409d7fc_PC000011_MOV-0041_jpg_rf_f320658baec4dd12c4e4b6991944f186.png",
  "image_sha256": "cd375409d7fc9516a5b3d6ae995aa36cb7a863afc7e240639326ff250b25ae80",
  "image_width": 640,
  "image_height": 360,
  "detector_config": {
    "library": "pupil-apriltags",
    "library_version": "1.0.4.post11",
    "family": "tag36h11",
    "nthreads": 4,
    "quad_decimate": 1.0,
    "quad_sigma": 0.0,
    "refine_edges": true,
    "decode_sharpening": 0.25
  },
  "detected_at": "2026-03-24T14:13:59.803358+00:00",
  "num_detections": 2,
  "detections": [
    {
      "tag_id": 18,
      "tag_family": "tag36h11",
      "hamming": 0,
      "decision_margin": 79.55968475341797,
      "center": [
        338.50112727914103,
        163.02970306109808
      ],
      "corners": [
        [
          316.9841918945312,
          193.0648040771484
        ],
        [
          358.4169006347656,
          196.19070434570312
        ],
        [
          358.21914672851574,
          135.50567626953128
        ],
        [
          316.77032470703125,
          126.84656524658205
        ]
      ],
      "homography": [
        [
          35.44094142863361,
          0.09525525934339364,
          338.50112727914103
        ],
        [
          10.049435940653378,
          31.66189277082472,
          163.02970306109808
        ],
        [
          0.04360385518630054,
          -2.213985789882075e-05,
          1.0
        ]
      ]
    },
    {
      "tag_id": 27,
      "tag_family": "tag36h11",
      "hamming": 0,
      "decision_margin": 88.491943359375,
      "center": [
        228.498954382096,
        147.56466415794992
      ],
      "corners": [
        [
          192.74562072753906,
          184.0904693603516
        ],
        [
          258.42709350585943,
          189.1468200683594
        ],
        [
          259.9329833984375,
          115.45148468017578
        ],
        [
          195.37933349609375,
          101.54826354980467
        ]
      ],
      "homography": [
        [
          45.57709746203676,
          -2.567361852298171,
          228.498954382096
        ],
        [
          13.232841593331608,
          37.92393880080496,
          147.56466415794992
        ],
        [
          0.057453761040558056,
          -0.006833695208804949,
          1.0
        ]
      ]
    }
  ]
}
