{
  "image_file": "cd7f56975720_Robot_Reveal_2026_frame_000300.png",
  "image_sha256": "cd7f569757208a657c6711626c600c4306f81e41ae84e627d2146166d2f41a08",
  "image_width": 1920,
  "image_height": 1080,
  "detector_config": {
    "library": "pupil-apriltags",
    "library_version": "1.0.4.post11",
    "family": "tag36h11",
    "nthreads": 4,
    "quad_decimate": 1.0,
    "quad_sigma": 0.0,
    "refine_edges": true,
    "decode_sharpening": 0.25
  },
  "detected_at": "2026-04-01T04:39:19.507338+00:00",
  "num_detections": 2,
  "detections": [
    {
      "tag_id": 25,
      "tag_family": "tag36h11",
      "hamming": 0,
      "decision_margin": 81.99687957763672,
      "center": [
        679.6590151425859,
        906.3499486526368
      ],
      "corners": [
        [
          640.878662109375,
          939.3150634765624
        ],
        [
          707.7352905273438,
          953.9483032226564
        ],
        [
          718.4842529296874,
          873.3466796875
        ],
        [
          652.5821533203125,
          860.4459228515625
        ]
      ],
      "homography": [
        [
          26.830651539190058,
          -11.57903643344343,
          679.6590151425859
        ],
        [
          -1.598122456577134,
          31.910264121410023,
          906.3499486526368
        ],
        [
          -0.009349536042692088,
          -0.008771165935381355,
          1.0
        ]
      ]
    },
    {
      "tag_id": 26,
      "tag_family": "tag36h11",
      "hamming": 0,
      "decision_margin": 80.62828826904297,
      "center": [
        832.5393972619717,
        937.9319420106043
      ],
      "corners": [
        [
          789.7723999023436,
          972.5079956054689
        ],
        [
          865.1436157226562,
          987.9917602539062
        ],
        [
          875.5256958007814,
          903.1785888671875
        ],
        [
          800.8626098632811,
          889.2960815429686
        ]
      ],
      "homography": [
        [
          30.434702594539317,
          -10.312570429492208,
          832.5393972619717
        ],
        [
          -0.6288943200418133,
          36.43420246033975,
          937.9319420106043
        ],
        [
          -0.008492555994368932,
          -0.005935206135287658,
          1.0
        ]
      ]
    }
  ]
}
