{
  "image_file": "ce935d3a8c19_Team_1540_2026_Robot_Reveal__Hephaestus_frame_001350.png",
  "image_sha256": "ce935d3a8c198de4f44a544524776d2239de4db5abe38512bd671b5821c18785",
  "image_width": 1920,
  "image_height": 1080,
  "detector_config": {
    "library": "pupil-apriltags",
    "library_version": "1.0.4.post11",
    "family": "tag36h11",
    "nthreads": 4,
    "quad_decimate": 1.0,
    "quad_sigma": 0.0,
    "refine_edges": true,
    "decode_sharpening": 0.25
  },
  "detected_at": "2026-04-01T04:49:30.247266+00:00",
  "num_detections": 3,
  "detections": [
    {
      "tag_id": 4,
      "tag_family": "tag36h11",
      "hamming": 0,
      "decision_margin": 63.494422912597656,
      "center": [
        86.9852823215053,
        852.5031699817101
      ],
      "corners": [
        [
          51.88703536987304,
          911.2389526367188
        ],
        [
          118.11338806152344,
          914.6506347656251
        ],
        [
          122.89598083496095,
          792.4077758789062
        ],
        [
          56.689872741699226,
          792.0181884765625
        ]
      ],
      "homography": [
        [
          32.01573256872824,
          -2.4888468858227486,
          86.9852823215053
        ],
        [
          -9.706938851356888,
          59.45481908627323,
          852.5031699817101
        ],
        [
          -0.012499086456585049,
          -0.0010575482602059713,
          1.0
        ]
      ]
    },
    {
      "tag_id": 5,
      "tag_family": "tag36h11",
      "hamming": 0,
      "decision_margin": 60.24123764038086,
      "center": [
        710.1064081265597,
        855.1566708431538
      ],
      "corners": [
        [
          664.8933715820312,
          915.0258789062501
        ],
        [
          752.8706665039062,
          915.2445678710936
        ],
        [
          754.1630859375,
          796.8186645507811
        ],
        [
          666.3637084960938,
          793.6939697265625
        ]
      ],
      "homography": [
        [
          52.55269916554437,
          -1.2730596519846749,
          710.1064081265597
        ],
        [
          11.21171583701993,
          59.228100418245276,
          855.1566708431538
        ],
        [
          0.012132044420053141,
          -0.000821494660217294,
          1.0
        ]
      ]
    },
    {
      "tag_id": 8,
      "tag_family": "tag36h11",
      "hamming": 0,
      "decision_margin": 68.86986541748047,
      "center": [
        890.80521338247,
        854.7486853273152
      ],
      "corners": [
        [
          850.1339721679688,
          912.6719360351562
        ],
        [
          930.17578125,
          911.8169555664062
        ],
        [
          929.9056396484376,
          799.0625610351564
        ],
        [
          851.1614990234376,
          797.2844848632814
        ]
      ],
      "homography": [
        [
          49.998838199104625,
          -7.412721901982644,
          890.80521338247
        ],
        [
          10.134440568856911,
          50.085913006145915,
          854.7486853273152
        ],
        [
          0.011574157359365879,
          -0.00811723180356304,
          1.0
        ]
      ]
    }
  ],
  "ingest_metadata": {
    "original_name": "Team_1540_2026_Robot_Reveal__Hephaestus_frame_001350.png",
    "source": "unknown",
    "dhash": "27a70f9ed9a9b3b8",
    "ingested_at": "2026-04-01T04:49:30.235300+00:00"
  }
}
