{
  "image_file": "cfdd09543ace_PC000001_MOV-0342_jpg_rf_6397d184602f13a7cd8c9bb99edbc216.png",
  "image_sha256": "cfdd09543acea586fb1112aadef904970a361157044bc992669f9849f7c4858c",
  "image_width": 640,
  "image_height": 360,
  "detector_config": {
    "library": "pupil-apriltags",
    "library_version": "1.0.4.post11",
    "family": "tag36h11",
    "nthreads": 4,
    "quad_decimate": 1.0,
    "quad_sigma": 0.0,
    "refine_edges": true,
    "decode_sharpening": 0.25
  },
  "detected_at": "2026-03-24T14:15:33.594844+00:00",
  "num_detections": 2,
  "detections": [
    {
      "tag_id": 19,
      "tag_family": "tag36h11",
      "hamming": 1,
      "decision_margin": 53.92570114135742,
      "center": [
        148.94969129365595,
        225.62669400699414
      ],
      "corners": [
        [
          130.36337280273438,
          248.01054382324222
        ],
        [
          160.57289123535156,
          245.09689331054688
        ],
        [
          168.50186157226565,
          202.0796508789062
        ],
        [
          137.79100036621097,
          206.9346008300781
        ]
      ],
      "homography": [
        [
          11.817050103742474,
          -3.467834567096388,
          148.94969129365595
        ],
        [
          -7.095929992297644,
          21.568751467928735,
          225.62669400699414
        ],
        [
          -0.02285712710788536,
          0.002467730243561289,
          1.0
        ]
      ]
    },
    {
      "tag_id": 20,
      "tag_family": "tag36h11",
      "hamming": 0,
      "decision_margin": 63.99578094482422,
      "center": [
        225.52855393525948,
        215.76025706434493
      ],
      "corners": [
        [
          204.59825134277347,
          240.96275329589847
        ],
        [
          241.43925476074216,
          236.94102478027347
        ],
        [
          246.52322387695312,
          190.48025512695312
        ],
        [
          210.77438354492193,
          196.1190948486328
        ]
      ],
      "homography": [
        [
          13.710482299612863,
          -6.905700895878651,
          225.52855393525948
        ],
        [
          -6.663973125422475,
          18.90847286995691,
          215.76025706434493
        ],
        [
          -0.019625227817592433,
          -0.01808992927553279,
          1.0
        ]
      ]
    }
  ],
  "ingest_metadata": {
    "original_name": "PC000001_MOV-0342_jpg_rf_6397d184602f13a7cd8c9bb99edbc216.png",
    "source": "unknown",
    "dhash": "2d96d87878cc2cec",
    "ingested_at": "2026-03-24T14:15:33.582775+00:00"
  }
}
