{
  "image_file": "d128786bc587_Robot_Reveal__Torrent_-_FRC_7028_2025_frame_000590.png",
  "image_sha256": "d128786bc58720f8374751fe20cfe5ccbae00ffab617b2d33646cfc775825daa",
  "image_width": 1920,
  "image_height": 1080,
  "detector_config": {
    "library": "pupil-apriltags",
    "library_version": "1.0.4.post11",
    "family": "tag36h11",
    "nthreads": 4,
    "quad_decimate": 1.0,
    "quad_sigma": 0.0,
    "refine_edges": true,
    "decode_sharpening": 0.25
  },
  "detected_at": "2026-04-01T01:41:37.721313+00:00",
  "num_detections": 3,
  "detections": [
    {
      "tag_id": 18,
      "tag_family": "tag36h11",
      "hamming": 0,
      "decision_margin": 32.38697052001953,
      "center": [
        1369.1403575662753,
        643.7736255499914
      ],
      "corners": [
        [
          1364.0490722656252,
          671.6014404296875
        ],
        [
          1375.67529296875,
          665.3841552734376
        ],
        [
          1373.9588623046873,
          617.436767578125
        ],
        [
          1362.6293945312502,
          622.2423706054686
        ]
      ],
      "homography": [
        [
          23.322841544239967,
          -19.315765282501385,
          1369.1403575662753
        ],
        [
          5.523397616236137,
          14.864461737533588,
          643.7736255499914
        ],
        [
          0.012844415479566397,
          -0.01468195603412623,
          1.0
        ]
      ]
    },
    {
      "tag_id": 19,
      "tag_family": "tag36h11",
      "hamming": 0,
      "decision_margin": 82.98603820800781,
      "center": [
        1177.5491583690641,
        666.3814535680249
      ],
      "corners": [
        [
          1151.9396972656252,
          693.6759033203125
        ],
        [
          1204.6956787109373,
          691.8404541015624
        ],
        [
          1202.9334716796873,
          639.3269653320312
        ],
        [
          1150.2756347656248,
          640.8033447265625
        ]
      ],
      "homography": [
        [
          30.326748329531483,
          -0.3687587329773086,
          1177.5491583690641
        ],
        [
          1.4209292655497134,
          25.652660080933742,
          666.3814535680249
        ],
        [
          0.003374480231603461,
          -0.0010407213376650403,
          1.0
        ]
      ]
    },
    {
      "tag_id": 20,
      "tag_family": "tag36h11",
      "hamming": 0,
      "decision_margin": 91.67742919921875,
      "center": [
        940.2636655501346,
        660.1330109646739
      ],
      "corners": [
        [
          927.7506713867185,
          682.0872802734375
        ],
        [
          953.8703002929688,
          686.8184814453124
        ],
        [
          953.2885742187503,
          637.2805786132812
        ],
        [
          927.1336669921875,
          634.3823242187501
        ]
      ],
      "homography": [
        [
          -4.741060789566063,
          1.3429703789392982,
          940.2636655501346
        ],
        [
          -10.592700993020575,
          25.034201298984613,
          660.1330109646739
        ],
        [
          -0.018936183380293133,
          0.0011091002346724273,
          1.0
        ]
      ]
    }
  ],
  "ingest_metadata": {
    "original_name": "Robot_Reveal__Torrent_-_FRC_7028_2025_frame_000590.png",
    "source": "unknown",
    "dhash": "fefad6a3ca86c84b",
    "ingested_at": "2026-04-01T01:41:37.715300+00:00"
  }
}
