{
  "image_file": "d1901b17603c_Robot_Reveal_IBOTS_FRC__2370_-_REBUILT_frame_001680.png",
  "image_sha256": "d1901b17603c021e96124d311d7d5806319301c488d77b91d09a276b13632007",
  "image_width": 1920,
  "image_height": 1080,
  "detector_config": {
    "library": "pupil-apriltags",
    "library_version": "1.0.4.post11",
    "family": "tag36h11",
    "nthreads": 4,
    "quad_decimate": 1.0,
    "quad_sigma": 0.0,
    "refine_edges": true,
    "decode_sharpening": 0.25
  },
  "detected_at": "2026-04-01T04:23:44.478142+00:00",
  "num_detections": 2,
  "detections": [
    {
      "tag_id": 5,
      "tag_family": "tag36h11",
      "hamming": 0,
      "decision_margin": 54.335411071777344,
      "center": [
        209.10224022887004,
        335.27511923773596
      ],
      "corners": [
        [
          180.1568450927734,
          354.4813232421875
        ],
        [
          236.38566589355466,
          360.09326171874994
        ],
        [
          237.42945861816406,
          316.4790954589843
        ],
        [
          181.27886962890628,
          309.9658203125
        ]
      ],
      "homography": [
        [
          30.244751097653193,
          -0.6451820219299654,
          209.10224022887004
        ],
        [
          6.483155960643441,
          21.863236138792217,
          335.27511923773596
        ],
        [
          0.010295869376866797,
          -0.0004977143056470299,
          1.0
        ]
      ]
    },
    {
      "tag_id": 8,
      "tag_family": "tag36h11",
      "hamming": 0,
      "decision_margin": 65.62093353271484,
      "center": [
        325.0748690903149,
        347.93250839616405
      ],
      "corners": [
        [
          298.59649658203125,
          366.23706054687494
        ],
        [
          349.6656494140625,
          371.50613403320307
        ],
        [
          351.1076354980469,
          329.9360046386719
        ],
        [
          299.77746582031244,
          323.6814880371094
        ]
      ],
      "homography": [
        [
          29.277867272901346,
          0.2656243663175282,
          325.0748690903149
        ],
        [
          6.819500089200344,
          22.016188426695862,
          347.93250839616405
        ],
        [
          0.011325034683445347,
          0.002839099894173473,
          1.0
        ]
      ]
    }
  ]
}
