{
  "image_file": "d1a88c95f0bb_Final_Robot_Reveal__Definitely__DOES_IT_WORK___AIMBOT____fra.png",
  "image_sha256": "d1a88c95f0bbfcdb0f57d67534a8f5c09b772a61d4340607c9f544dea749f53d",
  "image_width": 1920,
  "image_height": 1080,
  "detector_config": {
    "library": "pupil-apriltags",
    "library_version": "1.0.4.post11",
    "family": "tag36h11",
    "nthreads": 4,
    "quad_decimate": 1.0,
    "quad_sigma": 0.0,
    "refine_edges": true,
    "decode_sharpening": 0.25
  },
  "detected_at": "2026-04-01T03:34:11.200047+00:00",
  "num_detections": 2,
  "detections": [
    {
      "tag_id": 9,
      "tag_family": "tag36h11",
      "hamming": 0,
      "decision_margin": 73.67192077636719,
      "center": [
        689.9931798188109,
        610.7546953424447
      ],
      "corners": [
        [
          646.5910034179688,
          651.54296875
        ],
        [
          730.7374877929686,
          656.0814819335935
        ],
        [
          732.2507934570312,
          571.0420532226562
        ],
        [
          649.0164184570314,
          565.1693115234377
        ]
      ],
      "homography": [
        [
          47.43231012946444,
          -4.6094389906303315,
          689.9931798188109
        ],
        [
          7.555229437036924,
          39.63776331453778,
          610.7546953424447
        ],
        [
          0.008103100269687927,
          -0.005258627118386918,
          1.0
        ]
      ]
    },
    {
      "tag_id": 10,
      "tag_family": "tag36h11",
      "hamming": 0,
      "decision_margin": 72.76038360595703,
      "center": [
        876.0315748751415,
        620.2109406378067
      ],
      "corners": [
        [
          835.7701416015625,
          660.2144775390625
        ],
        [
          916.1921997070312,
          663.7347412109376
        ],
        [
          915.8856811523438,
          580.6121215820312
        ],
        [
          835.4012451171875,
          576.1781005859375
        ]
      ],
      "homography": [
        [
          44.998952086718646,
          0.48825901474436345,
          876.0315748751415
        ],
        [
          5.367898452730623,
          42.01474348611305,
          620.2109406378067
        ],
        [
          0.005449037594313272,
          0.0003647930312656303,
          1.0
        ]
      ]
    }
  ]
}
