{
  "image_file": "d1c0b31f305a_FRC_6995_Reefscape_Robot_Reveal_frame_001034.png",
  "image_sha256": "d1c0b31f305a995ac2e35e5cf39d20af4a1501aaf7e27d5b296d807c876e519e",
  "image_width": 1920,
  "image_height": 1080,
  "detector_config": {
    "library": "pupil-apriltags",
    "library_version": "1.0.4.post11",
    "family": "tag36h11",
    "nthreads": 4,
    "quad_decimate": 1.0,
    "quad_sigma": 0.0,
    "refine_edges": true,
    "decode_sharpening": 0.25
  },
  "detected_at": "2026-04-01T02:49:10.937999+00:00",
  "num_detections": 2,
  "detections": [
    {
      "tag_id": 6,
      "tag_family": "tag36h11",
      "hamming": 0,
      "decision_margin": 58.5561408996582,
      "center": [
        1378.662297467645,
        749.5793930922624
      ],
      "corners": [
        [
          1339.8090820312498,
          787.408203125
        ],
        [
          1415.8446044921875,
          787.3505859375
        ],
        [
          1417.6735839843752,
          711.5966796875001
        ],
        [
          1341.6827392578127,
          712.0141601562501
        ]
      ],
      "homography": [
        [
          34.722435430606765,
          -1.4108618951329348,
          1378.662297467645
        ],
        [
          -1.904315600720911,
          37.52299518923758,
          749.5793930922624
        ],
        [
          -0.002381973871296814,
          -0.000351894998766802,
          1.0
        ]
      ]
    },
    {
      "tag_id": 11,
      "tag_family": "tag36h11",
      "hamming": 0,
      "decision_margin": 39.0687255859375,
      "center": [
        1032.2363132177693,
        720.6821298444764
      ],
      "corners": [
        [
          1015.7338867187502,
          749.1007690429688
        ],
        [
          1049.4678955078123,
          757.9022216796876
        ],
        [
          1049.9202880859373,
          690.2287597656252
        ],
        [
          1015.7219238281251,
          685.0111694335938
        ]
      ],
      "homography": [
        [
          -11.837874102852538,
          6.765433530581047,
          1032.2363132177693
        ],
        [
          -16.59819479337762,
          37.710820595468135,
          720.6821298444764
        ],
        [
          -0.027907318579867467,
          0.006654621896352279,
          1.0
        ]
      ]
    }
  ]
}
