{
  "image_file": "d2f26c8f0b2b_PC000001_MOV-0273_jpg_rf_14de76a25f4497cfa6a76205a4b15e24.png",
  "image_sha256": "d2f26c8f0b2b5cf467544ac7bf2e49da39d0e2b1c8316623ba076cfff5d87139",
  "image_width": 640,
  "image_height": 360,
  "detector_config": {
    "library": "pupil-apriltags",
    "library_version": "1.0.4.post11",
    "family": "tag36h11",
    "nthreads": 4,
    "quad_decimate": 1.0,
    "quad_sigma": 0.0,
    "refine_edges": true,
    "decode_sharpening": 0.25
  },
  "detected_at": "2026-03-24T14:12:43.103689+00:00",
  "num_detections": 3,
  "detections": [
    {
      "tag_id": 1,
      "tag_family": "tag36h11",
      "hamming": 0,
      "decision_margin": 52.706077575683594,
      "center": [
        102.54008116879874,
        208.59170433011786
      ],
      "corners": [
        [
          95.88368988037108,
          220.47891235351562
        ],
        [
          114.71622467041016,
          213.0991973876953
        ],
        [
          109.24806213378906,
          196.6123657226562
        ],
        [
          90.73569488525392,
          204.22183227539062
        ]
      ],
      "homography": [
        [
          8.342008519094207,
          2.0557512298374556,
          102.54008116879874
        ],
        [
          -5.76718913228217,
          6.971120279308649,
          208.59170433011786
        ],
        [
          -0.009681350006767621,
          -0.005821110589274567,
          1.0
        ]
      ]
    },
    {
      "tag_id": 3,
      "tag_family": "tag36h11",
      "hamming": 0,
      "decision_margin": 46.22748565673828,
      "center": [
        408.16831012276606,
        69.03161957632305
      ],
      "corners": [
        [
          403.0835876464845,
          79.17424774169922
        ],
        [
          416.40383911132807,
          73.92930603027344
        ],
        [
          413.4832458496093,
          58.42977905273436
        ],
        [
          399.51010131835943,
          63.882564544677734
        ]
      ],
      "homography": [
        [
          7.407865728228385,
          11.246050250204577,
          408.16831012276606
        ],
        [
          -2.573943526765747,
          9.321334637041502,
          69.03161957632305
        ],
        [
          0.001441646994861587,
          0.023578263993724428,
          1.0
        ]
      ]
    },
    {
      "tag_id": 4,
      "tag_family": "tag36h11",
      "hamming": 0,
      "decision_margin": 37.675445556640625,
      "center": [
        436.3999233422773,
        57.67531001112601
      ],
      "corners": [
        [
          431.3224792480469,
          67.75393676757811
        ],
        [
          444.3136596679688,
          62.54253387451173
        ],
        [
          441.45629882812506,
          47.63850402832033
        ],
        [
          428.13134765625,
          52.58984756469725
        ]
      ],
      "homography": [
        [
          11.815325798438039,
          5.841145352220453,
          436.3999233422773
        ],
        [
          -1.8495658831388235,
          8.088197781281423,
          57.67531001112601
        ],
        [
          0.01200332256110165,
          0.00992428333840566,
          1.0
        ]
      ]
    }
  ],
  "ingest_metadata": {
    "original_name": "PC000001_MOV-0273_jpg_rf_14de76a25f4497cfa6a76205a4b15e24.png",
    "source": "unknown",
    "dhash": "e0931a12f2e48082",
    "ingested_at": "2026-03-24T14:12:43.089745+00:00"
  }
}
