{
  "image_file": "d333ff36c88b_2025_Field_Tour_Video__Alliance_Station_frame_004189.png",
  "image_sha256": "d333ff36c88bc9a160e0f3547a93abcf0300a4c9c71af9e9c1fa398629491f93",
  "image_width": 1920,
  "image_height": 1080,
  "detector_config": {
    "library": "pupil-apriltags",
    "library_version": "1.0.4.post11",
    "family": "tag36h11",
    "nthreads": 4,
    "quad_decimate": 1.0,
    "quad_sigma": 0.0,
    "refine_edges": true,
    "decode_sharpening": 0.25
  },
  "detected_at": "2026-04-01T00:09:22.304937+00:00",
  "num_detections": 3,
  "detections": [
    {
      "tag_id": 12,
      "tag_family": "tag36h11",
      "hamming": 0,
      "decision_margin": 27.786972045898438,
      "center": [
        1821.6330160062726,
        296.74931878413844
      ],
      "corners": [
        [
          1808.2661132812502,
          321.6559448242188
        ],
        [
          1832.1677246093748,
          323.1593933105469
        ],
        [
          1835.3160400390627,
          271.253662109375
        ],
        [
          1811.3350830078127,
          270.9328308105468
        ]
      ],
      "homography": [
        [
          -9.02727207803514,
          -1.2617165291310368,
          1821.6330160062726
        ],
        [
          -2.9642569953207984,
          25.701429054032076,
          296.74931878413844
        ],
        [
          -0.011526096427797844,
          0.00016049003130471506,
          1.0
        ]
      ]
    },
    {
      "tag_id": 16,
      "tag_family": "tag36h11",
      "hamming": 0,
      "decision_margin": 23.1715087890625,
      "center": [
        890.2841953160852,
        326.0500588377899
      ],
      "corners": [
        [
          878.8753051757812,
          342.5394897460937
        ],
        [
          901.02392578125,
          343.0914306640625
        ],
        [
          901.6159667968751,
          309.67208862304693
        ],
        [
          879.8054199218751,
          309.4227600097657
        ]
      ],
      "homography": [
        [
          7.023935452529941,
          -7.365417021917209,
          890.2841953160852
        ],
        [
          -1.2529647387993368,
          14.074838301327361,
          326.0500588377899
        ],
        [
          -0.004453621349272039,
          -0.007844844559881116,
          1.0
        ]
      ]
    },
    {
      "tag_id": 18,
      "tag_family": "tag36h11",
      "hamming": 0,
      "decision_margin": 72.6955337524414,
      "center": [
        433.1141448868752,
        665.0963857656045
      ],
      "corners": [
        [
          410.95913696289057,
          693.6445922851562
        ],
        [
          456.1472473144531,
          687.875793457031
        ],
        [
          455.0376892089845,
          636.846435546875
        ],
        [
          409.5937805175782,
          641.8350830078127
        ]
      ],
      "homography": [
        [
          26.060243572743104,
          1.7472228008335295,
          433.1141448868752
        ],
        [
          2.5367209951833694,
          27.442487652934005,
          665.0963857656045
        ],
        [
          0.007858939089241485,
          0.00260777746798325,
          1.0
        ]
      ]
    }
  ]
}
