{
  "image_file": "d358e8eb98b1_Krypton_Cougars_-_2539_-_2024_Reveal___Rhapsody_frame_001824.png",
  "image_sha256": "d358e8eb98b181095aa6d94874cf7767e5f1b890cac94f8eb2ed588525170a7e",
  "image_width": 1920,
  "image_height": 1080,
  "detector_config": {
    "library": "pupil-apriltags",
    "library_version": "1.0.4.post11",
    "family": "tag36h11",
    "nthreads": 4,
    "quad_decimate": 1.0,
    "quad_sigma": 0.0,
    "refine_edges": true,
    "decode_sharpening": 0.25
  },
  "detected_at": "2026-04-01T00:32:19.344614+00:00",
  "num_detections": 2,
  "detections": [
    {
      "tag_id": 7,
      "tag_family": "tag36h11",
      "hamming": 0,
      "decision_margin": 76.32670593261719,
      "center": [
        1118.7812346268436,
        329.43946045309826
      ],
      "corners": [
        [
          1096.7243652343748,
          354.61517333984375
        ],
        [
          1138.7486572265625,
          352.9539794921875
        ],
        [
          1142.0520019531252,
          302.8782043457031
        ],
        [
          1099.04736328125,
          306.1999816894531
        ]
      ],
      "homography": [
        [
          2.977253698644971,
          10.291239203838131,
          1118.7812346268436
        ],
        [
          -6.617150478794716,
          28.055343122262684,
          329.43946045309826
        ],
        [
          -0.016331618476464436,
          0.010448907085566976,
          1.0
        ]
      ]
    },
    {
      "tag_id": 8,
      "tag_family": "tag36h11",
      "hamming": 0,
      "decision_margin": 82.25531768798828,
      "center": [
        996.0829359099674,
        334.2592376971017
      ],
      "corners": [
        [
          978.352600097656,
          356.77471923828125
        ],
        [
          1013.1607666015625,
          355.6908264160156
        ],
        [
          1014.5760498046876,
          310.7751159667969
        ],
        [
          979.4577026367186,
          313.39562988281244
        ]
      ],
      "homography": [
        [
          0.300363112389277,
          3.171762536722099,
          996.0829359099674
        ],
        [
          -6.68663260835041,
          23.341660064665916,
          334.2592376971017
        ],
        [
          -0.017243273268304438,
          0.0038143037592291654,
          1.0
        ]
      ]
    }
  ]
}
