{
  "image_file": "d524f57f29a3_2025_Field_Tour_Video__Processor_frame_001593.png",
  "image_sha256": "d524f57f29a39fe7469755b3c5da54e66bfce4a778ead49d280dffe67ec3b5a4",
  "image_width": 1920,
  "image_height": 1080,
  "detector_config": {
    "library": "pupil-apriltags",
    "library_version": "1.0.4.post11",
    "family": "tag36h11",
    "nthreads": 4,
    "quad_decimate": 1.0,
    "quad_sigma": 0.0,
    "refine_edges": true,
    "decode_sharpening": 0.25
  },
  "detected_at": "2026-04-01T00:08:34.479400+00:00",
  "num_detections": 4,
  "detections": [
    {
      "tag_id": 4,
      "tag_family": "tag36h11",
      "hamming": 0,
      "decision_margin": 34.98107147216797,
      "center": [
        1728.2489037772416,
        463.42504384090466
      ],
      "corners": [
        [
          1698.77392578125,
          487.51251220703125
        ],
        [
          1728.4866943359377,
          489.6009521484375
        ],
        [
          1756.67138671875,
          440.1976928710937
        ],
        [
          1728.0079345703125,
          436.89923095703125
        ]
      ],
      "homography": [
        [
          36.035058387137724,
          -24.321259249984674,
          1728.2489037772416
        ],
        [
          7.100681860435086,
          22.325852989545524,
          463.42504384090466
        ],
        [
          0.012408971684227138,
          -0.005769632997928443,
          1.0
        ]
      ]
    },
    {
      "tag_id": 13,
      "tag_family": "tag36h11",
      "hamming": 0,
      "decision_margin": 37.07673263549805,
      "center": [
        768.0415556896143,
        576.0905288881527
      ],
      "corners": [
        [
          759.1966552734375,
          585.8455200195312
        ],
        [
          776.9262084960938,
          585.6175537109375
        ],
        [
          776.9458618164062,
          566.2700195312499
        ],
        [
          759.0127563476564,
          566.408935546875
        ]
      ],
      "homography": [
        [
          10.720177148376251,
          4.416270139094309,
          768.0415556896143
        ],
        [
          1.2618019136899632,
          12.977588832942956,
          576.0905288881527
        ],
        [
          0.00234994076801303,
          0.00569689098077395,
          1.0
        ]
      ]
    },
    {
      "tag_id": 21,
      "tag_family": "tag36h11",
      "hamming": 0,
      "decision_margin": 68.68140411376953,
      "center": [
        547.3069969919987,
        857.7694654391215
      ],
      "corners": [
        [
          528.6712646484374,
          879.2560424804688
        ],
        [
          565.4754028320312,
          874.5020141601564
        ],
        [
          565.666442871094,
          836.6014404296876
        ],
        [
          528.9132080078126,
          840.829345703125
        ]
      ],
      "homography": [
        [
          22.11907556447636,
          -0.46486629156492837,
          547.3069969919987
        ],
        [
          3.6015847769081097,
          18.521723838813955,
          857.7694654391215
        ],
        [
          0.0068162758722810106,
          -0.0006518991099651479,
          1.0
        ]
      ]
    },
    {
      "tag_id": 22,
      "tag_family": "tag36h11",
      "hamming": 0,
      "decision_margin": 65.8042984008789,
      "center": [
        342.65466661429105,
        862.0719745776807
      ],
      "corners": [
        [
          328.03063964843756,
          879.6068115234375
        ],
        [
          356.0612487792968,
          883.3041992187501
        ],
        [
          357.53369140624994,
          844.2313842773438
        ],
        [
          329.5752258300781,
          841.3578491210936
        ]
      ],
      "homography": [
        [
          10.398763418539545,
          -1.3900619318007998,
          342.65466661429105
        ],
        [
          -7.407624668481505,
          17.72974189377817,
          862.0719745776807
        ],
        [
          -0.010497286178532272,
          -0.0018541861969215163,
          1.0
        ]
      ]
    }
  ]
}
