{
  "image_file": "d6651988f576_source_640x480.png",
  "image_sha256": "d6651988f576c1720d12e9265799027924a9cdac688b50c1a0b8b8cc7f84ca07",
  "image_width": 640,
  "image_height": 480,
  "detector_config": {
    "library": "pupil-apriltags",
    "library_version": "1.0.4.post11",
    "family": "tag36h11",
    "nthreads": 4,
    "quad_decimate": 1.0,
    "quad_sigma": 0.0,
    "refine_edges": true,
    "decode_sharpening": 0.25
  },
  "detected_at": "2026-03-24T14:00:13.767843+00:00",
  "num_detections": 3,
  "detections": [
    {
      "tag_id": 6,
      "tag_family": "tag36h11",
      "hamming": 0,
      "decision_margin": 60.87455749511719,
      "center": [
        288.39692755560634,
        270.93559349159136
      ],
      "corners": [
        [
          216.1719207763672,
          324.6667785644531
        ],
        [
          341.08392333984375,
          343.3604736328125
        ],
        [
          356.8341369628906,
          220.02230834960935
        ],
        [
          238.69281005859375,
          202.61105346679682
        ]
      ],
      "homography": [
        [
          60.39831240221304,
          -17.647841346027228,
          288.39692755560634
        ],
        [
          8.716790399138851,
          53.705244097878335,
          270.93559349159136
        ],
        [
          -0.001101938776427056,
          -0.028030260216579166,
          1.0
        ]
      ]
    },
    {
      "tag_id": 111,
      "tag_family": "tag36h11",
      "hamming": 0,
      "decision_margin": 62.04344940185547,
      "center": [
        136.2775987656644,
        217.1871542696478
      ],
      "corners": [
        [
          219.54885864257812,
          181.66073608398435
        ],
        [
          105.42461395263673,
          139.0771179199219
        ],
        [
          50.64366149902343,
          253.72157287597656
        ],
        [
          168.9517364501953,
          299.90777587890625
        ]
      ],
      "homography": [
        [
          -57.08654652425204,
          29.255803721860758,
          136.2775987656644
        ],
        [
          -20.56887651172434,
          -53.55419045071355,
          217.1871542696478
        ],
        [
          0.007339570885810416,
          0.021327757334088596,
          1.0
        ]
      ]
    },
    {
      "tag_id": 398,
      "tag_family": "tag36h11",
      "hamming": 0,
      "decision_margin": 65.33551788330078,
      "center": [
        462.23695565047205,
        245.39184850552198
      ],
      "corners": [
        [
          425.9986877441406,
          326.701171875
        ],
        [
          543.9376831054688,
          285.5491027832031
        ],
        [
          496.17852783203125,
          169.2357177734375
        ],
        [
          381.9072265625,
          205.9084625244141
        ]
      ],
      "homography": [
        [
          63.63885784832456,
          13.459415900056747,
          462.23695565047205
        ],
        [
          -16.438313079924292,
          54.17943299636386,
          245.39184850552198
        ],
        [
          0.012132249676277611,
          -0.020593611794707943,
          1.0
        ]
      ]
    }
  ],
  "ingest_metadata": {
    "original_name": "source_640x480.png",
    "source": "unknown",
    "dhash": "b9dccdfb9bde659e",
    "ingested_at": "2026-03-24T14:00:13.765040+00:00"
  }
}
