{
  "image_file": "d6dc6e3db2b8_FRC_2630_ThunderBolts_2025_Robot_Reveal-__Atlas__frame_00090.png",
  "image_sha256": "d6dc6e3db2b890a3d09bec1db823c22718c42632bee197acf3b52c89d31ff62b",
  "image_width": 1920,
  "image_height": 1080,
  "detector_config": {
    "library": "pupil-apriltags",
    "library_version": "1.0.4.post11",
    "family": "tag36h11",
    "nthreads": 4,
    "quad_decimate": 1.0,
    "quad_sigma": 0.0,
    "refine_edges": true,
    "decode_sharpening": 0.25
  },
  "detected_at": "2026-04-01T01:40:25.550511+00:00",
  "num_detections": 2,
  "detections": [
    {
      "tag_id": 9,
      "tag_family": "tag36h11",
      "hamming": 0,
      "decision_margin": 84.2015151977539,
      "center": [
        669.7590697367098,
        705.3076824160655
      ],
      "corners": [
        [
          639.8332519531251,
          736.0626220703126
        ],
        [
          697.6374511718749,
          737.4173583984375
        ],
        [
          700.0094604492188,
          674.2191772460936
        ],
        [
          642.3114013671876,
          673.6940917968748
        ]
      ],
      "homography": [
        [
          24.461010260290436,
          -2.0137334559893785,
          669.7590697367098
        ],
        [
          -4.1780809775689285,
          30.546965918190153,
          705.3076824160655
        ],
        [
          -0.006589352166360026,
          -0.001195643638754929,
          1.0
        ]
      ]
    },
    {
      "tag_id": 10,
      "tag_family": "tag36h11",
      "hamming": 0,
      "decision_margin": 85.10783386230469,
      "center": [
        974.7678615385555,
        714.9146041411782
      ],
      "corners": [
        [
          953.8130493164065,
          744.2065429687501
        ],
        [
          993.4547119140624,
          745.4389038085938
        ],
        [
          994.9418334960938,
          686.7141723632812
        ],
        [
          955.7481689453126,
          683.8466186523438
        ]
      ],
      "homography": [
        [
          33.259719895386866,
          -5.803471863676118,
          974.7678615385555
        ],
        [
          10.970713663475404,
          26.13370495401034,
          714.9146041411782
        ],
        [
          0.01390621220616331,
          -0.005079038152795459,
          1.0
        ]
      ]
    }
  ]
}
