{
  "image_file": "d6de518d7e70_FRC_4907_-_2025_Robot_Reveal__Wavelength__frame_004080.png",
  "image_sha256": "d6de518d7e7090914c8fc77e16e2b8fdef6f55b7bfcec12e56f7539650bc14c6",
  "image_width": 1920,
  "image_height": 1080,
  "detector_config": {
    "library": "pupil-apriltags",
    "library_version": "1.0.4.post11",
    "family": "tag36h11",
    "nthreads": 4,
    "quad_decimate": 1.0,
    "quad_sigma": 0.0,
    "refine_edges": true,
    "decode_sharpening": 0.25
  },
  "detected_at": "2026-04-01T02:52:11.340383+00:00",
  "num_detections": 2,
  "detections": [
    {
      "tag_id": 18,
      "tag_family": "tag36h11",
      "hamming": 0,
      "decision_margin": 91.45924377441406,
      "center": [
        641.7131852922595,
        656.9333809769377
      ],
      "corners": [
        [
          622.6369018554689,
          677.7777709960938
        ],
        [
          666.1239624023438,
          670.5552978515626
        ],
        [
          660.936767578125,
          635.9280395507812
        ],
        [
          616.6032714843751,
          642.9213256835936
        ]
      ],
      "homography": [
        [
          25.248412451486274,
          8.566750961910433,
          641.7131852922595
        ],
        [
          -0.18110757581939937,
          23.269972668289483,
          656.9333809769377
        ],
        [
          0.005136067963064139,
          0.008982004399016967,
          1.0
        ]
      ]
    },
    {
      "tag_id": 19,
      "tag_family": "tag36h11",
      "hamming": 2,
      "decision_margin": 32.6022834777832,
      "center": [
        439.4607841263152,
        626.3881786907695
      ],
      "corners": [
        [
          432.1394348144531,
          633.649169921875
        ],
        [
          454.9711608886718,
          650.9579467773438
        ],
        [
          448.00878906249994,
          617.91064453125
        ],
        [
          423.5748596191407,
          601.2235107421875
        ]
      ],
      "homography": [
        [
          -2.564631970584176,
          23.51715913027897,
          439.4607841263152
        ],
        [
          -11.94201848262117,
          44.29823844404655,
          626.3881786907695
        ],
        [
          -0.03266780358070672,
          0.04462933183825231,
          1.0
        ]
      ]
    }
  ]
}
