{
  "image_file": "d709a9fe669f_WPI_2025_District_Event_Qual_Match_37_POV_frame_003332.png",
  "image_sha256": "d709a9fe669f1be5bc785ad71e4e645d9a099f04bdaa91236bd89f5eb78a82e1",
  "image_width": 1920,
  "image_height": 1080,
  "detector_config": {
    "library": "pupil-apriltags",
    "library_version": "1.0.4.post11",
    "family": "tag36h11",
    "nthreads": 4,
    "quad_decimate": 1.0,
    "quad_sigma": 0.0,
    "refine_edges": true,
    "decode_sharpening": 0.25
  },
  "detected_at": "2026-04-01T15:00:33.662753+00:00",
  "num_detections": 3,
  "detections": [
    {
      "tag_id": 15,
      "tag_family": "tag36h11",
      "hamming": 0,
      "decision_margin": 25.846677780151367,
      "center": [
        1080.1770247969728,
        530.862495243793
      ],
      "corners": [
        [
          1072.0754394531252,
          537.4715576171875
        ],
        [
          1087.0072021484375,
          537.2999877929689
        ],
        [
          1087.8144531249998,
          524.632080078125
        ],
        [
          1073.4407958984373,
          524.5135498046874
        ]
      ],
      "homography": [
        [
          19.510287482395373,
          -20.20772231378373,
          1080.1770247969728
        ],
        [
          5.979040970130654,
          -3.2623939921370484,
          530.862495243793
        ],
        [
          0.011282888794559557,
          -0.018207969114151828,
          1.0
        ]
      ]
    },
    {
      "tag_id": 16,
      "tag_family": "tag36h11",
      "hamming": 1,
      "decision_margin": 42.721981048583984,
      "center": [
        1351.0445564062454,
        578.4309920984621
      ],
      "corners": [
        [
          1345.6247558593745,
          587.8262329101564
        ],
        [
          1356.060791015625,
          587.6981811523436
        ],
        [
          1356.3892822265627,
          569.1658935546873
        ],
        [
          1346.2286376953125,
          569.5338745117188
        ]
      ],
      "homography": [
        [
          -3.90349472463731,
          -18.70804729344127,
          1351.0445564062454
        ],
        [
          -4.000946157325188,
          1.2946350696092845,
          578.4309920984621
        ],
        [
          -0.0066996409696960454,
          -0.013673912200266335,
          1.0
        ]
      ]
    },
    {
      "tag_id": 17,
      "tag_family": "tag36h11",
      "hamming": 0,
      "decision_margin": 67.47933959960938,
      "center": [
        965.1845704822878,
        749.9975870214391
      ],
      "corners": [
        [
          957.8831176757812,
          766.6168212890625
        ],
        [
          972.2073364257811,
          760.2861328124999
        ],
        [
          972.1288452148438,
          734.1913452148438
        ],
        [
          957.9330444335938,
          739.3739013671875
        ]
      ],
      "homography": [
        [
          26.960748872200043,
          -4.357367604376346,
          965.1845704822878
        ],
        [
          12.53739240879929,
          9.935515017839977,
          749.9975870214391
        ],
        [
          0.020549333230470677,
          -0.004523312092211515,
          1.0
        ]
      ]
    }
  ],
  "ingest_metadata": {
    "original_name": "WPI_2025_District_Event_Qual_Match_37_POV_frame_003332.png",
    "source": "unknown",
    "dhash": "6332d4d5649ec8ea",
    "ingested_at": "2026-04-01T15:00:33.655298+00:00"
  }
}
