{
  "image_file": "d799689f9e29_FRC_8810_-_The_Alphabots_-_2026_Reveal_frame_001728.png",
  "image_sha256": "d799689f9e29c91c51e7c0190a79777414abeee411d54f6c8550412b000ae725",
  "image_width": 1920,
  "image_height": 1080,
  "detector_config": {
    "library": "pupil-apriltags",
    "library_version": "1.0.4.post11",
    "family": "tag36h11",
    "nthreads": 4,
    "quad_decimate": 1.0,
    "quad_sigma": 0.0,
    "refine_edges": true,
    "decode_sharpening": 0.25
  },
  "detected_at": "2026-04-01T05:01:56.021843+00:00",
  "num_detections": 4,
  "detections": [
    {
      "tag_id": 21,
      "tag_family": "tag36h11",
      "hamming": 0,
      "decision_margin": 64.66299438476562,
      "center": [
        528.6445284208953,
        530.7576216985555
      ],
      "corners": [
        [
          503.50500488281256,
          555.6640625
        ],
        [
          552.778076171875,
          556.2385864257812
        ],
        [
          553.2860107421875,
          506.3446044921876
        ],
        [
          504.225830078125,
          504.9755859375001
        ]
      ],
      "homography": [
        [
          28.778481006584116,
          -1.3984306067893577,
          528.6445284208953
        ],
        [
          4.700285617569759,
          24.047505566866903,
          530.7576216985555
        ],
        [
          0.007938855225029854,
          -0.0020657882769014417,
          1.0
        ]
      ]
    },
    {
      "tag_id": 22,
      "tag_family": "tag36h11",
      "hamming": 0,
      "decision_margin": 67.96749114990234,
      "center": [
        782.2962624912882,
        609.7549703802301
      ],
      "corners": [
        [
          769.039794921875,
          649.1099853515624
        ],
        [
          795.0055541992188,
          651.3557128906251
        ],
        [
          796.14697265625,
          568.6358032226564
        ],
        [
          770.101806640625,
          569.8394165039062
        ]
      ],
      "homography": [
        [
          -3.664137838764532,
          -0.06174211032043831,
          782.2962624912882
        ],
        [
          -12.724766619855933,
          40.86001458799194,
          609.7549703802301
        ],
        [
          -0.021297496122097987,
          0.0006244686568117221,
          1.0
        ]
      ]
    },
    {
      "tag_id": 24,
      "tag_family": "tag36h11",
      "hamming": 0,
      "decision_margin": 65.23829650878906,
      "center": [
        633.6686852506432,
        532.1652409212998
      ],
      "corners": [
        [
          609.3526611328126,
          556.3101806640625
        ],
        [
          657.2057495117186,
          557.1596069335938
        ],
        [
          657.8971557617186,
          508.10723876953125
        ],
        [
          609.9535522460939,
          506.9817810058593
        ]
      ],
      "homography": [
        [
          25.71438246639684,
          0.29934550116093167,
          633.6686852506432
        ],
        [
          1.9762076682270586,
          25.117800622357436,
          532.1652409212998
        ],
        [
          0.0027860248946129013,
          0.0009824505155951735,
          1.0
        ]
      ]
    },
    {
      "tag_id": 29,
      "tag_family": "tag36h11",
      "hamming": 0,
      "decision_margin": 47.75026321411133,
      "center": [
        762.003715489953,
        451.93997496948754
      ],
      "corners": [
        [
          752.9461059570311,
          476.2776184082032
        ],
        [
          773.2076416015626,
          467.02966308593756
        ],
        [
          770.5609130859377,
          428.9469299316406
        ],
        [
          748.5164184570311,
          433.7749938964844
        ]
      ],
      "homography": [
        [
          56.57781079882318,
          26.130059634823063,
          762.003715489953
        ],
        [
          23.735969023106858,
          34.54323408166596,
          451.93997496948754
        ],
        [
          0.0604428116729466,
          0.03203421580951461,
          1.0
        ]
      ]
    }
  ]
}
