{
  "image_file": "d82533b1b993_2026_FIRST_Robotics_Competition_KitBot_Overview_frame_002867.png",
  "image_sha256": "d82533b1b9933484c84568a9b1faa7e2cc9bbfb2ea72345662264bdf39357f40",
  "image_width": 1920,
  "image_height": 1080,
  "detector_config": {
    "library": "pupil-apriltags",
    "library_version": "1.0.4.post11",
    "family": "tag36h11",
    "nthreads": 4,
    "quad_decimate": 1.0,
    "quad_sigma": 0.0,
    "refine_edges": true,
    "decode_sharpening": 0.25
  },
  "detected_at": "2026-04-01T00:15:04.842853+00:00",
  "num_detections": 2,
  "detections": [
    {
      "tag_id": 29,
      "tag_family": "tag36h11",
      "hamming": 0,
      "decision_margin": 92.46261596679688,
      "center": [
        543.3519058301666,
        543.6623138010731
      ],
      "corners": [
        [
          519.0750122070312,
          643.3524169921876
        ],
        [
          580.4847412109375,
          570.6713256835938
        ],
        [
          566.5390625,
          448.44708251953125
        ],
        [
          499.95834350585943,
          512.0994873046876
        ]
      ],
      "homography": [
        [
          59.22926154446782,
          23.034817294147395,
          543.3519058301666
        ],
        [
          -6.770977596939825,
          78.1482643114739,
          543.6623138010731
        ],
        [
          0.05035335867739358,
          0.02739415172864573,
          1.0
        ]
      ]
    },
    {
      "tag_id": 30,
      "tag_family": "tag36h11",
      "hamming": 0,
      "decision_margin": 86.59117889404297,
      "center": [
        678.7129821306644,
        401.6305933649206
      ],
      "corners": [
        [
          661.6647949218751,
          477.6048278808594
        ],
        [
          701.1266479492188,
          431.5334167480468
        ],
        [
          695.2094116210935,
          328.115234375
        ],
        [
          653.3918457031249,
          367.84881591796875
        ]
      ],
      "homography": [
        [
          46.52501359663074,
          18.593450946744845,
          678.7129821306644
        ],
        [
          -5.965674339225253,
          62.15269011350199,
          401.6305933649206
        ],
        [
          0.03867864781936599,
          0.022230174930035828,
          1.0
        ]
      ]
    }
  ]
}
