{
  "image_file": "d86b704e9e6c_WPI_2025_District_Event_Qual_Match_48_POV_frame_006902.png",
  "image_sha256": "d86b704e9e6c7521b01ffa0cec938623d04d0bb8e7bc864b8f367386769b0fc8",
  "image_width": 1920,
  "image_height": 1080,
  "detector_config": {
    "library": "pupil-apriltags",
    "library_version": "1.0.4.post11",
    "family": "tag36h11",
    "nthreads": 4,
    "quad_decimate": 1.0,
    "quad_sigma": 0.0,
    "refine_edges": true,
    "decode_sharpening": 0.25
  },
  "detected_at": "2026-04-01T15:02:49.710590+00:00",
  "num_detections": 3,
  "detections": [
    {
      "tag_id": 4,
      "tag_family": "tag36h11",
      "hamming": 0,
      "decision_margin": 34.616676330566406,
      "center": [
        1073.4297011080905,
        417.43521466688713
      ],
      "corners": [
        [
          1065.30859375,
          423.7758483886719
        ],
        [
          1079.9835205078125,
          423.88363647460943
        ],
        [
          1081.446533203125,
          411.1759948730468
        ],
        [
          1066.7531738281252,
          410.8660583496093
        ]
      ],
      "homography": [
        [
          15.787485285476578,
          0.7828886088327655,
          1073.4297011080905
        ],
        [
          3.388710366873112,
          6.991117303519502,
          417.43521466688713
        ],
        [
          0.007868113494287966,
          0.0014066155218340514,
          1.0
        ]
      ]
    },
    {
      "tag_id": 7,
      "tag_family": "tag36h11",
      "hamming": 0,
      "decision_margin": 80.16687774658203,
      "center": [
        820.8079326717798,
        651.30124631687
      ],
      "corners": [
        [
          805.0158691406251,
          666.2261352539062
        ],
        [
          837.13671875,
          666.10107421875
        ],
        [
          836.494873046875,
          636.4757080078125
        ],
        [
          804.1642456054688,
          636.2160034179689
        ]
      ],
      "homography": [
        [
          21.402091452390437,
          2.9217024235756552,
          820.8079326717798
        ],
        [
          4.230662951911425,
          16.930710397906523,
          651.30124631687
        ],
        [
          0.006444944794306125,
          0.0031054758462840657,
          1.0
        ]
      ]
    },
    {
      "tag_id": 8,
      "tag_family": "tag36h11",
      "hamming": 0,
      "decision_margin": 70.1471176147461,
      "center": [
        960.3608151014839,
        633.5252082159409
      ],
      "corners": [
        [
          953.2556762695314,
          650.2205810546875
        ],
        [
          966.8912353515625,
          644.073974609375
        ],
        [
          967.2323608398436,
          617.3787231445314
        ],
        [
          953.6109008789064,
          622.6218872070314
        ]
      ],
      "homography": [
        [
          22.77395222215148,
          -0.2630008597815249,
          960.3608151014839
        ],
        [
          7.682827826987589,
          13.511028534730146,
          633.5252082159409
        ],
        [
          0.016620399498831505,
          -9.265519005110055e-05,
          1.0
        ]
      ]
    }
  ],
  "ingest_metadata": {
    "original_name": "WPI_2025_District_Event_Qual_Match_48_POV_frame_006902.png",
    "source": "unknown",
    "dhash": "3394e4e2da98e1e3",
    "ingested_at": "2026-04-01T15:02:49.705298+00:00"
  }
}
