{
  "image_file": "d8c584788b84_2026_Robot_Reveal_-_CyberhawK___CyberpunK_FRC_8020______fram.png",
  "image_sha256": "d8c584788b84fef5b610582cc268f0671f56b39aaea4ada22df3d6e4bdc91178",
  "image_width": 1920,
  "image_height": 1080,
  "detector_config": {
    "library": "pupil-apriltags",
    "library_version": "1.0.4.post11",
    "family": "tag36h11",
    "nthreads": 4,
    "quad_decimate": 1.0,
    "quad_sigma": 0.0,
    "refine_edges": true,
    "decode_sharpening": 0.25
  },
  "detected_at": "2026-04-01T04:11:11.701149+00:00",
  "num_detections": 7,
  "detections": [
    {
      "tag_id": 2,
      "tag_family": "tag36h11",
      "hamming": 0,
      "decision_margin": 40.626529693603516,
      "center": [
        1672.5017308588979,
        537.7315538544804
      ],
      "corners": [
        [
          1662.078857421875,
          573.6204223632812
        ],
        [
          1680.4371337890625,
          566.2985839843749
        ],
        [
          1682.6990966796877,
          502.6191711425782
        ],
        [
          1664.30859375,
          508.2366943359376
        ]
      ],
      "homography": [
        [
          31.694272350808205,
          3.0945273245490665,
          1672.5017308588979
        ],
        [
          4.000429968876342,
          33.61605535705064,
          537.7315538544804
        ],
        [
          0.013458116849975837,
          0.002521889902578714,
          1.0
        ]
      ]
    },
    {
      "tag_id": 7,
      "tag_family": "tag36h11",
      "hamming": 0,
      "decision_margin": 80.35002136230469,
      "center": [
        633.1136443185279,
        549.98708834399
      ],
      "corners": [
        [
          620.7121582031248,
          568.9225463867188
        ],
        [
          647.4899291992189,
          570.6622314453124
        ],
        [
          645.6792602539066,
          530.801025390625
        ],
        [
          618.9574584960938,
          529.6284790039062
        ]
      ],
      "homography": [
        [
          8.851289341192341,
          0.5302677737084889,
          633.1136443185279
        ],
        [
          -3.201201363890734,
          19.474264426975765,
          549.98708834399
        ],
        [
          -0.007143914345733786,
          -0.000570070908009544,
          1.0
        ]
      ]
    },
    {
      "tag_id": 9,
      "tag_family": "tag36h11",
      "hamming": 0,
      "decision_margin": 69.76812744140625,
      "center": [
        1213.6001372876865,
        540.6668345697414
      ],
      "corners": [
        [
          1185.9747314453125,
          569.6016235351564
        ],
        [
          1241.9595947265623,
          573.8412475585938
        ],
        [
          1241.9268798828125,
          510.99746704101545
        ],
        [
          1186.0047607421877,
          508.38623046875
        ]
      ],
      "homography": [
        [
          12.079908455431223,
          -0.679800711738379,
          1213.6001372876865
        ],
        [
          -5.368038460544543,
          30.706468356074993,
          540.6668345697414
        ],
        [
          -0.013094948228637453,
          -0.0005603669419956449,
          1.0
        ]
      ]
    },
    {
      "tag_id": 10,
      "tag_family": "tag36h11",
      "hamming": 0,
      "decision_margin": 69.50289154052734,
      "center": [
        1341.1838121927635,
        549.2114421659755
      ],
      "corners": [
        [
          1309.7229003906252,
          579.4917602539062
        ],
        [
          1372.4418945312502,
          584.4669799804688
        ],
        [
          1373.590209960937,
          518.0211181640625
        ],
        [
          1310.5817871093748,
          514.6958618164062
        ]
      ],
      "homography": [
        [
          14.387271461205728,
          2.315380897718571,
          1341.1838121927635
        ],
        [
          -4.901044094536251,
          33.95801843150059,
          549.2114421659755
        ],
        [
          -0.012704704572119656,
          0.0020992064176541345,
          1.0
        ]
      ]
    },
    {
      "tag_id": 11,
      "tag_family": "tag36h11",
      "hamming": 0,
      "decision_margin": 42.232967376708984,
      "center": [
        1629.28171039055,
        551.8735591484606
      ],
      "corners": [
        [
          1616.8868408203125,
          590.6701049804688
        ],
        [
          1638.524169921875,
          582.3969726562499
        ],
        [
          1641.2828369140625,
          514.3094482421875
        ],
        [
          1619.6420898437502,
          520.0385131835939
        ]
      ],
      "homography": [
        [
          41.09882194646707,
          2.6079508656832835,
          1629.28171039055
        ],
        [
          6.755037883446785,
          36.018369910594856,
          551.8735591484606
        ],
        [
          0.018586705955554502,
          0.0024470474143873295,
          1.0
        ]
      ]
    },
    {
      "tag_id": 19,
      "tag_family": "tag36h11",
      "hamming": 0,
      "decision_margin": 81.61373138427734,
      "center": [
        1811.8480578779997,
        420.15013174654786
      ],
      "corners": [
        [
          1796.455810546875,
          433.3117980957032
        ],
        [
          1826.126708984375,
          433.7699279785157
        ],
        [
          1827.479248046875,
          406.7841491699219
        ],
        [
          1797.8919677734373,
          406.83801269531244
        ]
      ],
      "homography": [
        [
          -2.513783854668872,
          -4.069709879835727,
          1811.8480578779997
        ],
        [
          -3.9173710861236954,
          12.581667231167785,
          420.15013174654786
        ],
        [
          -0.009563134787648498,
          -0.0018611244043560842,
          1.0
        ]
      ]
    },
    {
      "tag_id": 20,
      "tag_family": "tag36h11",
      "hamming": 0,
      "decision_margin": 78.27464294433594,
      "center": [
        1879.371780382576,
        421.00771919585816
      ],
      "corners": [
        [
          1863.2277832031248,
          434.2488708496094
        ],
        [
          1894.107666015625,
          435.0380859375
        ],
        [
          1896.0582275390627,
          407.32165527343744
        ],
        [
          1864.74609375,
          407.08227539062494
        ]
      ],
      "homography": [
        [
          -3.5073583324604,
          11.134334071474314,
          1879.371780382576
        ],
        [
          -4.009276356777322,
          16.406870786215393,
          421.00771919585816
        ],
        [
          -0.010137971948052209,
          0.0063848009844452245,
          1.0
        ]
      ]
    }
  ]
}
