{
  "image_file": "d9083cf88125_PC000002_MOV-0549_jpg_rf_49d0446ac48febb30edb739a655fd288.png",
  "image_sha256": "d9083cf88125cf1246a147731f717a2eebf62f3340e3cd0ee9e4ac567efe64e2",
  "image_width": 640,
  "image_height": 360,
  "detector_config": {
    "library": "pupil-apriltags",
    "library_version": "1.0.4.post11",
    "family": "tag36h11",
    "nthreads": 4,
    "quad_decimate": 1.0,
    "quad_sigma": 0.0,
    "refine_edges": true,
    "decode_sharpening": 0.25
  },
  "detected_at": "2026-03-24T14:13:28.082769+00:00",
  "num_detections": 2,
  "detections": [
    {
      "tag_id": 21,
      "tag_family": "tag36h11",
      "hamming": 0,
      "decision_margin": 87.15294647216797,
      "center": [
        265.8748981343847,
        185.52615853818685
      ],
      "corners": [
        [
          250.14009094238273,
          200.0650177001953
        ],
        [
          279.0265808105468,
          202.08798217773435
        ],
        [
          281.8367004394532,
          170.77755737304688
        ],
        [
          252.93077087402344,
          169.2257080078125
        ]
      ],
      "homography": [
        [
          12.43792467788029,
          -1.5055054827332681,
          265.8748981343847
        ],
        [
          -0.5085627245110819,
          15.463061078072315,
          185.52615853818685
        ],
        [
          -0.007557543362558923,
          -0.00039604827938565716,
          1.0
        ]
      ]
    },
    {
      "tag_id": 24,
      "tag_family": "tag36h11",
      "hamming": 0,
      "decision_margin": 81.55626678466797,
      "center": [
        332.31488592908516,
        188.87962199416734
      ],
      "corners": [
        [
          316.06732177734375,
          203.84185791015625
        ],
        [
          346.5026550292969,
          205.8598327636719
        ],
        [
          348.7502136230469,
          173.74447631835935
        ],
        [
          318.39364624023443,
          172.21839904785153
        ]
      ],
      "homography": [
        [
          12.666993862141112,
          -1.7647603485099224,
          332.31488592908516
        ],
        [
          -0.5525300329543105,
          15.580779405985965,
          188.87962199416734
        ],
        [
          -0.007613501291539801,
          -0.0018684912383665662,
          1.0
        ]
      ]
    }
  ],
  "ingest_metadata": {
    "original_name": "PC000002_MOV-0549_jpg_rf_49d0446ac48febb30edb739a655fd288.png",
    "source": "unknown",
    "dhash": "ad8148eb637373e3",
    "ingested_at": "2026-03-24T14:13:28.069999+00:00"
  }
}
