{
  "image_file": "d99781c1c7be_BumbleB_3339_FRC_Robot_Reveal_2024_-_ARCHER_frame_002050.png",
  "image_sha256": "d99781c1c7befe27fcdce47c52e5f4849eac8b125cf6fcdb7009ecb5ae6d0ad5",
  "image_width": 1920,
  "image_height": 1080,
  "detector_config": {
    "library": "pupil-apriltags",
    "library_version": "1.0.4.post11",
    "family": "tag36h11",
    "nthreads": 4,
    "quad_decimate": 1.0,
    "quad_sigma": 0.0,
    "refine_edges": true,
    "decode_sharpening": 0.25
  },
  "detected_at": "2026-04-01T00:34:31.217458+00:00",
  "num_detections": 2,
  "detections": [
    {
      "tag_id": 6,
      "tag_family": "tag36h11",
      "hamming": 0,
      "decision_margin": 81.28903198242188,
      "center": [
        1594.883431808518,
        272.92914559265364
      ],
      "corners": [
        [
          1569.9482421875002,
          305.0595397949219
        ],
        [
          1615.8106689453125,
          301.2933349609374
        ],
        [
          1620.5782470703125,
          239.81993103027344
        ],
        [
          1574.3902587890627,
          245.15327453613295
        ]
      ],
      "homography": [
        [
          2.687456475991212,
          1.306934531149864,
          1594.883431808518
        ],
        [
          -5.7502757435161165,
          30.957069397787336,
          272.92914559265364
        ],
        [
          -0.012741470901810001,
          0.002261996756051362,
          1.0
        ]
      ]
    },
    {
      "tag_id": 7,
      "tag_family": "tag36h11",
      "hamming": 0,
      "decision_margin": 82.89932250976562,
      "center": [
        444.40069676204666,
        147.2848067276867
      ],
      "corners": [
        [
          413.2330017089843,
          170.00462341308594
        ],
        [
          469.4647216796875,
          180.3963623046875
        ],
        [
          474.92944335937506,
          125.03075408935547
        ],
        [
          419.15054321289057,
          113.92736053466798
        ]
      ],
      "homography": [
        [
          31.123999714071488,
          -4.323270971512041,
          444.40069676204666
        ],
        [
          6.409853712275403,
          27.369047115493146,
          147.2848067276867
        ],
        [
          0.0070278267672317235,
          -0.0033284991187028075,
          1.0
        ]
      ]
    }
  ]
}
