{
  "image_file": "dbe6d23f99e7_FRC_8810_-_The_Alphabots_-_2026_Reveal_frame_002304.png",
  "image_sha256": "dbe6d23f99e7d24fa4a3298e4c396099481712e195861201d78d13c1614c71db",
  "image_width": 1920,
  "image_height": 1080,
  "detector_config": {
    "library": "pupil-apriltags",
    "library_version": "1.0.4.post11",
    "family": "tag36h11",
    "nthreads": 4,
    "quad_decimate": 1.0,
    "quad_sigma": 0.0,
    "refine_edges": true,
    "decode_sharpening": 0.25
  },
  "detected_at": "2026-04-01T05:02:02.846320+00:00",
  "num_detections": 4,
  "detections": [
    {
      "tag_id": 21,
      "tag_family": "tag36h11",
      "hamming": 0,
      "decision_margin": 87.74544525146484,
      "center": [
        541.1494261642313,
        68.65965843845159
      ],
      "corners": [
        [
          518.6727294921876,
          101.64074707031251
        ],
        [
          566.6663208007811,
          107.06559753417966
        ],
        [
          564.2718505859374,
          34.731063842773416
        ],
        [
          515.7819824218751,
          30.478660583496094
        ]
      ],
      "homography": [
        [
          19.49217188385535,
          4.360383762521226,
          541.1494261642313
        ],
        [
          1.8355298778956053,
          36.255949999168266,
          68.65965843845159
        ],
        [
          -0.008549019902781995,
          0.005611949303948101,
          1.0
        ]
      ]
    },
    {
      "tag_id": 24,
      "tag_family": "tag36h11",
      "hamming": 0,
      "decision_margin": 89.51033020019531,
      "center": [
        654.1909853876462,
        77.16331213519499
      ],
      "corners": [
        [
          629.9886474609374,
          112.01518249511719
        ],
        [
          681.6557006835939,
          117.15712738037108
        ],
        [
          679.106689453125,
          41.28417968749999
        ],
        [
          627.2274169921874,
          37.89926147460939
        ]
      ],
      "homography": [
        [
          18.120542005740617,
          3.0678474825632542,
          654.1909853876462
        ],
        [
          1.2181854118009408,
          37.69690885827082,
          77.16331213519499
        ],
        [
          -0.011865488626889352,
          0.0026580165829386995,
          1.0
        ]
      ]
    },
    {
      "tag_id": 25,
      "tag_family": "tag36h11",
      "hamming": 0,
      "decision_margin": 98.71122741699219,
      "center": [
        810.7256281530397,
        77.09505142824217
      ],
      "corners": [
        [
          788.6171875000001,
          116.61134338378906
        ],
        [
          833.95751953125,
          111.0773239135742
        ],
        [
          832.5264282226562,
          38.128631591796875
        ],
        [
          786.7170410156251,
          41.97667312622074
        ]
      ],
      "homography": [
        [
          32.28848441044204,
          4.654768264885437,
          810.7256281530397
        ],
        [
          -1.4453748395226615,
          37.253904999168824,
          77.09505142824217
        ],
        [
          0.01172380100085692,
          0.0047175176226912415,
          1.0
        ]
      ]
    },
    {
      "tag_id": 26,
      "tag_family": "tag36h11",
      "hamming": 0,
      "decision_margin": 93.13492584228516,
      "center": [
        907.5715958756041,
        68.80206624362657
      ],
      "corners": [
        [
          886.8890380859376,
          106.33620452880861
        ],
        [
          928.3383178710938,
          102.00299835205078
        ],
        [
          927.6217651367188,
          32.41556930541992
        ],
        [
          886.5623168945312,
          35.21334457397459
        ]
      ],
      "homography": [
        [
          30.304284448774183,
          -4.147507428380205,
          907.5715958756041
        ],
        [
          -1.0450299608361788,
          34.83820496523782,
          68.80206624362657
        ],
        [
          0.010665724967171445,
          -0.004859592740221064,
          1.0
        ]
      ]
    }
  ],
  "ingest_metadata": {
    "original_name": "FRC_8810_-_The_Alphabots_-_2026_Reveal_frame_002304.png",
    "source": "unknown",
    "dhash": "bd983f3c78e18896",
    "ingested_at": "2026-04-01T05:02:02.835299+00:00"
  }
}
