{
  "image_file": "dc19e3c4b4cd_Team_Montage_from_Port_Hueneme_Our_unofficial_robot_reveal_o.png",
  "image_sha256": "dc19e3c4b4cd3e1994afa49b7825e0123665992f7c77ab224075abd80c17d853",
  "image_width": 1920,
  "image_height": 1080,
  "detector_config": {
    "library": "pupil-apriltags",
    "library_version": "1.0.4.post11",
    "family": "tag36h11",
    "nthreads": 4,
    "quad_decimate": 1.0,
    "quad_sigma": 0.0,
    "refine_edges": true,
    "decode_sharpening": 0.25
  },
  "detected_at": "2026-04-01T04:51:36.015251+00:00",
  "num_detections": 5,
  "detections": [
    {
      "tag_id": 18,
      "tag_family": "tag36h11",
      "hamming": 0,
      "decision_margin": 94.53597259521484,
      "center": [
        1525.9111232839773,
        409.38793284969194
      ],
      "corners": [
        [
          1479.1467285156248,
          466.0597534179687
        ],
        [
          1573.555419921875,
          464.4132385253907
        ],
        [
          1572.6060791015627,
          352.800262451172
        ],
        [
          1478.3680419921875,
          354.47952270507807
        ]
      ],
      "homography": [
        [
          46.91723576714389,
          -0.9461437064835478,
          1525.9111232839773
        ],
        [
          -0.8970312641123496,
          55.428513623140816,
          409.38793284969194
        ],
        [
          -0.00016017089969109748,
          -0.0009031564900238857,
          1.0
        ]
      ]
    },
    {
      "tag_id": 23,
      "tag_family": "tag36h11",
      "hamming": 0,
      "decision_margin": 45.643592834472656,
      "center": [
        379.1148494747342,
        515.7384387765877
      ],
      "corners": [
        [
          361.8223571777344,
          557.5885009765625
        ],
        [
          397.16979980468756,
          560.1777954101561
        ],
        [
          396.1659545898437,
          474.47256469726557
        ],
        [
          361.6182861328125,
          472.6734619140626
        ]
      ],
      "homography": [
        [
          15.826214681476188,
          -4.009379844914461,
          379.1148494747342
        ],
        [
          -1.1450150841139974,
          36.78598426143458,
          515.7384387765877
        ],
        [
          -0.004338913059300921,
          -0.011367506453107187,
          1.0
        ]
      ]
    },
    {
      "tag_id": 25,
      "tag_family": "tag36h11",
      "hamming": 0,
      "decision_margin": 43.748687744140625,
      "center": [
        856.3981682521725,
        407.57941615684183
      ],
      "corners": [
        [
          832.3388671875,
          460.697021484375
        ],
        [
          881.983642578125,
          460.65844726562506
        ],
        [
          880.8937377929689,
          353.49862670898443
        ],
        [
          830.9952392578125,
          354.8790893554687
        ]
      ],
      "homography": [
        [
          19.50426998686703,
          2.923584448886461,
          856.3981682521725
        ],
        [
          -2.913592092257779,
          54.343404093731635,
          407.57941615684183
        ],
        [
          -0.006282597669068674,
          0.0027024633697873258,
          1.0
        ]
      ]
    },
    {
      "tag_id": 26,
      "tag_family": "tag36h11",
      "hamming": 0,
      "decision_margin": 43.869022369384766,
      "center": [
        966.0623793912824,
        409.119653476886
      ],
      "corners": [
        [
          940.056884765625,
          463.3433532714844
        ],
        [
          992.7554321289062,
          464.6098327636718
        ],
        [
          992.22705078125,
          354.5640563964844
        ],
        [
          939.6157836914061,
          354.1418151855469
        ]
      ],
      "homography": [
        [
          22.613010165032847,
          -0.5242702184151512,
          966.0623793912824
        ],
        [
          -1.151025219824596,
          54.486384772979136,
          409.119653476886
        ],
        [
          -0.0038445097848730193,
          -0.0007934026777488052,
          1.0
        ]
      ]
    },
    {
      "tag_id": 27,
      "tag_family": "tag36h11",
      "hamming": 0,
      "decision_margin": 103.088623046875,
      "center": [
        1316.7535962557688,
        410.493238423087
      ],
      "corners": [
        [
          1267.9552001953123,
          467.35272216796875
        ],
        [
          1365.410888671875,
          465.8245544433594
        ],
        [
          1365.2312011718752,
          354.0075378417969
        ],
        [
          1267.858642578125,
          354.8916625976562
        ]
      ],
      "homography": [
        [
          52.481777087568844,
          -0.4980079647445954,
          1316.7535962557688
        ],
        [
          0.5739520499488935,
          55.892227140545,
          410.493238423087
        ],
        [
          0.00286699391035989,
          -0.0004307479903104409,
          1.0
        ]
      ]
    }
  ],
  "ingest_metadata": {
    "original_name": "Team_Montage_from_Port_Hueneme_Our_unofficial_robot_reveal_o.png",
    "source": "unknown",
    "dhash": "c85c6c4c46b4b461",
    "ingested_at": "2026-04-01T04:51:36.005301+00:00"
  }
}
