{
  "image_file": "dc51ff3f07e1_PC000001_MOV-0154_jpg_rf_ae8d097cddac33ee1bd1f027b714f4fc.png",
  "image_sha256": "dc51ff3f07e153cf3dd62e30671f2dd0e8b694c04bb1131eb59d4b3c7407e97a",
  "image_width": 640,
  "image_height": 360,
  "detector_config": {
    "library": "pupil-apriltags",
    "library_version": "1.0.4.post11",
    "family": "tag36h11",
    "nthreads": 4,
    "quad_decimate": 1.0,
    "quad_sigma": 0.0,
    "refine_edges": true,
    "decode_sharpening": 0.25
  },
  "detected_at": "2026-03-24T14:12:37.650251+00:00",
  "num_detections": 4,
  "detections": [
    {
      "tag_id": 2,
      "tag_family": "tag36h11",
      "hamming": 0,
      "decision_margin": 75.43468475341797,
      "center": [
        499.04006936463617,
        219.69053714602728
      ],
      "corners": [
        [
          481.9692993164063,
          240.60966491699222
        ],
        [
          509.53808593750006,
          246.24415588378906
        ],
        [
          515.4293823242186,
          199.60649108886713
        ],
        [
          487.8728332519531,
          191.4441986083984
        ]
      ],
      "homography": [
        [
          26.56193097005513,
          -0.3247560157646457,
          499.04006936463617
        ],
        [
          9.070532869431528,
          25.089339212130454,
          219.69053714602728
        ],
        [
          0.025627670820784203,
          0.005261400704591839,
          1.0
        ]
      ]
    },
    {
      "tag_id": 9,
      "tag_family": "tag36h11",
      "hamming": 0,
      "decision_margin": 52.908653259277344,
      "center": [
        208.78823253111383,
        170.50158007813354
      ],
      "corners": [
        [
          196.2465209960937,
          188.67678833007812
        ],
        [
          214.5845489501953,
          191.58378601074222
        ],
        [
          222.3206634521485,
          150.89064025878903
        ],
        [
          203.16574096679682,
          150.05160522460932
        ]
      ],
      "homography": [
        [
          3.8074230660242847,
          -1.2776584718094166,
          208.78823253111383
        ],
        [
          -3.5892147576675226,
          21.755002109022712,
          170.50158007813354
        ],
        [
          -0.026609459994331366,
          0.011386780445186411,
          1.0
        ]
      ]
    },
    {
      "tag_id": 10,
      "tag_family": "tag36h11",
      "hamming": 0,
      "decision_margin": 71.65718078613281,
      "center": [
        255.2468655908796,
        175.071253358628
      ],
      "corners": [
        [
          239.69633483886722,
          195.8664703369141
        ],
        [
          263.9034729003906,
          199.94567871093753
        ],
        [
          271.74719238281244,
          153.00590515136716
        ],
        [
          247.2233123779297,
          152.01588439941403
        ]
      ],
      "homography": [
        [
          3.544084284271094,
          -4.903278344976911,
          255.2468655908796
        ],
        [
          -4.656773147547741,
          21.9427564805367,
          175.071253358628
        ],
        [
          -0.03379327359120496,
          -0.004159244653968978,
          1.0
        ]
      ]
    },
    {
      "tag_id": 11,
      "tag_family": "tag36h11",
      "hamming": 0,
      "decision_margin": 85.87499237060547,
      "center": [
        430.2737569552377,
        202.7879666622201
      ],
      "corners": [
        [
          408.1874389648437,
          226.3065948486328
        ],
        [
          443.918701171875,
          233.27388000488278
        ],
        [
          450.9326171875001,
          180.78936767578122
        ],
        [
          415.91595458984375,
          170.7093658447266
        ]
      ],
      "homography": [
        [
          30.33161505132989,
          -5.385955649887702,
          430.2737569552377
        ],
        [
          10.231544917380202,
          26.19275685323217,
          202.7879666622201
        ],
        [
          0.0294256569117492,
          -0.003968934419606444,
          1.0
        ]
      ]
    }
  ],
  "ingest_metadata": {
    "original_name": "PC000001_MOV-0154_jpg_rf_ae8d097cddac33ee1bd1f027b714f4fc.png",
    "source": "unknown",
    "dhash": "95c9a9e9b99e98d8",
    "ingested_at": "2026-03-24T14:12:37.639461+00:00"
  }
}
