{
  "image_file": "dcb621b5347b_PC000001_MOV-0242_jpg_rf_e37d93a8fb503f7a6cbd53d7ff72cf71.png",
  "image_sha256": "dcb621b5347b42d47f2193df505906877af91735f0205afe166be50cc23e573f",
  "image_width": 640,
  "image_height": 360,
  "detector_config": {
    "library": "pupil-apriltags",
    "library_version": "1.0.4.post11",
    "family": "tag36h11",
    "nthreads": 4,
    "quad_decimate": 1.0,
    "quad_sigma": 0.0,
    "refine_edges": true,
    "decode_sharpening": 0.25
  },
  "detected_at": "2026-03-24T14:12:41.505370+00:00",
  "num_detections": 5,
  "detections": [
    {
      "tag_id": 3,
      "tag_family": "tag36h11",
      "hamming": 0,
      "decision_margin": 59.40234375,
      "center": [
        122.44124718889984,
        147.61951975467704
      ],
      "corners": [
        [
          110.02259826660159,
          166.24490356445315
        ],
        [
          128.70562744140625,
          167.29457092285153
        ],
        [
          135.45111083984375,
          128.10743713378906
        ],
        [
          116.47360229492189,
          128.87644958496097
        ]
      ],
      "homography": [
        [
          6.5013701030749615,
          -3.359245572421215,
          122.44124718889984
        ],
        [
          -3.436959583688948,
          19.053630075878175,
          147.61951975467704
        ],
        [
          -0.0237544808620656,
          -0.0005044096303030239,
          1.0
        ]
      ]
    },
    {
      "tag_id": 4,
      "tag_family": "tag36h11",
      "hamming": 0,
      "decision_margin": 71.93655395507812,
      "center": [
        167.34365126272118,
        147.65674464071188
      ],
      "corners": [
        [
          152.47702026367193,
          168.15226745605472
        ],
        [
          175.6193389892578,
          169.78343200683588
        ],
        [
          183.10627746582028,
          125.92597961425777
        ],
        [
          159.48570251464847,
          126.6469650268555
        ]
      ],
      "homography": [
        [
          7.067355026586313,
          -3.3388779294285476,
          167.34365126272118
        ],
        [
          -3.841942542168911,
          21.572525064958256,
          147.65674464071188
        ],
        [
          -0.027572672581222073,
          0.0016802472051249326,
          1.0
        ]
      ]
    },
    {
      "tag_id": 5,
      "tag_family": "tag36h11",
      "hamming": 0,
      "decision_margin": 75.69080352783203,
      "center": [
        386.1938378009982,
        168.66631169074654
      ],
      "corners": [
        [
          369.59356689453125,
          188.15289306640625
        ],
        [
          394.7270812988281,
          191.0408782958984
        ],
        [
          401.95745849609375,
          150.1618499755859
        ],
        [
          377.14874267578125,
          144.94964599609378
        ]
      ],
      "homography": [
        [
          23.09089712591725,
          -3.063865547816076,
          386.1938378009982
        ],
        [
          6.657389913065626,
          21.279965448755377,
          168.66631169074654
        ],
        [
          0.027484832043106477,
          0.001633484446483145,
          1.0
        ]
      ]
    },
    {
      "tag_id": 8,
      "tag_family": "tag36h11",
      "hamming": 0,
      "decision_margin": 69.32646942138672,
      "center": [
        433.66214340467803,
        175.6941874497462
      ],
      "corners": [
        [
          420.478759765625,
          193.7210235595703
        ],
        [
          440.019287109375,
          195.43458557128906
        ],
        [
          446.0425720214843,
          158.76530456542963
        ],
        [
          427.0088806152344,
          155.03427124023435
        ]
      ],
      "homography": [
        [
          21.381304306990444,
          -5.009246108390923,
          433.66214340467803
        ],
        [
          6.123215664573477,
          18.065307166469267,
          175.6941874497462
        ],
        [
          0.02708500130529374,
          -0.004324829678059664,
          1.0
        ]
      ]
    },
    {
      "tag_id": 16,
      "tag_family": "tag36h11",
      "hamming": 0,
      "decision_margin": 48.37290573120117,
      "center": [
        594.8535267358398,
        259.9087975433249
      ],
      "corners": [
        [
          584.8508300781249,
          266.6970520019531
        ],
        [
          602.0789184570312,
          269.02935791015625
        ],
        [
          604.6505126953126,
          253.26014709472656
        ],
        [
          587.9060668945311,
          251.13906860351562
        ]
      ],
      "homography": [
        [
          5.74879422190486,
          -10.330266130569498,
          594.8535267358398
        ],
        [
          -0.0862640787945002,
          3.9311158235514654,
          259.9087975433249
        ],
        [
          -0.004610281884336435,
          -0.014999877627831854,
          1.0
        ]
      ]
    }
  ],
  "ingest_metadata": {
    "original_name": "PC000001_MOV-0242_jpg_rf_e37d93a8fb503f7a6cbd53d7ff72cf71.png",
    "source": "unknown",
    "dhash": "ff6e86e46a683230",
    "ingested_at": "2026-03-24T14:12:41.489661+00:00"
  }
}
