{
  "image_file": "dcd766e0b8b5_PC000002_MOV-0193_jpg_rf_8d989fd872907607f3ad442108513b93.png",
  "image_sha256": "dcd766e0b8b580d34300308a5b166936768f863ea7cc02c609d0d1dd63063de3",
  "image_width": 640,
  "image_height": 360,
  "detector_config": {
    "library": "pupil-apriltags",
    "library_version": "1.0.4.post11",
    "family": "tag36h11",
    "nthreads": 4,
    "quad_decimate": 1.0,
    "quad_sigma": 0.0,
    "refine_edges": true,
    "decode_sharpening": 0.25
  },
  "detected_at": "2026-03-24T14:13:03.223250+00:00",
  "num_detections": 2,
  "detections": [
    {
      "tag_id": 9,
      "tag_family": "tag36h11",
      "hamming": 0,
      "decision_margin": 84.80140686035156,
      "center": [
        392.9368519127647,
        47.543332501106775
      ],
      "corners": [
        [
          377.303955078125,
          63.02600479125976
        ],
        [
          406.1283264160156,
          61.924274444580085
        ],
        [
          408.7452392578125,
          31.886856079101562
        ],
        [
          379.74548339843744,
          33.16250610351562
        ]
      ],
      "homography": [
        [
          13.35840298127431,
          -0.1685600347199722,
          392.9368519127647
        ],
        [
          -0.7268803667300664,
          15.107573539167028,
          47.543332501106775
        ],
        [
          -0.0027927742998689418,
          0.0027887569570970066,
          1.0
        ]
      ]
    },
    {
      "tag_id": 10,
      "tag_family": "tag36h11",
      "hamming": 0,
      "decision_margin": 81.66646575927734,
      "center": [
        455.83070867358236,
        44.44082230840136
      ],
      "corners": [
        [
          440.0882873535157,
          59.99840927124023
        ],
        [
          468.5195007324219,
          58.35863113403322
        ],
        [
          471.3499450683594,
          29.1037998199463
        ],
        [
          442.90136718750006,
          30.259164810180664
        ]
      ],
      "homography": [
        [
          17.98621253147951,
          -0.898111000868878,
          455.83070867358236
        ],
        [
          -0.33172886424616804,
          14.797514195244815,
          44.44082230840136
        ],
        [
          0.008264532570413088,
          0.0011252782376617609,
          1.0
        ]
      ]
    }
  ]
}
