{
  "image_file": "dd53075d3036_FRC_Team_3536_REBUILT_ROBOT_REVEAL_frame_004020.png",
  "image_sha256": "dd53075d3036065371289d10cb6d427e5c5c1f5899bbaddaf3be9f037532c409",
  "image_width": 1920,
  "image_height": 1080,
  "detector_config": {
    "library": "pupil-apriltags",
    "library_version": "1.0.4.post11",
    "family": "tag36h11",
    "nthreads": 4,
    "quad_decimate": 1.0,
    "quad_sigma": 0.0,
    "refine_edges": true,
    "decode_sharpening": 0.25
  },
  "detected_at": "2026-04-01T04:28:15.209214+00:00",
  "num_detections": 5,
  "detections": [
    {
      "tag_id": 17,
      "tag_family": "tag36h11",
      "hamming": 0,
      "decision_margin": 81.7232437133789,
      "center": [
        759.2226055828845,
        256.27999506324676
      ],
      "corners": [
        [
          737.2919311523439,
          279.2008666992188
        ],
        [
          781.2210083007812,
          280.33264160156256
        ],
        [
          781.2938232421875,
          233.21223449707034
        ],
        [
          737.2874145507812,
          232.29646301269534
        ]
      ],
      "homography": [
        [
          20.225062758777426,
          0.6493186192544751,
          759.2226055828845
        ],
        [
          -0.08167149544306375,
          23.73097523054082,
          256.27999506324676
        ],
        [
          -0.0023164138241958607,
          0.0008776131161738448,
          1.0
        ]
      ]
    },
    {
      "tag_id": 19,
      "tag_family": "tag36h11",
      "hamming": 0,
      "decision_margin": 61.06422805786133,
      "center": [
        1686.233355026418,
        210.32089396518177
      ],
      "corners": [
        [
          1653.3242187500002,
          239.1059112548828
        ],
        [
          1713.9368896484377,
          240.27322387695318
        ],
        [
          1719.6584472656248,
          181.08457946777344
        ],
        [
          1658.2734374999998,
          180.09136962890622
        ]
      ],
      "homography": [
        [
          27.823604855748044,
          7.774232055536235,
          1686.233355026418
        ],
        [
          0.20710125736655605,
          30.851914363054163,
          210.32089396518177
        ],
        [
          -0.001586089367886508,
          0.006192036259480593,
          1.0
        ]
      ]
    },
    {
      "tag_id": 20,
      "tag_family": "tag36h11",
      "hamming": 0,
      "decision_margin": 60.90082550048828,
      "center": [
        1822.8602518568366,
        211.05509424709413
      ],
      "corners": [
        [
          1788.7556152343748,
          240.3255920410156
        ],
        [
          1851.1668701171877,
          241.92892456054688
        ],
        [
          1857.6402587890625,
          181.20495605468753
        ],
        [
          1794.7800292968748,
          180.4281921386719
        ]
      ],
      "homography": [
        [
          18.720560295425912,
          2.153539774501271,
          1822.8602518568366
        ],
        [
          -0.8621316169228559,
          30.7646064239581,
          211.05509424709413
        ],
        [
          -0.006909705855789719,
          0.002894660907435936,
          1.0
        ]
      ]
    },
    {
      "tag_id": 29,
      "tag_family": "tag36h11",
      "hamming": 0,
      "decision_margin": 66.04273986816406,
      "center": [
        995.8566915964374,
        308.0517466337841
      ],
      "corners": [
        [
          982.8950195312501,
          320.40240478515625
        ],
        [
          1007.9728393554688,
          321.36529541015625
        ],
        [
          1008.7073974609375,
          295.80682373046875
        ],
        [
          983.6966552734376,
          294.6899719238281
        ]
      ],
      "homography": [
        [
          15.56276947830247,
          -1.624322123543832,
          995.8566915964374
        ],
        [
          1.4606386064915553,
          12.433901864340498,
          308.0517466337841
        ],
        [
          0.0030534193293370784,
          -0.0012455337151845484,
          1.0
        ]
      ]
    },
    {
      "tag_id": 30,
      "tag_family": "tag36h11",
      "hamming": 0,
      "decision_margin": 67.36942291259766,
      "center": [
        1062.1404300740612,
        311.1411898607936
      ],
      "corners": [
        [
          1048.9086914062495,
          323.6819763183594
        ],
        [
          1074.2783203125,
          324.5848388671875
        ],
        [
          1075.1867675781252,
          298.776123046875
        ],
        [
          1049.770263671875,
          297.44027709960943
        ]
      ],
      "homography": [
        [
          21.475785750865953,
          0.8436235977271762,
          1062.1404300740612
        ],
        [
          3.1314103506824704,
          13.388505464140849,
          311.1411898607936
        ],
        [
          0.008266449208358137,
          0.0012110939177030896,
          1.0
        ]
      ]
    }
  ]
}
