{
  "image_file": "dd61f4104c9d_FRC_Team__6996_Koalafied_2026_Robot_Reveal_frame_001776.png",
  "image_sha256": "dd61f4104c9d3174165a06784b0ed60a8aa1119844b3524bdf9dcd5a62862292",
  "image_width": 1920,
  "image_height": 1080,
  "detector_config": {
    "library": "pupil-apriltags",
    "library_version": "1.0.4.post11",
    "family": "tag36h11",
    "nthreads": 4,
    "quad_decimate": 1.0,
    "quad_sigma": 0.0,
    "refine_edges": true,
    "decode_sharpening": 0.25
  },
  "detected_at": "2026-04-01T04:27:10.451860+00:00",
  "num_detections": 4,
  "detections": [
    {
      "tag_id": 2,
      "tag_family": "tag36h11",
      "hamming": 0,
      "decision_margin": 38.217506408691406,
      "center": [
        1180.8185544070006,
        188.26021869771927
      ],
      "corners": [
        [
          1175.5718994140625,
          215.2350616455078
        ],
        [
          1185.6287841796875,
          218.07508850097653
        ],
        [
          1186.2766113281255,
          160.198486328125
        ],
        [
          1175.5063476562502,
          155.333984375
        ]
      ],
      "homography": [
        [
          22.818534749858596,
          40.787653170817066,
          1180.8185544070006
        ],
        [
          4.701958832968752,
          35.92736988669685,
          188.26021869771927
        ],
        [
          0.014921017812621964,
          0.03466951080183691,
          1.0
        ]
      ]
    },
    {
      "tag_id": 9,
      "tag_family": "tag36h11",
      "hamming": 0,
      "decision_margin": 44.073036193847656,
      "center": [
        783.7448051665899,
        184.41461334274402
      ],
      "corners": [
        [
          756.9945068359377,
          216.36074829101565
        ],
        [
          812.4910278320311,
          214.3586730957031
        ],
        [
          811.0516357421874,
          151.80384826660153
        ],
        [
          755.1790771484375,
          154.6585693359375
        ]
      ],
      "homography": [
        [
          22.572128497410176,
          3.6152861054049508,
          783.7448051665899
        ],
        [
          -2.4523266235279704,
          31.721298674319172,
          184.41461334274402
        ],
        [
          -0.0067222989479963765,
          0.0035729619399879763,
          1.0
        ]
      ]
    },
    {
      "tag_id": 10,
      "tag_family": "tag36h11",
      "hamming": 0,
      "decision_margin": 45.98713302612305,
      "center": [
        908.2419577369473,
        179.5279443473161
      ],
      "corners": [
        [
          879.4898681640626,
          212.41075134277344
        ],
        [
          938.4393310546874,
          210.28463745117188
        ],
        [
          937.5706176757811,
          145.98573303222656
        ],
        [
          878.0982666015626,
          148.825927734375
        ]
      ],
      "homography": [
        [
          24.69192318063915,
          4.6705714064077055,
          908.2419577369473
        ],
        [
          -2.2109022029604017,
          32.780516435130124,
          179.5279443473161
        ],
        [
          -0.005408346772382265,
          0.004518700843161652,
          1.0
        ]
      ]
    },
    {
      "tag_id": 11,
      "tag_family": "tag36h11",
      "hamming": 0,
      "decision_margin": 36.64906692504883,
      "center": [
        1155.4172336323709,
        176.5550785391626
      ],
      "corners": [
        [
          1148.746826171875,
          206.5912017822266
        ],
        [
          1161.4554443359375,
          210.7893829345703
        ],
        [
          1161.7006835937502,
          148.26138305664062
        ],
        [
          1149.467529296875,
          142.82257080078125
        ]
      ],
      "homography": [
        [
          19.22449294684316,
          -21.76126819532669,
          1155.4172336323709
        ],
        [
          4.406610316786807,
          28.27144325012813,
          176.5550785391626
        ],
        [
          0.011244512035079507,
          -0.018627477945539248,
          1.0
        ]
      ]
    }
  ],
  "ingest_metadata": {
    "original_name": "FRC_Team__6996_Koalafied_2026_Robot_Reveal_frame_001776.png",
    "source": "unknown",
    "dhash": "a3d1d3ddd62e2c18",
    "ingested_at": "2026-04-01T04:27:10.445300+00:00"
  }
}
