{
  "image_file": "dddb839d3947_PC000002_MOV-0196_jpg_rf_6416e994cbfad7aeac2f8e528133f5f3.png",
  "image_sha256": "dddb839d3947f741bbabf4db03282fc276d27b8002220cbbeb013fdb11b5811f",
  "image_width": 640,
  "image_height": 360,
  "detector_config": {
    "library": "pupil-apriltags",
    "library_version": "1.0.4.post11",
    "family": "tag36h11",
    "nthreads": 4,
    "quad_decimate": 1.0,
    "quad_sigma": 0.0,
    "refine_edges": true,
    "decode_sharpening": 0.25
  },
  "detected_at": "2026-03-24T14:13:03.283512+00:00",
  "num_detections": 2,
  "detections": [
    {
      "tag_id": 9,
      "tag_family": "tag36h11",
      "hamming": 0,
      "decision_margin": 84.57157135009766,
      "center": [
        439.990146388542,
        109.29319751879905
      ],
      "corners": [
        [
          419.3042907714844,
          122.57062530517578
        ],
        [
          451.5944519042969,
          130.25756835937497
        ],
        [
          460.87060546875,
          95.89086151123045
        ],
        [
          428.3732604980468,
          88.30609893798828
        ]
      ],
      "homography": [
        [
          15.285868280809837,
          -3.4369057474121387,
          439.990146388542
        ],
        [
          3.5918328143136455,
          17.443106714752204,
          109.29319751879905
        ],
        [
          -0.0020699981057014233,
          0.002611760779292932,
          1.0
        ]
      ]
    },
    {
      "tag_id": 10,
      "tag_family": "tag36h11",
      "hamming": 0,
      "decision_margin": 78.59404754638672,
      "center": [
        511.3516842956139,
        125.42119419214356
      ],
      "corners": [
        [
          491.1615295410155,
          138.47091674804685
        ],
        [
          522.5853271484375,
          146.1015167236328
        ],
        [
          531.595458984375,
          112.33681488037111
        ],
        [
          500.2198486328124,
          104.92829132080077
        ]
      ],
      "homography": [
        [
          14.196832377842213,
          -5.341986994817033,
          511.3516842956139
        ],
        [
          3.390960466849035,
          16.624311018885976,
          125.42119419214356
        ],
        [
          -0.002939045720383514,
          -0.0016129333464202041,
          1.0
        ]
      ]
    }
  ]
}
