{
  "image_file": "de0aa8d28db0_FRC_Team_9584_Spartan_Squared_-_2025_Robot_Reveal_frame_0006.png",
  "image_sha256": "de0aa8d28db0266bf78e5f7d532da47741e13ca3522450018f2ddff5564610e7",
  "image_width": 1920,
  "image_height": 1080,
  "detector_config": {
    "library": "pupil-apriltags",
    "library_version": "1.0.4.post11",
    "family": "tag36h11",
    "nthreads": 4,
    "quad_decimate": 1.0,
    "quad_sigma": 0.0,
    "refine_edges": true,
    "decode_sharpening": 0.25
  },
  "detected_at": "2026-04-01T02:09:32.375290+00:00",
  "num_detections": 2,
  "detections": [
    {
      "tag_id": 12,
      "tag_family": "tag36h11",
      "hamming": 0,
      "decision_margin": 90.56914520263672,
      "center": [
        292.8272459770625,
        227.40394824219115
      ],
      "corners": [
        [
          279.6807250976563,
          249.96038818359378
        ],
        [
          309.7828369140625,
          253.58486938476568
        ],
        [
          305.6241760253905,
          205.44732666015625
        ],
        [
          275.6331481933593,
          200.85475158691403
        ]
      ],
      "homography": [
        [
          18.017206299740394,
          1.1019571429829988,
          292.8272459770625
        ],
        [
          4.381900838421754,
          23.570097284187455,
          227.40394824219115
        ],
        [
          0.010229633904797248,
          -0.003245475171937578,
          1.0
        ]
      ]
    },
    {
      "tag_id": 22,
      "tag_family": "tag36h11",
      "hamming": 0,
      "decision_margin": 56.37539291381836,
      "center": [
        1826.1155382052013,
        576.6267497278038
      ],
      "corners": [
        [
          1783.712768554687,
          617.970947265625
        ],
        [
          1872.70703125,
          619.3008422851562
        ],
        [
          1869.8011474609377,
          534.0317382812499
        ],
        [
          1780.5769042968752,
          534.9169921875
        ]
      ],
      "homography": [
        [
          20.506591673694174,
          4.68368579706453,
          1826.1155382052013
        ],
        [
          -7.478048373851044,
          43.07479748678736,
          576.6267497278038
        ],
        [
          -0.013164691524759653,
          0.00173673444609426,
          1.0
        ]
      ]
    }
  ]
}
