{
  "image_file": "de31418539d7_Apriltags_based_localisation_demo_frame_001740.png",
  "image_sha256": "de31418539d776d4ee606e735438b91e1151b7cc5917432101bf4267c33e4aba",
  "image_width": 1920,
  "image_height": 712,
  "detector_config": {
    "library": "pupil-apriltags",
    "library_version": "1.0.4.post11",
    "family": "tag36h11",
    "nthreads": 4,
    "quad_decimate": 1.0,
    "quad_sigma": 0.0,
    "refine_edges": true,
    "decode_sharpening": 0.25
  },
  "detected_at": "2026-04-11T20:34:51.472154+00:00",
  "num_detections": 8,
  "detections": [
    {
      "tag_id": 13,
      "tag_family": "tag36h11",
      "hamming": 0,
      "decision_margin": 47.526947021484375,
      "center": [
        1807.6132253055841,
        339.3891789081634
      ],
      "corners": [
        [
          1772.1595458984375,
          363.6351013183594
        ],
        [
          1825.9599609374998,
          365.57904052734364
        ],
        [
          1844.0672607421873,
          314.4591369628907
        ],
        [
          1788.198974609375,
          311.6754455566408
        ]
      ],
      "homography": [
        [
          40.38359640064595,
          29.58360666714157,
          1807.6132253055841
        ],
        [
          3.610102508081464,
          32.914794577643136,
          339.3891789081634
        ],
        [
          0.007179326211961103,
          0.02109099106781553,
          1.0
        ]
      ]
    },
    {
      "tag_id": 20,
      "tag_family": "tag36h11",
      "hamming": 0,
      "decision_margin": 40.790618896484375,
      "center": [
        1378.8703759895682,
        471.4693555891956
      ],
      "corners": [
        [
          1331.5629882812495,
          508.3760070800781
        ],
        [
          1422.4412841796877,
          508.1249389648438
        ],
        [
          1428.5075683593755,
          432.74511718750006
        ],
        [
          1333.0920410156248,
          432.9566955566407
        ]
      ],
      "homography": [
        [
          47.00999745937792,
          31.70317806197773,
          1378.8703759895682
        ],
        [
          0.042500685011185285,
          49.16661487602238,
          471.4693555891956
        ],
        [
          0.0003366329933555713,
          0.02436896837106384,
          1.0
        ]
      ]
    },
    {
      "tag_id": 44,
      "tag_family": "tag36h11",
      "hamming": 0,
      "decision_margin": 92.97029876708984,
      "center": [
        1624.2839988870658,
        571.2314257428873
      ],
      "corners": [
        [
          1673.208251953125,
          601.4341430664062
        ],
        [
          1648.1373291015625,
          543.3138427734375
        ],
        [
          1579.1989746093748,
          543.3988037109374
        ],
        [
          1597.8992919921875,
          602.1116943359375
        ]
      ],
      "homography": [
        [
          63.15335555833576,
          43.745743181531004,
          1624.2839988870658
        ],
        [
          -3.091062983552092,
          2.5497883027982198,
          571.2314257428873
        ],
        [
          0.04561323992418305,
          0.004774411067643153,
          1.0
        ]
      ]
    },
    {
      "tag_id": 46,
      "tag_family": "tag36h11",
      "hamming": 0,
      "decision_margin": 93.72339630126953,
      "center": [
        1851.6130140570042,
        568.6343676836691
      ],
      "corners": [
        [
          1908.77783203125,
          597.6988525390626
        ],
        [
          1863.6948242187498,
          542.6622924804686
        ],
        [
          1799.6423339843748,
          542.210754394531
        ],
        [
          1838.5968017578125,
          596.6151123046875
        ]
      ],
      "homography": [
        [
          57.573965436848994,
          23.893408069880483,
          1851.6130140570042
        ],
        [
          -3.1933080739762545,
          -2.5753902777476014,
          568.6343676836691
        ],
        [
          0.042411793900258725,
          -0.005181683882611421,
          1.0
        ]
      ]
    },
    {
      "tag_id": 47,
      "tag_family": "tag36h11",
      "hamming": 0,
      "decision_margin": 41.002506256103516,
      "center": [
        1755.4800286368732,
        319.45171173247684
      ],
      "corners": [
        [
          1735.0705566406255,
          331.705078125
        ],
        [
          1761.368896484375,
          359.96658325195324
        ],
        [
          1777.2412109374998,
          306.3868103027344
        ],
        [
          1749.79833984375,
          280.36221313476545
        ]
      ],
      "homography": [
        [
          -30.4275150450826,
          4.777818783703193,
          1755.4800286368732
        ],
        [
          5.591895824501702,
          28.477517741444103,
          319.45171173247684
        ],
        [
          -0.024979525790461272,
          0.007073813834362288,
          1.0
        ]
      ]
    },
    {
      "tag_id": 48,
      "tag_family": "tag36h11",
      "hamming": 0,
      "decision_margin": 94.11820220947266,
      "center": [
        1560.699339414067,
        415.4479290608168
      ],
      "corners": [
        [
          1595.8743896484375,
          433.4363403320312
        ],
        [
          1581.339721679687,
          400.0862121582031
        ],
        [
          1529.421630859375,
          399.45260620117193
        ],
        [
          1539.0633544921877,
          431.5506286621094
        ]
      ],
      "homography": [
        [
          58.15049707515254,
          -0.2697809755047693,
          1560.699339414067
        ],
        [
          0.746077048399457,
          -6.685818458399126,
          415.4479290608168
        ],
        [
          0.041099084116407815,
          -0.017549221096163713,
          1.0
        ]
      ]
    },
    {
      "tag_id": 56,
      "tag_family": "tag36h11",
      "hamming": 0,
      "decision_margin": 94.29743957519531,
      "center": [
        1086.171452285374,
        577.7657051299891
      ],
      "corners": [
        [
          1116.1190185546875,
          611.0263671874998
        ],
        [
          1142.1827392578127,
          546.9931640624999
        ],
        [
          1059.0726318359377,
          547.6689453125001
        ],
        [
          1023.2950439453124,
          612.3099365234375
        ]
      ],
      "homography": [
        [
          73.87731538408343,
          48.088846972203335,
          1086.171452285374
        ],
        [
          -0.9671320958673278,
          1.7804876905895526,
          577.7657051299891
        ],
        [
          0.053840974470108396,
          0.0039036167559027123,
          1.0
        ]
      ]
    },
    {
      "tag_id": 58,
      "tag_family": "tag36h11",
      "hamming": 0,
      "decision_margin": 81.69153594970703,
      "center": [
        1171.3405020560524,
        404.0366376321237
      ],
      "corners": [
        [
          1194.6502685546875,
          422.25112915039057
        ],
        [
          1209.3226318359375,
          389.1552124023437
        ],
        [
          1150.1480712890625,
          387.47665405273443
        ],
        [
          1130.8648681640625,
          419.89501953125006
        ]
      ],
      "homography": [
        [
          54.97288721703558,
          21.443309686601882,
          1171.3405020560524
        ],
        [
          -0.3190129615575755,
          -2.1944823533385716,
          404.0366376321237
        ],
        [
          0.03967985617990295,
          -0.007898372800729367,
          1.0
        ]
      ]
    }
  ],
  "ingest_metadata": {
    "original_name": "Apriltags based localisation demo_frame_001740.png",
    "source": "Apriltags based localisation demo.mp4",
    "dhash": "c4c4d15c585a5a5a",