{
  "image_file": "dec7cf956147_2025_________________frame_001056.png",
  "image_sha256": "dec7cf956147d284792b07aca450f66f801ca03feba866715ff876274c65ab45",
  "image_width": 1920,
  "image_height": 1080,
  "detector_config": {
    "library": "pupil-apriltags",
    "library_version": "1.0.4.post11",
    "family": "tag36h11",
    "nthreads": 4,
    "quad_decimate": 1.0,
    "quad_sigma": 0.0,
    "refine_edges": true,
    "decode_sharpening": 0.25
  },
  "detected_at": "2026-04-01T01:22:51.655058+00:00",
  "num_detections": 2,
  "detections": [
    {
      "tag_id": 9,
      "tag_family": "tag36h11",
      "hamming": 0,
      "decision_margin": 61.304927825927734,
      "center": [
        849.0837382939873,
        593.7938915111101
      ],
      "corners": [
        [
          825.6431274414062,
          614.2611694335938
        ],
        [
          869.0360107421875,
          621.1716308593749
        ],
        [
          873.2046508789062,
          572.7326049804686
        ],
        [
          829.3400268554689,
          566.7023315429689
        ]
      ],
      "homography": [
        [
          13.508661727724416,
          1.8777325105419338,
          849.0837382939873
        ],
        [
          -2.569651659073887,
          26.683781698965163,
          593.7938915111101
        ],
        [
          -0.009778786346546225,
          0.004524828911532123,
          1.0
        ]
      ]
    },
    {
      "tag_id": 10,
      "tag_family": "tag36h11",
      "hamming": 0,
      "decision_margin": 58.61377716064453,
      "center": [
        1079.651653208425,
        610.7331985016767
      ],
      "corners": [
        [
          1061.8758544921875,
          634.2730712890624
        ],
        [
          1092.1384277343752,
          632.7001953125001
        ],
        [
          1097.0688476562502,
          587.668212890625
        ],
        [
          1066.5092773437502,
          587.6128540039061
        ]
      ],
      "homography": [
        [
          34.50997200348888,
          5.914030420472959,
          1079.651653208425
        ],
        [
          10.537402375630446,
          27.6142548213586,
          610.7331985016767
        ],
        [
          0.01788497446376902,
          0.007695324872430609,
          1.0
        ]
      ]
    }
  ]
}
