{
  "image_file": "df15ba61f346_Robot_reveal__8175_Piece_Of_Mind_2026_frame_001450.png",
  "image_sha256": "df15ba61f3469c25d411c38a4f672a8a83ccd6a9d7759bfa231372fff5865a3a",
  "image_width": 1920,
  "image_height": 1080,
  "detector_config": {
    "library": "pupil-apriltags",
    "library_version": "1.0.4.post11",
    "family": "tag36h11",
    "nthreads": 4,
    "quad_decimate": 1.0,
    "quad_sigma": 0.0,
    "refine_edges": true,
    "decode_sharpening": 0.25
  },
  "detected_at": "2026-04-01T04:55:30.489843+00:00",
  "num_detections": 2,
  "detections": [
    {
      "tag_id": 25,
      "tag_family": "tag36h11",
      "hamming": 0,
      "decision_margin": 39.71635055541992,
      "center": [
        1620.4008420895054,
        155.55260875722624
      ],
      "corners": [
        [
          1586.983154296875,
          185.4918975830078
        ],
        [
          1642.903564453125,
          200.04122924804688
        ],
        [
          1654.543701171875,
          124.96363067626952
        ],
        [
          1598.6257324218755,
          112.50250244140625
        ]
      ],
      "homography": [
        [
          5.944318006725781,
          -10.439247446349327,
          1620.4008420895054
        ],
        [
          4.63553559270576,
          36.565829595744646,
          155.55260875722624
        ],
        [
          -0.013583269657541433,
          -0.002849619276039855,
          1.0
        ]
      ]
    },
    {
      "tag_id": 26,
      "tag_family": "tag36h11",
      "hamming": 0,
      "decision_margin": 53.38117980957031,
      "center": [
        1756.2652655059505,
        188.0183031860998
      ],
      "corners": [
        [
          1716.3588867187498,
          219.80712890625003
        ],
        [
          1785.1893310546875,
          234.71351623535156
        ],
        [
          1797.1459960937505,
          155.4533233642578
        ],
        [
          1728.3964843749998,
          143.02674865722653
        ]
      ],
      "homography": [
        [
          7.47938722804952,
          -11.726444347025788,
          1756.2652655059505
        ],
        [
          3.9470359695935096,
          38.38689690428694,
          188.0183031860998
        ],
        [
          -0.015321012336802055,
          -0.003260278784916575,
          1.0
        ]
      ]
    }
  ]
}
