{
  "image_file": "e07287758411_FRC_4065_Nerds_of_Prey_-_2025_Robot_Reveal_-__NIGHTHAWK__fra.png",
  "image_sha256": "e072877584113cea52d90acb62e0eb79f8e9ce510d1c302b0408189f5a6d3151",
  "image_width": 1920,
  "image_height": 1080,
  "detector_config": {
    "library": "pupil-apriltags",
    "library_version": "1.0.4.post11",
    "family": "tag36h11",
    "nthreads": 4,
    "quad_decimate": 1.0,
    "quad_sigma": 0.0,
    "refine_edges": true,
    "decode_sharpening": 0.25
  },
  "detected_at": "2026-04-01T02:40:49.419753+00:00",
  "num_detections": 4,
  "detections": [
    {
      "tag_id": 16,
      "tag_family": "tag36h11",
      "hamming": 0,
      "decision_margin": 92.00435638427734,
      "center": [
        1899.6774885386249,
        508.43605571965986
      ],
      "corners": [
        [
          1885.6578369140625,
          529.7725219726562
        ],
        [
          1914.4222412109375,
          527.5717773437499
        ],
        [
          1914.4290771484375,
          485.9856567382812
        ],
        [
          1884.7926025390625,
          489.11846923828125
        ]
      ],
      "homography": [
        [
          -5.07612680681564,
          28.875136312708946,
          1899.6774885386249
        ],
        [
          -6.591472875963749,
          28.22234435121601,
          508.43605571965986
        ],
        [
          -0.010355192322992297,
          0.015084690674334855,
          1.0
        ]
      ]
    },
    {
      "tag_id": 17,
      "tag_family": "tag36h11",
      "hamming": 0,
      "decision_margin": 49.26249694824219,
      "center": [
        1191.2219675632955,
        826.0151537584738
      ],
      "corners": [
        [
          1181.21923828125,
          862.8112182617188
        ],
        [
          1199.3214111328127,
          853.418212890625
        ],
        [
          1201.0311279296875,
          789.9311523437501
        ],
        [
          1182.6389160156245,
          796.9758911132814
        ]
      ],
      "homography": [
        [
          32.205076561558144,
          10.661432648921622,
          1191.2219675632955
        ],
        [
          11.888325142067965,
          40.25442991424404,
          826.0151537584738
        ],
        [
          0.01937964428874809,
          0.009609303393027697,
          1.0
        ]
      ]
    },
    {
      "tag_id": 18,
      "tag_family": "tag36h11",
      "hamming": 0,
      "decision_margin": 62.79376220703125,
      "center": [
        917.9751489912223,
        851.3000208439457
      ],
      "corners": [
        [
          880.4395141601564,
          888.565185546875
        ],
        [
          953.1539306640624,
          888.0019531249998
        ],
        [
          954.5640869140623,
          814.9747314453125
        ],
        [
          882.8042602539062,
          814.6063232421877
        ]
      ],
      "homography": [
        [
          41.92609361135533,
          -6.854251778820862,
          917.9751489912223
        ],
        [
          5.34281336088338,
          31.25948885622904,
          851.3000208439457
        ],
        [
          0.006329752805036381,
          -0.00644194857621803,
          1.0
        ]
      ]
    },
    {
      "tag_id": 19,
      "tag_family": "tag36h11",
      "hamming": 0,
      "decision_margin": 75.37828063964844,
      "center": [
        615.6691189994013,
        829.6948946140005
      ],
      "corners": [
        [
          601.9206542968751,
          858.0542602539062
        ],
        [
          628.1473388671875,
          867.8280639648436
        ],
        [
          630.1937255859375,
          799.7345581054688
        ],
        [
          603.331298828125,
          791.9907836914061
        ]
      ],
      "homography": [
        [
          3.074581704454885,
          5.849819923129303,
          615.6691189994013
        ],
        [
          -9.3455122767864,
          42.56884119331471,
          829.6948946140005
        ],
        [
          -0.01655462429599453,
          0.010897005421717414,
          1.0
        ]
      ]
    }
  ],
  "ingest_metadata": {
    "original_name": "FRC_4065_Nerds_of_Prey_-_2025_Robot_Reveal_-__NIGHTHAWK__fra.png",
    "source": "unknown",
    "dhash": "286bab935d490189",
    "ingested_at": "2026-04-01T02:40:49.415295+00:00"
  }
}
