{
  "image_file": "e12af4c2f38a_3005_RoboChargers_2024_Robot_Reveal_-__SURGE__frame_001740.png",
  "image_sha256": "e12af4c2f38a57a5d70598ec50e70b518dd6fae5cd5ce2a75fe4bd1ed1d926cc",
  "image_width": 1920,
  "image_height": 1080,
  "detector_config": {
    "library": "pupil-apriltags",
    "library_version": "1.0.4.post11",
    "family": "tag36h11",
    "nthreads": 4,
    "quad_decimate": 1.0,
    "quad_sigma": 0.0,
    "refine_edges": true,
    "decode_sharpening": 0.25
  },
  "detected_at": "2026-04-01T00:18:06.050791+00:00",
  "num_detections": 2,
  "detections": [
    {
      "tag_id": 3,
      "tag_family": "tag36h11",
      "hamming": 0,
      "decision_margin": 79.0362777709961,
      "center": [
        967.900124626964,
        350.45963205167243
      ],
      "corners": [
        [
          957.8426513671876,
          361.05072021484375
        ],
        [
          977.6763916015625,
          360.97189331054693
        ],
        [
          977.938049316406,
          339.8891296386718
        ],
        [
          957.9102783203126,
          339.7177124023437
        ]
      ],
      "homography": [
        [
          15.664816149917215,
          4.6755646548075465,
          967.900124626964
        ],
        [
          2.086409332098184,
          12.326271537156856,
          350.45963205167243
        ],
        [
          0.005889058075411185,
          0.004916269659690371,
          1.0
        ]
      ]
    },
    {
      "tag_id": 4,
      "tag_family": "tag36h11",
      "hamming": 0,
      "decision_margin": 86.68287658691406,
      "center": [
        896.4872183103352,
        350.3493611666846
      ],
      "corners": [
        [
          886.0477905273438,
          361.1283264160156
        ],
        [
          906.6162719726561,
          360.9911193847656
        ],
        [
          906.9436035156249,
          339.55288696289057
        ],
        [
          886.0082397460938,
          339.33996582031244
        ]
      ],
      "homography": [
        [
          17.62190033670663,
          7.901520267672483,
          896.4872183103352
        ],
        [
          2.849683715776221,
          13.921712725697489,
          350.3493611666846
        ],
        [
          0.00808425124050451,
          0.008895773735842228,
          1.0
        ]
      ]
    }
  ]
}
