{
  "image_file": "e19f08468001_Robot_POV__FIRST_Crescendo_Jackson_District_Match_frame_0010.png",
  "image_sha256": "e19f08468001c616ecf95267aae10089aecb9193a8de4cfba43bc5b9b6fd4949",
  "image_width": 1920,
  "image_height": 1080,
  "detector_config": {
    "library": "pupil-apriltags",
    "library_version": "1.0.4.post11",
    "family": "tag36h11",
    "nthreads": 4,
    "quad_decimate": 1.0,
    "quad_sigma": 0.0,
    "refine_edges": true,
    "decode_sharpening": 0.25
  },
  "detected_at": "2026-04-01T16:20:48.019886+00:00",
  "num_detections": 2,
  "detections": [
    {
      "tag_id": 9,
      "tag_family": "tag36h11",
      "hamming": 0,
      "decision_margin": 88.61309051513672,
      "center": [
        1630.35398089367,
        400.9370095738355
      ],
      "corners": [
        [
          1611.6318359374995,
          416.8669738769531
        ],
        [
          1652.1602783203125,
          414.78637695312494
        ],
        [
          1649.2239990234382,
          384.88122558593744
        ],
        [
          1608.8350830078125,
          387.2701721191406
        ]
      ],
      "homography": [
        [
          11.614611935248604,
          -0.7679905554825822,
          1630.35398089367
        ],
        [
          -3.235947587851344,
          14.333811750585141,
          400.9370095738355
        ],
        [
          -0.005283579962945166,
          -0.0013499629146374213,
          1.0
        ]
      ]
    },
    {
      "tag_id": 10,
      "tag_family": "tag36h11",
      "hamming": 0,
      "decision_margin": 81.93177795410156,
      "center": [
        1354.3362461145011,
        419.75402378149965
      ],
      "corners": [
        [
          1340.439086914063,
          433.81750488281256
        ],
        [
          1369.86572265625,
          431.78558349609364
        ],
        [
          1368.452514648437,
          405.46881103515625
        ],
        [
          1338.8603515624998,
          407.7639770507813
        ]
      ],
      "homography": [
        [
          8.287472483099691,
          4.87466806112002,
          1354.3362461145011
        ],
        [
          -3.0856259049252817,
          14.370994559973383,
          419.75402378149965
        ],
        [
          -0.004774867133330747,
          0.0030467152726222206,
          1.0
        ]
      ]
    }
  ],
  "ingest_metadata": {
    "original_name": "Robot_POV__FIRST_Crescendo_Jackson_District_Match_frame_0010.png",
    "source": "unknown",
    "dhash": "c8cb0b8c88d8e9a1",
    "ingested_at": "2026-04-01T16:20:48.015301+00:00"
  }
}
