{
  "image_file": "e23be50808dd_IMG_2657_JPEG_rf_9eb720a0ab46bff76dc52399272f7afd.png",
  "image_sha256": "e23be50808dd875bf8cc754c9920b5f44a7533987f47b7f9e73f585d1c25dd97",
  "image_width": 640,
  "image_height": 640,
  "detector_config": {
    "library": "pupil-apriltags",
    "library_version": "1.0.4.post11",
    "family": "tag36h11",
    "nthreads": 4,
    "quad_decimate": 1.0,
    "quad_sigma": 0.0,
    "refine_edges": true,
    "decode_sharpening": 0.25
  },
  "detected_at": "2026-03-24T14:17:56.007135+00:00",
  "num_detections": 6,
  "detections": [
    {
      "tag_id": 0,
      "tag_family": "tag36h11",
      "hamming": 0,
      "decision_margin": 82.41678619384766,
      "center": [
        306.77487859493823,
        258.8399349908348
      ],
      "corners": [
        [
          318.7250366210938,
          248.4989166259766
        ],
        [
          294.01782226562494,
          249.04527282714847
        ],
        [
          295.2036743164062,
          268.85302734375
        ],
        [
          319.3369140625,
          268.48486328125
        ]
      ],
      "homography": [
        [
          -10.918449704317084,
          -4.103285371317384,
          306.77487859493823
        ],
        [
          1.3158284787096477,
          -13.02876733697633,
          258.8399349908348
        ],
        [
          0.004204261944641258,
          -0.011906783951199153,
          1.0
        ]
      ]
    },
    {
      "tag_id": 1,
      "tag_family": "tag36h11",
      "hamming": 0,
      "decision_margin": 75.41742706298828,
      "center": [
        200.29004038157044,
        350.68332949522875
      ],
      "corners": [
        [
          209.73254394531253,
          342.26812744140625
        ],
        [
          190.00419616699216,
          341.5412597656249
        ],
        [
          191.0010375976562,
          358.9617309570312
        ],
        [
          210.8248291015625,
          360.0466613769532
        ]
      ],
      "homography": [
        [
          -7.86891222180293,
          -0.14512302375948138,
          200.29004038157044
        ],
        [
          3.0808144738340957,
          -8.139203353870926,
          350.68332949522875
        ],
        [
          0.010075708128905595,
          0.001880917118566202,
          1.0
        ]
      ]
    },
    {
      "tag_id": 2,
      "tag_family": "tag36h11",
      "hamming": 0,
      "decision_margin": 86.38040924072266,
      "center": [
        440.271364939949,
        355.452622551892
      ],
      "corners": [
        [
          453.7316284179687,
          345.803955078125
        ],
        [
          426.76760864257807,
          345.72381591796875
        ],
        [
          427.0399780273438,
          364.93722534179693
        ],
        [
          453.924560546875,
          365.2890930175781
        ]
      ],
      "homography": [
        [
          -10.362463720118228,
          -0.7928752364279603,
          440.271364939949
        ],
        [
          2.393761512792082,
          -10.220118691799314,
          355.452622551892
        ],
        [
          0.007038819400595429,
          -0.0015360181259288712,
          1.0
        ]
      ]
    },
    {
      "tag_id": 3,
      "tag_family": "tag36h11",
      "hamming": 0,
      "decision_margin": 81.07884216308594,
      "center": [
        439.26122210070776,
        148.81212879267966
      ],
      "corners": [
        [
          453.1662292480468,
          137.3719177246094
        ],
        [
          424.9784240722657,
          138.4411773681641
        ],
        [
          425.54333496093756,
          160.098388671875
        ],
        [
          453.42370605468744,
          159.09571838378903
        ]
      ],
      "homography": [
        [
          -13.457766522422276,
          -2.622548781127932,
          439.26122210070776
        ],
        [
          0.7071347280836449,
          -11.66364625120616,
          148.81212879267966
        ],
        [
          0.0012722120749990744,
          -0.005501879214059484,
          1.0
        ]
      ]
    },
    {
      "tag_id": 4,
      "tag_family": "tag36h11",
      "hamming": 0,
      "decision_margin": 73.2909164428711,
      "center": [
        187.90323137313774,
        166.08509791339952
      ],
      "corners": [
        [
          197.40711975097656,
          155.33840942382807
        ],
        [
          177.39678955078125,
          157.52410888671875
        ],
        [
          178.58444213867188,
          176.62248229980472
        ],
        [
          198.59579467773438,
          174.79774475097656
        ]
      ],
      "homography": [
        [
          -8.255782671333776,
          -0.6931637299826434,
          187.90323137313774
        ],
        [
          2.548145382691672,
          -9.726115703590011,
          166.08509791339952
        ],
        [
          0.009306782102892439,
          -0.0005270548880760184,
          1.0
        ]
      ]
    },
    {
      "tag_id": 323,
      "tag_family": "tag36h11",
      "hamming": 0,
      "decision_margin": 56.11949920654297,
      "center": [
        318.13653735002623,
        256.40855586359277
      ],
      "corners": [
        [
          525.4239501953124,
          73.7910461425782
        ],
        [
          133.22438049316406,
          110.68033599853516
        ],
        [
          152.80126953125,
          402.06677246093744
        ],
        [
          522.0235595703125,
          417.0907592773438
        ]
      ],
      "homography": [
        [
          -163.27113469837587,
          -15.139170253902535,
          318.13653735002623
        ],
        [
          25.299377812664716,
          -165.62598011531998,
          256.40855586359277
        ],
        [
          0.08069494882772708,
          -0.031891179723937534,
          1.0
        ]
      ]
    }
  ]
}
