{
  "image_file": "e2426df1b44c_Half_Hollow_Hills_Invitational_Playoff_Match_9_2025_frame_00.png",
  "image_sha256": "e2426df1b44ce87192911a66e6b6c9ecc1550cc56d3b86eba651fc600680b7a0",
  "image_width": 1920,
  "image_height": 1080,
  "detector_config": {
    "library": "pupil-apriltags",
    "library_version": "1.0.4.post11",
    "family": "tag36h11",
    "nthreads": 4,
    "quad_decimate": 1.0,
    "quad_sigma": 0.0,
    "refine_edges": true,
    "decode_sharpening": 0.25
  },
  "detected_at": "2026-04-01T16:07:51.890940+00:00",
  "num_detections": 2,
  "detections": [
    {
      "tag_id": 12,
      "tag_family": "tag36h11",
      "hamming": 0,
      "decision_margin": 79.06657409667969,
      "center": [
        1244.0685293366723,
        508.4508791229588
      ],
      "corners": [
        [
          1231.5438232421875,
          521.21630859375
        ],
        [
          1256.5531005859373,
          520.9375
        ],
        [
          1256.3406982421877,
          495.9428405761719
        ],
        [
          1231.4583740234377,
          495.83865356445307
        ]
      ],
      "homography": [
        [
          21.91995172385191,
          -3.1470854189712982,
          1244.0685293366723
        ],
        [
          3.8181802112108003,
          11.27542058892891,
          508.4508791229588
        ],
        [
          0.007594317518015413,
          -0.0025899169457807873,
          1.0
        ]
      ]
    },
    {
      "tag_id": 16,
      "tag_family": "tag36h11",
      "hamming": 0,
      "decision_margin": 65.8770980834961,
      "center": [
        348.38284977680075,
        574.3013144335033
      ],
      "corners": [
        [
          333.3789062500001,
          590.9433593750001
        ],
        [
          364.63586425781244,
          588.9201660156251
        ],
        [
          363.29046630859364,
          557.76611328125
        ],
        [
          331.85803222656256,
          559.43798828125
        ]
      ],
      "homography": [
        [
          17.677116587419334,
          1.5995617820654524,
          348.38284977680075
        ],
        [
          2.381684840454225,
          17.120659600493923,
          574.3013144335033
        ],
        [
          0.005756338424709126,
          0.0025359448772296796,
          1.0
        ]
      ]
    }
  ]
}
