{
  "image_file": "e28c06133186_3005_RoboChargers_2025_Robot_Reveal_-__RELAY__frame_001080.png",
  "image_sha256": "e28c06133186a5097a715095d3afadb7fc4c500c01585df72e113c2cb31bcad4",
  "image_width": 1920,
  "image_height": 1080,
  "detector_config": {
    "library": "pupil-apriltags",
    "library_version": "1.0.4.post11",
    "family": "tag36h11",
    "nthreads": 4,
    "quad_decimate": 1.0,
    "quad_sigma": 0.0,
    "refine_edges": true,
    "decode_sharpening": 0.25
  },
  "detected_at": "2026-04-01T00:18:28.557238+00:00",
  "num_detections": 3,
  "detections": [
    {
      "tag_id": 2,
      "tag_family": "tag36h11",
      "hamming": 0,
      "decision_margin": 47.85395050048828,
      "center": [
        1578.210782295127,
        357.72531087793413
      ],
      "corners": [
        [
          1557.6340332031252,
          372.6321716308593
        ],
        [
          1593.393798828125,
          374.6493225097657
        ],
        [
          1599.8562011718743,
          342.04425048828125
        ],
        [
          1563.0511474609375,
          340.8273620605469
        ]
      ],
      "homography": [
        [
          -2.446394110389067,
          16.401559674256987,
          1578.210782295127
        ],
        [
          -3.8515528059427337,
          20.486863970842705,
          357.72531087793413
        ],
        [
          -0.013040610603945792,
          0.01227002208399987,
          1.0
        ]
      ]
    },
    {
      "tag_id": 6,
      "tag_family": "tag36h11",
      "hamming": 0,
      "decision_margin": 68.7870101928711,
      "center": [
        518.6369311793449,
        990.6094093335807
      ],
      "corners": [
        [
          475.34176635742193,
          1035.9693603515625
        ],
        [
          566.8161621093751,
          1018.74267578125
        ],
        [
          561.9226074218749,
          945.2593994140625
        ],
        [
          467.9975891113281,
          961.0396118164064
        ]
      ],
      "homography": [
        [
          52.818754197847966,
          9.471495655959252,
          518.6369311793449
        ],
        [
          4.124341555098675,
          49.370758477045,
          990.6094093335807
        ],
        [
          0.01250241124521458,
          0.012392819108245483,
          1.0
        ]
      ]
    },
    {
      "tag_id": 7,
      "tag_family": "tag36h11",
      "hamming": 0,
      "decision_margin": 56.03729248046875,
      "center": [
        842.5937216920079,
        824.1804951591959
      ],
      "corners": [
        [
          832.7315063476562,
          870.9700317382812
        ],
        [
          851.9445800781249,
          835.8861694335936
        ],
        [
          851.8532104492188,
          780.2504882812498
        ],
        [
          832.7631225585938,
          811.874267578125
        ]
      ],
      "homography": [
        [
          33.3844579191566,
          -2.7259106316048434,
          842.5937216920079
        ],
        [
          6.63782387895105,
          25.973907986269865,
          824.1804951591959
        ],
        [
          0.028265599571816766,
          -0.0032549481753600964,
          1.0
        ]
      ]
    }
  ]
}
