{
  "image_file": "e35023277add_FRC125_-_The_NUTRONs_-_2026_Reveal_frame_000472.png",
  "image_sha256": "e35023277addf0aba8aee59fefe3ba2ad5037f4cb6fc1336ce51ce2a01d40856",
  "image_width": 1920,
  "image_height": 1080,
  "detector_config": {
    "library": "pupil-apriltags",
    "library_version": "1.0.4.post11",
    "family": "tag36h11",
    "nthreads": 4,
    "quad_decimate": 1.0,
    "quad_sigma": 0.0,
    "refine_edges": true,
    "decode_sharpening": 0.25
  },
  "detected_at": "2026-04-01T04:23:06.796176+00:00",
  "num_detections": 2,
  "detections": [
    {
      "tag_id": 2,
      "tag_family": "tag36h11",
      "hamming": 0,
      "decision_margin": 63.99085998535156,
      "center": [
        1431.4706160737624,
        709.5383180638361
      ],
      "corners": [
        [
          1397.1140136718752,
          739.458251953125
        ],
        [
          1464.622802734375,
          744.2232055664062
        ],
        [
          1466.3826904296873,
          679.1346435546874
        ],
        [
          1398.8287353515625,
          675.3873291015625
        ]
      ],
      "homography": [
        [
          22.472714165922298,
          -0.6803011672932343,
          1431.4706160737624
        ],
        [
          -3.468553442289139,
          32.38116486568947,
          709.5383180638361
        ],
        [
          -0.007887600800231239,
          0.00013149210058821127,
          1.0
        ]
      ]
    },
    {
      "tag_id": 16,
      "tag_family": "tag36h11",
      "hamming": 0,
      "decision_margin": 77.30816650390625,
      "center": [
        185.78694437952083,
        789.9157079732781
      ],
      "corners": [
        [
          169.33189392089847,
          814.8778076171875
        ],
        [
          201.49296569824216,
          808.1473388671874
        ],
        [
          201.70594787597656,
          765.7667846679686
        ],
        [
          169.54571533203128,
          771.0628051757811
        ]
      ],
      "homography": [
        [
          19.170219235848663,
          -0.08861500160398116,
          185.78694437952083
        ],
        [
          10.150494531332127,
          21.619913465055106,
          789.9157079732781
        ],
        [
          0.016655388171046018,
          9.746919956139861e-05,
          1.0
        ]
      ]
    }
  ]
}
