{
  "image_file": "e377f8809f43_2024_Season_FRC_Robot_Reveal_-_180_S_P_A_M__frame_000590.png",
  "image_sha256": "e377f8809f43cba1e08b19c9bcbb216a8a2d8762e9d88c5f53cdbf85033d2919",
  "image_width": 1920,
  "image_height": 1080,
  "detector_config": {
    "library": "pupil-apriltags",
    "library_version": "1.0.4.post11",
    "family": "tag36h11",
    "nthreads": 4,
    "quad_decimate": 1.0,
    "quad_sigma": 0.0,
    "refine_edges": true,
    "decode_sharpening": 0.25
  },
  "detected_at": "2026-04-01T00:25:25.311501+00:00",
  "num_detections": 3,
  "detections": [
    {
      "tag_id": 6,
      "tag_family": "tag36h11",
      "hamming": 0,
      "decision_margin": 72.3003921508789,
      "center": [
        1717.4187314243582,
        374.9937525484631
      ],
      "corners": [
        [
          1705.495727539063,
          397.7177429199219
        ],
        [
          1740.145751953125,
          389.7126159667969
        ],
        [
          1729.5267333984373,
          351.91717529296875
        ],
        [
          1695.8344726562502,
          361.0149841308594
        ]
      ],
      "homography": [
        [
          -11.678369990389909,
          -10.471942179405689,
          1717.4187314243582
        ],
        [
          -10.558669618885803,
          15.227074502962237,
          374.9937525484631
        ],
        [
          -0.01674385921280897,
          -0.009045551041011629,
          1.0
        ]
      ]
    },
    {
      "tag_id": 7,
      "tag_family": "tag36h11",
      "hamming": 0,
      "decision_margin": 32.969791412353516,
      "center": [
        955.7658655857293,
        318.25131085462965
      ],
      "corners": [
        [
          931.0669555664061,
          337.19287109375
        ],
        [
          980.2081298828125,
          347.53417968749994
        ],
        [
          978.8416748046876,
          300.5545043945313
        ],
        [
          930.8432617187501,
          288.39297485351574
        ]
      ],
      "homography": [
        [
          45.155550971016396,
          -11.175476303371733,
          955.7658655857293
        ],
        [
          12.589380464292729,
          20.075132533826718,
          318.25131085462965
        ],
        [
          0.021852222571917823,
          -0.012121829526002362,
          1.0
        ]
      ]
    },
    {
      "tag_id": 8,
      "tag_family": "tag36h11",
      "hamming": 0,
      "decision_margin": 33.866275787353516,
      "center": [
        767.8176445950522,
        280.5559733403582
      ],
      "corners": [
        [
          734.3046874999999,
          301.95425415039057
        ],
        [
          795.1842651367189,
          311.7418212890626
        ],
        [
          799.3107910156251,
          260.44735717773443
        ],
        [
          740.4075927734375,
          249.32063293457026
        ]
      ],
      "homography": [
        [
          42.16285586178617,
          -14.165750317298142,
          767.8176445950522
        ],
        [
          9.70839468533313,
          21.72462684525948,
          280.5559733403582
        ],
        [
          0.01593198595829734,
          -0.015139106835226386,
          1.0
        ]
      ]
    }
  ]
}
