{
  "image_file": "e40250ad7093_PC000001_MOV-0441_jpg_rf_a990b7dc72437f5a8dc664f3eaab796d.png",
  "image_sha256": "e40250ad70932f8c2137628059a9a50918ec805c15d63554388975ed1a1dc843",
  "image_width": 640,
  "image_height": 360,
  "detector_config": {
    "library": "pupil-apriltags",
    "library_version": "1.0.4.post11",
    "family": "tag36h11",
    "nthreads": 4,
    "quad_decimate": 1.0,
    "quad_sigma": 0.0,
    "refine_edges": true,
    "decode_sharpening": 0.25
  },
  "detected_at": "2026-03-24T14:12:26.488439+00:00",
  "num_detections": 2,
  "detections": [
    {
      "tag_id": 29,
      "tag_family": "tag36h11",
      "hamming": 0,
      "decision_margin": 89.02922821044922,
      "center": [
        197.19754403308676,
        120.40126400491908
      ],
      "corners": [
        [
          169.00129699707034,
          146.2304840087891
        ],
        [
          225.46913146972656,
          153.1307830810547
        ],
        [
          226.73548889160156,
          93.34297943115236
        ],
        [
          168.48619079589847,
          87.16263580322267
        ]
      ],
      "homography": [
        [
          27.140216654797484,
          2.8714286294587654,
          197.19754403308676
        ],
        [
          2.3419013935064146,
          31.569404382542103,
          120.40126400491908
        ],
        [
          -0.007760862426831977,
          0.01547836165288491,
          1.0
        ]
      ]
    },
    {
      "tag_id": 30,
      "tag_family": "tag36h11",
      "hamming": 0,
      "decision_margin": 84.86201477050781,
      "center": [
        357.6388725693596,
        138.5267499562962
      ],
      "corners": [
        [
          323.9098815917969,
          165.5607147216797
        ],
        [
          387.34881591796875,
          173.1342010498047
        ],
        [
          393.7035217285156,
          109.62074279785158
        ],
        [
          327.9831848144531,
          103.98249816894534
        ]
      ],
      "homography": [
        [
          26.122609124872838,
          3.233327375211221,
          357.6388725693596
        ],
        [
          0.9373662506852115,
          33.51185357847746,
          138.5267499562962
        ],
        [
          -0.017189561713902356,
          0.016275639084021156,
          1.0
        ]
      ]
    }
  ]
}
