{
  "image_file": "e4094902eb86_Ri3D_Robot_Reveal_-_REBUILT___Georgia_Tech_RoboJackets_Ri3D_.png",
  "image_sha256": "e4094902eb8625de3cb404e38145b4258130e912cb759a0e3393997078fa7e53",
  "image_width": 1920,
  "image_height": 1080,
  "detector_config": {
    "library": "pupil-apriltags",
    "library_version": "1.0.4.post11",
    "family": "tag36h11",
    "nthreads": 4,
    "quad_decimate": 1.0,
    "quad_sigma": 0.0,
    "refine_edges": true,
    "decode_sharpening": 0.25
  },
  "detected_at": "2026-04-01T03:28:06.815263+00:00",
  "num_detections": 3,
  "detections": [
    {
      "tag_id": 3,
      "tag_family": "tag36h11",
      "hamming": 0,
      "decision_margin": 68.3149185180664,
      "center": [
        862.9591373976477,
        178.57034274879953
      ],
      "corners": [
        [
          827.0538330078127,
          217.92041015625003
        ],
        [
          895.4368896484375,
          216.3211212158203
        ],
        [
          899.0657958984373,
          138.99960327148435
        ],
        [
          830.8092041015625,
          141.2006072998047
        ]
      ],
      "homography": [
        [
          30.764240006325167,
          -2.8285223755975686,
          862.9591373976477
        ],
        [
          -1.6529464198244785,
          38.30645266925919,
          178.57034274879953
        ],
        [
          -0.003934271617556014,
          -0.0011381513220945678,
          1.0
        ]
      ]
    },
    {
      "tag_id": 15,
      "tag_family": "tag36h11",
      "hamming": 0,
      "decision_margin": 56.577674865722656,
      "center": [
        1503.8280759683958,
        466.8636165034931
      ],
      "corners": [
        [
          1458.8129882812498,
          512.0795898437499
        ],
        [
          1545.6331787109375,
          514.3435668945314
        ],
        [
          1549.6210937500005,
          420.86624145507824
        ],
        [
          1462.3677978515625,
          419.77529907226557
        ]
      ],
      "homography": [
        [
          33.96101005249898,
          1.44320462790984,
          1503.8280759683958
        ],
        [
          -2.1264581176887476,
          47.4763716781797,
          466.8636165034931
        ],
        [
          -0.006354009874142116,
          0.0022127374491600744,
          1.0
        ]
      ]
    },
    {
      "tag_id": 16,
      "tag_family": "tag36h11",
      "hamming": 0,
      "decision_margin": 54.20785140991211,
      "center": [
        1769.0091660273836,
        475.3855486013542
      ],
      "corners": [
        [
          1718.0733642578123,
          521.8331909179689
        ],
        [
          1815.7735595703127,
          526.4010620117186
        ],
        [
          1820.5112304687505,
          428.42153930664057
        ],
        [
          1723.6115722656248,
          425.861083984375
        ]
      ],
      "homography": [
        [
          30.637128595182958,
          -10.801395950926686,
          1769.0091660273836
        ],
        [
          -3.0617471052510212,
          46.27051852353077,
          475.3855486013542
        ],
        [
          -0.010179135882621806,
          -0.004651271112094696,
          1.0
        ]
      ]
    }
  ]
}
