{
  "image_file": "e56dfeb56dbd_2026_FIRST_Robotics_Competition_REBUILT_Presented_by_Haas_Ga_frame_002891.png",
  "image_sha256": "e56dfeb56dbd4d4246f5b9b518626bd95724ef35553c9bed22492382d07cefea",
  "image_width": 1920,
  "image_height": 1080,
  "detector_config": {
    "library": "pupil-apriltags",
    "library_version": "1.0.4.post11",
    "family": "tag36h11",
    "nthreads": 4,
    "quad_decimate": 1.0,
    "quad_sigma": 0.0,
    "refine_edges": true,
    "decode_sharpening": 0.25
  },
  "detected_at": "2026-04-09T23:14:41.000309+00:00",
  "num_detections": 4,
  "detections": [
    {
      "tag_id": 24,
      "tag_family": "tag36h11",
      "hamming": 0,
      "decision_margin": 90.96089172363281,
      "center": [
        700.5484981485097,
        639.4566889363759
      ],
      "corners": [
        [
          676.1338500976562,
          663.8888549804686
        ],
        [
          726.3876953125,
          667.9671630859376
        ],
        [
          725.2158203124999,
          614.7716674804686
        ],
        [
          674.6068115234375,
          610.8331298828124
        ]
      ],
      "homography": [
        [
          24.105419659652284,
          3.171510466416524,
          700.5484981485097
        ],
        [
          0.9913541084051722,
          28.841221742702373,
          639.4566889363759
        ],
        [
          -0.0015843555990447133,
          0.003563647059178801,
          1.0
        ]
      ]
    },
    {
      "tag_id": 25,
      "tag_family": "tag36h11",
      "hamming": 0,
      "decision_margin": 82.73672485351562,
      "center": [
        815.6144996929719,
        625.3250708401521
      ],
      "corners": [
        [
          806.1004638671874,
          657.9100341796875
        ],
        [
          825.5744018554688,
          644.8649291992188
        ],
        [
          824.9926147460939,
          593.2056274414062
        ],
        [
          805.4323120117188,
          605.34912109375
        ]
      ],
      "homography": [
        [
          17.192205921067398,
          1.8786293974178554,
          815.6144996929719
        ],
        [
          -0.5975415413339566,
          27.254046505928272,
          625.3250708401521
        ],
        [
          0.009115217415166991,
          0.0019206542585570431,
          1.0
        ]
      ]
    },
    {
      "tag_id": 26,
      "tag_family": "tag36h11",
      "hamming": 0,
      "decision_margin": 79.74153137207031,
      "center": [
        858.5220159728758,
        597.6650484015692
      ],
      "corners": [
        [
          849.8469238281249,
          628.2581176757814
        ],
        [
          867.5428466796875,
          616.5593872070312
        ],
        [
          867.1103515625002,
          567.3779296875001
        ],
        [
          849.2083740234375,
          578.1574096679689
        ]
      ],
      "homography": [
        [
          17.910954028378228,
          4.9649955973553705,
          858.5220159728758
        ],
        [
          0.6526658217535407,
          28.088453074196764,
          597.6650484015692
        ],
        [
          0.010497991721203737,
          0.0054725381171195145,
          1.0
        ]
      ]
    },
    {
      "tag_id": 28,
      "tag_family": "tag36h11",
      "hamming": 1,
      "decision_margin": 32.571956634521484,
      "center": [
        1002.1209833015879,
        470.69456016733085
      ],
      "corners": [
        [
          996.8413696289061,
          490.95715332031244
        ],
        [
          1007.3217163085939,
          484.1739196777344
        ],
        [
          1007.4136352539061,
          450.3819274902344
        ],
        [
          996.7192382812499,
          456.69421386718744
        ]
      ],
      "homography": [
        [
          14.17438321977488,
          10.124127282848578,
          1002.1209833015879
        ],
        [
          0.8953642349694038,
          21.76343183227857,
          470.69456016733085
        ],
        [
          0.00886285610171548,
          0.010096109228251625,
          1.0
        ]
      ]
    }
  ],
  "ingest_metadata": {
    "original_name": "2026 FIRST Robotics Competition REBUILT Presented by Haas Ga_frame_002891.png",
    "source": "2026 FIRST Robotics Competition REBUILT Presented by Haas Ga.mp4",
    "dhash": "a32c3ae66c1e9e36",
    "ingested_at": "2026-04-09T23:14:41.000338+00:00"
  }
}
