{
  "image_file": "e5bf5640872c_FRC_4907_-_2026_Robot_Reveal__MuTwo__frame_004920.png",
  "image_sha256": "e5bf5640872c97929e245c1b5252b909afbbab3a7b46393e2323f25938c2c042",
  "image_width": 1920,
  "image_height": 1080,
  "detector_config": {
    "library": "pupil-apriltags",
    "library_version": "1.0.4.post11",
    "family": "tag36h11",
    "nthreads": 4,
    "quad_decimate": 1.0,
    "quad_sigma": 0.0,
    "refine_edges": true,
    "decode_sharpening": 0.25
  },
  "detected_at": "2026-04-01T04:43:18.277779+00:00",
  "num_detections": 6,
  "detections": [
    {
      "tag_id": 6,
      "tag_family": "tag36h11",
      "hamming": 0,
      "decision_margin": 51.88629913330078,
      "center": [
        20.772669033968395,
        771.873595394489
      ],
      "corners": [
        [
          8.453823089599608,
          785.7257080078125
        ],
        [
          32.354972839355476,
          784.7990722656251
        ],
        [
          32.82087707519531,
          758.3258056640626
        ],
        [
          8.958196640014645,
          758.6890258789064
        ]
      ],
      "homography": [
        [
          12.158052815340962,
          -0.25468732550533196,
          20.772669033968395
        ],
        [
          7.793918031438578,
          12.919199810570946,
          771.873595394489
        ],
        [
          0.010514907898091109,
          -0.0005918062455987059,
          1.0
        ]
      ]
    },
    {
      "tag_id": 21,
      "tag_family": "tag36h11",
      "hamming": 0,
      "decision_margin": 88.36534881591797,
      "center": [
        268.8584999137706,
        680.5240971277216
      ],
      "corners": [
        [
          246.65002441406247,
          715.3671264648438
        ],
        [
          290.3914794921875,
          714.8182983398438
        ],
        [
          291.385498046875,
          645.1813354492186
        ],
        [
          248.00761413574216,
          647.3162231445311
        ]
      ],
      "homography": [
        [
          18.655966571739498,
          -1.7963273359620167,
          268.8584999137706
        ],
        [
          -8.573041411002354,
          31.363498790384597,
          680.5240971277216
        ],
        [
          -0.01160668872420641,
          -0.004486553235963424,
          1.0
        ]
      ]
    },
    {
      "tag_id": 24,
      "tag_family": "tag36h11",
      "hamming": 0,
      "decision_margin": 92.22830963134766,
      "center": [
        370.5900649586711,
        675.5897299527269
      ],
      "corners": [
        [
          346.2671508789063,
          712.5
        ],
        [
          394.7142333984375,
          711.052185058594
        ],
        [
          395.2245788574219,
          638.2066040039064
        ],
        [
          347.19091796874994,
          641.1930541992184
        ]
      ],
      "homography": [
        [
          20.110692255048036,
          -2.008331914855373,
          370.5900649586711
        ],
        [
          -8.415284398919201,
          33.02984134226119,
          675.5897299527269
        ],
        [
          -0.01081041536585525,
          -0.0044457056200203765,
          1.0
        ]
      ]
    },
    {
      "tag_id": 25,
      "tag_family": "tag36h11",
      "hamming": 0,
      "decision_margin": 85.83869934082031,
      "center": [
        524.044902297657,
        675.2116729195956
      ],
      "corners": [
        [
          499.0618286132815,
          710.9030151367188
        ],
        [
          548.9290161132812,
          710.9681396484376
        ],
        [
          548.1954345703124,
          640.7097167968751
        ],
        [
          498.4138793945313,
          638.3819580078126
        ]
      ],
      "homography": [
        [
          33.21994547062957,
          -0.21945115679943275,
          524.044902297657
        ],
        [
          11.311621908850835,
          34.95711102217979,
          675.2116729195956
        ],
        [
          0.015865143278772247,
          -0.0010792961838703495,
          1.0
        ]
      ]
    },
    {
      "tag_id": 26,
      "tag_family": "tag36h11",
      "hamming": 0,
      "decision_margin": 84.82179260253906,
      "center": [
        627.1068436233197,
        677.8244057873547
      ],
      "corners": [
        [
          605.156494140625,
          710.81005859375
        ],
        [
          649.1774291992189,
          711.5217895507815
        ],
        [
          648.482482910156,
          645.702392578125
        ],
        [
          604.3210449218748,
          643.0350341796873
        ]
      ],
      "homography": [
        [
          31.19951323199541,
          1.2218891930866713,
          627.1068436233197
        ],
        [
          10.742672597550378,
          34.29957837256245,
          677.8244057873547
        ],
        [
          0.01460465126004616,
          0.00133986003011227,
          1.0
        ]
      ]
    },
    {
      "tag_id": 28,
      "tag_family": "tag36h11",
      "hamming": 0,
      "decision_margin": 45.82872772216797,
      "center": [
        1076.7804769193299,
        760.1976493490307
      ],
      "corners": [
        [
          1067.5786132812498,
          780.6655273437498
        ],
        [
          1087.2424316406252,
          779.3630371093751
        ],
        [
          1086.165161132813,
          739.3231201171876
        ],
        [
          1065.7750244140625,
          740.0366210937498
        ]
      ],
      "homography": [
        [
          18.344509656200213,
          19.643538272380514,
          1076.7804769193299
        ],
        [
          5.375074682293866,
          33.521717020236565,
          760.1976493490307
        ],
        [
          0.007740584649910411,
          0.017576761699191503,
          1.0
        ]
      ]
    }
  ],
  "ingest_metadata": {
    "original_name": "FRC_4907_-_2026_Robot_Reveal__MuTwo__frame_004920.png",
    "source": "unknown",
    "dhash": "0328d3b630343430",
    "ingested_at": "2026-04-01T04:43:18.265301+00:00"
  }
}
