{
  "image_file": "e641c3a28eb2_2024_Field_Tour_Video__Stage_frame_000354.png",
  "image_sha256": "e641c3a28eb2888468741eab9e26889fb9066c2891b1d1e14b3dc3cb71d781c6",
  "image_width": 1920,
  "image_height": 1080,
  "detector_config": {
    "library": "pupil-apriltags",
    "library_version": "1.0.4.post11",
    "family": "tag36h11",
    "nthreads": 4,
    "quad_decimate": 1.0,
    "quad_sigma": 0.0,
    "refine_edges": true,
    "decode_sharpening": 0.25
  },
  "detected_at": "2026-04-01T00:13:33.953735+00:00",
  "num_detections": 2,
  "detections": [
    {
      "tag_id": 13,
      "tag_family": "tag36h11",
      "hamming": 0,
      "decision_margin": 28.287343978881836,
      "center": [
        1132.9023419858233,
        304.49952216113115
      ],
      "corners": [
        [
          1123.9884033203127,
          312.6671447753906
        ],
        [
          1141.4879150390625,
          314.31945800781244
        ],
        [
          1142.2651367187495,
          295.9206237792969
        ],
        [
          1124.5040283203123,
          294.89376831054693
        ]
      ],
      "homography": [
        [
          -11.345047850212952,
          7.344907655999348,
          1132.9023419858233
        ],
        [
          -4.746017922407079,
          11.100358983141177,
          304.49952216113115
        ],
        [
          -0.017792293400110615,
          0.006766584689894333,
          1.0
        ]
      ]
    },
    {
      "tag_id": 16,
      "tag_family": "tag36h11",
      "hamming": 0,
      "decision_margin": 67.67924499511719,
      "center": [
        835.8241479111723,
        568.3181707492048
      ],
      "corners": [
        [
          822.185302734375,
          587.6661376953125
        ],
        [
          850.4255371093751,
          579.600524902344
        ],
        [
          849.1497192382812,
          549.4146118164064
        ],
        [
          821.0329589843749,
          556.8891601562498
        ]
      ],
      "homography": [
        [
          21.64198110196719,
          -1.5490513030427993,
          835.8241479111723
        ],
        [
          1.2523170616037742,
          13.772751386686423,
          568.3181707492048
        ],
        [
          0.009037724950297187,
          -0.002580321731447964,
          1.0
        ]
      ]
    }
  ]
}
