{
  "image_file": "e6e645aadfcb_PC000002_MOV-0457_jpg_rf_46cdc0406218f3aff07c02a5bb5fa63e.png",
  "image_sha256": "e6e645aadfcb18c8372757a82b09c0f69b916a6a30de5169e18937d878b213a5",
  "image_width": 640,
  "image_height": 360,
  "detector_config": {
    "library": "pupil-apriltags",
    "library_version": "1.0.4.post11",
    "family": "tag36h11",
    "nthreads": 4,
    "quad_decimate": 1.0,
    "quad_sigma": 0.0,
    "refine_edges": true,
    "decode_sharpening": 0.25
  },
  "detected_at": "2026-03-24T14:15:42.617746+00:00",
  "num_detections": 2,
  "detections": [
    {
      "tag_id": 18,
      "tag_family": "tag36h11",
      "hamming": 0,
      "decision_margin": 82.82424926757812,
      "center": [
        158.47994724059362,
        236.41096049601785
      ],
      "corners": [
        [
          135.6026458740234,
          259.1197509765625
        ],
        [
          175.87147521972656,
          258.96194458007807
        ],
        [
          181.28462219238287,
          213.7742614746094
        ],
        [
          141.68080139160156,
          214.62809753417972
        ]
      ],
      "homography": [
        [
          18.718646526352842,
          -4.3742395149261,
          158.47994724059362
        ],
        [
          -2.116292035350173,
          20.18054300830144,
          236.41096049601785
        ],
        [
          -0.007868006562911803,
          -0.009457833024771548,
          1.0
        ]
      ]
    },
    {
      "tag_id": 27,
      "tag_family": "tag36h11",
      "hamming": 0,
      "decision_margin": 84.32583618164062,
      "center": [
        77.09441617145092,
        237.11107381915045
      ],
      "corners": [
        [
          56.23525238037109,
          257.99365234375
        ],
        [
          91.7674331665039,
          259.24896240234375
        ],
        [
          98.53108215332033,
          215.65034484863278
        ],
        [
          63.114604949951165,
          216.019058227539
        ]
      ],
      "homography": [
        [
          16.272098287892334,
          -3.8192361066818545,
          77.09441617145092
        ],
        [
          -4.2696929910263774,
          20.135499943507483,
          237.11107381915045
        ],
        [
          -0.018923577943808244,
          -0.005269697788490371,
          1.0
        ]
      ]
    }
  ],
  "ingest_metadata": {
    "original_name": "PC000002_MOV-0457_jpg_rf_46cdc0406218f3aff07c02a5bb5fa63e.png",
    "source": "unknown",
    "dhash": "365ad352f2706060",
    "ingested_at": "2026-03-24T14:15:42.603302+00:00"
  }
}
