{
  "image_file": "e720c890b9b4_PC000009-1-_MOV-0013_jpg_rf_431f44b5ab733dbde1b9f00127ec9752.png",
  "image_sha256": "e720c890b9b4a0a9007e0b865ecd27ad6b67ef22d142d10ffa2486570387945f",
  "image_width": 640,
  "image_height": 360,
  "detector_config": {
    "library": "pupil-apriltags",
    "library_version": "1.0.4.post11",
    "family": "tag36h11",
    "nthreads": 4,
    "quad_decimate": 1.0,
    "quad_sigma": 0.0,
    "refine_edges": true,
    "decode_sharpening": 0.25
  },
  "detected_at": "2026-03-24T14:13:46.514766+00:00",
  "num_detections": 3,
  "detections": [
    {
      "tag_id": 6,
      "tag_family": "tag36h11",
      "hamming": 0,
      "decision_margin": 70.13578033447266,
      "center": [
        338.42165467104894,
        119.19237315358279
      ],
      "corners": [
        [
          294.26559448242176,
          145.7304992675781
        ],
        [
          371.3372497558594,
          168.40704345703128
        ],
        [
          383.67880249023443,
          91.99248504638672
        ],
        [
          305.34326171875,
          69.73429107666013
        ]
      ],
      "homography": [
        [
          37.18196485090931,
          -3.3503331061335713,
          338.42165467104894
        ],
        [
          10.648684124805635,
          38.98142262005679,
          119.19237315358279
        ],
        [
          -0.004923869010277129,
          0.007390728073211367,
          1.0
        ]
      ]
    },
    {
      "tag_id": 15,
      "tag_family": "tag36h11",
      "hamming": 0,
      "decision_margin": 32.26711654663086,
      "center": [
        57.70335420818624,
        104.532802388267
      ],
      "corners": [
        [
          50.095233917236335,
          109.82965087890625
        ],
        [
          63.70677566528321,
          113.79779815673827
        ],
        [
          64.9196319580078,
          99.50875854492188
        ],
        [
          51.912132263183594,
          95.59529113769533
        ]
      ],
      "homography": [
        [
          6.894756406981841,
          -2.0374947999460167,
          57.70335420818624
        ],
        [
          2.411919175120246,
          4.805720312789916,
          104.532802388267
        ],
        [
          0.004220548382623968,
          -0.022211724958300764,
          1.0
        ]
      ]
    },
    {
      "tag_id": 16,
      "tag_family": "tag36h11",
      "hamming": 0,
      "decision_margin": 44.60270690917969,
      "center": [
        94.23545980528338,
        115.78153867179132
      ],
      "corners": [
        [
          86.31844329833986,
          121.0810775756836
        ],
        [
          100.39642333984375,
          124.7011489868164
        ],
        [
          101.81463623046875,
          110.70814514160156
        ],
        [
          87.77423095703125,
          106.42721557617186
        ]
      ],
      "homography": [
        [
          9.174074588736772,
          -0.62481252144937,
          94.23545980528338
        ],
        [
          4.613147558179093,
          7.272938665519065,
          115.78153867179132
        ],
        [
          0.022795085285638256,
          0.0009935961561557656,
          1.0
        ]
      ]
    }
  ]
}
