{
  "image_file": "e7c753f3d33c_FRC125_-_The_NUTRONs_-_2026_Reveal_frame_001298.png",
  "image_sha256": "e7c753f3d33c2df3c47843c23f1aeb1cceb63ea8e8d08c07f39f1dedf955e68e",
  "image_width": 1920,
  "image_height": 1080,
  "detector_config": {
    "library": "pupil-apriltags",
    "library_version": "1.0.4.post11",
    "family": "tag36h11",
    "nthreads": 4,
    "quad_decimate": 1.0,
    "quad_sigma": 0.0,
    "refine_edges": true,
    "decode_sharpening": 0.25
  },
  "detected_at": "2026-04-01T04:23:15.799133+00:00",
  "num_detections": 3,
  "detections": [
    {
      "tag_id": 2,
      "tag_family": "tag36h11",
      "hamming": 0,
      "decision_margin": 67.1861801147461,
      "center": [
        1212.007179123877,
        367.16989780008737
      ],
      "corners": [
        [
          1184.5507812500002,
          393.5843505859375
        ],
        [
          1238.08251953125,
          395.7288208007813
        ],
        [
          1240.2131347656248,
          340.03433227539057
        ],
        [
          1186.3560791015627,
          339.0756225585937
        ]
      ],
      "homography": [
        [
          13.713059617449971,
          2.2080037807779735,
          1212.007179123877
        ],
        [
          -3.2006062825217363,
          28.51391358028593,
          367.16989780008737
        ],
        [
          -0.010833884333365011,
          0.0026322686502767453,
          1.0
        ]
      ]
    },
    {
      "tag_id": 15,
      "tag_family": "tag36h11",
      "hamming": 0,
      "decision_margin": 85.56021881103516,
      "center": [
        152.72100455150797,
        482.3687651116933
      ],
      "corners": [
        [
          138.14050292968753,
          504.0728759765625
        ],
        [
          169.62580871582034,
          499.5818176269531
        ],
        [
          167.01974487304688,
          461.08407592773443
        ],
        [
          135.3808288574219,
          464.7124023437501
        ]
      ],
      "homography": [
        [
          17.49480298901463,
          1.5665288805286957,
          152.72100455150797
        ],
        [
          3.389174825273014,
          20.175281635521515,
          482.3687651116933
        ],
        [
          0.011234987384919053,
          0.0014784535799749535,
          1.0
        ]
      ]
    },
    {
      "tag_id": 16,
      "tag_family": "tag36h11",
      "hamming": 0,
      "decision_margin": 73.34748840332031,
      "center": [
        232.52977052939963,
        470.55450663948346
      ],
      "corners": [
        [
          220.07771301269534,
          491.3619995117188
        ],
        [
          248.23135375976562,
          486.4771118164062
        ],
        [
          244.8052825927734,
          450.0420227050781
        ],
        [
          216.69354248046872,
          454.495361328125
        ]
      ],
      "homography": [
        [
          15.392344801926924,
          1.3690160170963583,
          232.52977052939963
        ],
        [
          0.35008692867364527,
          17.649441782238682,
          470.55450663948346
        ],
        [
          0.005704467050315793,
          -0.001435153071216622,
          1.0
        ]
      ]
    }
  ],
  "ingest_metadata": {
    "original_name": "FRC125_-_The_NUTRONs_-_2026_Reveal_frame_001298.png",
    "source": "unknown",
    "dhash": "93b8d8ce0ce37b99",
    "ingested_at": "2026-04-01T04:23:15.795297+00:00"
  }
}
