{
  "image_file": "e812e29c2e41_FRC_5660_Symmetrical_Chaos_2026_frame_000767.png",
  "image_sha256": "e812e29c2e41db80ae545df5d5149b6afaa3ad5e62471e639774d8f8b22a19fb",
  "image_width": 1920,
  "image_height": 1080,
  "detector_config": {
    "library": "pupil-apriltags",
    "library_version": "1.0.4.post11",
    "family": "tag36h11",
    "nthreads": 4,
    "quad_decimate": 1.0,
    "quad_sigma": 0.0,
    "refine_edges": true,
    "decode_sharpening": 0.25
  },
  "detected_at": "2026-04-01T04:44:37.679298+00:00",
  "num_detections": 7,
  "detections": [
    {
      "tag_id": 5,
      "tag_family": "tag36h11",
      "hamming": 0,
      "decision_margin": 52.86268997192383,
      "center": [
        1648.0221111180153,
        272.24945304889354
      ],
      "corners": [
        [
          1638.959716796875,
          307.61883544921875
        ],
        [
          1657.0812988281248,
          303.3960876464844
        ],
        [
          1658.023681640625,
          233.21458435058597
        ],
        [
          1638.7456054687502,
          240.35565185546875
        ]
      ],
      "homography": [
        [
          -21.490440247748445,
          50.189653879791194,
          1648.0221111180153
        ],
        [
          -7.890761440981697,
          42.63330109778963,
          272.24945304889354
        ],
        [
          -0.018706147000283085,
          0.030558327056760957,
          1.0
        ]
      ]
    },
    {
      "tag_id": 7,
      "tag_family": "tag36h11",
      "hamming": 0,
      "decision_margin": 78.6109390258789,
      "center": [
        545.108315485947,
        395.3700474462543
      ],
      "corners": [
        [
          517.2705688476562,
          426.69635009765625
        ],
        [
          576.4989013671875,
          425.57983398437506
        ],
        [
          573.2645874023438,
          363.685302734375
        ],
        [
          513.5634765625001,
          365.0118103027343
        ]
      ],
      "homography": [
        [
          28.849395876063113,
          3.954173386801589,
          545.108315485947
        ],
        [
          -1.2503593447708607,
          32.50323066856623,
          395.3700474462543
        ],
        [
          -0.0016187928779162776,
          0.00406976612049004,
          1.0
        ]
      ]
    },
    {
      "tag_id": 8,
      "tag_family": "tag36h11",
      "hamming": 0,
      "decision_margin": 55.65446853637695,
      "center": [
        1694.717430241433,
        256.3038251047389
      ],
      "corners": [
        [
          1682.6041259765625,
          297.41754150390625
        ],
        [
          1706.0306396484375,
          291.00552368164057
        ],
        [
          1707.216796875,
          213.8797760009765
        ],
        [
          1683.8602294921873,
          223.00086975097656
        ]
      ],
      "homography": [
        [
          -19.028111471660168,
          -4.748906888824879,
          1694.717430241433
        ],
        [
          -8.531333352557345,
          37.24752975249305,
          256.3038251047389
        ],
        [
          -0.018126929277211313,
          -0.002441416303452258,
          1.0
        ]
      ]
    },
    {
      "tag_id": 9,
      "tag_family": "tag36h11",
      "hamming": 0,
      "decision_margin": 77.28755950927734,
      "center": [
        1862.9270066897532,
        239.46761005514014
      ],
      "corners": [
        [
          1816.9815673828123,
          281.26541137695307
        ],
        [
          1904.71142578125,
          279.98651123046875
        ],
        [
          1909.1813964843752,
          197.38874816894534
        ],
        [
          1821.30126953125,
          199.1025848388671
        ]
      ],
      "homography": [
        [
          39.00889684588037,
          -0.8480567575506891,
          1862.9270066897532
        ],
        [
          -1.377020563097522,
          41.36326716958584,
          239.46761005514014
        ],
        [
          -0.002626654286617808,
          0.0007242248927893526,
          1.0
        ]
      ]
    },
    {
      "tag_id": 17,
      "tag_family": "tag36h11",
      "hamming": 0,
      "decision_margin": 61.485679626464844,
      "center": [
        900.8242724841166,
        410.96514148651937
      ],
      "corners": [
        [
          889.6707153320312,
          422.70684814453125
        ],
        [
          911.856201171875,
          422.43115234375
        ],
        [
          911.6126708984377,
          399.6078491210938
        ],
        [
          890.0754394531251,
          399.7933654785156
        ]
      ],
      "homography": [
        [
          12.569777595336861,
          -13.389708520251814,
          900.8242724841166
        ],
        [
          0.6342262009883932,
          5.341231751997327,
          410.96514148651937
        ],
        [
          0.0018222615161523886,
          -0.014819770989073602,
          1.0
        ]
      ]
    },
    {
      "tag_id": 19,
      "tag_family": "tag36h11",
      "hamming": 0,
      "decision_margin": 78.86787414550781,
      "center": [
        1371.2017945580735,
        367.0189907089879
      ],
      "corners": [
        [
          1358.516723632812,
          379.7853088378906
        ],
        [
          1383.8336181640627,
          379.06353759765625
        ],
        [
          1383.8648681640627,
          354.27481079101557
        ],
        [
          1358.6203613281248,
          355.0224914550781
        ]
      ],
      "homography": [
        [
          11.865071108316215,
          -1.9989313189914795,
          1371.2017945580735
        ],
        [
          -0.5748871661652984,
          11.861850283446245,
          367.0189907089879
        ],
        [
          -0.0005653794263279226,
          -0.0014331872946725906,
          1.0
        ]
      ]
    },
    {
      "tag_id": 20,
      "tag_family": "tag36h11",
      "hamming": 0,
      "decision_margin": 79.3416519165039,
      "center": [
        1427.2343836072075,
        365.844513762798
      ],
      "corners": [
        [
          1414.6007080078125,
          378.4553833007813
        ],
        [
          1439.9526367187502,
          377.9815063476563
        ],
        [
          1439.9421386718755,
          353.1596984863282
        ],
        [
          1414.512451171875,
          353.7040100097656
        ]
      ],
      "homography": [
        [
          10.712472641599561,
          2.214035711745056,
          1427.2343836072075
        ],
        [
          -0.7627662203872789,
          12.95442492966788,
          365.844513762798
        ],
        [
          -0.0013893143008499916,
          0.0015339407534786709,
          1.0
        ]
      ]
    }
  ],
  "ingest_metadata": {
    "original_name": "FRC_5660_Symmetrical_Chaos_2026_frame_000767.png",
    "source": "unknown",
    "dhash": "c3cbdadaeef1e020",
    "ingested_at": "2026-04-01T04:44:37.675300+00:00"
  }
}
