{
  "image_file": "e825155975f6_2025_WPI_District_Event_Qual_Match_15_POV_frame_000595.png",
  "image_sha256": "e825155975f612b1f993318f2cb837cb808ac77a142e9ed368f16d44a25f453a",
  "image_width": 1920,
  "image_height": 1080,
  "detector_config": {
    "library": "pupil-apriltags",
    "library_version": "1.0.4.post11",
    "family": "tag36h11",
    "nthreads": 4,
    "quad_decimate": 1.0,
    "quad_sigma": 0.0,
    "refine_edges": true,
    "decode_sharpening": 0.25
  },
  "detected_at": "2026-04-01T14:55:09.393122+00:00",
  "num_detections": 4,
  "detections": [
    {
      "tag_id": 4,
      "tag_family": "tag36h11",
      "hamming": 0,
      "decision_margin": 41.57379913330078,
      "center": [
        1077.8407496957566,
        444.45183339450006
      ],
      "corners": [
        [
          1070.4581298828125,
          450.9299621582032
        ],
        [
          1085.495361328125,
          450.7982177734375
        ],
        [
          1085.33154296875,
          437.8787841796875
        ],
        [
          1069.94775390625,
          437.9078063964844
        ]
      ],
      "homography": [
        [
          11.947621253686973,
          12.3503805651078,
          1077.8407496957566
        ],
        [
          1.7502728366280835,
          11.507988737776202,
          444.45183339450006
        ],
        [
          0.004029794355822591,
          0.011302735638651864,
          1.0
        ]
      ]
    },
    {
      "tag_id": 5,
      "tag_family": "tag36h11",
      "hamming": 2,
      "decision_margin": 21.212799072265625,
      "center": [
        722.3710180335552,
        448.0147067224873
      ],
      "corners": [
        [
          717.5748291015625,
          454.0544738769531
        ],
        [
          730.1686401367189,
          453.74044799804693
        ],
        [
          727.096923828125,
          442.0634460449219
        ],
        [
          714.52490234375,
          442.2533569335937
        ]
      ],
      "homography": [
        [
          10.076851088767967,
          -0.015799574931860336,
          722.3710180335552
        ],
        [
          2.221957040793597,
          4.910321599364693,
          448.0147067224873
        ],
        [
          0.005240465268326039,
          -0.0021405931480324523,
          1.0
        ]
      ]
    },
    {
      "tag_id": 7,
      "tag_family": "tag36h11",
      "hamming": 0,
      "decision_margin": 80.07238006591797,
      "center": [
        657.6370589423502,
        656.5664975661074
      ],
      "corners": [
        [
          645.5797119140625,
          668.7778930664064
        ],
        [
          671.0208129882812,
          670.9645996093749
        ],
        [
          669.6759643554686,
          644.373779296875
        ],
        [
          644.3395996093749,
          642.2612304687502
        ]
      ],
      "homography": [
        [
          11.882454614116341,
          -0.6689747465665036,
          657.6370589423502
        ],
        [
          0.26422540017392604,
          11.963784274936984,
          656.5664975661074
        ],
        [
          -0.0012344780847737458,
          -0.001999809341746214,
          1.0
        ]
      ]
    },
    {
      "tag_id": 8,
      "tag_family": "tag36h11",
      "hamming": 0,
      "decision_margin": 75.11194610595703,
      "center": [
        805.8078584959052,
        650.827038092332
      ],
      "corners": [
        [
          795.0379028320312,
          665.6248168945312
        ],
        [
          816.9884643554686,
          661.5064086914062
        ],
        [
          816.3590087890625,
          636.3298950195312
        ],
        [
          794.3719482421875,
          639.90380859375
        ]
      ],
      "homography": [
        [
          19.666021121501103,
          0.7370814249275124,
          805.8078584959052
        ],
        [
          5.0899206756535005,
          13.056802191741212,
          650.827038092332
        ],
        [
          0.010775394373976942,
          0.0005130106515955768,
          1.0
        ]
      ]
    }
  ],
  "ingest_metadata": {
    "original_name": "2025_WPI_District_Event_Qual_Match_15_POV_frame_000595.png",
    "source": "unknown",
    "dhash": "3392526194bc6260",
    "ingested_at": "2026-04-01T14:55:09.385301+00:00"
  }
}
