{
  "image_file": "e8de083fd974_FRC_3256_Reveal_2026_frame_000423.png",
  "image_sha256": "e8de083fd9742d1bd1808b58bf3e866f96f2ada745edd5c4e6445175fff5317f",
  "image_width": 1920,
  "image_height": 1080,
  "detector_config": {
    "library": "pupil-apriltags",
    "library_version": "1.0.4.post11",
    "family": "tag36h11",
    "nthreads": 4,
    "quad_decimate": 1.0,
    "quad_sigma": 0.0,
    "refine_edges": true,
    "decode_sharpening": 0.25
  },
  "detected_at": "2026-04-01T04:09:27.815020+00:00",
  "num_detections": 2,
  "detections": [
    {
      "tag_id": 26,
      "tag_family": "tag36h11",
      "hamming": 0,
      "decision_margin": 71.15264129638672,
      "center": [
        150.8591079677768,
        119.50526515187636
      ],
      "corners": [
        [
          123.94718933105467,
          165.55564880371094
        ],
        [
          180.58807373046878,
          160.74296569824222
        ],
        [
          176.84323120117185,
          75.04248046874997
        ],
        [
          120.41509246826169,
          77.27570343017577
        ]
      ],
      "homography": [
        [
          30.48044302704926,
          1.3944934335491477,
          150.8591079677768
        ],
        [
          0.0006529525542422927,
          43.147194189637474,
          119.50526515187636
        ],
        [
          0.014711606927592888,
          -0.0028283709332306392,
          1.0
        ]
      ]
    },
    {
      "tag_id": 28,
      "tag_family": "tag36h11",
      "hamming": 0,
      "decision_margin": 42.79441833496094,
      "center": [
        733.986902173449,
        135.27038836719956
      ],
      "corners": [
        [
          720.9552612304688,
          163.8166961669922
        ],
        [
          747.0156860351562,
          161.22300720214838
        ],
        [
          747.2391967773438,
          106.24073028564453
        ],
        [
          720.4852294921875,
          108.37580108642581
        ]
      ],
      "homography": [
        [
          16.661546437004972,
          9.682325515461459,
          733.986902173449
        ],
        [
          -0.5476154234954755,
          29.373933677726228,
          135.27038836719956
        ],
        [
          0.004714687330504168,
          0.013109688167458975,
          1.0
        ]
      ]
    }
  ]
}
