{
  "image_file": "e8ea3af10ccf_2026_Robot_Reveal-_FRC_10711_frame_001309.png",
  "image_sha256": "e8ea3af10ccfd165f1be957aadc8fbed454a5ed7269e47c62940ee30186db751",
  "image_width": 1920,
  "image_height": 1080,
  "detector_config": {
    "library": "pupil-apriltags",
    "library_version": "1.0.4.post11",
    "family": "tag36h11",
    "nthreads": 4,
    "quad_decimate": 1.0,
    "quad_sigma": 0.0,
    "refine_edges": true,
    "decode_sharpening": 0.25
  },
  "detected_at": "2026-04-01T03:36:46.994937+00:00",
  "num_detections": 3,
  "detections": [
    {
      "tag_id": 17,
      "tag_family": "tag36h11",
      "hamming": 0,
      "decision_margin": 66.9759292602539,
      "center": [
        932.2391022708534,
        506.82659953483585
      ],
      "corners": [
        [
          896.8978271484375,
          568.4439697265626
        ],
        [
          964.6041259765626,
          544.1737670898438
        ],
        [
          966.5800781250001,
          446.95324707031244
        ],
        [
          895.8458251953126,
          464.8310852050783
        ]
      ],
      "homography": [
        [
          68.5467067882654,
          20.33032749462121,
          932.2391022708534
        ],
        [
          7.885349604694731,
          61.34262050283189,
          506.82659953483585
        ],
        [
          0.03647042710554174,
          0.022115275625062804,
          1.0
        ]
      ]
    },
    {
      "tag_id": 18,
      "tag_family": "tag36h11",
      "hamming": 0,
      "decision_margin": 65.42273712158203,
      "center": [
        1500.5181300305762,
        251.93414596651843
      ],
      "corners": [
        [
          1470.9230957031248,
          276.1946411132813
        ],
        [
          1523.32470703125,
          278.6271667480468
        ],
        [
          1531.1375732421877,
          226.83389282226557
        ],
        [
          1477.9793701171875,
          225.55458068847653
        ]
      ],
      "homography": [
        [
          9.19013860415248,
          4.619429800029594,
          1500.5181300305762
        ],
        [
          -1.9559501277350966,
          27.003352609450275,
          251.93414596651843
        ],
        [
          -0.011459416744138673,
          0.005553250740945844,
          1.0
        ]
      ]
    },
    {
      "tag_id": 27,
      "tag_family": "tag36h11",
      "hamming": 0,
      "decision_margin": 65.78351593017578,
      "center": [
        1392.7779981603117,
        248.2865026083044
      ],
      "corners": [
        [
          1366.5585937500005,
          271.87316894531244
        ],
        [
          1414.1273193359375,
          273.3395385742188
        ],
        [
          1419.6840820312498,
          224.08210754394537
        ],
        [
          1372.0405273437502,
          223.9514617919921
        ]
      ],
      "homography": [
        [
          4.673392784003682,
          -3.882405164878264,
          1392.7779981603117
        ],
        [
          -3.0107597644407664,
          24.09003372791574,
          248.2865026083044
        ],
        [
          -0.013731717925152874,
          -0.0008061057031710475,
          1.0
        ]
      ]
    }
  ],
  "ingest_metadata": {
    "original_name": "2026_Robot_Reveal-_FRC_10711_frame_001309.png",
    "source": "unknown",
    "dhash": "46466e69bcec4d4b",
    "ingested_at": "2026-04-01T03:36:46.985298+00:00"
  }
}
