{
  "image_file": "e94a16726e9f_SF7_-_WPI_-_190_POV_frame_004920.png",
  "image_sha256": "e94a16726e9f0f550cd75926e2d525867fd01a3e8e9a2a06470401da6270bc36",
  "image_width": 1920,
  "image_height": 1080,
  "detector_config": {
    "library": "pupil-apriltags",
    "library_version": "1.0.4.post11",
    "family": "tag36h11",
    "nthreads": 4,
    "quad_decimate": 1.0,
    "quad_sigma": 0.0,
    "refine_edges": true,
    "decode_sharpening": 0.25
  },
  "detected_at": "2026-04-01T15:10:07.238137+00:00",
  "num_detections": 3,
  "detections": [
    {
      "tag_id": 16,
      "tag_family": "tag36h11",
      "hamming": 0,
      "decision_margin": 72.83719635009766,
      "center": [
        39.40540193825182,
        335.7970793421479
      ],
      "corners": [
        [
          28.750114440917965,
          360.0927124023438
        ],
        [
          63.483905792236335,
          361.04098510742193
        ],
        [
          49.79636001586914,
          312.10415649414057
        ],
        [
          12.554922103881836,
          307.64703369140614
        ]
      ],
      "homography": [
        [
          19.27509786529341,
          8.258724537240349,
          39.40540193825182
        ],
        [
          12.56083720640066,
          32.33390127088222,
          335.7970793421479
        ],
        [
          0.033493858724854254,
          0.02093440156299677,
          1.0
        ]
      ]
    },
    {
      "tag_id": 21,
      "tag_family": "tag36h11",
      "hamming": 0,
      "decision_margin": 63.055320739746094,
      "center": [
        955.4121361400006,
        488.38746103406976
      ],
      "corners": [
        [
          945.0829467773439,
          500.9399719238281
        ],
        [
          965.0278930664061,
          498.91534423828125
        ],
        [
          965.3485107421874,
          476.31231689453125
        ],
        [
          945.6712646484376,
          477.7225952148437
        ]
      ],
      "homography": [
        [
          22.250719147525388,
          -6.39735499951689,
          955.4121361400006
        ],
        [
          5.455044832921032,
          8.297654955918517,
          488.38746103406976
        ],
        [
          0.012923508375887053,
          -0.006459853525680929,
          1.0
        ]
      ]
    },
    {
      "tag_id": 22,
      "tag_family": "tag36h11",
      "hamming": 1,
      "decision_margin": 51.10123825073242,
      "center": [
        836.6542190598952,
        487.62793340043993
      ],
      "corners": [
        [
          827.8908691406252,
          498.0678100585938
        ],
        [
          845.8839111328125,
          499.95135498046875
        ],
        [
          845.4691162109373,
          477.1266479492188
        ],
        [
          827.3089599609375,
          475.1502075195313
        ]
      ],
      "homography": [
        [
          10.414049975257512,
          4.0784439796452725,
          836.6542190598952
        ],
        [
          1.766757997349428,
          13.667190804279812,
          487.62793340043993
        ],
        [
          0.0016446076860556636,
          0.004577052062665171,
          1.0
        ]
      ]
    }
  ]
}
