{
  "image_file": "e9872f3d184a_38_Robot_Reveals____FRC_Premiere_Night___REEFSCAPE_25___Bonu.png",
  "image_sha256": "e9872f3d184aa05eada8af5f5031cacd0f929c324f38249085d7795e870168c8",
  "image_width": 1920,
  "image_height": 1080,
  "detector_config": {
    "library": "pupil-apriltags",
    "library_version": "1.0.4.post11",
    "family": "tag36h11",
    "nthreads": 4,
    "quad_decimate": 1.0,
    "quad_sigma": 0.0,
    "refine_edges": true,
    "decode_sharpening": 0.25
  },
  "detected_at": "2026-04-01T01:01:37.836809+00:00",
  "num_detections": 2,
  "detections": [
    {
      "tag_id": 7,
      "tag_family": "tag36h11",
      "hamming": 0,
      "decision_margin": 53.73830032348633,
      "center": [
        1081.5517286022205,
        384.6157661046227
      ],
      "corners": [
        [
          1060.3206787109373,
          411.97711181640625
        ],
        [
          1104.5771484375,
          415.06665039062506
        ],
        [
          1103.6779785156252,
          356.1007385253907
        ],
        [
          1058.5236816406252,
          354.1614074707031
        ]
      ],
      "homography": [
        [
          11.213497055301785,
          11.874933534571484,
          1081.5517286022205
        ],
        [
          -2.6964464635671033,
          33.171008283442745,
          384.6157661046227
        ],
        [
          -0.010294998801151782,
          0.010352043938001534,
          1.0
        ]
      ]
    },
    {
      "tag_id": 8,
      "tag_family": "tag36h11",
      "hamming": 0,
      "decision_margin": 63.19447326660156,
      "center": [
        1399.9635696308644,
        379.4531210281094
      ],
      "corners": [
        [
          1370.587768554687,
          411.0839538574218
        ],
        [
          1425.8906250000002,
          409.0942687988281
        ],
        [
          1429.1522216796877,
          348.0238037109375
        ],
        [
          1373.7360839843748,
          349.46850585937494
        ]
      ],
      "homography": [
        [
          33.948198805738,
          0.1925366687767151,
          1399.9635696308644
        ],
        [
          0.8402594379141382,
          31.157429148729705,
          379.4531210281094
        ],
        [
          0.004477996834257893,
          0.001282388963480979,
          1.0
        ]
      ]
    }
  ]
}
