{
  "image_file": "e98c7ae90605_7426_Pair_of_Dice_Robots_2026_Ricochet_Reveal_frame_000708.png",
  "image_sha256": "e98c7ae90605543f2f67632abe22cc9e93d6c6527b04cc03d98854a14ec11b2d",
  "image_width": 1920,
  "image_height": 1080,
  "detector_config": {
    "library": "pupil-apriltags",
    "library_version": "1.0.4.post11",
    "family": "tag36h11",
    "nthreads": 4,
    "quad_decimate": 1.0,
    "quad_sigma": 0.0,
    "refine_edges": true,
    "decode_sharpening": 0.25
  },
  "detected_at": "2026-04-01T04:13:23.556802+00:00",
  "num_detections": 4,
  "detections": [
    {
      "tag_id": 5,
      "tag_family": "tag36h11",
      "hamming": 0,
      "decision_margin": 74.3804702758789,
      "center": [
        441.526646558575,
        552.268259544996
      ],
      "corners": [
        [
          423.53018188476557,
          581.5587768554688
        ],
        [
          456.32037353515625,
          578.7978515625
        ],
        [
          459.57397460937506,
          522.8949584960938
        ],
        [
          427.21984863281244,
          526.6118774414062
        ]
      ],
      "homography": [
        [
          12.278536718888233,
          -5.120261236751558,
          441.526646558575
        ],
        [
          -6.633209878771711,
          23.477976985967985,
          552.268259544996
        ],
        [
          -0.009071905107107031,
          -0.007660750144053507,
          1.0
        ]
      ]
    },
    {
      "tag_id": 8,
      "tag_family": "tag36h11",
      "hamming": 0,
      "decision_margin": 79.91203308105469,
      "center": [
        520.1676333101966,
        545.4280127585843
      ],
      "corners": [
        [
          500.4028320312501,
          575.9115600585936
        ],
        [
          536.5570068359374,
          573.2156982421876
        ],
        [
          540.5218505859373,
          514.0354003906251
        ],
        [
          504.2142028808593,
          518.3794555664061
        ]
      ],
      "homography": [
        [
          10.785127082432837,
          -1.6279132445775972,
          520.1676333101966
        ],
        [
          -9.441624565287956,
          29.503034159332515,
          545.4280127585843
        ],
        [
          -0.014085256745548785,
          0.0006064285954265064,
          1.0
        ]
      ]
    },
    {
      "tag_id": 9,
      "tag_family": "tag36h11",
      "hamming": 0,
      "decision_margin": 76.37631225585938,
      "center": [
        637.4010593614478,
        550.0691605836198
      ],
      "corners": [
        [
          613.7967529296875,
          576.218505859375
        ],
        [
          657.5726318359375,
          582.0471801757814
        ],
        [
          660.3284301757814,
          524.6697387695314
        ],
        [
          616.7236938476564,
          517.289306640625
        ]
      ],
      "homography": [
        [
          30.423693543317995,
          -2.1100327699026558,
          637.4010593614478
        ],
        [
          10.709170548005087,
          28.47577844737748,
          550.0691605836198
        ],
        [
          0.013464940611889444,
          -0.0010829041573110487,
          1.0
        ]
      ]
    },
    {
      "tag_id": 10,
      "tag_family": "tag36h11",
      "hamming": 0,
      "decision_margin": 71.81565856933594,
      "center": [
        729.8821548131311,
        564.7364603524928
      ],
      "corners": [
        [
          709.0711059570312,
          589.7754516601562
        ],
        [
          747.7025756835936,
          595.0810546874999
        ],
        [
          749.8366088867188,
          540.7280883789064
        ],
        [
          711.8726806640625,
          534.0699462890626
        ]
      ],
      "homography": [
        [
          28.73809043791755,
          -6.972482921551201,
          729.8821548131311
        ],
        [
          10.419146004981027,
          23.065340991271796,
          564.7364603524928
        ],
        [
          0.013144574255244523,
          -0.007868162518536477,
          1.0
        ]
      ]
    }
  ]
}
