{
  "image_file": "ea3025cd0c41_FRC_9483___Robot_POV__2024_Milstein_Q67__frame_002618.png",
  "image_sha256": "ea3025cd0c4191fd362c9e75e6376ce5b31e94d1d24de70bf5c6a29eb4772799",
  "image_width": 1920,
  "image_height": 1080,
  "detector_config": {
    "library": "pupil-apriltags",
    "library_version": "1.0.4.post11",
    "family": "tag36h11",
    "nthreads": 4,
    "quad_decimate": 1.0,
    "quad_sigma": 0.0,
    "refine_edges": true,
    "decode_sharpening": 0.25
  },
  "detected_at": "2026-04-01T16:10:25.826485+00:00",
  "num_detections": 3,
  "detections": [
    {
      "tag_id": 2,
      "tag_family": "tag36h11",
      "hamming": 0,
      "decision_margin": 59.21525955200195,
      "center": [
        1551.9594548828152,
        571.4226477994356
      ],
      "corners": [
        [
          1544.6036376953123,
          583.3543701171875
        ],
        [
          1568.0457763671875,
          578.4000244140626
        ],
        [
          1559.7149658203125,
          558.8425903320312
        ],
        [
          1536.2219238281248,
          564.5965576171874
        ]
      ],
      "homography": [
        [
          -17.299184488663972,
          16.199674702957278,
          1551.9594548828152
        ],
        [
          -13.361658706215623,
          13.999752771822157,
          571.4226477994356
        ],
        [
          -0.01870498672223895,
          0.007744955115320723,
          1.0
        ]
      ]
    },
    {
      "tag_id": 3,
      "tag_family": "tag36h11",
      "hamming": 0,
      "decision_margin": 76.03011322021484,
      "center": [
        1065.2688121060348,
        549.3577070268108
      ],
      "corners": [
        [
          1052.1386718750002,
          562.8333740234375
        ],
        [
          1081.03076171875,
          564.6143188476561
        ],
        [
          1078.1711425781245,
          536.1158447265624
        ],
        [
          1049.8398437499998,
          534.4234008789062
        ]
      ],
      "homography": [
        [
          13.279352544720497,
          -9.058037353462622,
          1065.2688121060348
        ],
        [
          0.3393518799920219,
          8.889672499603307,
          549.3577070268108
        ],
        [
          -0.0009622994021171466,
          -0.00971328433715465,
          1.0
        ]
      ]
    },
    {
      "tag_id": 4,
      "tag_family": "tag36h11",
      "hamming": 0,
      "decision_margin": 84.67411804199219,
      "center": [
        959.4682793095033,
        542.6647836645013
      ],
      "corners": [
        [
          943.455139160156,
          556.609375
        ],
        [
          975.4951782226562,
          558.4951171875001
        ],
        [
          975.1964111328127,
          528.9683837890626
        ],
        [
          943.7949829101564,
          527.1837158203125
        ]
      ],
      "homography": [
        [
          14.815090778983405,
          -9.66943546148684,
          959.4682793095033
        ],
        [
          0.32690854198597097,
          9.273643888527772,
          542.6647836645013
        ],
        [
          -0.0010877380861257656,
          -0.010066846619748384,
          1.0
        ]
      ]
    }
  ],
  "ingest_metadata": {
    "original_name": "FRC_9483___Robot_POV__2024_Milstein_Q67__frame_002618.png",
    "source": "unknown",
    "dhash": "54ec72738ef0d0cc",
    "ingested_at": "2026-04-01T16:10:25.815301+00:00"
  }
}
