{
  "image_file": "ea365433c850_2025_WPI_District_Event_Qual_Match_15_POV_frame_007973.png",
  "image_sha256": "ea365433c850e14a9e959252eaf090933337201a564ae5670c6a2351979f6ad7",
  "image_width": 1920,
  "image_height": 1080,
  "detector_config": {
    "library": "pupil-apriltags",
    "library_version": "1.0.4.post11",
    "family": "tag36h11",
    "nthreads": 4,
    "quad_decimate": 1.0,
    "quad_sigma": 0.0,
    "refine_edges": true,
    "decode_sharpening": 0.25
  },
  "detected_at": "2026-04-01T14:55:43.465428+00:00",
  "num_detections": 4,
  "detections": [
    {
      "tag_id": 4,
      "tag_family": "tag36h11",
      "hamming": 0,
      "decision_margin": 40.821380615234375,
      "center": [
        1086.087806055086,
        446.0902857331272
      ],
      "corners": [
        [
          1078.5330810546875,
          452.7066650390625
        ],
        [
          1093.8388671875002,
          452.65792846679693
        ],
        [
          1093.4547119140625,
          439.6383972167968
        ],
        [
          1078.2191162109373,
          439.42297363281244
        ]
      ],
      "homography": [
        [
          18.559384799820464,
          -2.5708775656355534,
          1086.087806055086
        ],
        [
          4.52918060410559,
          5.447323708849468,
          446.0902857331272
        ],
        [
          0.010058902936056172,
          -0.002528135517861288,
          1.0
        ]
      ]
    },
    {
      "tag_id": 5,
      "tag_family": "tag36h11",
      "hamming": 2,
      "decision_margin": 27.50078010559082,
      "center": [
        731.1597265943686,
        449.4431190636444
      ],
      "corners": [
        [
          726.1209106445312,
          455.3656005859375
        ],
        [
          738.4375610351562,
          455.12811279296864
        ],
        [
          736.0807495117189,
          443.65908813476557
        ],
        [
          723.2851562500001,
          443.2919921875001
        ]
      ],
      "homography": [
        [
          24.99283796416944,
          11.366334486680106,
          731.1597265943686
        ],
        [
          11.536001494073103,
          12.072964666257748,
          449.4431190636444
        ],
        [
          0.02560452914808684,
          0.013777728126712619,
          1.0
        ]
      ]
    },
    {
      "tag_id": 7,
      "tag_family": "tag36h11",
      "hamming": 0,
      "decision_margin": 80.30054473876953,
      "center": [
        665.8482155992465,
        657.351679542222
      ],
      "corners": [
        [
          653.829650878906,
          669.3862915039062
        ],
        [
          679.1671142578125,
          671.7745361328126
        ],
        [
          678.0114135742189,
          645.1722412109376
        ],
        [
          652.7086181640624,
          643.1229858398438
        ]
      ],
      "homography": [
        [
          8.412170266072167,
          0.30421833161494866,
          665.8482155992465
        ],
        [
          -3.0839132957653437,
          12.954357090909753,
          657.351679542222
        ],
        [
          -0.006378892813841611,
          -0.00039780465024054866,
          1.0
        ]
      ]
    },
    {
      "tag_id": 8,
      "tag_family": "tag36h11",
      "hamming": 0,
      "decision_margin": 74.577392578125,
      "center": [
        813.5634945030855,
        651.9954756443362
      ],
      "corners": [
        [
          802.83349609375,
          666.8075561523438
        ],
        [
          824.882568359375,
          662.7683715820312
        ],
        [
          824.0021972656249,
          637.5855102539061
        ],
        [
          802.1522827148438,
          641.1348876953125
        ]
      ],
      "homography": [
        [
          18.220145900649868,
          -3.5573844576422267,
          813.5634945030855
        ],
        [
          3.9115454987621647,
          9.547903000391216,
          651.9954756443362
        ],
        [
          0.00890710402175004,
          -0.0048535723858852235,
          1.0
        ]
      ]
    }
  ]
}
