{
  "image_file": "ea60fa347b96_PC000001_MOV-0433_jpg_rf_8ea4b6f4b84af0f85a07d6beeab97524.png",
  "image_sha256": "ea60fa347b966588dd93cf237dd93456787e84337c08c90d413cb3cc94e70634",
  "image_width": 640,
  "image_height": 360,
  "detector_config": {
    "library": "pupil-apriltags",
    "library_version": "1.0.4.post11",
    "family": "tag36h11",
    "nthreads": 4,
    "quad_decimate": 1.0,
    "quad_sigma": 0.0,
    "refine_edges": true,
    "decode_sharpening": 0.25
  },
  "detected_at": "2026-03-24T14:15:35.316121+00:00",
  "num_detections": 2,
  "detections": [
    {
      "tag_id": 31,
      "tag_family": "tag36h11",
      "hamming": 0,
      "decision_margin": 88.34164428710938,
      "center": [
        310.87211151048655,
        274.0826699708101
      ],
      "corners": [
        [
          282.07131958007807,
          299.65057373046875
        ],
        [
          332.87731933593756,
          301.0768737792969
        ],
        [
          338.86950683593756,
          249.2279815673828
        ],
        [
          287.93521118164057,
          245.94554138183594
        ]
      ],
      "homography": [
        [
          30.848346318471272,
          -1.9422761233527088,
          310.87211151048655
        ],
        [
          5.9531969212364935,
          27.28261587636831,
          274.0826699708101
        ],
        [
          0.017437852882303678,
          0.0032930950339864727,
          1.0
        ]
      ]
    },
    {
      "tag_id": 32,
      "tag_family": "tag36h11",
      "hamming": 0,
      "decision_margin": 89.48318481445312,
      "center": [
        438.630418091185,
        280.92171487296156
      ],
      "corners": [
        [
          412.93383789062506,
          304.48931884765625
        ],
        [
          457.9214477539062,
          306.3942565917968
        ],
        [
          463.97906494140614,
          257.6732177734375
        ],
        [
          418.8407287597656,
          254.79072570800787
        ]
      ],
      "homography": [
        [
          26.822598648226403,
          -1.6886120670062008,
          438.630418091185
        ],
        [
          3.944950519093933,
          25.437101117048144,
          280.92171487296156
        ],
        [
          0.009787957116732887,
          0.0029717791811814196,
          1.0
        ]
      ]
    }
  ]
}
