{
  "image_file": "eab2d3f57a56_GreenBlitz_4590_2026_Robot_Reveal_-_Whopper_frame_001947.png",
  "image_sha256": "eab2d3f57a566bdb7cbbca72ead18c924b1a952bf62112aa8eb4899a37e1f9f1",
  "image_width": 1920,
  "image_height": 1080,
  "detector_config": {
    "library": "pupil-apriltags",
    "library_version": "1.0.4.post11",
    "family": "tag36h11",
    "nthreads": 4,
    "quad_decimate": 1.0,
    "quad_sigma": 0.0,
    "refine_edges": true,
    "decode_sharpening": 0.25
  },
  "detected_at": "2026-04-01T04:56:50.383373+00:00",
  "num_detections": 2,
  "detections": [
    {
      "tag_id": 5,
      "tag_family": "tag36h11",
      "hamming": 0,
      "decision_margin": 79.64029693603516,
      "center": [
        246.43965144996665,
        696.3425915200636
      ],
      "corners": [
        [
          223.11761474609378,
          739.8162231445312
        ],
        [
          295.44601440429693,
          711.0344848632815
        ],
        [
          269.8294677734375,
          652.7426147460936
        ],
        [
          194.10765075683597,
          680.6536865234373
        ]
      ],
      "homography": [
        [
          40.85017648952419,
          17.85188688778928,
          246.43965144996665
        ],
        [
          -3.2605437306754133,
          41.286572650386915,
          696.3425915200636
        ],
        [
          0.01568307447886444,
          0.01713408991082118,
          1.0
        ]
      ]
    },
    {
      "tag_id": 8,
      "tag_family": "tag36h11",
      "hamming": 0,
      "decision_margin": 78.63287353515625,
      "center": [
        400.3057829473307,
        637.1387270195365
      ],
      "corners": [
        [
          376.7795715332032,
          677.5185546875
        ],
        [
          441.9289855957031,
          652.2009887695312
        ],
        [
          423.61257934570307,
          597.1354980468751
        ],
        [
          355.3126831054687,
          620.8569946289062
        ]
      ],
      "homography": [
        [
          42.05417577661882,
          16.762732969385358,
          400.3057829473307
        ],
        [
          1.6155997955451038,
          38.821218688655335,
          637.1387270195365
        ],
        [
          0.021795544562820592,
          0.01711049386879601,
          1.0
        ]
      ]
    }
  ]
}
