{
  "image_file": "eaeef6144f39_2026_Robot_Reveal_frame_002499.png",
  "image_sha256": "eaeef6144f395307da48f06662390ea230af50fdfa2c9762c360e3082354d6f5",
  "image_width": 1920,
  "image_height": 1080,
  "detector_config": {
    "library": "pupil-apriltags",
    "library_version": "1.0.4.post11",
    "family": "tag36h11",
    "nthreads": 4,
    "quad_decimate": 1.0,
    "quad_sigma": 0.0,
    "refine_edges": true,
    "decode_sharpening": 0.25
  },
  "detected_at": "2026-04-01T04:30:21.278790+00:00",
  "num_detections": 3,
  "detections": [
    {
      "tag_id": 5,
      "tag_family": "tag36h11",
      "hamming": 0,
      "decision_margin": 71.22071838378906,
      "center": [
        233.94486984184158,
        111.90790277895333
      ],
      "corners": [
        [
          217.06204223632812,
          140.92919921874997
        ],
        [
          255.2940216064453,
          143.0823669433594
        ],
        [
          251.53150939941403,
          81.67676544189453
        ],
        [
          212.2685852050781,
          80.25575256347653
        ]
      ],
      "homography": [
        [
          17.8704893581197,
          5.419725031723887,
          233.94486984184158
        ],
        [
          0.18175333071206584,
          32.08060091845577,
          111.90790277895333
        ],
        [
          -0.006407586688312626,
          0.014010830246566233,
          1.0
        ]
      ]
    },
    {
      "tag_id": 9,
      "tag_family": "tag36h11",
      "hamming": 0,
      "decision_margin": 83.47128295898438,
      "center": [
        454.4943705679154,
        117.84148857543637
      ],
      "corners": [
        [
          432.6558837890625,
          148.20484924316403
        ],
        [
          477.66766357421875,
          148.8432312011719
        ],
        [
          475.8592834472657,
          88.13656616210939
        ],
        [
          430.4052734375,
          85.61456298828122
        ]
      ],
      "homography": [
        [
          29.505054950087185,
          2.924012361975489,
          454.4943705679154
        ],
        [
          2.573533312172113,
          31.312347093854967,
          117.84148857543637
        ],
        [
          0.015169256442757474,
          0.0042077602815935216,
          1.0
        ]
      ]
    },
    {
      "tag_id": 10,
      "tag_family": "tag36h11",
      "hamming": 0,
      "decision_margin": 89.0551986694336,
      "center": [
        546.3160955798719,
        120.47592592884429
      ],
      "corners": [
        [
          527.2944335937499,
          149.43898010253903
        ],
        [
          566.525146484375,
          149.0025787353516
        ],
        [
          565.0340576171876,
          91.97529602050786
        ],
        [
          525.0772705078125,
          90.49566650390624
        ]
      ],
      "homography": [
        [
          28.774660004336965,
          5.50973124934524,
          546.3160955798719
        ],
        [
          2.2340728264523158,
          29.99455512029401,
          120.47592592884429
        ],
        [
          0.016446142186160563,
          0.008398898561853814,
          1.0
        ]
      ]
    }
  ]
}
