{
  "image_file": "ec24fa644f0e_PC000002_MOV-0276_jpg_rf_7dcc79ab84e811a9499a26dacc0ccdbb.png",
  "image_sha256": "ec24fa644f0eddc589a3602887af64c848ea7007eedbfc306aff7d1cdb0b00d0",
  "image_width": 640,
  "image_height": 360,
  "detector_config": {
    "library": "pupil-apriltags",
    "library_version": "1.0.4.post11",
    "family": "tag36h11",
    "nthreads": 4,
    "quad_decimate": 1.0,
    "quad_sigma": 0.0,
    "refine_edges": true,
    "decode_sharpening": 0.25
  },
  "detected_at": "2026-03-24T14:13:08.363316+00:00",
  "num_detections": 2,
  "detections": [
    {
      "tag_id": 2,
      "tag_family": "tag36h11",
      "hamming": 0,
      "decision_margin": 86.86443328857422,
      "center": [
        511.99497306402964,
        206.53375825493575
      ],
      "corners": [
        [
          501.1936950683593,
          224.89392089843753
        ],
        [
          529.69970703125,
          216.81869506835932
        ],
        [
          522.8579101562501,
          188.06878662109378
        ],
        [
          494.85556030273426,
          196.5772247314454
        ]
      ],
      "homography": [
        [
          9.242777373655144,
          -0.1320399674693806,
          511.99497306402964
        ],
        [
          -6.116514838014355,
          12.883724352269212,
          206.53375825493575
        ],
        [
          -0.009535203434511592,
          -0.006689076939741366,
          1.0
        ]
      ]
    },
    {
      "tag_id": 11,
      "tag_family": "tag36h11",
      "hamming": 0,
      "decision_margin": 85.68939971923828,
      "center": [
        454.0147395613418,
        223.08520296384376
      ],
      "corners": [
        [
          444.49664306640625,
          239.7465362548828
        ],
        [
          469.5013732910156,
          233.16740417480466
        ],
        [
          463.7546691894531,
          206.03555297851565
        ],
        [
          439.0953369140625,
          213.37228393554693
        ]
      ],
      "homography": [
        [
          5.562963460953313,
          1.1650221879252178,
          454.0147395613418
        ],
        [
          -6.845279565928054,
          12.57769320808066,
          223.08520296384376
        ],
        [
          -0.015087104644988754,
          -0.0035681082661060772,
          1.0
        ]
      ]
    }
  ]
}
