{
  "image_file": "ed4939ad918d_PC000010_MOV-0003_jpg_rf_a4739ad16466949306934f12eb1684b0.png",
  "image_sha256": "ed4939ad918d1f157207bf16e195bfc5b5bbdae6ee71e653d69467655f3384ac",
  "image_width": 640,
  "image_height": 360,
  "detector_config": {
    "library": "pupil-apriltags",
    "library_version": "1.0.4.post11",
    "family": "tag36h11",
    "nthreads": 4,
    "quad_decimate": 1.0,
    "quad_sigma": 0.0,
    "refine_edges": true,
    "decode_sharpening": 0.25
  },
  "detected_at": "2026-03-24T14:13:50.641219+00:00",
  "num_detections": 3,
  "detections": [
    {
      "tag_id": 1,
      "tag_family": "tag36h11",
      "hamming": 0,
      "decision_margin": 77.74836730957031,
      "center": [
        246.25745297598354,
        110.30990524353616
      ],
      "corners": [
        [
          176.31405639648435,
          201.31208801269534
        ],
        [
          329.4644165039063,
          194.61804199218744
        ],
        [
          324.4460754394531,
          8.579997062683098
        ],
        [
          173.46423339843747,
          36.55332946777349
        ]
      ],
      "homography": [
        [
          60.67159461864867,
          0.5420737353041506,
          246.25745297598354
        ],
        [
          -15.445506345199743,
          86.76197592343446,
          110.30990524353616
        ],
        [
          -0.06120801260335951,
          -0.005546677955792782,
          1.0
        ]
      ]
    },
    {
      "tag_id": 13,
      "tag_family": "tag36h11",
      "hamming": 0,
      "decision_margin": 39.53614044189453,
      "center": [
        531.2603181819425,
        246.74133963471135
      ],
      "corners": [
        [
          521.9158325195312,
          255.96560668945315
        ],
        [
          542.1837158203125,
          256.5481872558594
        ],
        [
          541.0231323242186,
          237.1041259765625
        ],
        [
          520.943359375,
          237.47894287109378
        ]
      ],
      "homography": [
        [
          -3.319391630034488,
          -1.237236214578616,
          531.2603181819425
        ],
        [
          -6.17310640076778,
          8.655181328724098,
          246.74133963471135
        ],
        [
          -0.025222451032933774,
          -0.003328803885451509,
          1.0
        ]
      ]
    },
    {
      "tag_id": 14,
      "tag_family": "tag36h11",
      "hamming": 1,
      "decision_margin": 44.58296585083008,
      "center": [
        586.5499598487776,
        246.90140236235317
      ],
      "corners": [
        [
          576.1857910156249,
          256.4789733886719
        ],
        [
          597.8540649414062,
          256.833740234375
        ],
        [
          597.0363769531252,
          237.21086120605466
        ],
        [
          575.6292724609375,
          237.3059539794922
        ]
      ],
      "homography": [
        [
          3.9880007694199553,
          -2.997955237970245,
          586.5499598487776
        ],
        [
          -2.789914928593789,
          8.291408135609714,
          246.90140236235317
        ],
        [
          -0.011557431506794573,
          -0.0056943698373843905,
          1.0
        ]
      ]
    }
  ],
  "ingest_metadata": {
    "original_name": "PC000010_MOV-0003_jpg_rf_a4739ad16466949306934f12eb1684b0.png",
    "source": "unknown",
    "dhash": "dfdeceded2e7d9ca",
    "ingested_at": "2026-03-24T14:13:50.631266+00:00"
  }
}
