{
  "image_file": "ed8494fe48c9_PC000006_MOV-0027_jpg_rf_f0ca8e7d664b0cfd704f94f50830b1fa.png",
  "image_sha256": "ed8494fe48c97b053eb50f5d6348dc0503ce67267ad3c09fff8b753cdb283402",
  "image_width": 640,
  "image_height": 360,
  "detector_config": {
    "library": "pupil-apriltags",
    "library_version": "1.0.4.post11",
    "family": "tag36h11",
    "nthreads": 4,
    "quad_decimate": 1.0,
    "quad_sigma": 0.0,
    "refine_edges": true,
    "decode_sharpening": 0.25
  },
  "detected_at": "2026-03-24T14:13:41.195330+00:00",
  "num_detections": 2,
  "detections": [
    {
      "tag_id": 9,
      "tag_family": "tag36h11",
      "hamming": 0,
      "decision_margin": 76.94571685791016,
      "center": [
        193.51399783977135,
        147.33002351230797
      ],
      "corners": [
        [
          130.57699584960938,
          194.15557861328125
        ],
        [
          251.47926330566406,
          209.17645263671875
        ],
        [
          252.2115631103515,
          103.65863800048824
        ],
        [
          137.92651367187497,
          88.02058410644528
        ]
      ],
      "homography": [
        [
          60.093718075986345,
          -7.394398974673543,
          193.51399783977135
        ],
        [
          8.703909489291698,
          48.76238917887861,
          147.33002351230797
        ],
        [
          0.0069569989177942606,
          -0.027896881973596608,
          1.0
        ]
      ]
    },
    {
      "tag_id": 10,
      "tag_family": "tag36h11",
      "hamming": 0,
      "decision_margin": 80.27996063232422,
      "center": [
        441.88366681742275,
        179.02407703151036
      ],
      "corners": [
        [
          388.24340820312506,
          225.85955810546878
        ],
        [
          506.2885437011719,
          241.45434570312494
        ],
        [
          493.5951232910156,
          133.87271118164062
        ],
        [
          381.1718139648438,
          120.17360687255866
        ]
      ],
      "homography": [
        [
          55.104624748768174,
          -5.6436787249037295,
          441.88366681742275
        ],
        [
          6.301477673454962,
          49.00187277554244,
          179.02407703151036
        ],
        [
          -0.005604205374068838,
          -0.023912423129192513,
          1.0
        ]
      ]
    }
  ]
}
