{
  "image_file": "ed8d2188644a_FRC_Team_3536_REBUILT_ROBOT_REVEAL_frame_003960.png",
  "image_sha256": "ed8d2188644a6c3c6c05c6beb7231958f0888adcab63c2026f01c407c401591e",
  "image_width": 1920,
  "image_height": 1080,
  "detector_config": {
    "library": "pupil-apriltags",
    "library_version": "1.0.4.post11",
    "family": "tag36h11",
    "nthreads": 4,
    "quad_decimate": 1.0,
    "quad_sigma": 0.0,
    "refine_edges": true,
    "decode_sharpening": 0.25
  },
  "detected_at": "2026-04-01T04:28:14.522498+00:00",
  "num_detections": 5,
  "detections": [
    {
      "tag_id": 17,
      "tag_family": "tag36h11",
      "hamming": 0,
      "decision_margin": 82.91944885253906,
      "center": [
        485.29126992350615,
        250.21073988712493
      ],
      "corners": [
        [
          466.3157043457031,
          271.9039611816407
        ],
        [
          506.3190307617188,
          272.6246032714844
        ],
        [
          504.5160827636719,
          228.23257446289062
        ],
        [
          464.43624877929676,
          227.9810028076172
        ]
      ],
      "homography": [
        [
          17.43624940063478,
          1.5032691981171546,
          485.29126992350615
        ],
        [
          -1.0889303834533761,
          22.378391607358253,
          250.21073988712493
        ],
        [
          -0.005324546682505831,
          0.001200186126041832,
          1.0
        ]
      ]
    },
    {
      "tag_id": 19,
      "tag_family": "tag36h11",
      "hamming": 0,
      "decision_margin": 68.44316101074219,
      "center": [
        1286.3617115586123,
        199.3913322274212
      ],
      "corners": [
        [
          1258.6207275390625,
          226.21998596191406
        ],
        [
          1312.6822509765623,
          227.19111633300778
        ],
        [
          1314.735107421875,
          171.95106506347656
        ],
        [
          1260.1702880859377,
          171.72792053222662
        ]
      ],
      "homography": [
        [
          18.324597018319764,
          4.7683310068889595,
          1286.3617115586123
        ],
        [
          -1.0684977876022153,
          28.30966640580752,
          199.3913322274212
        ],
        [
          -0.006864420326105715,
          0.004405629258930035,
          1.0
        ]
      ]
    },
    {
      "tag_id": 20,
      "tag_family": "tag36h11",
      "hamming": 0,
      "decision_margin": 66.00130462646484,
      "center": [
        1408.168048834218,
        199.23735894694067
      ],
      "corners": [
        [
          1379.295654296875,
          226.4611663818359
        ],
        [
          1434.64013671875,
          227.43385314941403
        ],
        [
          1437.7904052734373,
          171.30641174316403
        ],
        [
          1381.7857666015627,
          171.13652038574222
        ]
      ],
      "homography": [
        [
          17.611448899186144,
          6.423020442161944,
          1408.168048834218
        ],
        [
          -1.1586054106597636,
          28.96866334692581,
          199.23735894694067
        ],
        [
          -0.007260063468670812,
          0.0055609484914759455,
          1.0
        ]
      ]
    },
    {
      "tag_id": 29,
      "tag_family": "tag36h11",
      "hamming": 0,
      "decision_margin": 70.6728286743164,
      "center": [
        830.3067072597318,
        294.9122650844366
      ],
      "corners": [
        [
          818.1195068359376,
          306.9995422363281
        ],
        [
          842.0236206054688,
          307.77505493164057
        ],
        [
          842.3466186523439,
          282.97106933593756
        ],
        [
          818.5870361328127,
          282.04644775390636
        ]
      ],
      "homography": [
        [
          14.488481232572099,
          -2.672487028933686,
          830.3067072597318
        ],
        [
          1.3390680720498254,
          11.55993764337569,
          294.9122650844366
        ],
        [
          0.0030985912558796056,
          -0.0029809213289596743,
          1.0
        ]
      ]
    },
    {
      "tag_id": 30,
      "tag_family": "tag36h11",
      "hamming": 0,
      "decision_margin": 66.86653900146484,
      "center": [
        893.1617824217499,
        297.20883696763246
      ],
      "corners": [
        [
          880.9595336914062,
          309.4295349121094
        ],
        [
          905.0767822265625,
          310.0780944824219
        ],
        [
          905.1806030273438,
          285.17184448242193
        ],
        [
          881.0952148437499,
          284.1758728027344
        ]
      ],
      "homography": [
        [
          18.254536464786725,
          -0.6192903451325242,
          893.1617824217499
        ],
        [
          2.4758216479381745,
          12.353184599895371,
          297.20883696763246
        ],
        [
          0.006946629569304954,
          -0.0006264516273083786,
          1.0
        ]
      ]
    }
  ],
  "ingest_metadata": {
    "original_name": "FRC_Team_3536_REBUILT_ROBOT_REVEAL_frame_003960.png",
    "source": "unknown",
    "dhash": "ccc4ecbbaf8c8d65",
    "ingested_at": "2026-04-01T04:28:14.515298+00:00"
  }
}
