{
  "image_file": "ed8f3600f848_PC000001_MOV-0405_jpg_rf_1f019037951afa1c564c80ce63a2b814.png",
  "image_sha256": "ed8f3600f848664c9aaa14a4eb9424b053713906b727148dc6987612ec76874b",
  "image_width": 640,
  "image_height": 360,
  "detector_config": {
    "library": "pupil-apriltags",
    "library_version": "1.0.4.post11",
    "family": "tag36h11",
    "nthreads": 4,
    "quad_decimate": 1.0,
    "quad_sigma": 0.0,
    "refine_edges": true,
    "decode_sharpening": 0.25
  },
  "detected_at": "2026-03-24T14:12:49.445414+00:00",
  "num_detections": 4,
  "detections": [
    {
      "tag_id": 21,
      "tag_family": "tag36h11",
      "hamming": 0,
      "decision_margin": 61.493465423583984,
      "center": [
        273.1856351121142,
        248.7588754690175
      ],
      "corners": [
        [
          259.15548706054693,
          268.2487182617188
        ],
        [
          280.4153137207032,
          268.2507019042969
        ],
        [
          287.7520751953125,
          228.52404785156247
        ],
        [
          266.41076660156244,
          230.49325561523438
        ]
      ],
      "homography": [
        [
          3.6464822058879927,
          -5.523539805151642,
          273.1856351121142
        ],
        [
          -6.8701769161846205,
          17.65032370957792,
          248.7588754690175
        ],
        [
          -0.025614797236395728,
          -0.006861090356972434,
          1.0
        ]
      ]
    },
    {
      "tag_id": 24,
      "tag_family": "tag36h11",
      "hamming": 0,
      "decision_margin": 67.58192443847656,
      "center": [
        326.19665032161186,
        246.23960592937087
      ],
      "corners": [
        [
          309.0374145507812,
          268.1949157714844
        ],
        [
          336.78887939453125,
          268.6726379394532
        ],
        [
          344.0868225097657,
          223.3490600585938
        ],
        [
          316.4339294433593,
          225.56336975097645
        ]
      ],
      "homography": [
        [
          3.790891187635226,
          -6.923536702990986,
          326.19665032161186
        ],
        [
          -8.03216404166358,
          19.516205492291192,
          246.23960592937087
        ],
        [
          -0.030803309587605344,
          -0.009948851270405608,
          1.0
        ]
      ]
    },
    {
      "tag_id": 25,
      "tag_family": "tag36h11",
      "hamming": 0,
      "decision_margin": 71.78994750976562,
      "center": [
        423.4580045456582,
        260.13223581221934
      ],
      "corners": [
        [
          404.6210021972656,
          279.2462158203125
        ],
        [
          436.3941345214843,
          287.0827941894531
        ],
        [
          441.0984802246094,
          242.23237609863278
        ],
        [
          410.0841369628906,
          232.26971435546872
        ]
      ],
      "homography": [
        [
          26.153008623592143,
          -5.956287927327477,
          423.4580045456582
        ],
        [
          10.886374810886364,
          20.840578358580558,
          260.13223581221934
        ],
        [
          0.024719741758115366,
          -0.008082050858809682,
          1.0
        ]
      ]
    },
    {
      "tag_id": 26,
      "tag_family": "tag36h11",
      "hamming": 0,
      "decision_margin": 73.90678405761719,
      "center": [
        486.19074758797103,
        277.85064874401615
      ],
      "corners": [
        [
          470.81320190429693,
          295.5458068847657
        ],
        [
          497.0980834960938,
          301.908721923828
        ],
        [
          500.67187499999994,
          261.18701171874994
        ],
        [
          474.89385986328125,
          252.93334960937517
        ]
      ],
      "homography": [
        [
          24.570381790471004,
          -4.941936572687266,
          486.19074758797103
        ],
        [
          10.266251049951903,
          19.08852121773407,
          277.85064874401615
        ],
        [
          0.02378304054581812,
          -0.006238999240477767,
          1.0
        ]
      ]
    }
  ]
}
