{
  "image_file": "edfecc232779_Robot_Reveal_2026_frame_000420.png",
  "image_sha256": "edfecc232779292ae9cc0eea0fbc3d87ce1b2b59465900688d620f066e7fdae0",
  "image_width": 1920,
  "image_height": 1080,
  "detector_config": {
    "library": "pupil-apriltags",
    "library_version": "1.0.4.post11",
    "family": "tag36h11",
    "nthreads": 4,
    "quad_decimate": 1.0,
    "quad_sigma": 0.0,
    "refine_edges": true,
    "decode_sharpening": 0.25
  },
  "detected_at": "2026-04-01T04:40:27.274697+00:00",
  "num_detections": 7,
  "detections": [
    {
      "tag_id": 3,
      "tag_family": "tag36h11",
      "hamming": 0,
      "decision_margin": 41.842010498046875,
      "center": [
        1547.0353571327641,
        375.7848340206585
      ],
      "corners": [
        [
          1537.3720703124995,
          383.50085449218744
        ],
        [
          1554.147705078125,
          383.88146972656256
        ],
        [
          1556.9244384765625,
          367.88851928710943
        ],
        [
          1539.6026611328123,
          367.3235168457031
        ]
      ],
      "homography": [
        [
          16.625584890372462,
          24.716167637107905,
          1547.0353571327641
        ],
        [
          2.203345056239014,
          14.348107457562094,
          375.7848340206585
        ],
        [
          0.0052381786788721395,
          0.016786371800001917,
          1.0
        ]
      ]
    },
    {
      "tag_id": 4,
      "tag_family": "tag36h11",
      "hamming": 0,
      "decision_margin": 46.01005554199219,
      "center": [
        1585.0717199140138,
        377.195808062319
      ],
      "corners": [
        [
          1574.8842773437498,
          384.8262634277343
        ],
        [
          1592.53857421875,
          385.8060302734375
        ],
        [
          1595.4539794921877,
          369.41943359375006
        ],
        [
          1577.4212646484375,
          368.37387084960943
        ]
      ],
      "homography": [
        [
          11.03998752375355,
          15.768377983182747,
          1585.0717199140138
        ],
        [
          1.0103488334027004,
          12.28551916188195,
          377.195808062319
        ],
        [
          0.0013370078532089465,
          0.01080807391455194,
          1.0
        ]
      ]
    },
    {
      "tag_id": 18,
      "tag_family": "tag36h11",
      "hamming": 0,
      "decision_margin": 53.905548095703125,
      "center": [
        1150.9426413239307,
        381.9693693613336
      ],
      "corners": [
        [
          1139.3077392578125,
          396.9349365234375
        ],
        [
          1160.429443359375,
          396.4228210449219
        ],
        [
          1162.1944580078123,
          367.4965515136719
        ],
        [
          1141.3155517578123,
          367.3021850585937
        ]
      ],
      "homography": [
        [
          24.354424840710408,
          -6.350582710873138,
          1150.9426413239307
        ],
        [
          4.520739937801748,
          12.842280337391458,
          381.9693693613336
        ],
        [
          0.012038942880006212,
          -0.00469938411309257,
          1.0
        ]
      ]
    },
    {
      "tag_id": 25,
      "tag_family": "tag36h11",
      "hamming": 0,
      "decision_margin": 39.597190856933594,
      "center": [
        963.1175167600511,
        374.76587963738444
      ],
      "corners": [
        [
          955.6093750000001,
          387.5065002441407
        ],
        [
          970.22119140625,
          388.71383666992193
        ],
        [
          971.0838012695312,
          361.24783325195307
        ],
        [
          956.1396484375,
          361.0649414062499
        ]
      ],
      "homography": [
        [
          -11.174230691219352,
          9.609823900117133,
          963.1175167600511
        ],
        [
          -6.869086531517953,
          17.344223941164103,
          374.76587963738444
        ],
        [
          -0.019270287053044285,
          0.010336157893550735,
          1.0
        ]
      ]
    },
    {
      "tag_id": 26,
      "tag_family": "tag36h11",
      "hamming": 0,
      "decision_margin": 44.69911193847656,
      "center": [
        997.9898276428174,
        376.90599463518845
      ],
      "corners": [
        [
          988.9876708984374,
          390.2979125976563
        ],
        [
          1006.1463012695312,
          391.9121704101562
        ],
        [
          1007.2109375000003,
          363.18835449218756
        ],
        [
          990.1589965820311,
          362.4989318847657
        ]
      ],
      "homography": [
        [
          -7.609051104112267,
          -4.7284903422848865,
          997.9898276428174
        ],
        [
          -5.528986499553072,
          12.552372974806644,
          376.90599463518845
        ],
        [
          -0.016191926568589365,
          -0.004176895587047603,
          1.0
        ]
      ]
    },
    {
      "tag_id": 27,
      "tag_family": "tag36h11",
      "hamming": 0,
      "decision_margin": 55.474395751953125,
      "center": [
        1103.2778681403784,
        382.22930480814887
      ],
      "corners": [
        [
          1091.0969238281248,
          397.46087646484375
        ],
        [
          1113.3973388671875,
          397.3641662597657
        ],
        [
          1115.2987060546875,
          367.1979370117187
        ],
        [
          1092.978515625,
          366.8254089355468
        ]
      ],
      "homography": [
        [
          19.663568231201452,
          0.26449441729392004,
          1103.2778681403784
        ],
        [
          3.0166529481272715,
          15.618830262751715,
          382.22930480814887
        ],
        [
          0.00771254284782636,
          0.0010970631924267621,
          1.0
        ]
      ]
    },
    {
      "tag_id": 28,
      "tag_family": "tag36h11",
      "hamming": 0,
      "decision_margin": 68.52143096923828,
      "center": [
        1767.185942617513,
        499.5843196568454
      ],
      "corners": [
        [
          1729.8780517578127,
          520.282958984375
        ],
        [
          1795.35986328125,
          530.1548461914062
        ],
        [
          1806.889282226562,
          477.5566711425781
        ],
        [
          1740.0247802734373,
          470.1127014160156
        ]
      ],
      "homography": [
        [
          -10.59277633296142,
          5.907513645203607,
          1767.185942617513
        ],
        [
          -8.007327719051094,
          28.87481050624376,
          499.5843196568454
        ],
        [
          -0.0247037348937457,
          0.006401452424625297,
          1.0
        ]
      ]
    }
  ],
  "ingest_metadata": {
    "original_name": "Robot_Reveal_2026_frame_000420.png",
    "source": "unknown",
    "dhash": "199da4eca5a99ccb",
    "ingested_at": "2026-04-01T04:40:27.265302+00:00"
  }
}
