{
  "image_file": "ee50c17af6de_2025_Field_Tour_Video__Reef_frame_000826.png",
  "image_sha256": "ee50c17af6dea65f8a72eba69a6605035274e3fdb562e2bcd578fa4736d03541",
  "image_width": 1920,
  "image_height": 1080,
  "detector_config": {
    "library": "pupil-apriltags",
    "library_version": "1.0.4.post11",
    "family": "tag36h11",
    "nthreads": 4,
    "quad_decimate": 1.0,
    "quad_sigma": 0.0,
    "refine_edges": true,
    "decode_sharpening": 0.25
  },
  "detected_at": "2026-04-01T00:11:21.493031+00:00",
  "num_detections": 3,
  "detections": [
    {
      "tag_id": 10,
      "tag_family": "tag36h11",
      "hamming": 0,
      "decision_margin": 45.561893463134766,
      "center": [
        1326.8608343877215,
        602.5943665326621
      ],
      "corners": [
        [
          1315.7354736328123,
          613.1644897460938
        ],
        [
          1337.8382568359375,
          613.83984375
        ],
        [
          1337.8100585937502,
          592.1915893554686
        ],
        [
          1316.0499267578127,
          591.5194702148436
        ]
      ],
      "homography": [
        [
          11.188482796382688,
          -10.43533607111476,
          1326.8608343877215
        ],
        [
          0.4383440803992464,
          6.115932403096167,
          602.5943665326621
        ],
        [
          0.0001683850549128281,
          -0.007810770575513059,
          1.0
        ]
      ]
    },
    {
      "tag_id": 15,
      "tag_family": "tag36h11",
      "hamming": 0,
      "decision_margin": 36.7315559387207,
      "center": [
        1664.135420427035,
        310.5774773766141
      ],
      "corners": [
        [
          1642.106079101563,
          329.4502563476563
        ],
        [
          1685.3659667968748,
          327.23907470703114
        ],
        [
          1686.9079589843748,
          291.0679931640625
        ],
        [
          1642.5870361328127,
          293.6664428710938
        ]
      ],
      "homography": [
        [
          14.270829470802253,
          19.48161056014237,
          1664.135420427035
        ],
        [
          -2.622481484755556,
          21.71539223668873,
          310.5774773766141
        ],
        [
          -0.00457937531353367,
          0.012009152529756446,
          1.0
        ]
      ]
    },
    {
      "tag_id": 17,
      "tag_family": "tag36h11",
      "hamming": 0,
      "decision_margin": 61.6766471862793,
      "center": [
        946.0116559483517,
        856.2620924976753
      ],
      "corners": [
        [
          912.1846923828124,
          903.8975219726562
        ],
        [
          978.5562133789064,
          890.9738769531253
        ],
        [
          978.2293701171876,
          810.8928222656251
        ],
        [
          912.5676879882811,
          820.5910034179686
        ]
      ],
      "homography": [
        [
          50.96770328231355,
          -5.085618503991321,
          946.0116559483517
        ],
        [
          10.622292429340742,
          36.23328947743403,
          856.2620924976753
        ],
        [
          0.018997937136088352,
          -0.0053681352244395394,
          1.0
        ]
      ]
    }
  ]
}
