{
  "image_file": "ef8c3973a8c5_FRC_Team_8725___Robot_Reveal_2026_-_N_soi_frame_000000.png",
  "image_sha256": "ef8c3973a8c5c7478b948a4fef3550c282d3f2bfb5e1b1a6166c895b72a76736",
  "image_width": 1920,
  "image_height": 1080,
  "detector_config": {
    "library": "pupil-apriltags",
    "library_version": "1.0.4.post11",
    "family": "tag36h11",
    "nthreads": 4,
    "quad_decimate": 1.0,
    "quad_sigma": 0.0,
    "refine_edges": true,
    "decode_sharpening": 0.25
  },
  "detected_at": "2026-04-01T03:37:44.377311+00:00",
  "num_detections": 4,
  "detections": [
    {
      "tag_id": 17,
      "tag_family": "tag36h11",
      "hamming": 0,
      "decision_margin": 31.013601303100586,
      "center": [
        893.7365492805645,
        291.7580273270015
      ],
      "corners": [
        [
          886.4434814453125,
          303.0680847167968
        ],
        [
          902.0110473632814,
          308.5927429199219
        ],
        [
          901.3305053710938,
          279.9813537597656
        ],
        [
          885.4584350585936,
          274.9159545898437
        ]
      ],
      "homography": [
        [
          -1.0758403975338535,
          9.547394841866094,
          893.7365492805645
        ],
        [
          -0.26668465596685775,
          17.16881645550518,
          291.7580273270015
        ],
        [
          -0.009996490485131584,
          0.010214953842306074,
          1.0
        ]
      ]
    },
    {
      "tag_id": 19,
      "tag_family": "tag36h11",
      "hamming": 0,
      "decision_margin": 26.021150588989258,
      "center": [
        1214.637162332842,
        404.81027638248486
      ],
      "corners": [
        [
          1197.6601562500005,
          419.9394226074219
        ],
        [
          1229.0977783203123,
          431.5145568847656
        ],
        [
          1232.1812744140623,
          389.17575073242193
        ],
        [
          1200.4134521484377,
          378.5434875488281
        ]
      ],
      "homography": [
        [
          0.805749616831235,
          3.5036641260830947,
          1214.637162332842
        ],
        [
          0.556272822794594,
          22.584099570894978,
          404.81027638248486
        ],
        [
          -0.012343433661454115,
          0.004084365568085168,
          1.0
        ]
      ]
    },
    {
      "tag_id": 20,
      "tag_family": "tag36h11",
      "hamming": 0,
      "decision_margin": 23.85190773010254,
      "center": [
        1286.9133740085333,
        430.65238057646155
      ],
      "corners": [
        [
          1267.7503662109375,
          446.0020751953125
        ],
        [
          1302.5233154296875,
          458.90792846679693
        ],
        [
          1306.7833251953127,
          414.73641967773443
        ],
        [
          1271.474365234375,
          402.70623779296875
        ]
      ],
      "homography": [
        [
          2.3207105567719273,
          6.118497017346499,
          1286.9133740085333
        ],
        [
          1.1508505451511124,
          24.578288353999028,
          430.65238057646155
        ],
        [
          -0.0118083554384703,
          0.0063030921068344785,
          1.0
        ]
      ]
    },
    {
      "tag_id": 24,
      "tag_family": "tag36h11",
      "hamming": 0,
      "decision_margin": 32.26271438598633,
      "center": [
        1596.715709831975,
        422.35349239123485
      ],
      "corners": [
        [
          1580.1490478515623,
          448.46997070312494
        ],
        [
          1605.9183349609377,
          438.97351074218756
        ],
        [
          1613.38720703125,
          396.0717468261719
        ],
        [
          1587.0716552734373,
          404.9362487792969
        ]
      ],
      "homography": [
        [
          29.199715470222596,
          17.616941748222875,
          1596.715709831975
        ],
        [
          -0.31463317909487265,
          27.216347280094,
          422.35349239123485
        ],
        [
          0.01013403520904684,
          0.013288097330711327,
          1.0
        ]
      ]
    }
  ]
}
