{
  "image_file": "f08c51c23624_7166_Robot_Reveal_-_Short_Round_frame_000944.png",
  "image_sha256": "f08c51c2362486ffa51a685f349bce04ef5027a5ede6b28f6998b83dfbfa93c2",
  "image_width": 1920,
  "image_height": 1080,
  "detector_config": {
    "library": "pupil-apriltags",
    "library_version": "1.0.4.post11",
    "family": "tag36h11",
    "nthreads": 4,
    "quad_decimate": 1.0,
    "quad_sigma": 0.0,
    "refine_edges": true,
    "decode_sharpening": 0.25
  },
  "detected_at": "2026-04-01T04:33:30.175468+00:00",
  "num_detections": 4,
  "detections": [
    {
      "tag_id": 21,
      "tag_family": "tag36h11",
      "hamming": 0,
      "decision_margin": 61.042057037353516,
      "center": [
        584.510664390935,
        723.4457664828492
      ],
      "corners": [
        [
          575.3825073242189,
          745.1578979492188
        ],
        [
          594.4454956054688,
          746.2921142578126
        ],
        [
          593.7335815429685,
          701.5082397460938
        ],
        [
          574.9526977539061,
          701.4660644531248
        ]
      ],
      "homography": [
        [
          2.299568038271332,
          -3.85746620291934,
          584.510664390935
        ],
        [
          -8.571021038353367,
          16.988908390302754,
          723.4457664828492
        ],
        [
          -0.012248632156591631,
          -0.007084897097383044,
          1.0
        ]
      ]
    },
    {
      "tag_id": 24,
      "tag_family": "tag36h11",
      "hamming": 0,
      "decision_margin": 61.21728515625,
      "center": [
        626.3176123890437,
        724.1246535728865
      ],
      "corners": [
        [
          616.9191894531249,
          747.3470458984376
        ],
        [
          637.0972290039062,
          747.515380859375
        ],
        [
          635.886962890625,
          700.4799194335936
        ],
        [
          615.6099853515625,
          700.89013671875
        ]
      ],
      "homography": [
        [
          6.2420984234452135,
          2.403025698621037,
          626.3176123890437
        ],
        [
          -4.53539657129841,
          25.421692985926484,
          724.1246535728865
        ],
        [
          -0.006180906297041615,
          0.0028305660418602176,
          1.0
        ]
      ]
    },
    {
      "tag_id": 25,
      "tag_family": "tag36h11",
      "hamming": 0,
      "decision_margin": 81.30927276611328,
      "center": [
        722.3370097893854,
        723.5727654841496
      ],
      "corners": [
        [
          702.0426025390625,
          748.2060546875
        ],
        [
          743.5349731445314,
          746.4741821289064
        ],
        [
          742.4205932617188,
          699.1953735351562
        ],
        [
          701.154052734375,
          700.6875610351562
        ]
      ],
      "homography": [
        [
          22.447320966263533,
          -1.5126295943633723,
          722.3370097893854
        ],
        [
          0.9551945975829286,
          21.681909344383712,
          723.5727654841496
        ],
        [
          0.0024335866482905746,
          -0.0027876681545474613,
          1.0
        ]
      ]
    },
    {
      "tag_id": 26,
      "tag_family": "tag36h11",
      "hamming": 0,
      "decision_margin": 83.7713851928711,
      "center": [
        809.5184387472945,
        719.3325546499276
      ],
      "corners": [
        [
          790.6564941406251,
          743.6592407226562
        ],
        [
          829.7743530273438,
          741.066650390625
        ],
        [
          828.0299072265625,
          695.4578857421875
        ],
        [
          789.18896484375,
          697.51953125
        ]
      ],
      "homography": [
        [
          24.018162327202162,
          -2.258310503954928,
          809.5184387472945
        ],
        [
          2.8621851448093567,
          20.215068471843324,
          719.3325546499276
        ],
        [
          0.005595075773267988,
          -0.0037826100858061535,
          1.0
        ]
      ]
    }
  ]
}
