{
  "image_file": "f139fbd7c512_2026_Robot_Reveal__Wasabi_frame_003186.png",
  "image_sha256": "f139fbd7c512444d4475a7ba81acd3b6a1ab049b0f12205e4d3793cd78fcdfa6",
  "image_width": 1440,
  "image_height": 1080,
  "detector_config": {
    "library": "pupil-apriltags",
    "library_version": "1.0.4.post11",
    "family": "tag36h11",
    "nthreads": 4,
    "quad_decimate": 1.0,
    "quad_sigma": 0.0,
    "refine_edges": true,
    "decode_sharpening": 0.25
  },
  "detected_at": "2026-04-01T05:00:05.909716+00:00",
  "num_detections": 3,
  "detections": [
    {
      "tag_id": 2,
      "tag_family": "tag36h11",
      "hamming": 1,
      "decision_margin": 28.933534622192383,
      "center": [
        340.828414742857,
        543.3300242447265
      ],
      "corners": [
        [
          335.92736816406244,
          549.2394409179686
        ],
        [
          346.89044189453125,
          550.3633422851561
        ],
        [
          346.45632934570324,
          536.544189453125
        ],
        [
          334.48992919921875,
          535.9759521484376
        ]
      ],
      "homography": [
        [
          -2.2470482258842726,
          16.042688987749727,
          340.828414742857
        ],
        [
          -12.261522327612742,
          31.564701166746318,
          543.3300242447265
        ],
        [
          -0.023370501543027448,
          0.04566461137192404,
          1.0
        ]
      ]
    },
    {
      "tag_id": 21,
      "tag_family": "tag36h11",
      "hamming": 1,
      "decision_margin": 65.44583129882812,
      "center": [
        911.6036309184022,
        576.2519965948624
      ],
      "corners": [
        [
          904.1594848632812,
          583.4529418945314
        ],
        [
          918.774169921875,
          583.8167114257811
        ],
        [
          919.1744384765625,
          568.928527832031
        ],
        [
          903.9793701171875,
          568.2086181640625
        ]
      ],
      "homography": [
        [
          17.58206175586383,
          17.76512536715791,
          911.6036309184022
        ],
        [
          6.673114897540924,
          18.795888694080872,
          576.2519965948624
        ],
        [
          0.011115981576580117,
          0.019551672175532758,
          1.0
        ]
      ]
    },
    {
      "tag_id": 24,
      "tag_family": "tag36h11",
      "hamming": 0,
      "decision_margin": 62.499916076660156,
      "center": [
        943.5683874902999,
        577.8348087149948
      ],
      "corners": [
        [
          936.06787109375,
          585.0630493164062
        ],
        [
          950.8051147460938,
          585.5159301757811
        ],
        [
          951.0421142578125,
          570.6323852539064
        ],
        [
          935.6557006835936,
          569.4362182617189
        ]
      ],
      "homography": [
        [
          29.41818955287169,
          20.243003475484105,
          943.5683874902999
        ],
        [
          13.812512402686933,
          19.994047545739022,
          577.8348087149948
        ],
        [
          0.023204282557360872,
          0.02141523527505111,
          1.0
        ]
      ]
    }
  ],
  "ingest_metadata": {
    "original_name": "2026_Robot_Reveal__Wasabi_frame_003186.png",
    "source": "unknown",
    "dhash": "d9140c89e6c4d2f1",
    "ingested_at": "2026-04-01T05:00:05.905299+00:00"
  }
}
