{
  "image_file": "f144a0b850d8_Half_Hollow_Hills_Invitational_Playoff_Match_4_2025_frame_00.png",
  "image_sha256": "f144a0b850d81d7ae2c26837e790d9ee9e56c094cd4aaf7542a8c7d22516a2a0",
  "image_width": 1920,
  "image_height": 1080,
  "detector_config": {
    "library": "pupil-apriltags",
    "library_version": "1.0.4.post11",
    "family": "tag36h11",
    "nthreads": 4,
    "quad_decimate": 1.0,
    "quad_sigma": 0.0,
    "refine_edges": true,
    "decode_sharpening": 0.25
  },
  "detected_at": "2026-04-01T16:05:48.674677+00:00",
  "num_detections": 2,
  "detections": [
    {
      "tag_id": 16,
      "tag_family": "tag36h11",
      "hamming": 0,
      "decision_margin": 47.212181091308594,
      "center": [
        1890.0166959243547,
        339.79900705826
      ],
      "corners": [
        [
          1878.3070068359373,
          359.2904357910156
        ],
        [
          1902.59716796875,
          356.7373046875
        ],
        [
          1902.1258544921877,
          319.6426391601562
        ],
        [
          1877.463134765625,
          322.8969421386719
        ]
      ],
      "homography": [
        [
          -4.624154919605191,
          15.167525538976633,
          1890.0166959243547
        ],
        [
          -4.480400980793664,
          21.036741733416477,
          339.79900705826
        ],
        [
          -0.00892092280283917,
          0.007850227723860008,
          1.0
        ]
      ]
    },
    {
      "tag_id": 18,
      "tag_family": "tag36h11",
      "hamming": 0,
      "decision_margin": 96.5490951538086,
      "center": [
        860.5456592332957,
        798.6636522618043
      ],
      "corners": [
        [
          814.46337890625,
          844.4395751953124
        ],
        [
          913.6072387695311,
          849.3546752929685
        ],
        [
          908.9165649414061,
          750.6143188476561
        ],
        [
          807.4026489257811,
          747.8948364257812
        ]
      ],
      "homography": [
        [
          40.05484697638212,
          13.707227163792487,
          860.5456592332957
        ],
        [
          -7.44733078445109,
          58.789583733270774,
          798.6636522618043
        ],
        [
          -0.011731763188041913,
          0.012498498141765086,
          1.0
        ]
      ]
    }
  ]
}
