{
  "image_file": "f2facbb32791_Byting_Bulldogs_2026_Reveal_Video_-_Frozone_-_FRC_3539_frame.png",
  "image_sha256": "f2facbb327918eaa2b1920063c5b7fdd383649d6ff5a5607487747020c888142",
  "image_width": 1920,
  "image_height": 1080,
  "detector_config": {
    "library": "pupil-apriltags",
    "library_version": "1.0.4.post11",
    "family": "tag36h11",
    "nthreads": 4,
    "quad_decimate": 1.0,
    "quad_sigma": 0.0,
    "refine_edges": true,
    "decode_sharpening": 0.25
  },
  "detected_at": "2026-04-01T04:26:25.514504+00:00",
  "num_detections": 3,
  "detections": [
    {
      "tag_id": 18,
      "tag_family": "tag36h11",
      "hamming": 1,
      "decision_margin": 27.69257164001465,
      "center": [
        1064.2069288718121,
        209.33518188994628
      ],
      "corners": [
        [
          1053.225219726562,
          226.64862060546872
        ],
        [
          1075.57958984375,
          223.57772827148438
        ],
        [
          1074.8643798828127,
          192.532958984375
        ],
        [
          1052.6931152343748,
          194.91586303710935
        ]
      ],
      "homography": [
        [
          22.385187500837674,
          -4.3788737425056725,
          1064.2069288718121
        ],
        [
          0.8521535578886397,
          14.769311719218365,
          209.33518188994628
        ],
        [
          0.010576149129327545,
          -0.004408634564126696,
          1.0
        ]
      ]
    },
    {
      "tag_id": 27,
      "tag_family": "tag36h11",
      "hamming": 2,
      "decision_margin": 28.907470703125,
      "center": [
        1014.408046264037,
        214.83282235618137
      ],
      "corners": [
        [
          1003.3952636718749,
          231.9152679443359
        ],
        [
          1025.79052734375,
          229.3854675292969
        ],
        [
          1025.5249023437502,
          197.58894348144534
        ],
        [
          1002.3387451171876,
          199.40206909179682
        ]
      ],
      "homography": [
        [
          23.85909286446076,
          17.565178304032433,
          1014.408046264037
        ],
        [
          1.5487086268116148,
          19.72182863171463,
          214.83282235618137
        ],
        [
          0.012291787986610129,
          0.016994688431311546,
          1.0
        ]
      ]
    },
    {
      "tag_id": 28,
      "tag_family": "tag36h11",
      "hamming": 0,
      "decision_margin": 52.714176177978516,
      "center": [
        1644.1397846186667,
        279.76944422539844
      ],
      "corners": [
        [
          1612.5656738281252,
          302.5150146484375
        ],
        [
          1667.642333984375,
          306.24697875976557
        ],
        [
          1679.0646972656248,
          254.61000061035153
        ],
        [
          1621.5585937500002,
          254.32989501953136
        ]
      ],
      "homography": [
        [
          -29.759944582501024,
          19.921093562120628,
          1644.1397846186667
        ],
        [
          -8.81711160724814,
          29.171808571604856,
          279.76944422539844
        ],
        [
          -0.035190937024465234,
          0.0151978007825779,
          1.0
        ]
      ]
    }
  ]
}
