{
  "image_file": "f3edf3dba63e_2025_WPI_District_Event_Qual_Match_15_POV_frame_011781.png",
  "image_sha256": "f3edf3dba63edca199cc90cc0962ef8d576dcb580315a0051eaa6e6609beb5a8",
  "image_width": 1920,
  "image_height": 1080,
  "detector_config": {
    "library": "pupil-apriltags",
    "library_version": "1.0.4.post11",
    "family": "tag36h11",
    "nthreads": 4,
    "quad_decimate": 1.0,
    "quad_sigma": 0.0,
    "refine_edges": true,
    "decode_sharpening": 0.25
  },
  "detected_at": "2026-04-01T14:56:03.295129+00:00",
  "num_detections": 4,
  "detections": [
    {
      "tag_id": 4,
      "tag_family": "tag36h11",
      "hamming": 0,
      "decision_margin": 42.21504211425781,
      "center": [
        1084.4672293832798,
        450.49367888037585
      ],
      "corners": [
        [
          1077.312255859375,
          456.8338317871093
        ],
        [
          1092.1552734374998,
          457.1262207031251
        ],
        [
          1092.0010986328127,
          443.8177795410157
        ],
        [
          1076.7877197265627,
          443.86849975585926
        ]
      ],
      "homography": [
        [
          -6.776282140522655,
          13.857795876783939,
          1084.4672293832798
        ],
        [
          -5.872706563346414,
          12.251382549676919,
          450.49367888037585
        ],
        [
          -0.013175074640300098,
          0.012619722912656334,
          1.0
        ]
      ]
    },
    {
      "tag_id": 5,
      "tag_family": "tag36h11",
      "hamming": 1,
      "decision_margin": 31.688589096069336,
      "center": [
        729.7127293285005,
        453.6593899052412
      ],
      "corners": [
        [
          724.818115234375,
          459.4588928222656
        ],
        [
          737.0244750976564,
          459.09555053710943
        ],
        [
          734.5902099609376,
          447.88018798828125
        ],
        [
          721.5988159179689,
          447.6268310546875
        ]
      ],
      "homography": [
        [
          25.9020269172978,
          19.73658566114705,
          729.7127293285005
        ],
        [
          12.158095425304849,
          17.152026808505525,
          453.6593899052412
        ],
        [
          0.026877733902103695,
          0.025124428989719838,
          1.0
        ]
      ]
    },
    {
      "tag_id": 7,
      "tag_family": "tag36h11",
      "hamming": 0,
      "decision_margin": 83.13832092285156,
      "center": [
        664.5342025221048,
        661.5541754897123
      ],
      "corners": [
        [
          652.5233154296875,
          673.5835571289062
        ],
        [
          677.8563842773438,
          675.8982543945312
        ],
        [
          676.662841796875,
          649.4068603515625
        ],
        [
          651.3294067382814,
          647.3364868164062
        ]
      ],
      "homography": [
        [
          9.575226251045137,
          0.7473363417242366,
          664.5342025221048
        ],
        [
          -1.9809927695583853,
          13.334117538977466,
          661.5541754897123
        ],
        [
          -0.004651568350821174,
          0.00022641394932144818,
          1.0
        ]
      ]
    },
    {
      "tag_id": 8,
      "tag_family": "tag36h11",
      "hamming": 0,
      "decision_margin": 75.09494018554688,
      "center": [
        812.2087047701758,
        656.2061990600048
      ],
      "corners": [
        [
          801.315673828125,
          670.9925537109375
        ],
        [
          823.3641967773439,
          666.9938354492186
        ],
        [
          822.8149414062499,
          641.8091430664064
        ],
        [
          800.9530639648436,
          645.3217163085939
        ]
      ],
      "homography": [
        [
          18.208613525980013,
          -3.3737477250552934,
          812.2087047701758
        ],
        [
          3.966368956457812,
          9.801867813917397,
          656.2061990600048
        ],
        [
          0.008904216008800927,
          -0.004435508469466694,
          1.0
        ]
      ]
    }
  ]
}
