{
  "image_file": "f46a47922ab8_2024_Ratchet_Rocker_Robot_-_Riot_frame_001980.png",
  "image_sha256": "f46a47922ab88a18fd84fdbbe4310c310bde0fd347e2dc2a8159c700a07d608c",
  "image_width": 1920,
  "image_height": 1080,
  "detector_config": {
    "library": "pupil-apriltags",
    "library_version": "1.0.4.post11",
    "family": "tag36h11",
    "nthreads": 4,
    "quad_decimate": 1.0,
    "quad_sigma": 0.0,
    "refine_edges": true,
    "decode_sharpening": 0.25
  },
  "detected_at": "2026-04-01T00:52:24.758976+00:00",
  "num_detections": 2,
  "detections": [
    {
      "tag_id": 5,
      "tag_family": "tag36h11",
      "hamming": 0,
      "decision_margin": 73.20571899414062,
      "center": [
        1503.4603132692225,
        445.86227394257605
      ],
      "corners": [
        [
          1487.9748535156248,
          462.579345703125
        ],
        [
          1520.7810058593752,
          460.6275329589843
        ],
        [
          1518.9377441406252,
          429.1538696289063
        ],
        [
          1486.2070312499998,
          431.15447998046875
        ]
      ],
      "homography": [
        [
          15.113426439272644,
          -0.7578750289396775,
          1503.4603132692225
        ],
        [
          -1.3649854570886664,
          15.232136421599193,
          445.86227394257605
        ],
        [
          -0.000845221173580513,
          -0.0011045277833011248,
          1.0
        ]
      ]
    },
    {
      "tag_id": 11,
      "tag_family": "tag36h11",
      "hamming": 0,
      "decision_margin": 39.37385940551758,
      "center": [
        864.3293126256634,
        318.7042394232785
      ],
      "corners": [
        [
          834.7587280273436,
          351.0260925292969
        ],
        [
          896.5862426757812,
          353.49136352539057
        ],
        [
          893.2340087890627,
          287.11022949218756
        ],
        [
          831.4252929687501,
          283.2192687988282
        ]
      ],
      "homography": [
        [
          40.11850857463742,
          1.0420921837784412,
          864.3293126256634
        ],
        [
          4.986490690581202,
          33.31102711293801,
          318.7042394232785
        ],
        [
          0.010659077541427493,
          -0.0007284425567484716,
          1.0
        ]
      ]
    }
  ]
}
