{
  "image_file": "f48b9d30f983_FRC_ROBOT_POV_-_Southern_Cross_2024_frame_017374.png",
  "image_sha256": "f48b9d30f983d36e29ae742606222796057c614035b93f1ff00d60265a1a68a3",
  "image_width": 1920,
  "image_height": 1080,
  "detector_config": {
    "library": "pupil-apriltags",
    "library_version": "1.0.4.post11",
    "family": "tag36h11",
    "nthreads": 4,
    "quad_decimate": 1.0,
    "quad_sigma": 0.0,
    "refine_edges": true,
    "decode_sharpening": 0.25
  },
  "detected_at": "2026-04-01T16:15:22.605018+00:00",
  "num_detections": 2,
  "detections": [
    {
      "tag_id": 7,
      "tag_family": "tag36h11",
      "hamming": 0,
      "decision_margin": 17.69301414489746,
      "center": [
        1045.2712961966372,
        524.4031064919259
      ],
      "corners": [
        [
          1014.7941894531253,
          554.5891113281249
        ],
        [
          1076.6412353515625,
          553.2145385742188
        ],
        [
          1074.519409179687,
          495.43435668945324
        ],
        [
          1014.6531982421877,
          496.282196044922
        ]
      ],
      "homography": [
        [
          34.835280960978935,
          -16.523720109597658,
          1045.2712961966372
        ],
        [
          1.6638159424370518,
          20.437781433066334,
          524.4031064919259
        ],
        [
          0.004224328074264349,
          -0.016353139301970902,
          1.0
        ]
      ]
    },
    {
      "tag_id": 8,
      "tag_family": "tag36h11",
      "hamming": 0,
      "decision_margin": 43.506256103515625,
      "center": [
        840.4951231887603,
        530.4593886935069
      ],
      "corners": [
        [
          810.330627441406,
          560.4199829101564
        ],
        [
          869.9283447265626,
          559.0103149414061
        ],
        [
          869.4185791015626,
          501.73144531249983
        ],
        [
          813.6285400390624,
          504.3981628417969
        ]
      ],
      "homography": [
        [
          18.479174531326752,
          -28.7049091278958,
          840.4951231887603
        ],
        [
          -7.561803681684297,
          10.628141809983047,
          530.4593886935069
        ],
        [
          -0.012292749038306799,
          -0.03329601281177061,
          1.0
        ]
      ]
    }
  ]
}
