{
  "image_file": "f4926e969ab7_2024_Season_FRC_Robot_Reveal_-_180_S_P_A_M__frame_000177.png",
  "image_sha256": "f4926e969ab72113c5066b1e58bd13e9ef5458e5cc314c47aba9d561236c72f3",
  "image_width": 1920,
  "image_height": 1080,
  "detector_config": {
    "library": "pupil-apriltags",
    "library_version": "1.0.4.post11",
    "family": "tag36h11",
    "nthreads": 4,
    "quad_decimate": 1.0,
    "quad_sigma": 0.0,
    "refine_edges": true,
    "decode_sharpening": 0.25
  },
  "detected_at": "2026-04-01T00:25:21.454324+00:00",
  "num_detections": 2,
  "detections": [
    {
      "tag_id": 2,
      "tag_family": "tag36h11",
      "hamming": 0,
      "decision_margin": 31.667699813842773,
      "center": [
        1169.0678417142817,
        264.19439647074705
      ],
      "corners": [
        [
          1156.0778808593755,
          286.9681701660156
        ],
        [
          1183.0120849609373,
          286.71331787109375
        ],
        [
          1182.6292724609368,
          240.41873168945318
        ],
        [
          1155.105712890625,
          241.6465911865234
        ]
      ],
      "homography": [
        [
          1.4049808771728733,
          13.297471056928316,
          1169.0678417142817
        ],
        [
          -3.1237780446578003,
          25.826457946865787,
          264.19439647074705
        ],
        [
          -0.0104411239277725,
          0.011082037657297563,
          1.0
        ]
      ]
    },
    {
      "tag_id": 3,
      "tag_family": "tag36h11",
      "hamming": 0,
      "decision_margin": 30.577362060546875,
      "center": [
        88.43636371274727,
        254.7057727341281
      ],
      "corners": [
        [
          68.39437103271484,
          277.19195556640625
        ],
        [
          109.94933319091795,
          275.7151184082031
        ],
        [
          108.43927001953125,
          232.2634429931641
        ],
        [
          66.77672576904298,
          233.55319213867185
        ]
      ],
      "homography": [
        [
          20.99762281125848,
          0.8888728667076461,
          88.43636371274727
        ],
        [
          -0.13480244214912587,
          22.08082337760422,
          254.7057727341281
        ],
        [
          0.0021866606258106216,
          0.001210596901407227,
          1.0
        ]
      ]
    }
  ]
}
