{
  "image_file": "f4c3cb4d121a_Robot_Reveal___TEMPO___FRC_7028_Binary_Battalion___2024_fram.png",
  "image_sha256": "f4c3cb4d121ad13162a55f3cfbf1c5e81100a99ed0c325573f291fe51d8f0820",
  "image_width": 1920,
  "image_height": 1080,
  "detector_config": {
    "library": "pupil-apriltags",
    "library_version": "1.0.4.post11",
    "family": "tag36h11",
    "nthreads": 4,
    "quad_decimate": 1.0,
    "quad_sigma": 0.0,
    "refine_edges": true,
    "decode_sharpening": 0.25
  },
  "detected_at": "2026-04-01T00:47:56.485868+00:00",
  "num_detections": 2,
  "detections": [
    {
      "tag_id": 7,
      "tag_family": "tag36h11",
      "hamming": 0,
      "decision_margin": 36.4383430480957,
      "center": [
        1101.1753943604479,
        281.9445979510378
      ],
      "corners": [
        [
          1078.8312988281252,
          304.9732971191407
        ],
        [
          1122.7744140625,
          304.1652526855469
        ],
        [
          1123.6806640624998,
          258.7497863769531
        ],
        [
          1080.306396484375,
          260.4749755859375
        ]
      ],
      "homography": [
        [
          10.382870359916526,
          -8.084253046762568,
          1101.1753943604479
        ],
        [
          -3.5662982904735854,
          20.558376655566803,
          281.9445979510378
        ],
        [
          -0.010391798931942257,
          -0.0067981210975533906,
          1.0
        ]
      ]
    },
    {
      "tag_id": 8,
      "tag_family": "tag36h11",
      "hamming": 0,
      "decision_margin": 34.22703170776367,
      "center": [
        950.9074761534176,
        284.13240465408956
      ],
      "corners": [
        [
          929.5073242187499,
          306.64880371093756
        ],
        [
          971.8341064453126,
          305.91317749023443
        ],
        [
          972.4396362304689,
          261.4771118164062
        ],
        [
          930.1715698242188,
          262.5501403808593
        ]
      ],
      "homography": [
        [
          17.50992285489724,
          -1.03218278661029,
          950.9074761534176
        ],
        [
          -1.5394636017117618,
          21.91981826403145,
          284.13240465408956
        ],
        [
          -0.0038263129111679554,
          -0.0007515159529379747,
          1.0
        ]
      ]
    }
  ],
  "ingest_metadata": {
    "original_name": "Robot_Reveal___TEMPO___FRC_7028_Binary_Battalion___2024_fram.png",
    "source": "unknown",
    "dhash": "73737158e92070b4",
    "ingested_at": "2026-04-01T00:47:56.475301+00:00"
  }
}
