{
  "image_file": "f5210a4e0fa8_WPI_District_Event_Qual_Match_10_POV_frame_001475.png",
  "image_sha256": "f5210a4e0fa805dbcd703c899a94211fea122295ee39e3e564afe3980296f282",
  "image_width": 1920,
  "image_height": 1080,
  "detector_config": {
    "library": "pupil-apriltags",
    "library_version": "1.0.4.post11",
    "family": "tag36h11",
    "nthreads": 4,
    "quad_decimate": 1.0,
    "quad_sigma": 0.0,
    "refine_edges": true,
    "decode_sharpening": 0.25
  },
  "detected_at": "2026-04-01T14:54:05.478177+00:00",
  "num_detections": 3,
  "detections": [
    {
      "tag_id": 15,
      "tag_family": "tag36h11",
      "hamming": 1,
      "decision_margin": 15.002035140991211,
      "center": [
        1061.8956516686778,
        464.4944853583414
      ],
      "corners": [
        [
          1054.4907226562498,
          471.1658935546875
        ],
        [
          1069.8441162109377,
          471.34039306640625
        ],
        [
          1069.12158203125,
          457.98434448242193
        ],
        [
          1054.5209960937495,
          458.14279174804693
        ]
      ],
      "homography": [
        [
          -5.9041825448518885,
          -26.21009097367255,
          1061.8956516686778
        ],
        [
          -5.855757260875861,
          -4.9487444867518215,
          464.4944853583414
        ],
        [
          -0.01260647222793806,
          -0.02484079457825262,
          1.0
        ]
      ]
    },
    {
      "tag_id": 17,
      "tag_family": "tag36h11",
      "hamming": 0,
      "decision_margin": 45.682228088378906,
      "center": [
        792.8297324961155,
        673.7821260292685
      ],
      "corners": [
        [
          781.9734497070312,
          688.7459716796875
        ],
        [
          803.9978637695312,
          684.4920043945312
        ],
        [
          803.481689453125,
          659.0999145507814
        ],
        [
          781.3031616210938,
          662.7285156250001
        ]
      ],
      "homography": [
        [
          21.075698307852576,
          2.790756657885143,
          792.8297324961155
        ],
        [
          6.549946021922436,
          14.970783252640217,
          673.7821260292685
        ],
        [
          0.012646931602063103,
          0.003147045303281038,
          1.0
        ]
      ]
    },
    {
      "tag_id": 18,
      "tag_family": "tag36h11",
      "hamming": 0,
      "decision_margin": 52.25006866455078,
      "center": [
        642.0542935986733,
        679.283229194781
      ],
      "corners": [
        [
          629.7522583007814,
          691.7584838867188
        ],
        [
          655.7393188476561,
          693.8418579101564
        ],
        [
          654.5034790039062,
          666.6587524414062
        ],
        [
          628.4631958007814,
          664.8245239257811
        ]
      ],
      "homography": [
        [
          9.992494851565539,
          1.4344410533576606,
          642.0542935986733
        ],
        [
          -2.2092715799781235,
          14.3786018946372,
          679.283229194781
        ],
        [
          -0.004694371716570778,
          0.0012507939423604196,
          1.0
        ]
      ]
    }
  ]
}
