{
  "image_file": "f56c13ad3119_FRC_2363_Triple_Helix_2026_Robot_Reveal_Video_frame_002419.png",
  "image_sha256": "f56c13ad311954735b860500423d4914b415d551af66c8d7ebe7cf73a67d85dd",
  "image_width": 1920,
  "image_height": 1080,
  "detector_config": {
    "library": "pupil-apriltags",
    "library_version": "1.0.4.post11",
    "family": "tag36h11",
    "nthreads": 4,
    "quad_decimate": 1.0,
    "quad_sigma": 0.0,
    "refine_edges": true,
    "decode_sharpening": 0.25
  },
  "detected_at": "2026-04-01T04:04:26.159369+00:00",
  "num_detections": 4,
  "detections": [
    {
      "tag_id": 23,
      "tag_family": "tag36h11",
      "hamming": 0,
      "decision_margin": 63.79127883911133,
      "center": [
        332.7109876038833,
        340.5142162320012
      ],
      "corners": [
        [
          313.9349365234375,
          360.1025695800781
        ],
        [
          357.4047241210937,
          359.76184082031244
        ],
        [
          351.3988342285156,
          321.01788330078125
        ],
        [
          307.65490722656256,
          320.9841613769531
        ]
      ],
      "homography": [
        [
          23.406002295749545,
          3.890827367195814,
          332.7109876038833
        ],
        [
          1.5636761370606653,
          20.30420923330746,
          340.5142162320012
        ],
        [
          0.0048188529655413285,
          0.0024644675113670756,
          1.0
        ]
      ]
    },
    {
      "tag_id": 25,
      "tag_family": "tag36h11",
      "hamming": 0,
      "decision_margin": 61.071556091308594,
      "center": [
        1043.9630913827468,
        265.82531628603084
      ],
      "corners": [
        [
          1027.7272949218748,
          285.01611328124994
        ],
        [
          1060.3250732421875,
          283.98306274414074
        ],
        [
          1060.358276367188,
          246.44612121582037
        ],
        [
          1027.0989990234375,
          247.1103515624999
        ]
      ],
      "homography": [
        [
          21.800668286774226,
          10.584884369614432,
          1043.9630913827468
        ],
        [
          0.9331509921035464,
          21.516130982657785,
          265.82531628603084
        ],
        [
          0.005113682674554845,
          0.00999825912641783,
          1.0
        ]
      ]
    },
    {
      "tag_id": 26,
      "tag_family": "tag36h11",
      "hamming": 0,
      "decision_margin": 62.22483444213867,
      "center": [
        1116.4911122298965,
        263.9996654201792
      ],
      "corners": [
        [
          1100.3015136718748,
          283.231201171875
        ],
        [
          1132.1002197265625,
          281.70709228515636
        ],
        [
          1131.9954833984375,
          245.58210754394534
        ],
        [
          1100.5588378906248,
          245.92562866210932
        ]
      ],
      "homography": [
        [
          33.59331668040636,
          -6.384931275585127,
          1116.4911122298965
        ],
        [
          3.742849604141211,
          16.850893149815306,
          263.9996654201792
        ],
        [
          0.015932961799164553,
          -0.005687156961359017,
          1.0
        ]
      ]
    },
    {
      "tag_id": 28,
      "tag_family": "tag36h11",
      "hamming": 0,
      "decision_margin": 47.11274719238281,
      "center": [
        1562.2897841515044,
        301.90177331654576
      ],
      "corners": [
        [
          1550.2557373046875,
          315.2632751464843
        ],
        [
          1570.43212890625,
          315.1183166503907
        ],
        [
          1574.342895507812,
          288.5191040039063
        ],
        [
          1554.0509033203123,
          288.5285339355469
        ]
      ],
      "homography": [
        [
          14.102048260814627,
          3.2949981799997676,
          1562.2897841515044
        ],
        [
          0.7312691100859734,
          14.342295589239143,
          301.90177331654576
        ],
        [
          0.0025508060990197413,
          0.003342286328039948,
          1.0
        ]
      ]
    }
  ],
  "ingest_metadata": {
    "original_name": "FRC_2363_Triple_Helix_2026_Robot_Reveal_Video_frame_002419.png",
    "source": "unknown",
    "dhash": "cbcc92aaeecf8794",
    "ingested_at": "2026-04-01T04:04:26.155300+00:00"
  }
}
