{
  "image_file": "f5e699df4561_Sandy_Robot_Reveal___FRC_Cypher_4661_Rebuilt_2026_frame_0039.png",
  "image_sha256": "f5e699df4561bc1d0085c2b17277272c027e9657c940a2255a81aaabce21aba8",
  "image_width": 1920,
  "image_height": 1080,
  "detector_config": {
    "library": "pupil-apriltags",
    "library_version": "1.0.4.post11",
    "family": "tag36h11",
    "nthreads": 4,
    "quad_decimate": 1.0,
    "quad_sigma": 0.0,
    "refine_edges": true,
    "decode_sharpening": 0.25
  },
  "detected_at": "2026-04-01T04:34:12.210582+00:00",
  "num_detections": 2,
  "detections": [
    {
      "tag_id": 20,
      "tag_family": "tag36h11",
      "hamming": 0,
      "decision_margin": 36.43132019042969,
      "center": [
        1326.907687692099,
        292.99251604299536
      ],
      "corners": [
        [
          1310.3920898437502,
          324.42510986328125
        ],
        [
          1340.0697021484375,
          325.30517578125
        ],
        [
          1345.3909912109375,
          257.8149719238282
        ],
        [
          1313.1828613281252,
          259.2981567382813
        ]
      ],
      "homography": [
        [
          -7.971995843148313,
          49.18517445338671,
          1326.907687692099
        ],
        [
          -5.275125306102046,
          44.39727329061981,
          292.99251604299536
        ],
        [
          -0.017644655521105414,
          0.03857727127156046,
          1.0
        ]
      ]
    },
    {
      "tag_id": 21,
      "tag_family": "tag36h11",
      "hamming": 0,
      "decision_margin": 15.381511688232422,
      "center": [
        1691.3150849787203,
        293.34133533843175
      ],
      "corners": [
        [
          1659.0391845703125,
          329.5741882324219
        ],
        [
          1719.4597167968752,
          330.1434020996095
        ],
        [
          1723.5549316406248,
          257.1489562988281
        ],
        [
          1663.0311279296875,
          256.3570861816405
        ]
      ],
      "homography": [
        [
          32.79655125142631,
          -0.4064806080668819,
          1691.3150849787203
        ],
        [
          0.7842668940214662,
          36.83294174193645,
          293.34133533843175
        ],
        [
          0.001513945170363194,
          0.0009551087910249763,
          1.0
        ]
      ]
    }
  ]
}
