{
  "image_file": "f60fa71b9a28_FRC_1778_Chill_Out___2025_SubZero_Robot_POV___Finals_1_PNW_D.png",
  "image_sha256": "f60fa71b9a285cc5f7cf21d634685b39bd0264f686ba093231fa2787ae616b88",
  "image_width": 1920,
  "image_height": 1080,
  "detector_config": {
    "library": "pupil-apriltags",
    "library_version": "1.0.4.post11",
    "family": "tag36h11",
    "nthreads": 4,
    "quad_decimate": 1.0,
    "quad_sigma": 0.0,
    "refine_edges": true,
    "decode_sharpening": 0.25
  },
  "detected_at": "2026-04-01T15:54:25.396564+00:00",
  "num_detections": 2,
  "detections": [
    {
      "tag_id": 13,
      "tag_family": "tag36h11",
      "hamming": 0,
      "decision_margin": 61.06221008300781,
      "center": [
        59.07609200473582,
        484.3198379095346
      ],
      "corners": [
        [
          46.948558807373054,
          502.41162109374994
        ],
        [
          82.25418090820312,
          493.2828979492188
        ],
        [
          70.55751037597656,
          467.1919250488282
        ],
        [
          34.92330551147461,
          474.97985839843744
        ]
      ],
      "homography": [
        [
          19.14218161327063,
          5.72979000860587,
          59.07609200473582
        ],
        [
          7.389634306584297,
          11.731734610498963,
          484.3198379095346
        ],
        [
          0.023980319149196766,
          -0.0033870471755861453,
          1.0
        ]
      ]
    },
    {
      "tag_id": 16,
      "tag_family": "tag36h11",
      "hamming": 0,
      "decision_margin": 44.8443603515625,
      "center": [
        1487.4701429652107,
        413.2820629979004
      ],
      "corners": [
        [
          1474.7767333984373,
          423.35913085937494
        ],
        [
          1494.0870361328123,
          426.23382568359375
        ],
        [
          1501.2434082031252,
          402.34771728515625
        ],
        [
          1481.5404052734377,
          401.6753234863282
        ]
      ],
      "homography": [
        [
          -61.3448958376805,
          -13.866559955519968,
          1487.4701429652107
        ],
        [
          -18.871315746925404,
          8.479050016971312,
          413.2820629979004
        ],
        [
          -0.047784353421076765,
          -0.006983773857907454,
          1.0
        ]
      ]
    }
  ]
}
