{
  "image_file": "f61d9c964f87_33369213973_9d9bb4cc96_c.png",
  "image_sha256": "f61d9c964f876ba398480ab95b0e67f6df83637bb97c5113f4934e8225adf77e",
  "image_width": 799,
  "image_height": 533,
  "detector_config": {
    "library": "pupil-apriltags",
    "library_version": "1.0.4.post11",
    "family": "tag36h11",
    "nthreads": 4,
    "quad_decimate": 1.0,
    "quad_sigma": 0.0,
    "refine_edges": true,
    "decode_sharpening": 0.25
  },
  "detected_at": "2026-03-24T14:26:21.085815+00:00",
  "num_detections": 12,
  "detections": [
    {
      "tag_id": 0,
      "tag_family": "tag36h11",
      "hamming": 0,
      "decision_margin": 81.8386001586914,
      "center": [
        655.1308209753197,
        444.2396314467965
      ],
      "corners": [
        [
          640.0341186523436,
          425.9952697753905
        ],
        [
          640.9092407226565,
          458.5465393066406
        ],
        [
          670.1919555664062,
          462.44100952148443
        ],
        [
          669.6218261718748,
          429.66168212890625
        ]
      ],
      "homography": [
        [
          3.821975063694142,
          -12.029574564717905,
          655.1308209753197
        ],
        [
          18.678230109516562,
          -0.06854443668350653,
          444.2396314467965
        ],
        [
          0.0052814499570924016,
          0.004102063915883538,
          1.0
        ]
      ]
    },
    {
      "tag_id": 0,
      "tag_family": "tag36h11",
      "hamming": 0,
      "decision_margin": 61.15192413330078,
      "center": [
        636.1971918126128,
        388.56390392669033
      ],
      "corners": [
        [
          620.9067993164061,
          374.6372375488281
        ],
        [
          620.9558715820312,
          405.00909423828125
        ],
        [
          652.2430419921875,
          403.1786499023437
        ],
        [
          650.5518798828123,
          373.0753784179687
        ]
      ],
      "homography": [
        [
          -16.76115450367865,
          -17.08265564133126,
          636.1971918126128
        ],
        [
          4.603433266767411,
          -0.29143620709680734,
          388.56390392669033
        ],
        [
          -0.027032971141072747,
          -0.0029248580151830642,
          1.0
        ]
      ]
    },
    {
      "tag_id": 0,
      "tag_family": "tag36h11",
      "hamming": 0,
      "decision_margin": 77.31452178955078,
      "center": [
        743.792496121822,
        445.3353132374052
      ],
      "corners": [
        [
          760.9833374023438,
          428.818115234375
        ],
        [
          726.649475097656,
          428.68527221679676
        ],
        [
          727.1038818359375,
          461.36996459960943
        ],
        [
          761.2985229492188,
          462.3379211425782
        ]
      ],
      "homography": [
        [
          -7.720121128828964,
          -1.810050690786511,
          743.792496121822
        ],
        [
          5.357557246251702,
          -17.516414490584054,
          445.3353132374052
        ],
        [
          0.012650292599462588,
          -0.0021736467537784854,
          1.0
        ]
      ]
    },
    {
      "tag_id": 0,
      "tag_family": "tag36h11",
      "hamming": 0,
      "decision_margin": 74.35041809082031,
      "center": [
        264.9676283584131,
        342.2922248324655
      ],
      "corners": [
        [
          277.9208068847656,
          327.6653442382813
        ],
        [
          250.35227966308594,
          329.8064880371094
        ],
        [
          251.6982574462891,
          357.2761535644532
        ],
        [
          279.7583312988281,
          354.92776489257807
        ]
      ],
      "homography": [
        [
          -14.713402154545008,
          1.5909548371434994,
          264.9676283584131
        ],
        [
          0.07842347394432636,
          -10.597457345316514,
          342.2922248324655
        ],
        [
          -0.0030474155421604393,
          0.009010618193778904,
          1.0
        ]
      ]
    },
    {
      "tag_id": 0,
      "tag_family": "tag36h11",
      "hamming": 0,
      "decision_margin": 63.22314453125,
      "center": [
        435.7571797804251,
        350.98525571267174
      ],
      "corners": [
        [
          448.3893127441408,
          335.5701904296875
        ],
        [
          422.3058776855469,
          338.4395446777344
        ],
        [
          422.9404296874999,
          366.6256103515625
        ],
        [
          449.24346923828125,
          363.5635986328125
        ]
      ],
      "homography": [
        [
          -14.393870011660624,
          1.4910716314299748,
          435.7571797804251
        ],
        [
          0.4372797572252125,
          -12.543415220880604,
          350.98525571267174
        ],
        [
          -0.00297779957090477,
          0.004276629977087194,
          1.0
        ]
      ]
    },
    {
      "tag_id": 0,
      "tag_family": "tag36h11",
      "hamming": 1,
      "decision_margin": 52.6644401550293,
      "center": [
        457.38726181148974,
        341.127369270847
      ],
      "corners": [
        [
          451.8466491699218,
          324.7767028808594
        ],
        [
          453.11050415039057,
          352.26605224609375
        ],
        [
          462.9038696289063,
          357.40719604492193
        ],
        [
          461.75830078125,
          329.7431335449219
        ]
      ],
      "homography": [
        [
          3.5923835577920618,
          -2.929171753495893,
          457.38726181148974
        ],
        [
          16.01747785733636,
          -1.0382669626276282,
          341.127369270847
        ],
        [
          0.006536657023099881,
          0.004365693331055012,
          1.0
        ]
      ]
    },
    {
      "tag_id": 0,
      "tag_family": "tag36h11",
      "hamming": 0,
      "decision_margin": 73.59551239013672,
      "center": [
        530.1111445190389,
        376.6480655420772
      ],
      "corners": [
        [
          535.8924560546876,
          364.8353881835938
        ],
        [
          523.3909301757812,
          359.2261962890625
        ],
        [
          524.383850097656,
          388.35037231445307
        ],
        [
          537.091552734375,
          394.7444763183594
        ]
      ],
      "homography": [
        [
          -0.02316229194184416,
          3.242869448654801,
          530.1111445190389
        ],
        [
          1.4627073075733392,
          -12.062371615907125,
          376.6480655420772
        ],
        [
          0.011842509173710405,
          0.00714888125147778,
          1.0
        ]
      ]
    },
    {
      "tag_id": 0,
      "tag_family": "tag36h11",
      "hamming": 0,
      "decision_margin": 98.5656967163086,
      "center": [
        341.5751759913226,
        359.7591101492503
      ],
      "corners": [
        [
          352.9369201660156,
          346.8827209472657
        ],
        [
          329.3563537597657,
          344.7256469726562
        ],
        [
          330.02108764648443,
          372.8534851074219
        ],
        [
          354.27221679687494,
          375.3809509277344
        ]
      ],
      "homography": [
        [
          -10.11074835821006,
          4.213373856428575,
          341.5751759913226
        ],
        [
          0.7738998529590049,
          -9.190927264539255,
          359.7591101492503
        ],
        [
          0.00539991602866648,
          0.013793421696909423,
          1.0
        ]
      ]
    },
    {
      "tag_id": 0,
      "tag_family": "tag36h11",
      "hamming": 0,
      "decision_margin": 64.08594512939453,
      "center": [
        558.035529816029,
        378.2950848946424
      ],