{
  "image_file": "f64bdac586bd_PC000001_MOV-0177_jpg_rf_70755f3db51a36be60f3a377e374058f.png",
  "image_sha256": "f64bdac586bd930388e4f47909c4441d417e73c2963f08d88e62ccc6c0223309",
  "image_width": 640,
  "image_height": 360,
  "detector_config": {
    "library": "pupil-apriltags",
    "library_version": "1.0.4.post11",
    "family": "tag36h11",
    "nthreads": 4,
    "quad_decimate": 1.0,
    "quad_sigma": 0.0,
    "refine_edges": true,
    "decode_sharpening": 0.25
  },
  "detected_at": "2026-03-24T14:12:38.517470+00:00",
  "num_detections": 3,
  "detections": [
    {
      "tag_id": 2,
      "tag_family": "tag36h11",
      "hamming": 0,
      "decision_margin": 74.29937744140625,
      "center": [
        122.69813207901856,
        151.1445737266379
      ],
      "corners": [
        [
          114.82384490966797,
          161.61924743652344
        ],
        [
          129.91554260253903,
          161.95675659179688
        ],
        [
          130.45416259765622,
          140.82720947265625
        ],
        [
          114.57146453857423,
          138.9702606201172
        ]
      ],
      "homography": [
        [
          11.8294764994005,
          3.0864492575796603,
          122.69813207901856
        ],
        [
          5.57875241031965,
          14.830639016698512,
          151.1445737266379
        ],
        [
          0.03341184843722549,
          0.025845997692951175,
          1.0
        ]
      ]
    },
    {
      "tag_id": 11,
      "tag_family": "tag36h11",
      "hamming": 0,
      "decision_margin": 76.30760192871094,
      "center": [
        86.20609684340957,
        148.15870364653802
      ],
      "corners": [
        [
          77.01036834716797,
          159.76535034179688
        ],
        [
          94.91318511962889,
          160.4264984130859
        ],
        [
          95.00997161865233,
          137.04664611816406
        ],
        [
          76.84066009521484,
          134.96333312988284
        ]
      ],
      "homography": [
        [
          11.51842668780857,
          0.6461723850157185,
          86.20609684340957
        ],
        [
          4.991649810976439,
          13.120183901537246,
          148.15870364653802
        ],
        [
          0.029099135501727068,
          0.007329004511139381,
          1.0
        ]
      ]
    },
    {
      "tag_id": 12,
      "tag_family": "tag36h11",
      "hamming": 0,
      "decision_margin": 82.77828979492188,
      "center": [
        524.77422962716,
        180.87725341095117
      ],
      "corners": [
        [
          509.23846435546886,
          195.11520385742188
        ],
        [
          540.8934936523436,
          195.15715026855466
        ],
        [
          540.8438720703124,
          166.1500244140625
        ],
        [
          508.80627441406256,
          166.73139953613284
        ]
      ],
      "homography": [
        [
          10.25119313276457,
          3.317461835837095,
          524.77422962716
        ],
        [
          -2.0871019830526354,
          15.44672599438735,
          180.87725341095117
        ],
        [
          -0.010803752074639201,
          0.006088204399330357,
          1.0
        ]
      ]
    }
  ],
  "ingest_metadata": {
    "original_name": "PC000001_MOV-0177_jpg_rf_70755f3db51a36be60f3a377e374058f.png",
    "source": "unknown",
    "dhash": "4a3233929a9ac2e2",
    "ingested_at": "2026-03-24T14:12:38.499506+00:00"
  }
}
