{
  "image_file": "f67f852a58fd_Robot_Reveal_frame_048240.png",
  "image_sha256": "f67f852a58fdc6d284308bdfc9a1a7e73e2b70f7592b1f3db33a6874ea2525c5",
  "image_width": 1920,
  "image_height": 1080,
  "detector_config": {
    "library": "pupil-apriltags",
    "library_version": "1.0.4.post11",
    "family": "tag36h11",
    "nthreads": 4,
    "quad_decimate": 1.0,
    "quad_sigma": 0.0,
    "refine_edges": true,
    "decode_sharpening": 0.25
  },
  "detected_at": "2026-04-01T04:20:56.827734+00:00",
  "num_detections": 2,
  "detections": [
    {
      "tag_id": 21,
      "tag_family": "tag36h11",
      "hamming": 0,
      "decision_margin": 89.33766174316406,
      "center": [
        1261.2704677991765,
        410.8882911784508
      ],
      "corners": [
        [
          1243.9244384765627,
          428.2722473144532
        ],
        [
          1278.7545166015625,
          427.98281860351557
        ],
        [
          1278.650390625,
          393.47036743164057
        ],
        [
          1244.0106201171877,
          394.01296997070324
        ]
      ],
      "homography": [
        [
          12.682107931107566,
          -3.4498162528520866,
          1261.2704677991765
        ],
        [
          -1.7345961224063464,
          16.067365738159367,
          410.8882911784508
        ],
        [
          -0.00371449612593148,
          -0.0027384680802560696,
          1.0
        ]
      ]
    },
    {
      "tag_id": 24,
      "tag_family": "tag36h11",
      "hamming": 0,
      "decision_margin": 89.13465881347656,
      "center": [
        1337.3579733642246,
        407.62270156779925
      ],
      "corners": [
        [
          1319.73095703125,
          424.8266906738281
        ],
        [
          1354.6259765624998,
          424.9730224609374
        ],
        [
          1355.1102294921873,
          390.2964782714844
        ],
        [
          1320.043701171875,
          390.2258911132814
        ]
      ],
      "homography": [
        [
          16.01784258236762,
          3.0625682893316952,
          1337.3579733642246
        ],
        [
          -0.3944662529511924,
          18.3133753617538,
          407.62270156779925
        ],
        [
          -0.0011009902351164702,
          0.002438929788012954,
          1.0
        ]
      ]
    }
  ]
}
