{
  "image_file": "f6880035f400_dji_mimo_20260216_125718_20260216135719_1771268187552_video_.png",
  "image_sha256": "f6880035f40040f1785d8a7044061d3ce803d553e977f84e12d2ca86c91b8b07",
  "image_width": 640,
  "image_height": 360,
  "detector_config": {
    "library": "pupil-apriltags",
    "library_version": "1.0.4.post11",
    "family": "tag36h11",
    "nthreads": 4,
    "quad_decimate": 1.0,
    "quad_sigma": 0.0,
    "refine_edges": true,
    "decode_sharpening": 0.25
  },
  "detected_at": "2026-03-24T14:14:48.492790+00:00",
  "num_detections": 2,
  "detections": [
    {
      "tag_id": 29,
      "tag_family": "tag36h11",
      "hamming": 0,
      "decision_margin": 39.432960510253906,
      "center": [
        318.54795668813176,
        159.97393555000627
      ],
      "corners": [
        [
          313.9002380371094,
          166.290283203125
        ],
        [
          323.2669372558594,
          165.2727813720703
        ],
        [
          323.2695617675782,
          153.5571746826172
        ],
        [
          313.7367248535157,
          154.57150268554688
        ]
      ],
      "homography": [
        [
          5.010233758924983,
          2.837930424655099,
          318.54795668813176
        ],
        [
          -0.3645230323384121,
          7.263188755583769,
          159.97393555000627
        ],
        [
          0.0008969407333790923,
          0.00878293448805688,
          1.0
        ]
      ]
    },
    {
      "tag_id": 30,
      "tag_family": "tag36h11",
      "hamming": 0,
      "decision_margin": 47.945526123046875,
      "center": [
        344.37143011499086,
        158.40785152755558
      ],
      "corners": [
        [
          338.88528442382807,
          165.02001953125
        ],
        [
          350.21078491210943,
          164.04675292968753
        ],
        [
          349.88961791992193,
          151.75706481933597
        ],
        [
          338.5079956054687,
          152.74569702148438
        ]
      ],
      "homography": [
        [
          5.529669497698819,
          1.0302806002803215,
          344.37143011499086
        ],
        [
          -0.5581119922773049,
          6.534556737948009,
          158.40785152755558
        ],
        [
          -0.00042708389447192814,
          0.0024846884340963635,
          1.0
        ]
      ]
    }
  ]
}
