{
  "image_file": "f6c9170a5870_2024_FIRST_Robotics_Competition_KitBot_Overview_frame_004189.png",
  "image_sha256": "f6c9170a5870897902dfe3c37b649c59ff9ce33024cb23cac0cd77e910ba5110",
  "image_width": 1920,
  "image_height": 1080,
  "detector_config": {
    "library": "pupil-apriltags",
    "library_version": "1.0.4.post11",
    "family": "tag36h11",
    "nthreads": 4,
    "quad_decimate": 1.0,
    "quad_sigma": 0.0,
    "refine_edges": true,
    "decode_sharpening": 0.25
  },
  "detected_at": "2026-04-01T00:14:25.927491+00:00",
  "num_detections": 3,
  "detections": [
    {
      "tag_id": 1,
      "tag_family": "tag36h11",
      "hamming": 0,
      "decision_margin": 39.21866989135742,
      "center": [
        1606.319528534423,
        420.11866646483014
      ],
      "corners": [
        [
          1599.8205566406252,
          428.261962890625
        ],
        [
          1612.0230712890625,
          429.00503540039057
        ],
        [
          1613.0079345703123,
          411.7380065917969
        ],
        [
          1600.6464843749998,
          411.2798156738281
        ]
      ],
      "homography": [
        [
          -7.55007244148078,
          8.93206959528902,
          1606.319528534423
        ],
        [
          -3.279456913578487,
          11.01574006160331,
          420.11866646483014
        ],
        [
          -0.008522814217638638,
          0.0058419930322596665,
          1.0
        ]
      ]
    },
    {
      "tag_id": 2,
      "tag_family": "tag36h11",
      "hamming": 0,
      "decision_margin": 37.84774398803711,
      "center": [
        1517.4081492684095,
        417.7980303283343
      ],
      "corners": [
        [
          1512.0189208984377,
          425.0542907714844
        ],
        [
          1521.9318847656248,
          425.4225158691406
        ],
        [
          1523.5791015624998,
          409.4892272949219
        ],
        [
          1512.3572998046875,
          409.2851257324218
        ]
      ],
      "homography": [
        [
          -4.272677513089559,
          92.58401903233653,
          1517.4081492684095
        ],
        [
          -2.4769342642554233,
          33.52239843712084,
          417.7980303283343
        ],
        [
          -0.006284333325640872,
          0.06133778667709272,
          1.0
        ]
      ]
    },
    {
      "tag_id": 16,
      "tag_family": "tag36h11",
      "hamming": 0,
      "decision_margin": 88.79875946044922,
      "center": [
        1210.7594185484381,
        442.69166276129283
      ],
      "corners": [
        [
          1197.7159423828125,
          466.47796630859375
        ],
        [
          1221.500732421875,
          465.0107421875
        ],
        [
          1223.467529296875,
          419.5169372558593
        ],
        [
          1199.37841796875,
          419.04339599609375
        ]
      ],
      "homography": [
        [
          37.35177908565879,
          8.710331888917159,
          1210.7594185484381
        ],
        [
          9.026984702731962,
          26.738300393847396,
          442.69166276129283
        ],
        [
          0.020969500223372226,
          0.00794640311064243,
          1.0
        ]
      ]
    }
  ]
}
