{
  "image_file": "f70d5e7c6941_IMG_2649_JPEG_rf_7b9e8701aebd59652322447c23e7749f.png",
  "image_sha256": "f70d5e7c6941ef857e76cc3c1dc183ce77439504b2ecbb8326adb97df6d49bcd",
  "image_width": 640,
  "image_height": 640,
  "detector_config": {
    "library": "pupil-apriltags",
    "library_version": "1.0.4.post11",
    "family": "tag36h11",
    "nthreads": 4,
    "quad_decimate": 1.0,
    "quad_sigma": 0.0,
    "refine_edges": true,
    "decode_sharpening": 0.25
  },
  "detected_at": "2026-03-24T14:17:55.275431+00:00",
  "num_detections": 3,
  "detections": [
    {
      "tag_id": 0,
      "tag_family": "tag36h11",
      "hamming": 0,
      "decision_margin": 95.87458801269531,
      "center": [
        338.67510782382243,
        106.04330701517544
      ],
      "corners": [
        [
          353.8102722167969,
          73.96463012695311
        ],
        [
          313.42031860351557,
          84.27269744873045
        ],
        [
          323.36712646484375,
          138.48826599121094
        ],
        [
          363.6583251953125,
          127.57981109619138
        ]
      ],
      "homography": [
        [
          -22.046345196247614,
          -4.902701841084138,
          338.67510782382243
        ],
        [
          4.716319039510722,
          -26.942481956965167,
          106.04330701517544
        ],
        [
          -0.005541208474784797,
          0.00013550336742649158,
          1.0
        ]
      ]
    },
    {
      "tag_id": 1,
      "tag_family": "tag36h11",
      "hamming": 0,
      "decision_margin": 91.61341094970703,
      "center": [
        170.95310423804722,
        457.47444081268384
      ],
      "corners": [
        [
          189.51773071289057,
          419.4176635742188
        ],
        [
          142.7312469482422,
          434.9229736328125
        ],
        [
          151.956771850586,
          496.41619873046875
        ],
        [
          199.30874633789062,
          480.13281250000006
        ]
      ],
      "homography": [
        [
          -24.31359721823489,
          -3.570753589920912,
          170.95310423804722
        ],
        [
          5.856587768838494,
          -27.37962336307072,
          457.47444081268384
        ],
        [
          -0.004564422487607724,
          0.006929051739194253,
          1.0
        ]
      ]
    },
    {
      "tag_id": 2,
      "tag_family": "tag36h11",
      "hamming": 0,
      "decision_margin": 86.64605712890625,
      "center": [
        583.3609113931745,
        315.1995991128278
      ],
      "corners": [
        [
          593.7832031250002,
          284.3369445800781
        ],
        [
          558.9535522460938,
          295.9151916503906
        ],
        [
          572.6797485351561,
          346.8288269042969
        ],
        [
          607.4400024414062,
          334.2246398925781
        ]
      ],
      "homography": [
        [
          -22.948868320217343,
          -5.2427773481821305,
          583.3609113931745
        ],
        [
          3.043458059948591,
          -24.33130188434484,
          315.1995991128278
        ],
        [
          -0.009518535630660336,
          0.0027482297508390004,
          1.0
        ]
      ]
    }
  ],
  "ingest_metadata": {
    "original_name": "IMG_2649_JPEG_rf_7b9e8701aebd59652322447c23e7749f.png",
    "source": "unknown",
    "dhash": "ea7a32e6cc59471c",
    "ingested_at": "2026-03-24T14:17:55.264402+00:00"
  }
}
