{
  "image_file": "f7599f153130_2026_Robot_Reveal-_FRC_9406_Tech_Junior_frame_001500.png",
  "image_sha256": "f7599f15313081152f16154c23644b38ef639821b5c6711b974a54eb4ffda01a",
  "image_width": 1920,
  "image_height": 1080,
  "detector_config": {
    "library": "pupil-apriltags",
    "library_version": "1.0.4.post11",
    "family": "tag36h11",
    "nthreads": 4,
    "quad_decimate": 1.0,
    "quad_sigma": 0.0,
    "refine_edges": true,
    "decode_sharpening": 0.25
  },
  "detected_at": "2026-04-01T03:36:02.681723+00:00",
  "num_detections": 2,
  "detections": [
    {
      "tag_id": 18,
      "tag_family": "tag36h11",
      "hamming": 0,
      "decision_margin": 44.994239807128906,
      "center": [
        446.0185672913208,
        319.5044291439839
      ],
      "corners": [
        [
          427.738525390625,
          366.86587524414057
        ],
        [
          467.56018066406256,
          370.38024902343744
        ],
        [
          463.2441711425781,
          274.8749084472656
        ],
        [
          422.8955383300781,
          264.8937072753907
        ]
      ],
      "homography": [
        [
          34.53958378689276,
          3.5566669819227217,
          446.0185672913208
        ],
        [
          13.761655160761785,
          50.22800754538861,
          319.5044291439839
        ],
        [
          0.032552094267008974,
          0.002854336991875488,
          1.0
        ]
      ]
    },
    {
      "tag_id": 27,
      "tag_family": "tag36h11",
      "hamming": 0,
      "decision_margin": 47.8123664855957,
      "center": [
        344.9173938149263,
        299.7020425901694
      ],
      "corners": [
        [
          320.5565490722656,
          353.0239562988282
        ],
        [
          373.2110900878906,
          359.12991333007807
        ],
        [
          368.0415649414063,
          249.0870056152343
        ],
        [
          314.1605529785157,
          235.10060119628906
        ]
      ],
      "homography": [
        [
          38.285250413918334,
          5.576007350741809,
          344.9173938149263
        ],
        [
          15.140059635527386,
          59.268011740854206,
          299.7020425901694
        ],
        [
          0.03387796660851811,
          0.007834517037210834,
          1.0
        ]
      ]
    }
  ]
}
