{
  "image_file": "f7c4166cb50f_FRC_5660_Symmetrical_Chaos_2026_frame_001062.png",
  "image_sha256": "f7c4166cb50fd8d85928f8178fd4fa057be7cdb9df4171aa1287d8a1f314ad5c",
  "image_width": 1920,
  "image_height": 1080,
  "detector_config": {
    "library": "pupil-apriltags",
    "library_version": "1.0.4.post11",
    "family": "tag36h11",
    "nthreads": 4,
    "quad_decimate": 1.0,
    "quad_sigma": 0.0,
    "refine_edges": true,
    "decode_sharpening": 0.25
  },
  "detected_at": "2026-04-01T04:44:40.943185+00:00",
  "num_detections": 7,
  "detections": [
    {
      "tag_id": 5,
      "tag_family": "tag36h11",
      "hamming": 0,
      "decision_margin": 54.315025329589844,
      "center": [
        661.114359152846,
        562.2745834688583
      ],
      "corners": [
        [
          654.1880493164061,
          594.2595825195312
        ],
        [
          667.9736328125001,
          591.7748413085939
        ],
        [
          668.5045166015626,
          528.1475830078125
        ],
        [
          654.2572631835938,
          532.7836914062499
        ]
      ],
      "homography": [
        [
          -3.7579449011470856,
          10.511167192382231,
          661.114359152846
        ],
        [
          -10.916229618245671,
          40.322533851680305,
          562.2745834688583
        ],
        [
          -0.016279175874160216,
          0.01612041007382102,
          1.0
        ]
      ]
    },
    {
      "tag_id": 8,
      "tag_family": "tag36h11",
      "hamming": 0,
      "decision_margin": 68.11136627197266,
      "center": [
        694.7548588421979,
        552.7536180532188
      ],
      "corners": [
        [
          686.0375976562501,
          588.6089477539062
        ],
        [
          702.9781494140624,
          585.4241333007812
        ],
        [
          703.6422729492186,
          516.1984252929689
        ],
        [
          687.047119140625,
          522.13134765625
        ]
      ],
      "homography": [
        [
          -6.219761541765137,
          -8.30632382162969,
          694.7548588421979
        ],
        [
          -13.909502518457433,
          27.634857520095352,
          552.7536180532188
        ],
        [
          -0.021013319469600156,
          -0.011348107346042868,
          1.0
        ]
      ]
    },
    {
      "tag_id": 9,
      "tag_family": "tag36h11",
      "hamming": 0,
      "decision_margin": 76.66667175292969,
      "center": [
        823.5865444882974,
        549.883458036332
      ],
      "corners": [
        [
          788.6489257812499,
          583.1848754882812
        ],
        [
          855.4927368164062,
          586.3933715820315
        ],
        [
          857.9923706054689,
          517.0889282226562
        ],
        [
          791.1083374023438,
          512.7189941406247
        ]
      ],
      "homography": [
        [
          40.246223356104224,
          -0.7395179356709556,
          823.5865444882974
        ],
        [
          6.4453283549044,
          35.27432024307291,
          549.883458036332
        ],
        [
          0.008276667964822338,
          0.0006077009669451178,
          1.0
        ]
      ]
    },
    {
      "tag_id": 12,
      "tag_family": "tag36h11",
      "hamming": 0,
      "decision_margin": 72.53976440429688,
      "center": [
        1723.3224540814074,
        661.44489880991
      ],
      "corners": [
        [
          1705.1594238281252,
          683.1026000976562
        ],
        [
          1740.97998046875,
          684.5220947265624
        ],
        [
          1741.0301513671877,
          640.3301391601562
        ],
        [
          1705.7563476562502,
          638.4871826171875
        ]
      ],
      "homography": [
        [
          26.473403160376847,
          -13.334443180628337,
          1723.3224540814074
        ],
        [
          4.156994220450882,
          17.143582448888537,
          661.44489880991
        ],
        [
          0.005049152198627254,
          -0.007644567687768953,
          1.0
        ]
      ]
    },
    {
      "tag_id": 19,
      "tag_family": "tag36h11",
      "hamming": 0,
      "decision_margin": 74.99575805664062,
      "center": [
        442.37344061404445,
        625.6191890140477
      ],
      "corners": [
        [
          429.0679931640625,
          637.7343139648438
        ],
        [
          454.8819274902343,
          638.144104003906
        ],
        [
          456.0370788574219,
          613.1779174804688
        ],
        [
          429.6705322265625,
          612.8995971679688
        ]
      ],
      "homography": [
        [
          11.811572477556126,
          4.204805607238088,
          442.37344061404445
        ],
        [
          -1.5695768653687332,
          19.0156372271897,
          625.6191890140477
        ],
        [
          -0.002784940256675995,
          0.01049659243850425,
          1.0
        ]
      ]
    },
    {
      "tag_id": 20,
      "tag_family": "tag36h11",
      "hamming": 0,
      "decision_margin": 76.4720230102539,
      "center": [
        499.14535501814953,
        626.6586529013672
      ],
      "corners": [
        [
          486.15524291992193,
          638.6168212890625
        ],
        [
          511.4815673828125,
          639.2467041015625
        ],
        [
          512.3004760742186,
          614.548583984375
        ],
        [
          486.7097473144531,
          613.9691772460938
        ]
      ],
      "homography": [
        [
          12.155183430248599,
          2.2333159145030677,
          499.14535501814953
        ],
        [
          -0.4178238329088818,
          15.570811428769844,
          626.6586529013672
        ],
        [
          -0.0011494043014211202,
          0.00516184015632404,
          1.0
        ]
      ]
    },
    {
      "tag_id": 30,
      "tag_family": "tag36h11",
      "hamming": 0,
      "decision_margin": 65.7696762084961,
      "center": [
        62.38158966790763,
        698.4844303826628
      ],
      "corners": [
        [
          51.27188110351563,
          708.001953125
        ],
        [
          72.534423828125,
          707.7398681640625
        ],
        [
          73.2620162963867,
          689.163330078125
        ],
        [
          52.04732513427733,
          689.0635986328125
        ]
      ],
      "homography": [
        [
          11.21974304312372,
          -0.42455596622028086,
          62.38158966790763
        ],
        [
          6.693791420290835,
          8.829274124272047,
          698.4844303826628
        ],
        [
          0.009641208419362968,
          -0.0007853730410029378,
          1.0
        ]
      ]
    }
  ],
  "ingest_metadata": {
    "original_name": "FRC_5660_Symmetrical_Chaos_2026_frame_001062.png",
    "source": "unknown",
    "dhash": "575ffc3cec6dc407",
    "ingested_at": "2026-04-01T04:44:40.935300+00:00"
  }
}
