{
  "image_file": "f7d9992a52be_WPI_2025_District_Event_Qual_Match_25_POV_frame_000119.png",
  "image_sha256": "f7d9992a52be1525c28139686e5243d87b895d70a1fe3b79b02ef0b8503add7b",
  "image_width": 1920,
  "image_height": 1080,
  "detector_config": {
    "library": "pupil-apriltags",
    "library_version": "1.0.4.post11",
    "family": "tag36h11",
    "nthreads": 4,
    "quad_decimate": 1.0,
    "quad_sigma": 0.0,
    "refine_edges": true,
    "decode_sharpening": 0.25
  },
  "detected_at": "2026-04-01T14:57:07.090774+00:00",
  "num_detections": 3,
  "detections": [
    {
      "tag_id": 4,
      "tag_family": "tag36h11",
      "hamming": 0,
      "decision_margin": 40.910240173339844,
      "center": [
        1181.5414955195945,
        443.2775664708051
      ],
      "corners": [
        [
          1173.3562011718752,
          449.57550048828125
        ],
        [
          1188.3316650390627,
          449.74377441406256
        ],
        [
          1189.9030761718748,
          436.843994140625
        ],
        [
          1174.5844726562498,
          436.6524658203125
        ]
      ],
      "homography": [
        [
          8.448958204239942,
          12.764309968745922,
          1181.5414955195945
        ],
        [
          0.4186341192889799,
          11.506234076841736,
          443.2775664708051
        ],
        [
          0.0007417574206256467,
          0.011395509537621739,
          1.0
        ]
      ]
    },
    {
      "tag_id": 7,
      "tag_family": "tag36h11",
      "hamming": 0,
      "decision_margin": 86.39529418945312,
      "center": [
        927.9659541550157,
        675.0114105299086
      ],
      "corners": [
        [
          912.3150634765624,
          689.0730590820312
        ],
        [
          943.7861938476562,
          690.069091796875
        ],
        [
          943.8048095703125,
          660.7808837890625
        ],
        [
          912.0817871093749,
          659.8928833007812
        ]
      ],
      "homography": [
        [
          13.96422971117886,
          3.7590184076658506,
          927.9659541550157
        ],
        [
          -0.862836626750552,
          17.311942460968453,
          675.0114105299086
        ],
        [
          -0.001976361061014617,
          0.0039927165010596065,
          1.0
        ]
      ]
    },
    {
      "tag_id": 8,
      "tag_family": "tag36h11",
      "hamming": 0,
      "decision_margin": 61.293212890625,
      "center": [
        1066.467735788952,
        660.4114969595058
      ],
      "corners": [
        [
          1059.0656738281248,
          676.9224853515625
        ],
        [
          1072.880859375,
          670.8978271484373
        ],
        [
          1073.5673828125002,
          644.5750732421875
        ],
        [
          1059.835205078125,
          649.5664062500002
        ]
      ],
      "homography": [
        [
          26.972408907940235,
          -2.5151382650215024,
          1066.467735788952
        ],
        [
          9.687571641399698,
          12.082191323332838,
          660.4114969595058
        ],
        [
          0.018836075911221904,
          -0.0020176688167172336,
          1.0
        ]
      ]
    }
  ]
}
