{
  "image_file": "f87febe648bd_WPI_District_Event_Qual_Match_10_POV_frame_000000.png",
  "image_sha256": "f87febe648bd3ba4221566ea26cf669864658a1ada3cc2adac0ce3360df71ca5",
  "image_width": 1920,
  "image_height": 1080,
  "detector_config": {
    "library": "pupil-apriltags",
    "library_version": "1.0.4.post11",
    "family": "tag36h11",
    "nthreads": 4,
    "quad_decimate": 1.0,
    "quad_sigma": 0.0,
    "refine_edges": true,
    "decode_sharpening": 0.25
  },
  "detected_at": "2026-04-01T14:53:52.003001+00:00",
  "num_detections": 3,
  "detections": [
    {
      "tag_id": 15,
      "tag_family": "tag36h11",
      "hamming": 0,
      "decision_margin": 22.89763832092285,
      "center": [
        1053.799261192502,
        459.21485267175797
      ],
      "corners": [
        [
          1046.2714843750002,
          465.7555847167969
        ],
        [
          1061.4456787109375,
          465.6591491699219
        ],
        [
          1061.3249511718748,
          452.6759338378906
        ],
        [
          1046.2047119140623,
          452.8142700195313
        ]
      ],
      "homography": [
        [
          5.85345634548753,
          -1.8193634216734147,
          1053.799261192502
        ],
        [
          -0.8083026813465615,
          5.667862408713233,
          459.21485267175797
        ],
        [
          -0.0016322917602223078,
          -0.0017709201676913535,
          1.0
        ]
      ]
    },
    {
      "tag_id": 17,
      "tag_family": "tag36h11",
      "hamming": 0,
      "decision_margin": 50.067447662353516,
      "center": [
        784.9904125744151,
        669.5318330361529
      ],
      "corners": [
        [
          774.1405029296875,
          684.3670654296876
        ],
        [
          796.0542602539062,
          680.2310791015624
        ],
        [
          795.7886352539062,
          654.7672729492188
        ],
        [
          773.2565917968749,
          658.1846923828126
        ]
      ],
      "homography": [
        [
          23.57818333013938,
          10.879939950941324,
          784.9904125744151
        ],
        [
          8.744246538789067,
          21.94548777825412,
          669.5318330361529
        ],
        [
          0.01588769244075226,
          0.013500097776120398,
          1.0
        ]
      ]
    },
    {
      "tag_id": 18,
      "tag_family": "tag36h11",
      "hamming": 0,
      "decision_margin": 56.47645950317383,
      "center": [
        633.2357435606629,
        675.5803365624093
      ],
      "corners": [
        [
          620.871337890625,
          687.9532470703125
        ],
        [
          647.1150512695312,
          690.1023559570312
        ],
        [
          645.8941650390625,
          662.9132080078125
        ],
        [
          619.4544677734374,
          661.1608886718748
        ]
      ],
      "homography": [
        [
          8.327546701619667,
          3.258319438707873,
          633.2357435606629
        ],
        [
          -4.190034219975589,
          16.266260665422806,
          675.5803365624093
        ],
        [
          -0.0076470026931096955,
          0.004102900969557525,
          1.0
        ]
      ]
    }
  ]
}
