{
  "image_file": "f8a800a2623c_dji_mimo_20260216_125718_20260216135719_1771268187552_video_.png",
  "image_sha256": "f8a800a2623c4d5b87162b5379de2f3833a5314da5d3003942d99f8c6eb10999",
  "image_width": 640,
  "image_height": 360,
  "detector_config": {
    "library": "pupil-apriltags",
    "library_version": "1.0.4.post11",
    "family": "tag36h11",
    "nthreads": 4,
    "quad_decimate": 1.0,
    "quad_sigma": 0.0,
    "refine_edges": true,
    "decode_sharpening": 0.25
  },
  "detected_at": "2026-03-24T14:15:14.670167+00:00",
  "num_detections": 3,
  "detections": [
    {
      "tag_id": 1,
      "tag_family": "tag36h11",
      "hamming": 0,
      "decision_margin": 19.11734390258789,
      "center": [
        66.83377006552087,
        135.17817009220846
      ],
      "corners": [
        [
          62.048461914062486,
          140.7319488525391
        ],
        [
          73.49413299560548,
          140.0015869140625
        ],
        [
          71.78331756591798,
          129.43377685546875
        ],
        [
          59.57213211059569,
          129.9193115234375
        ]
      ],
      "homography": [
        [
          6.786480516400175,
          3.0480085330233218,
          66.83377006552087
        ],
        [
          1.470908736233098,
          9.399013781516288,
          135.17817009220846
        ],
        [
          0.013158784923192866,
          0.030030051926255807,
          1.0
        ]
      ]
    },
    {
      "tag_id": 3,
      "tag_family": "tag36h11",
      "hamming": 0,
      "decision_margin": 44.25951385498047,
      "center": [
        277.05850184814165,
        94.66123239666011
      ],
      "corners": [
        [
          270.26141357421875,
          102.45837402343751
        ],
        [
          283.8554992675781,
          100.73316955566406
        ],
        [
          283.8619689941406,
          86.85677337646486
        ],
        [
          269.2806091308594,
          87.71303558349611
        ]
      ],
      "homography": [
        [
          16.285452548653268,
          9.61512108215925,
          277.05850184814165
        ],
        [
          2.5030595767944406,
          10.348255774935936,
          94.66123239666011
        ],
        [
          0.033415670323848234,
          0.033884685880869604,
          1.0
        ]
      ]
    },
    {
      "tag_id": 4,
      "tag_family": "tag36h11",
      "hamming": 0,
      "decision_margin": 41.8188362121582,
      "center": [
        306.7707626038987,
        93.63019486423896
      ],
      "corners": [
        [
          299.8498229980468,
          100.86770629882814
        ],
        [
          314.45880126953125,
          100.91883087158203
        ],
        [
          313.103515625,
          87.00777435302733
        ],
        [
          299.71597290039057,
          86.94190979003905
        ]
      ],
      "homography": [
        [
          7.204540471795555,
          -13.023456140086012,
          306.7707626038987
        ],
        [
          0.09638576243466411,
          2.8574819556691295,
          93.63019486423896
        ],
        [
          0.0007130275489149162,
          -0.04366604485799589,
          1.0
        ]
      ]
    }
  ]
}
