{
  "image_file": "f8dfcda2b738_Qualification_22_-__stanbul_Regional_frame_009044.png",
  "image_sha256": "f8dfcda2b738bfea50838f1323c8f5c39aabeb4055e670130ff018dcac3af43e",
  "image_width": 1920,
  "image_height": 1080,
  "detector_config": {
    "library": "pupil-apriltags",
    "library_version": "1.0.4.post11",
    "family": "tag36h11",
    "nthreads": 4,
    "quad_decimate": 1.0,
    "quad_sigma": 0.0,
    "refine_edges": true,
    "decode_sharpening": 0.25
  },
  "detected_at": "2026-04-01T04:02:48.606408+00:00",
  "num_detections": 6,
  "detections": [
    {
      "tag_id": 1,
      "tag_family": "tag36h11",
      "hamming": 2,
      "decision_margin": 36.2559814453125,
      "center": [
        355.62882936381783,
        955.4672804192033
      ],
      "corners": [
        [
          349.09570312500006,
          951.434326171875
        ],
        [
          350.0307006835938,
          962.6419677734375
        ],
        [
          362.4569091796875,
          959.6823120117189
        ],
        [
          361.0591735839844,
          948.5076293945314
        ]
      ],
      "homography": [
        [
          -6.048350023791897,
          -4.875059196013241,
          355.62882936381783
        ],
        [
          -12.220510385164857,
          4.749800842622673,
          955.4672804192033
        ],
        [
          -0.01864456174618994,
          0.003430808983414911,
          1.0
        ]
      ]
    },
    {
      "tag_id": 6,
      "tag_family": "tag36h11",
      "hamming": 2,
      "decision_margin": 16.286287307739258,
      "center": [
        744.797682437762,
        937.2575397181221
      ],
      "corners": [
        [
          739.2405395507812,
          943.1639404296875
        ],
        [
          749.942626953125,
          941.7933349609375
        ],
        [
          750.5165405273439,
          931.1792602539062
        ],
        [
          739.8592529296876,
          932.9038085937501
        ]
      ],
      "homography": [
        [
          -7.629571317788077,
          -2.5848675152476526,
          744.797682437762
        ],
        [
          -17.092828078447155,
          2.3399946358896364,
          937.2575397181221
        ],
        [
          -0.017411141531570192,
          -0.0030696029899154233,
          1.0
        ]
      ]
    },
    {
      "tag_id": 14,
      "tag_family": "tag36h11",
      "hamming": 2,
      "decision_margin": 26.221040725708008,
      "center": [
        250.87602227896224,
        894.0834655989609
      ],
      "corners": [
        [
          245.80899047851565,
          899.5764160156251
        ],
        [
          256.4793395996094,
          898.3796386718748
        ],
        [
          256.17141723632807,
          888.3429565429685
        ],
        [
          245.36624145507815,
          889.8590087890627
        ]
      ],
      "homography": [
        [
          1.5472877586766172,
          1.8972995115167353,
          250.87602227896224
        ],
        [
          -14.291379072717179,
          11.026088810048916,
          894.0834655989609
        ],
        [
          -0.0152271965588268,
          0.006810417048150546,
          1.0
        ]
      ]
    },
    {
      "tag_id": 15,
      "tag_family": "tag36h11",
      "hamming": 2,
      "decision_margin": 24.9244384765625,
      "center": [
        411.68915289881863,
        873.4211249758863
      ],
      "corners": [
        [
          406.7983093261719,
          879.0263671875
        ],
        [
          416.779296875,
          877.57958984375
        ],
        [
          416.119140625,
          868.3440551757812
        ],
        [
          406.7684936523438,
          869.401123046875
        ]
      ],
      "homography": [
        [
          11.51921390734117,
          -13.485219663308497,
          411.68915289881863
        ],
        [
          13.578952369359289,
          -24.278070481852524,
          873.4211249758863
        ],
        [
          0.016256729572767352,
          -0.03318691248985443,
          1.0
        ]
      ]
    },
    {
      "tag_id": 17,
      "tag_family": "tag36h11",
      "hamming": 1,
      "decision_margin": 29.08941650390625,
      "center": [
        1248.3170014825512,
        997.6974197355553
      ],
      "corners": [
        [
          1242.5507812500005,
          1004.0662231445314
        ],
        [
          1254.324951171875,
          1002.021240234375
        ],
        [
          1254.1822509765618,
          991.2192382812499
        ],
        [
          1241.8941650390623,
          993.0750122070314
        ]
      ],
      "homography": [
        [
          21.529618696923304,
          26.342361319999103,
          1248.3170014825512
        ],
        [
          11.424847836311297,
          26.342178548573656,
          997.6974197355553
        ],
        [
          0.012430918816158197,
          0.02094482667027768,
          1.0
        ]
      ]
    },
    {
      "tag_id": 21,
      "tag_family": "tag36h11",
      "hamming": 0,
      "decision_margin": 51.90055465698242,
      "center": [
        1312.6365095870617,
        444.68965198851123
      ],
      "corners": [
        [
          1303.8969726562498,
          452.5749816894531
        ],
        [
          1319.9405517578125,
          452.262451171875
        ],
        [
          1321.0396728515623,
          437.1078186035155
        ],
        [
          1305.2655029296875,
          437.04742431640625
        ]
      ],
      "homography": [
        [
          23.825852708019738,
          -10.498720429879992,
          1312.6365095870617
        ],
        [
          5.315813927973294,
          4.320727817105934,
          444.68965198851123
        ],
        [
          0.012092564702865804,
          -0.007529412143178302,
          1.0
        ]
      ]
    }
  ]
}
