{
  "image_file": "f9b58a5e38f4_WPI_2025_District_Event_Qual_Match_44_POV_frame_005712.png",
  "image_sha256": "f9b58a5e38f48de186c7ef3c78e59e0c95b703b0aecf79c9399ec410746c86eb",
  "image_width": 1920,
  "image_height": 1080,
  "detector_config": {
    "library": "pupil-apriltags",
    "library_version": "1.0.4.post11",
    "family": "tag36h11",
    "nthreads": 4,
    "quad_decimate": 1.0,
    "quad_sigma": 0.0,
    "refine_edges": true,
    "decode_sharpening": 0.25
  },
  "detected_at": "2026-04-01T15:01:53.949857+00:00",
  "num_detections": 3,
  "detections": [
    {
      "tag_id": 15,
      "tag_family": "tag36h11",
      "hamming": 0,
      "decision_margin": 30.87343406677246,
      "center": [
        941.3954630133276,
        539.4110857060347
      ],
      "corners": [
        [
          934.0506591796873,
          546.0313720703124
        ],
        [
          948.9688720703125,
          545.7536010742189
        ],
        [
          948.7823486328127,
          532.7528686523439
        ],
        [
          933.630126953125,
          532.9078369140623
        ]
      ],
      "homography": [
        [
          12.062041972512132,
          7.3853991758666115,
          941.3954630133276
        ],
        [
          2.495619900581913,
          10.675671377829303,
          539.4110857060347
        ],
        [
          0.004828006863550783,
          0.0076845553930898,
          1.0
        ]
      ]
    },
    {
      "tag_id": 17,
      "tag_family": "tag36h11",
      "hamming": 0,
      "decision_margin": 77.9104232788086,
      "center": [
        667.8211367264062,
        753.3204728951882
      ],
      "corners": [
        [
          656.5238647460936,
          768.5082397460938
        ],
        [
          680.2751464843749,
          763.9558105468748
        ],
        [
          678.8361206054689,
          738.5122070312499
        ],
        [
          654.9873046875001,
          742.3607788085938
        ]
      ],
      "homography": [
        [
          21.13756584337989,
          1.5341469466657172,
          667.8211367264062
        ],
        [
          8.322547031347652,
          13.78737357715852,
          753.3204728951882
        ],
        [
          0.013835831192240824,
          0.0011841251958197116,
          1.0
        ]
      ]
    },
    {
      "tag_id": 18,
      "tag_family": "tag36h11",
      "hamming": 0,
      "decision_margin": 62.97608184814453,
      "center": [
        501.6408726630978,
        761.4306772575096
      ],
      "corners": [
        [
          487.8869323730469,
          774.0953369140626
        ],
        [
          517.604736328125,
          776.05126953125
        ],
        [
          515.6259765625001,
          748.5531616210939
        ],
        [
          485.9053649902344,
          747.0192260742186
        ]
      ],
      "homography": [
        [
          10.961635602102604,
          1.2735060686302986,
          501.6408726630978
        ],
        [
          -5.042759220977816,
          14.072831867852301,
          761.4306772575096
        ],
        [
          -0.007768656090827123,
          0.000564854169025278,
          1.0
        ]
      ]
    }
  ]
}
