{
  "image_file": "f9f721030fc2_POV_you_score_51_Points_in_Crescendo_frame_000413.png",
  "image_sha256": "f9f721030fc27fe0d06b156429c8e3619918e731ee9b0e93305aad5c5e340870",
  "image_width": 1920,
  "image_height": 1080,
  "detector_config": {
    "library": "pupil-apriltags",
    "library_version": "1.0.4.post11",
    "family": "tag36h11",
    "nthreads": 4,
    "quad_decimate": 1.0,
    "quad_sigma": 0.0,
    "refine_edges": true,
    "decode_sharpening": 0.25
  },
  "detected_at": "2026-04-01T16:24:34.803734+00:00",
  "num_detections": 2,
  "detections": [
    {
      "tag_id": 3,
      "tag_family": "tag36h11",
      "hamming": 0,
      "decision_margin": 46.809608459472656,
      "center": [
        1235.3475534855747,
        232.7507251723591
      ],
      "corners": [
        [
          1223.6579589843755,
          243.21084594726562
        ],
        [
          1248.1760253906248,
          243.1044311523438
        ],
        [
          1246.878784179687,
          222.43231201171875
        ],
        [
          1222.2667236328127,
          222.19334411621088
        ]
      ],
      "homography": [
        [
          22.5102980581496,
          2.475473302333742,
          1235.3475534855747
        ],
        [
          1.9600548639324402,
          10.761500929172058,
          232.7507251723591
        ],
        [
          0.008279978207266026,
          0.001460073843187817,
          1.0
        ]
      ]
    },
    {
      "tag_id": 4,
      "tag_family": "tag36h11",
      "hamming": 0,
      "decision_margin": 50.7275505065918,
      "center": [
        1149.9137081499198,
        233.10001646736393
      ],
      "corners": [
        [
          1138.2890625000002,
          243.6676483154297
        ],
        [
          1162.6672363281252,
          243.356201171875
        ],
        [
          1161.4329833984373,
          222.62817382812497
        ],
        [
          1136.7447509765627,
          222.50975036621094
        ]
      ],
      "homography": [
        [
          24.09665271230915,
          7.2895673213738545,
          1149.9137081499198
        ],
        [
          2.348956374826598,
          11.80721016960922,
          233.10001646736393
        ],
        [
          0.010289324665515465,
          0.005736491899439578,
          1.0
        ]
      ]
    }
  ]
}
