{
  "image_file": "fa7cbb77abe6_Robot_Reveal_2026_-_Era_frame_000050.png",
  "image_sha256": "fa7cbb77abe690ce2342f39bd607439fa8480ef35d9c32f079b8cb5f518997b9",
  "image_width": 1920,
  "image_height": 1080,
  "detector_config": {
    "library": "pupil-apriltags",
    "library_version": "1.0.4.post11",
    "family": "tag36h11",
    "nthreads": 4,
    "quad_decimate": 1.0,
    "quad_sigma": 0.0,
    "refine_edges": true,
    "decode_sharpening": 0.25
  },
  "detected_at": "2026-04-01T03:39:39.575732+00:00",
  "num_detections": 2,
  "detections": [
    {
      "tag_id": 9,
      "tag_family": "tag36h11",
      "hamming": 0,
      "decision_margin": 32.97275924682617,
      "center": [
        1187.5572259916519,
        222.0720789401319
      ],
      "corners": [
        [
          1175.484619140625,
          245.5099639892578
        ],
        [
          1199.9133300781252,
          246.19671630859378
        ],
        [
          1199.6910400390625,
          198.51536560058594
        ],
        [
          1175.7142333984373,
          198.94926452636713
        ]
      ],
      "homography": [
        [
          -1.9931101656727592,
          -11.093442915062042,
          1187.5572259916519
        ],
        [
          -2.5771624957271824,
          21.481507288287702,
          222.0720789401319
        ],
        [
          -0.011866148922322683,
          -0.00933759682284003,
          1.0
        ]
      ]
    },
    {
      "tag_id": 10,
      "tag_family": "tag36h11",
      "hamming": 0,
      "decision_margin": 34.11335754394531,
      "center": [
        1241.4206851339968,
        221.5781943248612
      ],
      "corners": [
        [
          1229.0831298828125,
          245.6796875
        ],
        [
          1254.05419921875,
          245.9620361328125
        ],
        [
          1254.0975341796875,
          196.8138885498047
        ],
        [
          1228.7197265625002,
          197.06417846679688
        ]
      ],
      "homography": [
        [
          5.819179952010017,
          10.15283037706763,
          1241.4206851339968
        ],
        [
          -1.197622066433698,
          26.23625481913635,
          221.5781943248612
        ],
        [
          -0.005450886988089152,
          0.008113049633375445,
          1.0
        ]
      ]
    }
  ]
}
