{
  "image_file": "fa7df02b9232_FRC____Team_8285_Robot_Reveal_-_The_Artifact_frame_002400.png",
  "image_sha256": "fa7df02b9232efeb8992335f65dd9314c334c7470afb382a9c5031802fd054b6",
  "image_width": 1920,
  "image_height": 1080,
  "detector_config": {
    "library": "pupil-apriltags",
    "library_version": "1.0.4.post11",
    "family": "tag36h11",
    "nthreads": 4,
    "quad_decimate": 1.0,
    "quad_sigma": 0.0,
    "refine_edges": true,
    "decode_sharpening": 0.25
  },
  "detected_at": "2026-04-01T04:42:34.134649+00:00",
  "num_detections": 8,
  "detections": [
    {
      "tag_id": 19,
      "tag_family": "tag36h11",
      "hamming": 0,
      "decision_margin": 64.90620422363281,
      "center": [
        83.95174504713518,
        502.68992110442997
      ],
      "corners": [
        [
          75.86107635498048,
          524.4132080078125
        ],
        [
          93.75763702392578,
          526.8600463867189
        ],
        [
          92.17323303222658,
          480.61538696289074
        ],
        [
          74.38727569580078,
          479.1148681640623
        ]
      ],
      "homography": [
        [
          8.059812730938958,
          0.5775303218818105,
          83.95174504713518
        ],
        [
          -4.162672026277394,
          21.76627366494256,
          502.68992110442997
        ],
        [
          -0.0102416244301744,
          -0.0022218821284608605,
          1.0
        ]
      ]
    },
    {
      "tag_id": 20,
      "tag_family": "tag36h11",
      "hamming": 0,
      "decision_margin": 74.23477172851562,
      "center": [
        124.60916684101106,
        507.1354683299748
      ],
      "corners": [
        [
          116.20757293701169,
          529.9018554687501
        ],
        [
          135.3344268798828,
          532.1889648437499
        ],
        [
          133.252197265625,
          483.71484374999994
        ],
        [
          114.20800781249999,
          482.8390502929688
        ]
      ],
      "homography": [
        [
          7.7023041308698055,
          0.9467865227192229,
          124.60916684101106
        ],
        [
          -6.6916293479961295,
          23.580799448547737,
          507.1354683299748
        ],
        [
          -0.014752997463664293,
          -0.0005880316680099734,
          1.0
        ]
      ]
    },
    {
      "tag_id": 21,
      "tag_family": "tag36h11",
      "hamming": 0,
      "decision_margin": 85.96588134765625,
      "center": [
        371.7823693198242,
        516.446008313412
      ],
      "corners": [
        [
          350.3251953125,
          540.8656616210936
        ],
        [
          393.5779418945313,
          540.4274902343749
        ],
        [
          393.1385192871093,
          492.1413269042969
        ],
        [
          349.5041198730468,
          491.93344116210943
        ]
      ],
      "homography": [
        [
          24.194839173571722,
          1.9110237548273432,
          371.7823693198242
        ],
        [
          3.378299090125321,
          26.52170404372464,
          516.446008313412
        ],
        [
          0.006655597439199607,
          0.004295957246370295,
          1.0
        ]
      ]
    },
    {
      "tag_id": 24,
      "tag_family": "tag36h11",
      "hamming": 0,
      "decision_margin": 92.42613983154297,
      "center": [
        464.75242683602784,
        516.6972502886118
      ],
      "corners": [
        [
          444.68756103515625,
          539.8016967773439
        ],
        [
          484.6531677246094,
          539.6502685546875
        ],
        [
          485.06851196289057,
          493.3035278320313
        ],
        [
          444.2450256347656,
          493.04452514648443
        ]
      ],
      "homography": [
        [
          22.23767697907931,
          4.939316344463864,
          464.75242683602784
        ],
        [
          2.296140397078485,
          28.758819302773134,
          516.6972502886118
        ],
        [
          0.004396042551648391,
          0.010617276084280109,
          1.0
        ]
      ]
    },
    {
      "tag_id": 29,
      "tag_family": "tag36h11",
      "hamming": 0,
      "decision_margin": 30.35540771484375,
      "center": [
        707.7895143070612,
        576.3621332899294
      ],
      "corners": [
        [
          699.6932983398436,
          587.8154296874999
        ],
        [
          715.5309448242186,
          589.8538208007811
        ],
        [
          716.0361938476564,
          564.6959838867186
        ],
        [
          700.1346435546876,
          563.0213012695312
        ]
      ],
      "homography": [
        [
          2.686503781613851,
          1.0321300134344258,
          707.7895143070612
        ],
        [
          -3.344827268263204,
          13.520289207034466,
          576.3621332899294
        ],
        [
          -0.007414389910378837,
          0.001792275659125091,
          1.0
        ]
      ]
    },
    {
      "tag_id": 30,
      "tag_family": "tag36h11",
      "hamming": 0,
      "decision_margin": 58.65602493286133,
      "center": [
        750.4032466393726,
        581.705203259437
      ],
      "corners": [
        [
          742.2109985351562,
          593.5991210937501
        ],
        [
          758.0926513671876,
          594.4865722656249
        ],
        [
          758.7736206054686,
          569.5526733398436
        ],
        [
          742.1135864257811,
          567.9260864257814
        ]
      ],
      "homography": [
        [
          18.18862246732476,
          17.97862338439791,
          750.4032466393726
        ],
        [
          8.417717989902027,
          26.695610209855317,
          581.705203259437
        ],
        [
          0.01340521492786754,
          0.024159904681917806,
          1.0
        ]
      ]
    },
    {
      "tag_id": 31,
      "tag_family": "tag36h11",
      "hamming": 0,
      "decision_margin": 61.66388702392578,
      "center": [
        1064.462431265023,
        614.9999420034173
      ],
      "corners": [
        [
          1052.0153808593755,
          628.4146728515625
        ],
        [
          1074.95166015625,
          631.1188354492186
        ],
        [
          1077.3303222656245,
          601.1316528320314
        ],
        [
          1053.9205322265625,
          598.8001098632814
        ]
      ],
      "homography": [
        [
          4.069732836107504,
          9.111594282028591,
          1064.462431265023
        ],
        [
          -3.0810797719614156,
          20.780540940812557,
          614.9999420034173
        ],
        [
          -0.007059903915977054,
          0.009564293952006935,
          1.0
        ]
      ]
    },
    {
      "tag_id": 32,
      "tag_family": "tag36h11",
      "hamming": 0,
      "decision_margin": 83.81621551513672,
      "center": [
        1125.2677911508783,
        620.5041149672909
      ],
      "corners": [
        [
          1112.2354736328125,
          634.9115600585938
        ],
        [
          1136.447265625,
          637.1688232421875
        ],
        [
          1138.4208984375,
          605.9631347656251
        ],
        [
          1114.208251953125,
          604.0181884765625
        ]
      ],
      "homography": [
        [
          6.47616415384914,
          -1.4255638686563534,
          1125.2677911508783
        ],
        [
          -2.053878005475555,
          15.282326919396382,
          620.5041149672909
        ],
        [
          -0.0050029375316716675,
          -0.00039007486257991333,
          1.0
        ]
      ]
    }
  ]
}
