{
  "image_file": "fa92e656ad15_THOR_East_2025_Playoff_Match_11__Robot_POV__frame_006069.png",
  "image_sha256": "fa92e656ad153a2cf9d4e4cbc4886826c7064d52a24a29bc46d40c3a035c77bb",
  "image_width": 1920,
  "image_height": 1080,
  "detector_config": {
    "library": "pupil-apriltags",
    "library_version": "1.0.4.post11",
    "family": "tag36h11",
    "nthreads": 4,
    "quad_decimate": 1.0,
    "quad_sigma": 0.0,
    "refine_edges": true,
    "decode_sharpening": 0.25
  },
  "detected_at": "2026-04-01T16:00:15.244819+00:00",
  "num_detections": 3,
  "detections": [
    {
      "tag_id": 12,
      "tag_family": "tag36h11",
      "hamming": 0,
      "decision_margin": 37.45685958862305,
      "center": [
        1734.3210550150852,
        591.6106242350514
      ],
      "corners": [
        [
          1725.0577392578123,
          605.5596313476562
        ],
        [
          1746.2247314453123,
          603.1097412109375
        ],
        [
          1744.038818359375,
          576.977294921875
        ],
        [
          1722.2442626953125,
          579.9442749023438
        ]
      ],
      "homography": [
        [
          -3.764257435792846,
          28.273994693355235,
          1734.3210550150852
        ],
        [
          -6.297205000824309,
          22.150193472374553,
          591.6106242350514
        ],
        [
          -0.008361549790742613,
          0.0155805867224332,
          1.0
        ]
      ]
    },
    {
      "tag_id": 14,
      "tag_family": "tag36h11",
      "hamming": 0,
      "decision_margin": 35.49905776977539,
      "center": [
        279.4383017955481,
        537.5325494378101
      ],
      "corners": [
        [
          265.3552856445312,
          547.8563842773438
        ],
        [
          289.4721374511719,
          549.7282104492188
        ],
        [
          293.95831298828125,
          526.8883666992188
        ],
        [
          268.9192504882812,
          524.7471313476562
        ]
      ],
      "homography": [
        [
          13.448337114510593,
          3.419400370063501,
          279.4383017955481
        ],
        [
          3.2398906198950472,
          21.93383679850308,
          537.5325494378101
        ],
        [
          0.004165110460184885,
          0.01944304018644884,
          1.0
        ]
      ]
    },
    {
      "tag_id": 19,
      "tag_family": "tag36h11",
      "hamming": 0,
      "decision_margin": 72.8290023803711,
      "center": [
        897.7764945581948,
        880.872859910876
      ],
      "corners": [
        [
          877.3117065429686,
          900.3037719726564
        ],
        [
          917.9468383789064,
          902.5489501953127
        ],
        [
          918.5009765625002,
          861.1953735351564
        ],
        [
          877.8271484374998,
          859.4342651367186
        ]
      ],
      "homography": [
        [
          15.023650541080883,
          0.09022000390302949,
          897.7764945581948
        ],
        [
          -4.201398211204835,
          20.90583386827973,
          880.872859910876
        ],
        [
          -0.005906677002882624,
          0.00039821718329508785,
          1.0
        ]
      ]
    }
  ]
}
