{
  "image_file": "faafdc31ef12_Torpedo__Robot_Reveal_2025__Reefscape__frame_001062.png",
  "image_sha256": "faafdc31ef128e3795171faaef1663463b4bdbce08efa5a9a403064a4e1a5d4f",
  "image_width": 1920,
  "image_height": 1080,
  "detector_config": {
    "library": "pupil-apriltags",
    "library_version": "1.0.4.post11",
    "family": "tag36h11",
    "nthreads": 4,
    "quad_decimate": 1.0,
    "quad_sigma": 0.0,
    "refine_edges": true,
    "decode_sharpening": 0.25
  },
  "detected_at": "2026-04-01T01:45:03.997007+00:00",
  "num_detections": 2,
  "detections": [
    {
      "tag_id": 21,
      "tag_family": "tag36h11",
      "hamming": 0,
      "decision_margin": 66.87367248535156,
      "center": [
        1561.5761640541184,
        910.1403533497765
      ],
      "corners": [
        [
          1470.8050537109375,
          1019.381103515625
        ],
        [
          1676.6696777343748,
          1000.9500732421874
        ],
        [
          1653.4010009765625,
          799.6314697265624
        ],
        [
          1447.13623046875,
          819.8463134765625
        ]
      ],
      "homography": [
        [
          96.30134494162166,
          14.017971600377008,
          1561.5761640541184
        ],
        [
          -13.581909555969004,
          101.54149561541806,
          910.1403533497765
        ],
        [
          -0.004309119450187347,
          0.0014616908829163618,
          1.0
        ]
      ]
    },
    {
      "tag_id": 22,
      "tag_family": "tag36h11",
      "hamming": 0,
      "decision_margin": 55.75126647949219,
      "center": [
        789.0316168644024,
        889.5612035304715
      ],
      "corners": [
        [
          769.9436645507812,
          961.3022460937501
        ],
        [
          827.6348876953125,
          987.3483886718749
        ],
        [
          808.42919921875,
          816.6564331054686
        ],
        [
          752.9752197265625,
          798.2255859375
        ]
      ],
      "homography": [
        [
          11.631772755685802,
          -1.2617044059412579,
          789.0316168644024
        ],
        [
          -7.6847043708630824,
          71.79036231800933,
          889.5612035304715
        ],
        [
          -0.021079237294236015,
          -0.013033875747416528,
          1.0
        ]
      ]
    }
  ]
}
