{
  "image_file": "fc0877987834_SF7_-_WPI_-_190_360_POV_frame_004366.png",
  "image_sha256": "fc0877987834d435ad639fccf4cc00b0e41e20212dd44d4e79247c53a7f656ea",
  "image_width": 1920,
  "image_height": 1080,
  "detector_config": {
    "library": "pupil-apriltags",
    "library_version": "1.0.4.post11",
    "family": "tag36h11",
    "nthreads": 4,
    "quad_decimate": 1.0,
    "quad_sigma": 0.0,
    "refine_edges": true,
    "decode_sharpening": 0.25
  },
  "detected_at": "2026-04-01T15:13:58.190732+00:00",
  "num_detections": 2,
  "detections": [
    {
      "tag_id": 1,
      "tag_family": "tag36h11",
      "hamming": 0,
      "decision_margin": 57.891780853271484,
      "center": [
        879.5182353247791,
        438.342163718842
      ],
      "corners": [
        [
          868.0291748046876,
          452.4723815917969
        ],
        [
          891.5071411132812,
          449.9551391601563
        ],
        [
          890.9232788085938,
          424.3152770996094
        ],
        [
          867.6022949218751,
          426.7998657226562
        ]
      ],
      "homography": [
        [
          11.971149439952342,
          -2.703414153615084,
          879.5182353247791
        ],
        [
          -1.1150820430083868,
          11.354647675792023,
          438.342163718842
        ],
        [
          0.0003087424915344276,
          -0.0033610685769618546,
          1.0
        ]
      ]
    },
    {
      "tag_id": 6,
      "tag_family": "tag36h11",
      "hamming": 0,
      "decision_margin": 72.8150405883789,
      "center": [
        1874.7807329993175,
        633.1352424304912
      ],
      "corners": [
        [
          1863.7103271484375,
          644.0803833007812
        ],
        [
          1886.2138671875,
          646.75830078125
        ],
        [
          1886.0955810546875,
          621.9484252929688
        ],
        [
          1863.9649658203127,
          620.2478027343751
        ]
      ],
      "homography": [
        [
          -25.093411567995414,
          -15.812497625630616,
          1874.7807329993175
        ],
        [
          -11.150841540665851,
          6.827519923065664,
          633.1352424304912
        ],
        [
          -0.01933399449227668,
          -0.008414207497060995,
          1.0
        ]
      ]
    }
  ]
}
