{
  "image_file": "fc72389c3502_Ri3D_Robot_Reveal_-_REBUILT___Georgia_Tech_RoboJackets_Ri3D_.png",
  "image_sha256": "fc72389c3502ef78dd3108048d51bdfb6004ac641decbab7848d2dd2ac45dd02",
  "image_width": 1920,
  "image_height": 1080,
  "detector_config": {
    "library": "pupil-apriltags",
    "library_version": "1.0.4.post11",
    "family": "tag36h11",
    "nthreads": 4,
    "quad_decimate": 1.0,
    "quad_sigma": 0.0,
    "refine_edges": true,
    "decode_sharpening": 0.25
  },
  "detected_at": "2026-04-01T03:28:27.107782+00:00",
  "num_detections": 2,
  "detections": [
    {
      "tag_id": 9,
      "tag_family": "tag36h11",
      "hamming": 0,
      "decision_margin": 63.62679672241211,
      "center": [
        810.9584019896515,
        33.56030720008583
      ],
      "corners": [
        [
          801.7286376953127,
          60.84522247314454
        ],
        [
          824.9782104492188,
          58.38144302368164
        ],
        [
          819.6734619140623,
          7.796954631805422
        ],
        [
          796.5917358398438,
          8.125082969665536
        ]
      ],
      "homography": [
        [
          28.162873904334106,
          -4.062559129244502,
          810.9584019896515
        ],
        [
          -0.0026049950009112885,
          25.537110575101046,
          33.56030720008583
        ],
        [
          0.020450863443053493,
          -0.00823174518290776,
          1.0
        ]
      ]
    },
    {
      "tag_id": 10,
      "tag_family": "tag36h11",
      "hamming": 0,
      "decision_margin": 70.37313842773438,
      "center": [
        849.8428439742585,
        31.151657416987028
      ],
      "corners": [
        [
          840.6868896484375,
          56.863777160644545
        ],
        [
          863.0841674804688,
          54.55818557739257
        ],
        [
          858.5371093749999,
          6.736071109771721
        ],
        [
          836.5109252929688,
          7.58498525619507
        ]
      ],
      "homography": [
        [
          23.54189760510269,
          -7.358093060654025,
          849.8428439742585
        ],
        [
          -0.32441455058119867,
          23.916945922018655,
          31.151657416987028
        ],
        [
          0.014636935265360241,
          -0.011227672126136939,
          1.0
        ]
      ]
    }
  ],
  "ingest_metadata": {
    "original_name": "Ri3D_Robot_Reveal_-_REBUILT___Georgia_Tech_RoboJackets_Ri3D_.png",
    "source": "unknown",
    "dhash": "321697ce4e5ad768",
    "ingested_at": "2026-04-01T03:28:27.095298+00:00"
  }
}
