{
  "image_file": "fcd2248d2f7c_659747987_18386988775093310_316221066229940336_n.png",
  "image_sha256": "fcd2248d2f7cc558481eb0929a138594138d19561e00fba06353c475e46aca53",
  "image_width": 1440,
  "image_height": 1080,
  "detector_config": {
    "library": "pupil-apriltags",
    "library_version": "1.0.4.post11",
    "family": "tag36h11",
    "nthreads": 4,
    "quad_decimate": 1.0,
    "quad_sigma": 0.0,
    "refine_edges": true,
    "decode_sharpening": 0.25
  },
  "detected_at": "2026-04-09T01:44:14.995922+00:00",
  "num_detections": 5,
  "detections": [
    {
      "tag_id": 5,
      "tag_family": "tag36h11",
      "hamming": 0,
      "decision_margin": 82.03712463378906,
      "center": [
        257.65023510568165,
        714.909375615849
      ],
      "corners": [
        [
          234.46813964843753,
          739.4038696289064
        ],
        [
          278.8462829589843,
          741.3438110351561
        ],
        [
          280.9485778808594,
          690.2920532226562
        ],
        [
          236.61909484863284,
          688.6806030273439
        ]
      ],
      "homography": [
        [
          21.351388103932834,
          -1.2443038379504374,
          257.65023510568165
        ],
        [
          -1.4022170999277281,
          24.94152188548253,
          714.909375615849
        ],
        [
          -0.0032031206830736747,
          -0.0007021262356398916,
          1.0
        ]
      ]
    },
    {
      "tag_id": 8,
      "tag_family": "tag36h11",
      "hamming": 0,
      "decision_margin": 84.71605682373047,
      "center": [
        355.67214446395144,
        718.1211908605484
      ],
      "corners": [
        [
          331.70010375976574,
          743.1415405273438
        ],
        [
          377.87231445312494,
          745.0699462890624
        ],
        [
          379.70840454101557,
          693.0338134765625
        ],
        [
          333.8655090332032,
          691.6501464843751
        ]
      ],
      "homography": [
        [
          21.174674855167154,
          -2.3536598169260374,
          355.67214446395144
        ],
        [
          -2.86426236377429,
          23.150167137464905,
          718.1211908605484
        ],
        [
          -0.0051401281868481835,
          -0.0038024559128175413,
          1.0
        ]
      ]
    },
    {
      "tag_id": 9,
      "tag_family": "tag36h11",
      "hamming": 0,
      "decision_margin": 73.19400024414062,
      "center": [
        461.2172170757677,
        716.3405586087433
      ],
      "corners": [
        [
          449.18148803710943,
          743.1259155273438
        ],
        [
          471.2186279296875,
          739.4395751953125
        ],
        [
          472.9126892089844,
          690.3124389648438
        ],
        [
          450.81835937500006,
          692.3236083984374
        ]
      ],
      "homography": [
        [
          18.82898449141129,
          0.3529112833104501,
          461.2172170757677
        ],
        [
          10.687323629662952,
          26.817774269416873,
          716.3405586087433
        ],
        [
          0.01691019377834643,
          0.0025722383172110913,
          1.0
        ]
      ]
    },
    {
      "tag_id": 10,
      "tag_family": "tag36h11",
      "hamming": 0,
      "decision_margin": 72.3375015258789,
      "center": [
        505.9835846553997,
        710.4915500632669
      ],
      "corners": [
        [
          495.5229187011719,
          735.549560546875
        ],
        [
          514.8542480468751,
          732.2103881835938
        ],
        [
          516.149658203125,
          686.1392211914061
        ],
        [
          496.81591796875006,
          688.0455322265625
        ]
      ],
      "homography": [
        [
          17.442778462880597,
          -0.09497735731826892,
          505.9835846553997
        ],
        [
          9.610963117626167,
          24.163807958219877,
          710.4915500632669
        ],
        [
          0.015373592542264603,
          0.0010915288901513281,
          1.0
        ]
      ]
    },
    {
      "tag_id": 12,
      "tag_family": "tag36h11",
      "hamming": 0,
      "decision_margin": 41.50136184692383,
      "center": [
        658.7160091604646,
        715.5955498862523
      ],
      "corners": [
        [
          653.6588745117188,
          730.7844238281251
        ],
        [
          662.9484252929689,
          728.8387451171875
        ],
        [
          663.729736328125,
          700.5370483398438
        ],
        [
          654.3419189453125,
          701.9090576171877
        ]
      ],
      "homography": [
        [
          11.509966076850901,
          3.6354275406334877,
          658.7160091604646
        ],
        [
          6.600884197212733,
          18.639927307009657,
          715.5955498862523
        ],
        [
          0.010385740969636004,
          0.00607553575812394,
          1.0
        ]
      ]
    }
  ],
  "ingest_metadata": {
    "original_name": "659747987_18386988775093310_316221066229940336_n.jpg",
    "source": "659747987_18386988775093310_316221066229940336_n.jpg",
    "dhash": "f86ccadec2c8ea70",
    "ingested_at": "2026-04-09T01:44:14.995954+00:00"
  }
}
