{
  "image_file": "fd335c167511_2025_WPI_District_Event_Qual_Match_15_POV_frame_012971.png",
  "image_sha256": "fd335c16751197ed894304467e7eb201e9ecd0dbf2958d2d23874fefbf65ff82",
  "image_width": 1920,
  "image_height": 1080,
  "detector_config": {
    "library": "pupil-apriltags",
    "library_version": "1.0.4.post11",
    "family": "tag36h11",
    "nthreads": 4,
    "quad_decimate": 1.0,
    "quad_sigma": 0.0,
    "refine_edges": true,
    "decode_sharpening": 0.25
  },
  "detected_at": "2026-04-01T14:56:11.023363+00:00",
  "num_detections": 4,
  "detections": [
    {
      "tag_id": 4,
      "tag_family": "tag36h11",
      "hamming": 0,
      "decision_margin": 44.8332405090332,
      "center": [
        1094.5975935804158,
        448.8689127976611
      ],
      "corners": [
        [
          1086.7553710937498,
          455.6374206542968
        ],
        [
          1102.063720703125,
          455.15942382812506
        ],
        [
          1102.068481445313,
          442.42089843750006
        ],
        [
          1086.7508544921877,
          442.2577209472656
        ]
      ],
      "homography": [
        [
          34.52707006524088,
          0.33161917391544615,
          1094.5975935804158
        ],
        [
          10.942134170880308,
          6.661681667533914,
          448.8689127976611
        ],
        [
          0.0245525774421338,
          0.00030311973930552687,
          1.0
        ]
      ]
    },
    {
      "tag_id": 5,
      "tag_family": "tag36h11",
      "hamming": 0,
      "decision_margin": 26.479433059692383,
      "center": [
        739.6459915829778,
        451.7842382097283
      ],
      "corners": [
        [
          735.0380249023438,
          457.7250366210937
        ],
        [
          747.1057739257814,
          457.39215087890636
        ],
        [
          744.2776489257811,
          445.8128967285157
        ],
        [
          731.4801025390625,
          445.6455078125
        ]
      ],
      "homography": [
        [
          21.971984434070915,
          19.248676424118916,
          739.6459915829778
        ],
        [
          9.581268186165685,
          16.6956867774814,
          451.7842382097283
        ],
        [
          0.021312429176679373,
          0.0238764579844848,
          1.0
        ]
      ]
    },
    {
      "tag_id": 7,
      "tag_family": "tag36h11",
      "hamming": 0,
      "decision_margin": 84.16011047363281,
      "center": [
        673.8502985204321,
        659.391449883796
      ],
      "corners": [
        [
          661.9573364257815,
          671.321044921875
        ],
        [
          686.9974975585936,
          673.8099365234376
        ],
        [
          685.9931640624997,
          647.211181640625
        ],
        [
          660.7066040039062,
          644.976806640625
        ]
      ],
      "homography": [
        [
          9.033067094097419,
          4.022556601111661,
          673.8502985204321
        ],
        [
          -2.2903665469926886,
          16.619035718242912,
          659.391449883796
        ],
        [
          -0.005265210278248587,
          0.005131912350267902,
          1.0
        ]
      ]
    },
    {
      "tag_id": 8,
      "tag_family": "tag36h11",
      "hamming": 0,
      "decision_margin": 72.5261001586914,
      "center": [
        821.1086173349007,
        654.4592009310093
      ],
      "corners": [
        [
          810.1212768554686,
          669.1705322265625
        ],
        [
          832.0066528320314,
          665.0889892578126
        ],
        [
          831.9179077148439,
          639.9862670898436
        ],
        [
          809.7987670898438,
          643.4277343749998
        ]
      ],
      "homography": [
        [
          21.965716583728863,
          4.360739880021813,
          821.1086173349007
        ],
        [
          6.858935623391856,
          16.104014790043266,
          654.4592009310093
        ],
        [
          0.013356162566016577,
          0.005187464355840301,
          1.0
        ]
      ]
    }
  ],
  "ingest_metadata": {
    "original_name": "2025_WPI_District_Event_Qual_Match_15_POV_frame_012971.png",
    "source": "unknown",
    "dhash": "33d242625e5c0864",
    "ingested_at": "2026-04-01T14:56:11.015300+00:00"
  }
}
