{
  "image_file": "fd91a1916ad8_38_Robot_Reveals____FRC_Premiere_Night___REEFSCAPE_25___Bonu.png",
  "image_sha256": "fd91a1916ad8e58c5e844e1ccf17de991a79546ff3e56d9531644ef1750cf510",
  "image_width": 1920,
  "image_height": 1080,
  "detector_config": {
    "library": "pupil-apriltags",
    "library_version": "1.0.4.post11",
    "family": "tag36h11",
    "nthreads": 4,
    "quad_decimate": 1.0,
    "quad_sigma": 0.0,
    "refine_edges": true,
    "decode_sharpening": 0.25
  },
  "detected_at": "2026-04-01T01:09:12.035964+00:00",
  "num_detections": 3,
  "detections": [
    {
      "tag_id": 12,
      "tag_family": "tag36h11",
      "hamming": 0,
      "decision_margin": 73.55094146728516,
      "center": [
        1166.1334670144252,
        361.2349684476486
      ],
      "corners": [
        [
          1151.92138671875,
          373.7977600097656
        ],
        [
          1177.7032470703125,
          375.5214538574219
        ],
        [
          1180.752685546875,
          348.31228637695324
        ],
        [
          1154.6245117187502,
          347.0235900878907
        ]
      ],
      "homography": [
        [
          3.205622497504464,
          5.260282215435154,
          1166.1334670144252
        ],
        [
          -2.2722760127502983,
          15.569062375437284,
          361.2349684476486
        ],
        [
          -0.008378465164697058,
          0.0057429325288917985,
          1.0
        ]
      ]
    },
    {
      "tag_id": 18,
      "tag_family": "tag36h11",
      "hamming": 0,
      "decision_margin": 49.12879180908203,
      "center": [
        571.6600834374801,
        782.7190607508306
      ],
      "corners": [
        [
          563.9093017578127,
          832.6798706054688
        ],
        [
          578.5261840820311,
          798.7124633789064
        ],
        [
          578.9480590820311,
          735.741455078125
        ],
        [
          564.1653442382815,
          765.2613525390624
        ]
      ],
      "homography": [
        [
          28.64772241783737,
          3.543071499818442,
          571.6600834374801
        ],
        [
          13.31045194627074,
          37.646187791931425,
          782.7190607508306
        ],
        [
          0.037274359276148965,
          0.00650013869802378,
          1.0
        ]
      ]
    },
    {
      "tag_id": 19,
      "tag_family": "tag36h11",
      "hamming": 0,
      "decision_margin": 60.14939880371094,
      "center": [
        190.14885308745812,
        980.7760337697205
      ],
      "corners": [
        [
          124.94937133789065,
          1048.751220703125
        ],
        [
          258.145263671875,
          1008.3197631835938
        ],
        [
          252.0389709472656,
          916.2510986328127
        ],
        [
          115.8144073486328,
          950.6649169921874
        ]
      ],
      "homography": [
        [
          73.97240524901912,
          5.519290323922101,
          190.14885308745812
        ],
        [
          15.889197517893756,
          56.555309359361104,
          980.7760337697205
        ],
        [
          0.03528495407833544,
          0.009245341868274805,
          1.0
        ]
      ]
    }
  ],
  "ingest_metadata": {
    "original_name": "38_Robot_Reveals____FRC_Premiere_Night___REEFSCAPE_25___Bonu.png",
    "source": "unknown",
    "dhash": "6848c8989a9b1898",
    "ingested_at": "2026-04-01T01:09:12.025305+00:00"
  }
}
