{
  "image_file": "fe0b37f1edff_FRC_190_2025_Reveal_frame_001440.png",
  "image_sha256": "fe0b37f1edfffceda540e6e356e567d7226ead932db1ad2d40a089a718669468",
  "image_width": 1920,
  "image_height": 1080,
  "detector_config": {
    "library": "pupil-apriltags",
    "library_version": "1.0.4.post11",
    "family": "tag36h11",
    "nthreads": 4,
    "quad_decimate": 1.0,
    "quad_sigma": 0.0,
    "refine_edges": true,
    "decode_sharpening": 0.25
  },
  "detected_at": "2026-04-01T02:17:25.557953+00:00",
  "num_detections": 3,
  "detections": [
    {
      "tag_id": 6,
      "tag_family": "tag36h11",
      "hamming": 0,
      "decision_margin": 41.58975601196289,
      "center": [
        1680.4235417189204,
        905.2901890701661
      ],
      "corners": [
        [
          1640.2517089843745,
          936.9301757812501
        ],
        [
          1721.4417724609375,
          948.6276245117186
        ],
        [
          1721.8688964843755,
          872.6471557617188
        ],
        [
          1640.6690673828125,
          863.2879638671877
        ]
      ],
      "homography": [
        [
          14.331418252890671,
          -0.24658122652181017,
          1680.4235417189204
        ],
        [
          -8.882053547118181,
          37.37741781946181,
          905.2901890701661
        ],
        [
          -0.015624717951376346,
          -2.1116921763111818e-05,
          1.0
        ]
      ]
    },
    {
      "tag_id": 10,
      "tag_family": "tag36h11",
      "hamming": 0,
      "decision_margin": 34.11518859863281,
      "center": [
        776.0612268689672,
        657.2864372018958
      ],
      "corners": [
        [
          765.7369995117186,
          668.0170288085936
        ],
        [
          786.1221923828126,
          667.6885986328127
        ],
        [
          786.7301025390626,
          646.1976318359375
        ],
        [
          765.4824829101562,
          646.348937988281
        ]
      ],
      "homography": [
        [
          13.767495765503325,
          16.01453834497829,
          776.0612268689672
        ],
        [
          2.72728594338582,
          24.42485759262547,
          657.2864372018958
        ],
        [
          0.004334650901359409,
          0.020751867184155785,
          1.0
        ]
      ]
    },
    {
      "tag_id": 11,
      "tag_family": "tag36h11",
      "hamming": 0,
      "decision_margin": 26.92612648010254,
      "center": [
        1415.1912356967118,
        839.6410752421652
      ],
      "corners": [
        [
          1408.6142578125,
          863.2600708007812
        ],
        [
          1421.5977783203125,
          876.7381591796874
        ],
        [
          1422.1961669921875,
          814.4852294921875
        ],
        [
          1409.0787353515625,
          804.2466430664064
        ]
      ],
      "homography": [
        [
          -32.39526700055467,
          5.411889098925027,
          1415.1912356967118
        ],
        [
          -17.157457248031054,
          33.662065660559506,
          839.6410752421652
        ],
        [
          -0.027498338291687692,
          0.00401073790680096,
          1.0
        ]
      ]
    }
  ]
}
