{
  "image_file": "fe7bb1dfd3be_Ri3D_Robot_Reveal_-_REBUILT___Georgia_Tech_RoboJackets_Ri3D_.png",
  "image_sha256": "fe7bb1dfd3be1c3fe5631cb895282f1036a726a98e682517c670a9bc3be660c3",
  "image_width": 1920,
  "image_height": 1080,
  "detector_config": {
    "library": "pupil-apriltags",
    "library_version": "1.0.4.post11",
    "family": "tag36h11",
    "nthreads": 4,
    "quad_decimate": 1.0,
    "quad_sigma": 0.0,
    "refine_edges": true,
    "decode_sharpening": 0.25
  },
  "detected_at": "2026-04-01T03:29:09.599158+00:00",
  "num_detections": 2,
  "detections": [
    {
      "tag_id": 9,
      "tag_family": "tag36h11",
      "hamming": 0,
      "decision_margin": 63.2923469543457,
      "center": [
        1063.5661494827878,
        685.6522808320103
      ],
      "corners": [
        [
          1044.5462646484375,
          704.4453735351561
        ],
        [
          1082.141845703125,
          704.5562744140626
        ],
        [
          1082.5679931640623,
          666.8770141601562
        ],
        [
          1045.1929931640625,
          666.954406738281
        ]
      ],
      "homography": [
        [
          16.079656908601237,
          -3.435860812281133,
          1063.5661494827878
        ],
        [
          -1.7084794041943516,
          16.750356879962737,
          685.6522808320103
        ],
        [
          -0.002503566566219414,
          -0.002978062434240161,
          1.0
        ]
      ]
    },
    {
      "tag_id": 10,
      "tag_family": "tag36h11",
      "hamming": 0,
      "decision_margin": 64.75650787353516,
      "center": [
        1127.2541804548998,
        686.2794122861585
      ],
      "corners": [
        [
          1108.3614501953125,
          705.0300903320312
        ],
        [
          1146.35546875,
          705.5302734374999
        ],
        [
          1146.0513916015627,
          667.62353515625
        ],
        [
          1108.4974365234375,
          667.3757934570312
        ]
      ],
      "homography": [
        [
          15.185024939268942,
          -6.516669690444585,
          1127.2541804548998
        ],
        [
          -2.0670163062962974,
          14.896876026972905,
          686.2794122861585
        ],
        [
          -0.003283309206288096,
          -0.005817648856617166,
          1.0
        ]
      ]
    }
  ],
  "ingest_metadata": {
    "original_name": "Ri3D_Robot_Reveal_-_REBUILT___Georgia_Tech_RoboJackets_Ri3D_.png",
    "source": "unknown",
    "dhash": "cce8c8b8a8cccc9c",
    "ingested_at": "2026-04-01T03:29:09.595298+00:00"
  }
}
