{
  "image_file": "fede7bbcc186_FRC_Team__6996_Koalafied_2026_Robot_Reveal_frame_001008.png",
  "image_sha256": "fede7bbcc186480288c39e296a7d1d8616cd4bee1a36464296693146e87dacb6",
  "image_width": 1920,
  "image_height": 1080,
  "detector_config": {
    "library": "pupil-apriltags",
    "library_version": "1.0.4.post11",
    "family": "tag36h11",
    "nthreads": 4,
    "quad_decimate": 1.0,
    "quad_sigma": 0.0,
    "refine_edges": true,
    "decode_sharpening": 0.25
  },
  "detected_at": "2026-04-01T04:27:00.280631+00:00",
  "num_detections": 2,
  "detections": [
    {
      "tag_id": 5,
      "tag_family": "tag36h11",
      "hamming": 0,
      "decision_margin": 66.42511749267578,
      "center": [
        412.50447777474284,
        307.42887016967103
      ],
      "corners": [
        [
          386.220458984375,
          334.6390686035156
        ],
        [
          441.4851989746093,
          333.61834716796875
        ],
        [
          438.7373046875,
          280.2716674804687
        ],
        [
          383.0624084472657,
          280.8224792480468
        ]
      ],
      "homography": [
        [
          29.563749572375457,
          2.9032544304226953,
          412.50447777474284
        ],
        [
          0.9699819533132051,
          27.853984058830406,
          307.42887016967103
        ],
        [
          0.004435742815170949,
          0.0034609722072779267,
          1.0
        ]
      ]
    },
    {
      "tag_id": 8,
      "tag_family": "tag36h11",
      "hamming": 0,
      "decision_margin": 71.40980529785156,
      "center": [
        529.0764185162712,
        305.6617515105463
      ],
      "corners": [
        [
          503.3106079101564,
          332.1957092285157
        ],
        [
          556.8927612304688,
          331.7614135742188
        ],
        [
          555.0220947265623,
          278.9425659179687
        ],
        [
          501.0698852539063,
          279.3836364746093
        ]
      ],
      "homography": [
        [
          26.864432833378032,
          2.8492635673870867,
          529.0764185162712
        ],
        [
          -0.22971655196437604,
          27.45970169564083,
          305.6617515105463
        ],
        [
          -3.560820932528294e-05,
          0.003442644210970195,
          1.0
        ]
      ]
    }
  ]
}
