{
  "image_file": "ff747b946f37_2025_Team_7433_Iona_Fusion__BAKERBOT__Preview_frame_000500.png",
  "image_sha256": "ff747b946f371799787aea3683cf4a660d07f4e536b1d1f35299c468d32f51c7",
  "image_width": 1920,
  "image_height": 1080,
  "detector_config": {
    "library": "pupil-apriltags",
    "library_version": "1.0.4.post11",
    "family": "tag36h11",
    "nthreads": 4,
    "quad_decimate": 1.0,
    "quad_sigma": 0.0,
    "refine_edges": true,
    "decode_sharpening": 0.25
  },
  "detected_at": "2026-04-01T02:31:37.688864+00:00",
  "num_detections": 2,
  "detections": [
    {
      "tag_id": 3,
      "tag_family": "tag36h11",
      "hamming": 0,
      "decision_margin": 89.34500885009766,
      "center": [
        318.5019904151714,
        315.96604227587466
      ],
      "corners": [
        [
          301.1891174316406,
          334.13604736328125
        ],
        [
          334.4083251953125,
          338.5372009277344
        ],
        [
          335.74890136718744,
          297.86526489257807
        ],
        [
          302.04626464843744,
          292.6152954101562
        ]
      ],
      "homography": [
        [
          19.735557213031996,
          1.8478239788419184,
          318.5019904151714
        ],
        [
          5.393018657929187,
          22.925279813617692,
          315.96604227587466
        ],
        [
          0.009442513159483404,
          0.0075338776298820515,
          1.0
        ]
      ]
    },
    {
      "tag_id": 20,
      "tag_family": "tag36h11",
      "hamming": 0,
      "decision_margin": 73.23391723632812,
      "center": [
        1581.801496662832,
        600.3556726111742
      ],
      "corners": [
        [
          1554.1301269531248,
          646.813232421875
        ],
        [
          1609.6898193359375,
          642.2200317382812
        ],
        [
          1608.0999755859375,
          556.2030639648439
        ],
        [
          1553.77880859375,
          558.2896118164065
        ]
      ],
      "homography": [
        [
          49.481114533380605,
          -17.72438370410304,
          1581.801496662832
        ],
        [
          6.701943685498004,
          36.705799253192254,
          600.3556726111742
        ],
        [
          0.01392065401287448,
          -0.011517453029862696,
          1.0
        ]
      ]
    }
  ]
}
