{
  "image_file": "ff9152e5224c_38_Robot_Reveals____FRC_Premiere_Night___REEFSCAPE_25___Bonu.png",
  "image_sha256": "ff9152e5224c357a5cb84a4bc3fc2a0042075a1311279955766dafbfc91c8efc",
  "image_width": 1920,
  "image_height": 1080,
  "detector_config": {
    "library": "pupil-apriltags",
    "library_version": "1.0.4.post11",
    "family": "tag36h11",
    "nthreads": 4,
    "quad_decimate": 1.0,
    "quad_sigma": 0.0,
    "refine_edges": true,
    "decode_sharpening": 0.25
  },
  "detected_at": "2026-04-01T01:16:01.077848+00:00",
  "num_detections": 2,
  "detections": [
    {
      "tag_id": 18,
      "tag_family": "tag36h11",
      "hamming": 0,
      "decision_margin": 108.95726776123047,
      "center": [
        1285.9239134614359,
        516.1260185859435
      ],
      "corners": [
        [
          1258.0504150390625,
          561.6307373046875
        ],
        [
          1312.3673095703125,
          548.1112060546875
        ],
        [
          1312.399169921875,
          472.9039916992187
        ],
        [
          1257.9200439453125,
          482.2533264160156
        ]
      ],
      "homography": [
        [
          62.147914004111726,
          1.9082853119819068,
          1285.9239134614359
        ],
        [
          8.319338965276751,
          39.37486440066698,
          516.1260185859435
        ],
        [
          0.027193741889320798,
          0.0014665294637745579,
          1.0
        ]
      ]
    },
    {
      "tag_id": 19,
      "tag_family": "tag36h11",
      "hamming": 0,
      "decision_margin": 73.91539001464844,
      "center": [
        865.2766584875682,
        538.6162316215643
      ],
      "corners": [
        [
          831.2235717773439,
          579.2090454101564
        ],
        [
          904.3226928710938,
          584.0131225585938
        ],
        [
          900.2993164062499,
          496.8676452636718
        ],
        [
          827.0797729492188,
          494.20660400390625
        ]
      ],
      "homography": [
        [
          25.74517708427868,
          3.359433915786784,
          865.2766584875682
        ],
        [
          -4.873045372960069,
          43.84974829677196,
          538.6162316215643
        ],
        [
          -0.012514786936873216,
          0.0015215613307595628,
          1.0
        ]
      ]
    }
  ]
}
